1,-1,621.10,458.50,41.30,63.60,0.0860,-1,-1,-1
1,-1,770.60,444.70,73.10,210.40,1.0000,-1,-1,-1
1,-1,505.60,455.10,37.30,108.30,1.0000,-1,-1,-1
1,-1,1016.30,411.70,165.10,615.30,1.0000,-1,-1,-1
1,-1,1172.40,445.00,46.90,109.10,1.0000,-1,-1,-1
1,-1,1618.30,431.50,166.50,457.30,1.0000,-1,-1,-1
1,-1,410.20,469.20,47.30,105.90,1.0000,-1,-1,-1
1,-1,835.20,473.20,52.30,76.10,1.0000,-1,-1,-1
1,-1,1365.80,418.90,95.00,284.10,1.0000,-1,-1,-1
1,-1,658.70,462.50,25.50,74.20,1.0000,-1,-1,-1
1,-1,888.50,431.60,147.90,505.10,1.0000,-1,-1,-1
1,-1,382.50,463.70,44.00,111.80,1.0000,-1,-1,-1
1,-1,577.20,461.10,26.40,58.50,0.9880,-1,-1,-1
1,-1,554.00,460.30,25.80,62.90,0.9080,-1,-1,-1
1,-1,609.60,458.50,24.60,58.10,0.9010,-1,-1,-1
2,0,773.10,446.00,72.30,210.70,1.0000,-1,-1,-1
2,1,504.90,454.60,38.10,109.60,1.0000,-1,-1,-1
2,2,1015.10,412.20,170.70,614.40,1.0000,-1,-1,-1
2,3,1174.40,445.50,45.80,108.70,1.0000,-1,-1,-1
2,4,1639.70,423.90,156.40,476.30,1.0000,-1,-1,-1
2,5,410.30,468.50,48.60,105.70,1.0000,-1,-1,-1
2,6,835.10,474.40,53.10,76.50,1.0000,-1,-1,-1
2,7,1356.70,422.00,96.10,286.40,1.0000,-1,-1,-1
2,8,658.50,462.00,26.00,74.40,1.0000,-1,-1,-1
2,9,893.00,436.10,144.10,501.10,1.0000,-1,-1,-1
2,10,382.80,464.20,44.30,111.30,1.0000,-1,-1,-1
2,11,575.80,461.10,26.50,60.70,0.9770,-1,-1,-1
2,12,554.80,460.80,25.60,62.40,0.9020,-1,-1,-1
2,13,610.40,459.20,24.50,57.60,0.9110,-1,-1,-1
2,-1,620.70,458.70,40.60,63.10,0.0740,-1,-1,-1
3,0,776.50,446.70,70.40,210.20,1.0000,-1,-1,-1
3,1,504.50,455.80,38.60,109.90,1.0000,-1,-1,-1
3,2,1013.80,409.50,177.00,613.20,1.0000,-1,-1,-1
3,3,1177.70,446.80,42.90,106.20,1.0000,-1,-1,-1
3,4,1646.40,435.00,162.00,464.20,1.0000,-1,-1,-1
3,5,410.80,468.80,48.40,105.90,1.0000,-1,-1,-1
3,6,835.30,475.50,54.10,75.30,1.0000,-1,-1,-1
3,7,1343.30,428.90,104.90,271.70,1.0000,-1,-1,-1
3,8,658.30,462.30,25.90,73.20,1.0000,-1,-1,-1
3,9,890.00,430.00,148.40,512.20,1.0000,-1,-1,-1
3,10,382.20,463.30,44.50,112.20,0.9990,-1,-1,-1
3,11,575.40,461.20,26.10,60.70,0.9760,-1,-1,-1
3,12,554.70,461.00,25.20,62.40,0.9080,-1,-1,-1
3,13,610.30,459.30,24.30,57.50,0.9160,-1,-1,-1
3,-1,4.30,485.00,87.30,365.50,0.1880,-1,-1,-1
4,0,777.20,446.10,73.40,211.60,1.0000,-1,-1,-1
4,1,503.60,456.60,39.30,108.20,1.0000,-1,-1,-1
4,2,1014.40,406.80,181.00,614.40,1.0000,-1,-1,-1
4,3,1182.20,447.60,40.30,103.40,1.0000,-1,-1,-1
4,4,1656.80,419.70,163.60,484.90,1.0000,-1,-1,-1
4,5,410.20,468.10,48.90,106.70,1.0000,-1,-1,-1
4,6,834.90,471.40,52.90,79.10,1.0000,-1,-1,-1
4,7,1329.40,428.00,118.40,277.10,1.0000,-1,-1,-1
4,8,658.00,461.90,25.80,73.30,1.0000,-1,-1,-1
4,9,892.80,424.90,141.60,524.90,1.0000,-1,-1,-1
4,10,381.90,463.00,44.00,112.00,0.9990,-1,-1,-1
4,11,575.70,461.30,25.50,59.60,0.9830,-1,-1,-1
4,12,555.80,460.90,25.00,60.90,0.9290,-1,-1,-1
4,13,609.30,459.30,24.10,56.60,0.8820,-1,-1,-1
4,-1,532.50,453.40,36.00,74.00,0.1840,-1,-1,-1
5,0,781.80,443.90,69.80,213.50,1.0000,-1,-1,-1
5,1,502.10,456.10,40.90,109.00,1.0000,-1,-1,-1
5,2,1015.00,409.10,188.80,617.00,1.0000,-1,-1,-1
5,3,1187.90,449.20,37.30,99.40,0.9990,-1,-1,-1
5,4,1662.30,422.00,180.60,480.20,1.0000,-1,-1,-1
5,5,410.40,468.90,48.40,105.60,1.0000,-1,-1,-1
5,6,835.60,471.90,54.50,77.00,1.0000,-1,-1,-1
5,7,1321.40,428.50,122.50,274.80,1.0000,-1,-1,-1
5,8,657.70,462.30,25.70,72.50,1.0000,-1,-1,-1
5,9,893.70,422.90,139.90,525.30,1.0000,-1,-1,-1
5,10,381.80,463.80,44.10,111.40,0.9990,-1,-1,-1
5,11,578.80,461.60,24.60,58.30,0.9890,-1,-1,-1
5,12,558.30,461.00,24.60,60.10,0.9280,-1,-1,-1
5,13,609.90,459.50,24.00,56.80,0.8550,-1,-1,-1
5,-1,9.00,459.80,89.90,397.50,0.1610,-1,-1,-1
5,-1,542.30,460.50,25.80,66.80,0.8740,-1,-1,-1
6,0,785.00,441.70,68.90,217.10,1.0000,-1,-1,-1
6,1,501.10,456.00,42.20,109.00,1.0000,-1,-1,-1
6,2,1017.00,403.90,195.20,607.80,1.0000,-1,-1,-1
6,3,1191.10,450.00,35.00,96.20,0.9990,-1,-1,-1
6,4,1666.20,420.90,193.10,491.00,1.0000,-1,-1,-1
6,5,410.80,470.30,47.70,105.00,1.0000,-1,-1,-1
6,6,835.60,471.70,54.00,76.80,0.9970,-1,-1,-1
6,7,1304.80,425.70,137.20,276.20,1.0000,-1,-1,-1
6,8,658.00,462.70,26.10,73.10,1.0000,-1,-1,-1
6,9,898.90,422.10,133.00,525.50,1.0000,-1,-1,-1
6,10,380.90,464.40,44.00,110.60,0.9990,-1,-1,-1
6,11,578.70,461.90,24.60,58.80,0.9890,-1,-1,-1
6,12,557.90,461.80,24.80,60.20,0.9310,-1,-1,-1
6,13,611.40,460.10,23.90,56.20,0.8450,-1,-1,-1
6,14,542.30,461.00,25.50,66.30,0.8840,-1,-1,-1
6,-1,14.10,388.50,78.80,502.90,0.5010,-1,-1,-1
7,0,787.90,442.80,67.00,214.00,1.0000,-1,-1,-1
7,1,497.60,454.90,45.10,109.70,1.0000,-1,-1,-1
7,2,1018.90,401.30,206.70,617.00,1.0000,-1,-1,-1
7,3,1193.70,447.40,34.10,97.00,1.0000,-1,-1,-1
7,4,1674.80,427.60,209.20,489.30,1.0000,-1,-1,-1
7,5,410.90,468.90,48.00,106.40,1.0000,-1,-1,-1
7,6,835.60,472.90,55.60,76.20,0.9960,-1,-1,-1
7,7,1294.20,428.60,141.60,272.70,1.0000,-1,-1,-1
7,8,657.70,463.10,26.80,73.30,1.0000,-1,-1,-1
7,9,894.60,425.70,138.90,521.00,1.0000,-1,-1,-1
7,10,381.00,464.30,44.70,111.60,0.9990,-1,-1,-1
7,11,578.80,461.90,24.60,58.30,0.9930,-1,-1,-1
7,12,559.50,462.10,24.20,59.10,0.9170,-1,-1,-1
7,13,617.60,460.50,23.00,56.30,0.8690,-1,-1,-1
7,14,520.90,453.90,36.90,85.40,0.0680,-1,-1,-1
7,-1,14.90,405.30,93.30,461.00,0.7910,-1,-1,-1
8,0,792.60,445.10,65.20,210.20,1.0000,-1,-1,-1
8,1,496.90,455.00,45.80,109.50,1.0000,-1,-1,-1
8,2,1022.00,413.50,212.20,604.30,1.0000,-1,-1,-1
8,3,1194.60,450.30,35.10,94.60,0.9980,-1,-1,-1
8,4,1677.30,434.80,233.70,492.20,1.0000,-1,-1,-1
8,5,410.80,468.30,47.70,106.20,1.0000,-1,-1,-1
8,6,843.10,472.40,52.30,74.40,0.9680,-1,-1,-1
8,7,1293.90,431.80,137.90,266.70,1.0000,-1,-1,-1
8,8,657.60,462.80,26.80,73.50,1.0000,-1,-1,-1
8,9,894.50,423.10,139.10,529.50,1.0000,-1,-1,-1
8,10,381.70,464.80,44.30,111.60,0.9990,-1,-1,-1
8,11,578.40,462.20,24.80,57.70,0.9920,-1,-1,-1
8,12,560.80,462.20,24.00,58.50,0.9050,-1,-1,-1
8,13,619.00,460.90,23.10,56.00,0.8900,-1,-1,-1
8,15,1.30,386.20,119.80,480.10,0.9980,-1,-1,-1
8,14,523.90,453.80,36.60,80.70,0.1010,-1,-1,-1
8,-1,1401.80,434.30,57.00,137.10,0.1150,-1,-1,-1
8,-1,546.00,461.90,25.40,61.80,0.8800,-1,-1,-1
9,0,793.40,443.10,66.60,211.90,1.0000,-1,-1,-1
9,1,497.60,456.00,44.90,110.00,1.0000,-1,-1,-1
9,2,1021.30,402.40,214.40,618.30,1.0000,-1,-1,-1
9,3,1195.10,452.00,35.40,91.40,0.9860,-1,-1,-1
9,4,1681.20,429.40,239.80,501.80,1.0000,-1,-1,-1
9,5,410.30,468.00,47.30,106.60,1.0000,-1,-1,-1
9,6,843.00,472.60,49.80,75.60,0.8730,-1,-1,-1
9,7,1284.10,431.90,139.40,270.30,1.0000,-1,-1,-1
9,8,657.00,462.40,26.70,73.10,1.0000,-1,-1,-1
9,9,894.30,423.00,138.00,529.30,1.0000,-1,-1,-1
9,10,381.60,465.00,43.70,111.40,0.9990,-1,-1,-1
9,11,578.20,461.90,23.70,56.80,0.9900,-1,-1,-1
9,12,555.70,461.90,23.80,58.30,0.9360,-1,-1,-1
9,13,621.50,460.70,23.00,56.40,0.9130,-1,-1,-1
9,15,2.20,391.00,121.80,475.90,0.9990,-1,-1,-1
9,16,538.90,461.90,24.80,64.20,0.8670,-1,-1,-1
9,-1,1408.80,441.70,47.50,117.90,0.3250,-1,-1,-1
10,0,796.80,441.50,66.50,213.60,1.0000,-1,-1,-1
10,1,496.80,456.10,45.20,109.30,1.0000,-1,-1,-1
10,2,1022.10,403.40,213.50,617.10,1.0000,-1,-1,-1
10,3,1195.30,450.70,36.40,92.90,0.9860,-1,-1,-1
10,4,1682.80,427.40,238.20,503.20,1.0000,-1,-1,-1
10,5,411.40,468.60,46.10,105.40,1.0000,-1,-1,-1
10,7,1282.90,431.40,130.00,268.40,1.0000,-1,-1,-1
10,8,657.20,462.40,25.90,73.20,1.0000,-1,-1,-1
10,9,896.30,420.80,136.10,536.30,1.0000,-1,-1,-1
10,10,381.10,465.30,45.00,112.10,1.0000,-1,-1,-1
10,11,576.80,461.60,24.30,57.30,0.9910,-1,-1,-1
10,12,554.60,461.60,23.90,58.20,0.9390,-1,-1,-1
10,13,618.40,460.30,23.40,56.60,0.8970,-1,-1,-1
10,15,2.50,390.50,131.70,482.10,0.9990,-1,-1,-1
10,6,851.30,469.60,45.80,82.90,0.2400,-1,-1,-1
10,-1,1399.60,436.20,54.40,120.00,0.9940,-1,-1,-1
11,0,800.10,442.30,65.40,210.40,1.0000,-1,-1,-1
11,1,497.00,456.20,44.00,108.50,1.0000,-1,-1,-1
11,2,1023.40,405.50,213.30,612.30,1.0000,-1,-1,-1
11,3,1195.70,449.90,37.00,94.30,0.9980,-1,-1,-1
11,4,1681.00,428.50,240.00,509.10,1.0000,-1,-1,-1
11,5,411.30,468.60,46.10,105.10,1.0000,-1,-1,-1
11,7,1278.10,434.80,121.00,260.90,1.0000,-1,-1,-1
11,8,657.60,462.10,25.70,72.90,1.0000,-1,-1,-1
11,9,895.00,421.30,137.10,534.20,1.0000,-1,-1,-1
11,10,381.40,465.70,44.50,110.80,1.0000,-1,-1,-1
11,11,582.40,460.50,22.70,56.80,0.9860,-1,-1,-1
11,12,548.80,461.40,23.40,59.50,0.9380,-1,-1,-1
11,13,617.10,458.80,23.40,57.90,0.9150,-1,-1,-1
11,15,4.30,397.00,140.00,470.70,1.0000,-1,-1,-1
11,17,1402.90,435.70,54.80,119.50,0.9990,-1,-1,-1
11,6,852.80,472.10,44.50,89.90,0.1860,-1,-1,-1
11,16,522.70,454.10,34.10,84.00,0.1240,-1,-1,-1
12,0,802.60,443.70,66.20,208.80,1.0000,-1,-1,-1
12,1,494.60,456.30,47.30,108.80,1.0000,-1,-1,-1
12,2,1024.10,405.60,212.70,618.30,1.0000,-1,-1,-1
12,3,1197.00,447.80,36.90,97.60,1.0000,-1,-1,-1
12,4,1683.00,430.00,238.00,493.30,1.0000,-1,-1,-1
12,5,410.30,467.50,47.40,106.20,1.0000,-1,-1,-1
12,7,1272.40,432.70,111.60,262.90,1.0000,-1,-1,-1
12,8,657.90,462.50,25.60,73.70,1.0000,-1,-1,-1
12,9,899.20,426.10,134.80,523.60,1.0000,-1,-1,-1
12,10,381.10,464.60,44.40,112.60,1.0000,-1,-1,-1
12,11,579.50,460.80,23.30,56.80,0.9900,-1,-1,-1
12,12,553.80,461.60,22.90,57.90,0.9460,-1,-1,-1
12,13,620.80,459.40,24.40,57.80,0.9400,-1,-1,-1
12,15,3.90,403.30,158.90,465.90,1.0000,-1,-1,-1
12,16,540.70,461.30,24.10,61.30,0.9150,-1,-1,-1
12,17,1407.00,437.50,55.40,117.10,1.0000,-1,-1,-1
13,0,806.20,442.70,68.10,216.60,1.0000,-1,-1,-1
13,1,494.30,455.80,47.10,109.90,1.0000,-1,-1,-1
13,2,1029.40,401.70,216.30,620.10,1.0000,-1,-1,-1
13,3,1196.50,448.90,38.40,97.10,0.9940,-1,-1,-1
13,4,1693.70,417.90,227.30,517.40,1.0000,-1,-1,-1
13,5,411.10,468.30,46.60,105.60,1.0000,-1,-1,-1
13,7,1269.90,424.60,101.40,270.10,1.0000,-1,-1,-1
13,8,658.80,462.80,25.80,73.40,1.0000,-1,-1,-1
13,9,897.80,426.60,137.40,523.00,1.0000,-1,-1,-1
13,10,382.20,466.30,44.40,111.00,1.0000,-1,-1,-1
13,11,579.50,460.60,23.30,57.30,0.9900,-1,-1,-1
13,12,553.10,461.30,22.70,58.00,0.9450,-1,-1,-1
13,13,624.20,459.80,23.90,59.10,0.9450,-1,-1,-1
13,15,10.00,394.20,168.40,464.90,1.0000,-1,-1,-1
13,17,1409.30,438.30,54.20,114.70,1.0000,-1,-1,-1
14,0,808.30,440.40,71.00,216.50,1.0000,-1,-1,-1
14,1,492.60,454.80,49.10,109.90,1.0000,-1,-1,-1
14,2,1030.80,406.20,212.40,615.30,1.0000,-1,-1,-1
14,3,1196.80,448.50,38.50,97.80,0.9940,-1,-1,-1
14,4,1696.40,416.00,224.60,527.60,1.0000,-1,-1,-1
14,5,409.10,467.90,47.80,106.80,1.0000,-1,-1,-1
14,7,1272.00,427.60,87.10,265.00,1.0000,-1,-1,-1
14,8,657.80,462.10,25.90,73.30,1.0000,-1,-1,-1
14,9,898.30,425.60,139.30,522.70,1.0000,-1,-1,-1
14,10,381.40,464.20,44.30,112.40,0.9990,-1,-1,-1
14,11,579.50,460.20,23.00,56.70,0.9840,-1,-1,-1
14,12,549.00,461.00,23.50,58.20,0.9550,-1,-1,-1
14,13,626.50,459.90,23.90,58.30,0.9470,-1,-1,-1
14,15,9.10,401.80,192.50,459.80,1.0000,-1,-1,-1
14,17,1414.50,440.40,50.10,111.30,1.0000,-1,-1,-1
14,-1,590.20,459.60,34.30,57.30,0.0720,-1,-1,-1
15,0,809.90,439.70,72.40,219.80,1.0000,-1,-1,-1
15,1,492.90,454.90,48.40,109.60,1.0000,-1,-1,-1
15,2,1035.30,411.70,208.90,604.10,1.0000,-1,-1,-1
15,3,1197.40,448.30,38.10,96.70,0.9240,-1,-1,-1
15,4,1710.90,419.80,210.10,516.10,1.0000,-1,-1,-1
15,5,409.00,467.60,47.80,107.30,1.0000,-1,-1,-1
15,7,1265.70,426.50,87.70,265.40,1.0000,-1,-1,-1
15,8,658.10,462.70,26.20,72.80,1.0000,-1,-1,-1
15,9,896.00,416.00,140.30,529.80,1.0000,-1,-1,-1
15,10,381.70,464.40,43.90,111.70,0.9990,-1,-1,-1
15,11,579.60,460.30,22.60,56.50,0.9820,-1,-1,-1
15,12,548.80,460.80,23.40,58.00,0.9560,-1,-1,-1
15,13,627.60,459.90,23.90,58.80,0.9490,-1,-1,-1
15,15,11.80,404.30,217.20,466.60,1.0000,-1,-1,-1
15,17,1420.20,440.40,48.10,110.20,1.0000,-1,-1,-1
15,-1,591.20,459.20,34.60,57.60,0.0970,-1,-1,-1
16,0,812.40,441.90,76.50,216.40,0.9990,-1,-1,-1
16,1,492.60,454.30,47.60,111.10,1.0000,-1,-1,-1
16,2,1036.20,408.80,206.60,605.10,1.0000,-1,-1,-1
16,3,1201.90,448.60,36.10,95.70,0.9690,-1,-1,-1
16,4,1740.80,419.90,180.20,511.80,0.9990,-1,-1,-1
16,5,410.50,468.20,46.40,106.50,1.0000,-1,-1,-1
16,7,1260.00,424.60,88.70,264.30,1.0000,-1,-1,-1
16,8,658.50,463.30,26.00,72.40,1.0000,-1,-1,-1
16,9,897.60,422.60,140.50,526.30,1.0000,-1,-1,-1
16,10,381.60,464.20,44.10,112.30,1.0000,-1,-1,-1
16,11,578.50,460.50,22.90,56.80,0.9810,-1,-1,-1
16,12,550.80,460.60,23.20,58.20,0.9460,-1,-1,-1
16,13,627.40,459.50,25.00,59.90,0.9590,-1,-1,-1
16,15,11.80,403.00,241.40,457.50,1.0000,-1,-1,-1
16,17,1421.70,438.30,48.70,112.20,1.0000,-1,-1,-1
16,-1,598.70,457.70,37.50,59.50,0.4580,-1,-1,-1
17,0,815.00,439.90,75.00,219.20,1.0000,-1,-1,-1
17,1,492.20,454.60,47.80,110.50,1.0000,-1,-1,-1
17,2,1042.80,413.30,204.20,598.20,1.0000,-1,-1,-1
17,3,1204.60,449.60,35.60,95.40,0.9790,-1,-1,-1
17,4,1746.00,421.60,175.00,514.60,0.9980,-1,-1,-1
17,5,409.50,469.00,47.00,105.50,1.0000,-1,-1,-1
17,7,1250.60,428.00,93.80,257.80,1.0000,-1,-1,-1
17,8,659.00,463.40,25.90,71.40,1.0000,-1,-1,-1
17,9,897.00,421.80,141.10,525.30,1.0000,-1,-1,-1
17,10,381.30,464.60,44.80,112.10,1.0000,-1,-1,-1
17,11,577.40,460.00,22.90,57.10,0.9810,-1,-1,-1
17,12,551.70,460.40,23.20,58.30,0.9440,-1,-1,-1
17,13,630.30,459.50,25.30,61.40,0.9650,-1,-1,-1
17,15,17.00,401.60,263.30,459.20,1.0000,-1,-1,-1
17,17,1426.90,439.20,47.10,111.20,1.0000,-1,-1,-1
17,-1,600.90,456.50,39.80,61.10,0.7620,-1,-1,-1
18,0,817.10,440.50,76.60,216.50,1.0000,-1,-1,-1
18,1,491.90,454.90,48.10,110.60,1.0000,-1,-1,-1
18,2,1038.60,412.70,207.30,605.00,1.0000,-1,-1,-1
18,3,1207.90,448.30,34.40,98.20,0.9480,-1,-1,-1
18,4,1777.70,418.60,143.30,510.20,0.9480,-1,-1,-1
18,5,409.40,468.60,47.20,105.90,1.0000,-1,-1,-1
18,7,1237.40,431.90,104.40,253.60,1.0000,-1,-1,-1
18,8,658.80,463.10,26.00,71.90,1.0000,-1,-1,-1
18,9,896.80,413.90,142.60,538.70,1.0000,-1,-1,-1
18,10,381.40,464.70,44.70,112.00,1.0000,-1,-1,-1
18,11,580.50,459.50,22.60,57.60,0.9800,-1,-1,-1
18,12,551.90,460.00,22.70,58.00,0.9390,-1,-1,-1
18,13,628.80,458.80,25.20,61.10,0.9610,-1,-1,-1
18,15,15.70,399.50,275.70,455.40,1.0000,-1,-1,-1
18,17,1429.90,438.90,47.80,111.80,1.0000,-1,-1,-1
18,18,601.30,456.30,39.20,61.10,0.7600,-1,-1,-1
19,0,818.20,439.20,78.70,220.80,1.0000,-1,-1,-1
19,1,492.50,454.00,46.70,111.10,1.0000,-1,-1,-1
19,2,1045.20,411.50,203.10,605.00,1.0000,-1,-1,-1
19,3,1211.40,449.10,35.50,100.50,0.7900,-1,-1,-1
19,4,1702.20,408.40,167.30,452.10,0.9980,-1,-1,-1
19,5,409.70,468.00,47.30,106.30,1.0000,-1,-1,-1
19,7,1226.70,432.40,110.10,256.30,0.9990,-1,-1,-1
19,8,658.70,463.20,25.90,72.00,1.0000,-1,-1,-1
19,9,897.00,422.80,142.30,523.50,1.0000,-1,-1,-1
19,10,381.60,464.40,44.80,112.30,1.0000,-1,-1,-1
19,11,579.90,459.90,22.80,57.00,0.9780,-1,-1,-1
19,12,552.80,460.00,22.80,58.10,0.9410,-1,-1,-1
19,13,627.90,458.70,25.40,60.50,0.9630,-1,-1,-1
19,15,21.80,404.60,275.10,450.50,1.0000,-1,-1,-1
19,17,1432.20,439.60,48.40,112.00,1.0000,-1,-1,-1
19,18,602.40,456.10,39.90,61.30,0.7740,-1,-1,-1
19,-1,1803.50,412.20,117.50,493.70,0.0800,-1,-1,-1
20,0,824.40,441.30,77.40,214.10,1.0000,-1,-1,-1
20,1,492.00,453.80,46.10,111.20,1.0000,-1,-1,-1
20,2,1047.60,412.20,199.30,605.70,1.0000,-1,-1,-1
20,4,1712.10,405.40,171.30,441.70,0.9980,-1,-1,-1
20,5,409.80,468.60,47.40,105.70,1.0000,-1,-1,-1
20,7,1218.20,428.60,118.10,264.10,0.9990,-1,-1,-1
20,8,657.90,462.70,26.60,73.10,1.0000,-1,-1,-1
20,9,898.50,423.70,142.00,521.90,1.0000,-1,-1,-1
20,10,380.90,463.80,44.60,112.60,1.0000,-1,-1,-1
20,11,582.10,459.60,22.60,57.30,0.9820,-1,-1,-1
20,12,553.80,459.50,22.50,58.60,0.9370,-1,-1,-1
20,13,623.00,457.80,24.40,59.30,0.9410,-1,-1,-1
20,15,27.30,398.40,274.50,459.70,1.0000,-1,-1,-1
20,17,1435.90,439.50,48.70,113.30,1.0000,-1,-1,-1
20,3,1211.90,450.50,36.30,109.20,0.2450,-1,-1,-1
21,0,824.00,441.90,82.60,218.50,1.0000,-1,-1,-1
21,1,491.40,454.40,46.10,110.40,1.0000,-1,-1,-1
21,2,1049.90,412.40,196.60,606.60,1.0000,-1,-1,-1
21,4,1721.70,402.90,160.90,451.30,0.9980,-1,-1,-1
21,5,409.80,468.80,47.20,105.30,1.0000,-1,-1,-1
21,7,1210.90,432.80,121.90,254.40,1.0000,-1,-1,-1
21,8,657.80,462.80,26.90,73.60,1.0000,-1,-1,-1
21,9,896.20,414.80,143.40,537.50,1.0000,-1,-1,-1
21,10,380.80,464.00,44.70,112.60,1.0000,-1,-1,-1
21,11,583.60,459.00,22.60,58.00,0.9740,-1,-1,-1
21,12,554.00,459.40,22.30,58.60,0.9360,-1,-1,-1
21,13,623.80,458.10,25.00,60.20,0.9530,-1,-1,-1
21,15,32.50,398.80,274.40,458.00,1.0000,-1,-1,-1
21,17,1437.70,439.00,48.70,113.70,1.0000,-1,-1,-1
21,-1,800.60,471.20,41.80,70.80,0.4280,-1,-1,-1
22,0,827.40,442.70,83.20,216.90,1.0000,-1,-1,-1
22,1,490.90,454.00,46.00,110.90,1.0000,-1,-1,-1
22,2,1049.90,412.20,193.30,605.20,1.0000,-1,-1,-1
22,4,1732.70,402.40,159.30,447.50,1.0000,-1,-1,-1
22,5,410.20,470.80,46.60,102.90,1.0000,-1,-1,-1
22,7,1210.30,439.90,123.00,247.50,0.9990,-1,-1,-1
22,8,658.20,463.00,26.30,73.60,1.0000,-1,-1,-1
22,9,895.80,411.40,143.80,544.60,1.0000,-1,-1,-1
22,10,380.30,465.10,45.70,112.30,1.0000,-1,-1,-1
22,11,583.80,459.20,22.70,57.60,0.9760,-1,-1,-1
22,12,556.80,460.30,22.20,58.70,0.9380,-1,-1,-1
22,13,623.00,458.30,24.70,59.50,0.9490,-1,-1,-1
22,15,28.40,405.50,286.90,449.90,1.0000,-1,-1,-1
22,17,1439.80,438.50,51.80,114.60,1.0000,-1,-1,-1
22,-1,799.70,472.50,43.30,66.40,0.8540,-1,-1,-1
23,0,827.30,443.50,84.60,219.60,1.0000,-1,-1,-1
23,1,491.30,454.30,45.40,110.80,1.0000,-1,-1,-1
23,2,1052.80,410.20,195.20,604.60,1.0000,-1,-1,-1
23,4,1738.60,401.90,172.50,453.00,0.9970,-1,-1,-1
23,5,410.40,469.70,46.30,104.40,1.0000,-1,-1,-1
23,7,1212.40,437.80,112.80,251.90,0.9980,-1,-1,-1
23,8,658.40,462.70,26.70,74.10,1.0000,-1,-1,-1
23,9,895.10,416.90,145.00,534.40,1.0000,-1,-1,-1
23,10,380.60,464.60,44.70,112.20,1.0000,-1,-1,-1
23,11,587.50,459.30,22.20,58.20,0.9670,-1,-1,-1
23,12,556.30,460.00,22.40,58.90,0.9410,-1,-1,-1
23,13,625.30,458.10,24.70,60.30,0.9500,-1,-1,-1
23,15,42.10,408.20,277.20,445.20,1.0000,-1,-1,-1
23,17,1441.90,438.70,53.80,113.20,1.0000,-1,-1,-1
23,19,798.10,473.30,46.10,66.70,0.9600,-1,-1,-1
24,0,831.50,444.60,87.20,215.90,0.9990,-1,-1,-1
24,1,490.60,453.50,46.40,111.30,1.0000,-1,-1,-1
24,2,1053.00,414.00,193.90,602.00,1.0000,-1,-1,-1
24,4,1751.00,399.70,170.00,449.90,0.9990,-1,-1,-1
24,5,410.20,467.90,47.10,106.50,1.0000,-1,-1,-1
24,7,1213.90,436.90,106.70,243.70,1.0000,-1,-1,-1
24,8,658.30,463.00,26.70,73.70,1.0000,-1,-1,-1
24,9,900.90,421.80,139.60,526.00,1.0000,-1,-1,-1
24,10,380.40,463.60,44.10,113.00,1.0000,-1,-1,-1
24,11,587.50,458.70,21.60,58.50,0.9600,-1,-1,-1
24,12,555.60,459.60,22.30,59.00,0.9390,-1,-1,-1
24,13,626.60,458.20,24.70,60.20,0.9480,-1,-1,-1
24,15,52.70,410.20,265.30,441.70,1.0000,-1,-1,-1
24,17,1443.80,439.10,54.00,112.60,1.0000,-1,-1,-1
24,19,796.80,476.60,48.80,61.60,0.9900,-1,-1,-1
25,0,830.60,444.00,93.20,224.70,1.0000,-1,-1,-1
25,1,490.70,454.30,44.50,111.00,1.0000,-1,-1,-1
25,2,1058.30,412.00,187.80,599.40,1.0000,-1,-1,-1
25,4,1750.10,395.90,170.90,477.20,0.9990,-1,-1,-1
25,5,410.10,468.70,46.50,105.90,1.0000,-1,-1,-1
25,7,1206.90,447.70,103.30,227.90,0.9990,-1,-1,-1
25,8,658.70,463.30,26.10,72.80,1.0000,-1,-1,-1
25,9,896.30,416.80,144.90,533.40,1.0000,-1,-1,-1
25,10,380.80,463.40,44.20,112.80,1.0000,-1,-1,-1
25,11,587.70,459.50,21.50,58.70,0.9600,-1,-1,-1
25,12,558.00,459.60,22.00,59.30,0.9360,-1,-1,-1
25,13,628.80,459.40,24.30,61.40,0.9510,-1,-1,-1
25,15,68.60,411.60,252.60,437.40,1.0000,-1,-1,-1
25,17,1445.90,441.00,51.60,110.50,1.0000,-1,-1,-1
25,19,797.20,477.90,50.70,59.10,0.9980,-1,-1,-1
26,0,836.30,442.60,86.70,225.60,1.0000,-1,-1,-1
26,1,490.60,454.10,43.50,111.60,1.0000,-1,-1,-1
26,2,1051.60,403.80,198.70,610.00,1.0000,-1,-1,-1
26,4,1755.80,398.60,165.20,468.80,0.9990,-1,-1,-1
26,5,410.50,467.80,46.80,106.60,1.0000,-1,-1,-1
26,7,1203.40,432.80,86.80,252.60,0.7320,-1,-1,-1
26,8,658.50,463.20,25.70,72.30,1.0000,-1,-1,-1
26,9,896.70,417.10,144.40,532.40,1.0000,-1,-1,-1
26,10,380.60,463.00,44.80,113.70,1.0000,-1,-1,-1
26,11,585.20,459.30,21.40,58.30,0.9560,-1,-1,-1
26,12,560.10,459.50,21.90,59.30,0.9480,-1,-1,-1
26,13,624.80,459.40,24.30,61.30,0.9540,-1,-1,-1
26,15,86.00,408.20,237.90,433.90,1.0000,-1,-1,-1
26,17,1446.30,439.90,54.10,111.00,1.0000,-1,-1,-1
26,19,796.80,477.10,53.10,59.90,1.0000,-1,-1,-1
27,0,841.70,449.40,81.70,212.80,0.9960,-1,-1,-1
27,1,490.90,454.00,41.60,111.60,1.0000,-1,-1,-1
27,2,1057.60,402.80,189.50,611.00,1.0000,-1,-1,-1
27,4,1754.00,402.60,167.00,450.60,0.9970,-1,-1,-1
27,5,410.50,468.80,45.90,105.90,1.0000,-1,-1,-1
27,8,658.60,463.70,26.00,72.00,1.0000,-1,-1,-1
27,9,900.30,422.10,142.50,524.70,1.0000,-1,-1,-1
27,10,380.80,462.80,44.70,114.00,1.0000,-1,-1,-1
27,11,582.50,459.50,21.80,58.40,0.9290,-1,-1,-1
27,12,560.00,459.90,22.10,60.00,0.9660,-1,-1,-1
27,13,625.80,459.50,24.10,61.90,0.9580,-1,-1,-1
27,15,116.80,400.80,211.00,443.50,1.0000,-1,-1,-1
27,17,1449.60,441.30,51.00,110.30,1.0000,-1,-1,-1
27,19,799.00,477.80,54.80,59.50,1.0000,-1,-1,-1
28,1,489.50,453.40,41.80,111.60,1.0000,-1,-1,-1
28,2,1058.20,409.70,194.70,606.60,1.0000,-1,-1,-1
28,4,1762.00,398.90,159.00,463.40,0.9840,-1,-1,-1
28,5,410.30,469.10,45.70,105.50,1.0000,-1,-1,-1
28,8,658.30,463.80,26.10,72.30,1.0000,-1,-1,-1
28,9,900.10,424.10,143.60,521.30,1.0000,-1,-1,-1
28,10,380.20,462.60,45.10,114.20,1.0000,-1,-1,-1
28,11,582.60,460.00,21.90,58.60,0.9410,-1,-1,-1
28,12,563.40,460.20,21.80,59.70,0.9660,-1,-1,-1
28,13,626.60,459.70,24.20,62.10,0.9600,-1,-1,-1
28,15,134.70,407.80,191.10,429.70,1.0000,-1,-1,-1
28,17,1452.30,442.30,49.70,108.20,1.0000,-1,-1,-1
28,19,799.00,477.90,53.40,60.30,1.0000,-1,-1,-1
28,0,852.10,453.00,67.00,186.90,0.3670,-1,-1,-1
29,1,489.10,453.00,42.90,111.70,1.0000,-1,-1,-1
29,2,1057.00,400.40,190.50,611.10,1.0000,-1,-1,-1
29,4,1767.70,402.00,153.30,466.20,0.9940,-1,-1,-1
29,5,411.00,469.30,45.50,104.80,1.0000,-1,-1,-1
29,8,658.10,463.30,26.80,73.30,1.0000,-1,-1,-1
29,9,898.70,422.40,144.90,525.30,1.0000,-1,-1,-1
29,10,380.40,462.70,44.80,114.50,1.0000,-1,-1,-1
29,11,582.90,459.30,21.70,59.00,0.9180,-1,-1,-1
29,12,562.20,460.50,20.20,58.70,0.9450,-1,-1,-1
29,13,631.50,459.80,25.40,64.10,0.9600,-1,-1,-1
29,15,151.80,405.70,180.70,424.80,1.0000,-1,-1,-1
29,17,1455.40,441.10,48.00,108.50,1.0000,-1,-1,-1
29,19,797.90,477.50,54.80,60.70,1.0000,-1,-1,-1
29,0,845.00,472.90,48.70,86.80,0.5350,-1,-1,-1
30,0,840.20,473.50,52.20,79.60,0.9970,-1,-1,-1
30,1,489.40,453.20,41.40,111.10,1.0000,-1,-1,-1
30,2,1059.70,399.70,187.30,612.10,1.0000,-1,-1,-1
30,4,1771.20,398.80,149.80,469.50,0.9930,-1,-1,-1
30,5,410.70,469.60,46.10,104.50,1.0000,-1,-1,-1
30,8,658.50,463.40,26.90,73.60,1.0000,-1,-1,-1
30,9,898.10,421.70,146.50,527.20,1.0000,-1,-1,-1
30,10,380.00,462.60,45.30,114.70,1.0000,-1,-1,-1
30,11,584.20,459.10,21.90,59.60,0.9070,-1,-1,-1
30,12,562.70,459.90,21.40,60.00,0.9550,-1,-1,-1
30,13,635.20,461.10,25.40,65.40,0.9470,-1,-1,-1
30,15,173.70,403.80,164.80,429.90,1.0000,-1,-1,-1
30,17,1457.20,442.00,47.40,107.60,1.0000,-1,-1,-1
30,18,609.00,457.60,40.80,64.90,0.8950,-1,-1,-1
30,19,797.70,476.30,58.90,61.70,1.0000,-1,-1,-1
31,0,834.90,471.90,54.70,81.20,1.0000,-1,-1,-1
31,1,489.80,453.30,40.40,110.80,1.0000,-1,-1,-1
31,2,1058.00,393.80,198.20,617.30,1.0000,-1,-1,-1
31,4,1769.90,401.70,151.10,456.80,0.9870,-1,-1,-1
31,5,410.10,468.90,46.60,105.90,1.0000,-1,-1,-1
31,8,659.40,462.80,27.00,73.60,1.0000,-1,-1,-1
31,9,902.70,423.00,142.90,525.00,1.0000,-1,-1,-1
31,10,379.00,461.10,46.60,115.20,1.0000,-1,-1,-1
31,11,585.40,460.60,21.30,57.80,0.8470,-1,-1,-1
31,12,556.50,462.30,20.80,58.20,0.9420,-1,-1,-1
31,13,631.20,459.70,26.00,64.30,0.9690,-1,-1,-1
31,15,192.00,399.90,151.80,422.70,1.0000,-1,-1,-1
31,17,1461.50,442.70,46.70,108.40,1.0000,-1,-1,-1
31,19,796.60,475.80,59.80,62.00,1.0000,-1,-1,-1
31,16,514.70,455.20,36.70,81.50,0.0880,-1,-1,-1
31,-1,2.00,442.00,72.60,353.20,0.0700,-1,-1,-1
32,0,835.30,472.80,53.60,78.30,1.0000,-1,-1,-1
32,1,490.30,453.90,39.20,111.20,1.0000,-1,-1,-1
32,2,1058.40,400.50,195.20,606.10,1.0000,-1,-1,-1
32,4,1775.50,404.40,145.50,453.30,0.7620,-1,-1,-1
32,5,409.90,469.60,46.30,104.90,1.0000,-1,-1,-1
32,8,659.80,462.10,26.50,74.20,1.0000,-1,-1,-1
32,9,903.20,422.90,143.10,526.10,1.0000,-1,-1,-1
32,10,382.50,464.40,45.40,112.10,0.9990,-1,-1,-1
32,11,583.30,459.80,21.90,59.00,0.9120,-1,-1,-1
32,12,558.30,462.70,20.80,58.30,0.9520,-1,-1,-1
32,13,629.10,460.10,25.10,64.10,0.9690,-1,-1,-1
32,15,208.00,404.80,149.30,423.60,1.0000,-1,-1,-1
32,17,1466.30,441.80,46.20,109.30,1.0000,-1,-1,-1
32,19,797.10,476.30,59.10,60.80,1.0000,-1,-1,-1
32,16,515.50,455.10,35.70,81.70,0.1110,-1,-1,-1
33,0,833.10,472.40,56.10,77.00,1.0000,-1,-1,-1
33,1,490.70,454.40,38.70,110.50,1.0000,-1,-1,-1
33,2,1059.30,404.40,193.70,611.90,1.0000,-1,-1,-1
33,4,1777.60,411.60,143.40,442.20,0.6210,-1,-1,-1
33,5,410.80,469.90,46.00,104.60,1.0000,-1,-1,-1
33,8,659.40,460.50,27.10,76.70,1.0000,-1,-1,-1
33,9,903.40,422.30,143.40,523.20,1.0000,-1,-1,-1
33,10,383.40,464.20,44.10,112.20,0.9990,-1,-1,-1
33,11,586.90,459.20,22.10,59.80,0.9260,-1,-1,-1
33,12,559.90,462.50,21.20,58.40,0.9530,-1,-1,-1
33,13,631.60,460.10,25.20,64.80,0.9570,-1,-1,-1
33,15,215.70,405.40,153.70,424.40,1.0000,-1,-1,-1
33,17,1468.50,439.20,45.90,111.70,1.0000,-1,-1,-1
33,18,607.20,456.60,38.60,65.10,0.8550,-1,-1,-1
33,19,797.10,476.60,59.30,60.80,1.0000,-1,-1,-1
33,16,512.10,455.10,36.50,84.40,0.0570,-1,-1,-1
33,-1,1.10,430.50,127.70,339.30,0.9200,-1,-1,-1
34,0,835.20,472.00,54.30,78.30,1.0000,-1,-1,-1
34,1,489.40,453.30,39.30,113.30,1.0000,-1,-1,-1
34,2,1059.60,408.00,191.50,606.20,1.0000,-1,-1,-1
34,5,410.60,471.60,45.50,104.00,1.0000,-1,-1,-1
34,8,660.10,461.90,26.70,76.00,1.0000,-1,-1,-1
34,9,902.20,421.70,144.70,525.80,1.0000,-1,-1,-1
34,10,383.70,465.70,43.00,112.00,0.9970,-1,-1,-1
34,11,585.70,459.40,22.00,59.60,0.9260,-1,-1,-1
34,12,562.50,462.30,21.00,58.10,0.9590,-1,-1,-1
34,13,630.40,460.20,25.20,64.20,0.9590,-1,-1,-1
34,15,216.50,405.80,168.80,421.50,1.0000,-1,-1,-1
34,17,1470.30,438.10,46.10,114.30,1.0000,-1,-1,-1
34,19,796.60,476.10,57.50,61.30,1.0000,-1,-1,-1
34,20,1.00,437.60,135.80,346.90,0.9950,-1,-1,-1
34,16,514.50,454.40,35.80,80.70,0.0980,-1,-1,-1
35,0,835.90,471.30,53.10,79.60,1.0000,-1,-1,-1
35,1,488.40,453.10,37.10,112.70,1.0000,-1,-1,-1
35,2,1066.70,390.50,188.90,630.30,1.0000,-1,-1,-1
35,5,412.10,472.80,44.30,103.10,1.0000,-1,-1,-1
35,8,659.10,463.10,26.10,74.10,1.0000,-1,-1,-1
35,9,903.00,418.90,146.60,530.00,1.0000,-1,-1,-1
35,10,382.20,465.30,40.30,114.30,0.9830,-1,-1,-1
35,11,581.40,459.90,22.30,58.00,0.8870,-1,-1,-1
35,12,560.20,461.50,20.50,58.10,0.9570,-1,-1,-1
35,13,632.10,459.50,24.70,64.00,0.9650,-1,-1,-1
35,15,223.60,405.70,180.90,424.00,1.0000,-1,-1,-1
35,17,1473.10,438.70,46.00,113.50,1.0000,-1,-1,-1
35,19,795.70,475.60,56.30,61.30,1.0000,-1,-1,-1
35,20,1.00,445.90,142.20,346.40,0.9980,-1,-1,-1
35,16,519.70,454.80,34.00,72.80,0.2900,-1,-1,-1
36,0,836.40,471.70,52.80,80.00,1.0000,-1,-1,-1
36,1,487.80,452.50,36.00,114.10,1.0000,-1,-1,-1
36,2,1065.00,389.60,188.90,628.00,1.0000,-1,-1,-1
36,5,411.90,471.40,44.60,105.60,1.0000,-1,-1,-1
36,8,658.80,463.40,26.10,73.60,1.0000,-1,-1,-1
36,9,899.90,422.00,146.10,527.40,1.0000,-1,-1,-1
36,10,375.10,464.70,42.60,117.90,0.8990,-1,-1,-1
36,11,585.10,459.30,22.20,58.20,0.8810,-1,-1,-1
36,12,559.90,461.60,19.80,58.10,0.9520,-1,-1,-1
36,13,633.90,459.70,24.80,64.90,0.9620,-1,-1,-1
36,15,227.50,409.20,193.40,417.10,1.0000,-1,-1,-1
36,17,1473.10,438.30,49.00,113.20,1.0000,-1,-1,-1
36,19,795.60,475.50,55.50,61.10,1.0000,-1,-1,-1
36,20,1.00,443.40,144.40,342.00,0.9960,-1,-1,-1
36,16,525.70,456.20,35.30,66.90,0.3900,-1,-1,-1
37,0,836.40,472.60,53.70,79.10,1.0000,-1,-1,-1
37,1,487.50,452.80,35.80,113.70,1.0000,-1,-1,-1
37,2,1067.20,395.50,189.00,624.00,1.0000,-1,-1,-1
37,5,414.30,472.30,42.20,107.00,1.0000,-1,-1,-1
37,8,658.90,463.80,26.00,72.40,0.9990,-1,-1,-1
37,9,900.80,420.00,149.70,532.10,1.0000,-1,-1,-1
37,11,583.80,459.30,22.20,58.10,0.8520,-1,-1,-1
37,12,559.80,461.00,20.10,58.80,0.9590,-1,-1,-1
37,13,634.10,460.20,24.70,65.60,0.9700,-1,-1,-1
37,15,227.00,409.10,211.10,415.50,1.0000,-1,-1,-1
37,17,1476.40,438.30,50.20,113.10,1.0000,-1,-1,-1
37,19,795.80,475.60,56.70,61.00,1.0000,-1,-1,-1
37,20,1.00,444.00,149.90,347.10,1.0000,-1,-1,-1
37,16,525.90,455.90,34.90,67.20,0.3600,-1,-1,-1
38,0,835.30,472.00,54.60,79.10,1.0000,-1,-1,-1
38,1,487.00,452.90,34.80,113.80,1.0000,-1,-1,-1
38,2,1062.00,418.70,196.00,589.40,1.0000,-1,-1,-1
38,5,415.40,473.00,41.10,106.90,1.0000,-1,-1,-1
38,8,659.50,463.70,25.80,72.30,0.9990,-1,-1,-1
38,9,904.70,423.70,144.60,524.80,1.0000,-1,-1,-1
38,11,572.70,460.30,23.20,58.30,0.8480,-1,-1,-1
38,12,559.20,460.90,20.00,58.90,0.9540,-1,-1,-1
38,13,632.40,460.10,24.80,65.70,0.9750,-1,-1,-1
38,15,234.40,414.20,208.50,414.70,1.0000,-1,-1,-1
38,17,1479.70,439.60,51.50,111.40,1.0000,-1,-1,-1
38,19,796.20,474.70,56.10,62.50,1.0000,-1,-1,-1
38,20,2.10,459.70,144.80,326.10,0.9990,-1,-1,-1
38,16,531.10,457.30,35.00,64.80,0.3130,-1,-1,-1
39,0,835.30,471.70,54.50,79.90,1.0000,-1,-1,-1
39,1,486.40,452.80,34.70,114.10,1.0000,-1,-1,-1
39,2,1066.20,408.70,189.90,588.20,1.0000,-1,-1,-1
39,5,415.30,472.90,40.50,107.90,0.9990,-1,-1,-1
39,8,659.10,463.80,26.00,72.40,0.9990,-1,-1,-1
39,9,905.70,424.40,143.20,525.60,1.0000,-1,-1,-1
39,11,574.30,460.20,23.10,58.70,0.8700,-1,-1,-1
39,12,559.60,460.80,19.60,59.30,0.9430,-1,-1,-1
39,13,633.60,460.80,24.70,66.20,0.9730,-1,-1,-1
39,15,232.50,413.00,219.50,408.60,1.0000,-1,-1,-1
39,17,1481.60,438.30,54.20,111.70,1.0000,-1,-1,-1
39,19,795.90,474.60,56.60,63.30,1.0000,-1,-1,-1
39,20,2.30,455.10,150.90,330.10,1.0000,-1,-1,-1
40,0,834.90,472.60,53.50,77.90,1.0000,-1,-1,-1
40,1,486.60,452.80,34.30,113.70,1.0000,-1,-1,-1
40,2,1064.00,408.70,192.50,585.30,1.0000,-1,-1,-1
40,5,412.60,470.70,42.90,109.70,0.9880,-1,-1,-1
40,8,659.50,464.00,25.90,72.40,0.9990,-1,-1,-1
40,9,904.30,425.70,146.70,520.10,1.0000,-1,-1,-1
40,11,579.10,459.60,22.60,58.60,0.9120,-1,-1,-1
40,12,558.00,460.70,19.50,58.80,0.9030,-1,-1,-1
40,13,633.70,460.40,24.60,64.40,0.9700,-1,-1,-1
40,15,245.00,413.50,208.90,407.70,1.0000,-1,-1,-1
40,17,1482.60,436.70,56.00,113.00,1.0000,-1,-1,-1
40,18,609.50,457.10,39.20,63.50,0.7590,-1,-1,-1
40,19,796.00,475.00,56.60,63.80,1.0000,-1,-1,-1
40,20,5.00,444.60,143.20,346.50,0.9990,-1,-1,-1
41,0,835.00,472.20,53.70,79.20,1.0000,-1,-1,-1
41,1,486.50,453.10,34.30,112.10,1.0000,-1,-1,-1
41,2,1067.30,408.40,188.40,587.70,1.0000,-1,-1,-1
41,5,409.90,471.80,46.00,114.90,0.6100,-1,-1,-1
41,8,659.00,463.10,26.10,74.40,1.0000,-1,-1,-1
41,9,905.70,425.90,145.20,520.70,1.0000,-1,-1,-1
41,11,581.70,459.70,22.60,58.80,0.9280,-1,-1,-1
41,12,559.50,460.50,19.70,59.00,0.9160,-1,-1,-1
41,13,633.40,460.10,24.70,64.80,0.9650,-1,-1,-1
41,15,252.00,413.10,209.50,416.30,1.0000,-1,-1,-1
41,17,1485.10,438.30,55.30,111.20,1.0000,-1,-1,-1
41,18,607.50,456.90,39.00,63.50,0.7380,-1,-1,-1
41,19,796.10,475.40,56.20,62.30,1.0000,-1,-1,-1
41,20,1.00,447.00,146.80,331.60,1.0000,-1,-1,-1
41,16,537.10,458.70,34.70,63.00,0.4160,-1,-1,-1
42,0,834.50,473.30,54.00,77.20,1.0000,-1,-1,-1
42,1,486.70,453.30,34.00,112.70,1.0000,-1,-1,-1
42,2,1063.40,407.90,195.90,610.20,1.0000,-1,-1,-1
42,8,658.50,463.40,26.50,73.90,1.0000,-1,-1,-1
42,9,905.00,425.80,148.40,522.10,1.0000,-1,-1,-1
42,11,578.60,460.00,22.40,58.40,0.9400,-1,-1,-1
42,12,558.80,460.70,20.70,58.90,0.9470,-1,-1,-1
42,13,635.10,460.90,24.20,63.20,0.9580,-1,-1,-1
42,15,246.30,411.70,218.10,411.30,1.0000,-1,-1,-1
42,17,1486.50,437.30,55.30,112.30,1.0000,-1,-1,-1
42,18,607.90,457.50,38.00,62.00,0.7030,-1,-1,-1
42,19,796.70,475.50,55.70,63.00,1.0000,-1,-1,-1
42,20,6.10,440.30,147.50,363.70,1.0000,-1,-1,-1
42,5,410.80,472.00,46.50,117.80,0.0580,-1,-1,-1
42,16,537.50,458.50,34.50,63.40,0.5300,-1,-1,-1
43,0,835.00,473.40,53.60,77.40,1.0000,-1,-1,-1
43,1,486.90,453.60,33.90,112.10,1.0000,-1,-1,-1
43,2,1067.30,416.70,197.50,591.80,1.0000,-1,-1,-1
43,8,658.30,462.80,26.60,74.40,1.0000,-1,-1,-1
43,9,905.70,422.60,151.40,524.50,1.0000,-1,-1,-1
43,11,579.50,459.60,22.60,58.70,0.9370,-1,-1,-1
43,12,559.30,460.30,20.00,59.30,0.9270,-1,-1,-1
43,13,634.20,460.30,24.50,63.80,0.9590,-1,-1,-1
43,15,261.00,412.80,202.60,409.50,1.0000,-1,-1,-1
43,17,1488.70,436.70,52.70,112.70,1.0000,-1,-1,-1
43,18,607.20,457.00,39.60,62.70,0.7120,-1,-1,-1
43,19,796.30,475.70,56.20,63.30,1.0000,-1,-1,-1
43,20,9.90,446.10,151.90,344.00,1.0000,-1,-1,-1
43,16,535.90,458.10,34.70,63.60,0.5050,-1,-1,-1
44,0,835.70,472.70,53.20,77.10,1.0000,-1,-1,-1
44,1,485.30,452.70,34.30,114.00,1.0000,-1,-1,-1
44,2,1068.10,410.60,190.80,607.40,1.0000,-1,-1,-1
44,8,658.40,463.00,27.20,76.20,1.0000,-1,-1,-1
44,9,905.50,422.90,147.80,522.40,1.0000,-1,-1,-1
44,11,581.80,459.20,21.90,58.50,0.9250,-1,-1,-1
44,12,557.50,460.30,19.10,58.70,0.8830,-1,-1,-1
44,13,635.50,460.60,24.40,64.80,0.9610,-1,-1,-1
44,15,264.70,406.50,201.90,414.60,1.0000,-1,-1,-1
44,17,1493.10,436.80,50.20,112.30,1.0000,-1,-1,-1
44,18,608.70,457.40,41.40,64.00,0.8540,-1,-1,-1
44,19,796.50,475.20,56.10,63.10,1.0000,-1,-1,-1
44,20,23.40,436.30,144.80,359.30,1.0000,-1,-1,-1
45,0,836.10,472.40,53.10,77.10,1.0000,-1,-1,-1
45,1,485.10,452.60,35.30,114.30,1.0000,-1,-1,-1
45,2,1065.60,397.00,196.90,606.40,1.0000,-1,-1,-1
45,8,658.70,462.70,26.80,74.90,1.0000,-1,-1,-1
45,9,907.00,421.10,144.70,526.90,1.0000,-1,-1,-1
45,11,583.60,458.90,22.10,59.00,0.9260,-1,-1,-1
45,12,559.80,460.20,19.10,58.90,0.9000,-1,-1,-1
45,13,639.20,462.10,24.70,65.50,0.9460,-1,-1,-1
45,15,272.40,403.60,191.90,418.40,1.0000,-1,-1,-1
45,17,1501.20,437.00,46.40,112.70,1.0000,-1,-1,-1
45,18,609.50,457.90,42.10,64.40,0.8550,-1,-1,-1
45,19,796.10,475.10,56.50,63.40,1.0000,-1,-1,-1
45,20,34.60,439.20,139.60,344.70,1.0000,-1,-1,-1
46,0,836.00,472.10,53.70,77.70,1.0000,-1,-1,-1
46,1,484.80,452.90,35.20,113.60,1.0000,-1,-1,-1
46,2,1072.60,410.70,192.30,607.00,1.0000,-1,-1,-1
46,8,659.40,462.70,26.90,75.20,1.0000,-1,-1,-1
46,9,906.40,419.80,145.90,528.20,1.0000,-1,-1,-1
46,11,584.90,457.70,22.30,59.70,0.9120,-1,-1,-1
46,12,558.10,459.60,19.60,58.90,0.8940,-1,-1,-1
46,13,639.10,461.90,25.20,66.70,0.9510,-1,-1,-1
46,15,280.60,400.10,186.90,419.80,1.0000,-1,-1,-1
46,17,1500.90,437.30,46.00,112.80,1.0000,-1,-1,-1
46,19,796.20,475.40,56.70,63.10,1.0000,-1,-1,-1
46,20,53.40,440.10,132.20,328.70,1.0000,-1,-1,-1
47,0,837.20,472.50,52.60,76.40,1.0000,-1,-1,-1
47,1,485.10,452.60,34.50,114.80,1.0000,-1,-1,-1
47,2,1070.40,393.20,192.10,616.70,1.0000,-1,-1,-1
47,8,659.70,462.60,26.90,73.10,0.9990,-1,-1,-1
47,9,906.90,422.60,145.20,522.70,1.0000,-1,-1,-1
47,11,586.80,457.90,22.10,59.10,0.8870,-1,-1,-1
47,12,554.90,459.10,19.80,59.60,0.9190,-1,-1,-1
47,13,629.20,460.40,29.20,67.90,0.9700,-1,-1,-1
47,15,294.60,399.50,175.70,416.10,1.0000,-1,-1,-1
47,17,1503.80,435.20,44.50,114.20,1.0000,-1,-1,-1
47,19,796.30,475.30,57.70,62.00,1.0000,-1,-1,-1
47,20,61.60,445.40,135.20,325.40,1.0000,-1,-1,-1
48,0,836.90,472.10,53.10,77.20,1.0000,-1,-1,-1
48,1,485.60,452.80,33.80,114.70,1.0000,-1,-1,-1
48,2,1071.00,408.80,192.70,606.70,1.0000,-1,-1,-1
48,8,659.30,462.60,27.00,73.00,0.9990,-1,-1,-1
48,9,908.50,423.80,143.40,519.00,1.0000,-1,-1,-1
48,11,587.90,458.70,22.10,57.90,0.8940,-1,-1,-1
48,12,555.90,459.30,20.00,59.30,0.9390,-1,-1,-1
48,13,628.40,460.20,29.60,68.10,0.9780,-1,-1,-1
48,15,310.30,399.80,160.60,412.80,1.0000,-1,-1,-1
48,17,1506.00,436.30,42.40,111.90,1.0000,-1,-1,-1
48,19,796.50,475.50,57.60,61.40,1.0000,-1,-1,-1
48,20,63.70,435.40,147.40,346.80,1.0000,-1,-1,-1
49,0,836.40,472.60,53.40,76.10,1.0000,-1,-1,-1
49,1,485.20,452.90,33.30,114.30,1.0000,-1,-1,-1
49,2,1071.50,405.00,193.90,610.30,1.0000,-1,-1,-1
49,8,660.00,462.70,26.80,73.70,1.0000,-1,-1,-1
49,9,908.70,420.40,145.80,520.00,1.0000,-1,-1,-1
49,11,578.80,459.10,22.70,58.40,0.9220,-1,-1,-1
49,12,557.30,459.10,20.00,59.00,0.9420,-1,-1,-1
49,13,636.10,461.80,24.80,64.50,0.9620,-1,-1,-1
49,15,327.40,396.30,144.70,408.30,1.0000,-1,-1,-1
49,17,1509.70,437.20,41.50,110.30,1.0000,-1,-1,-1
49,18,607.30,457.80,42.30,63.00,0.6650,-1,-1,-1
49,19,796.90,475.50,57.40,61.90,1.0000,-1,-1,-1
49,20,75.80,442.20,152.60,339.40,1.0000,-1,-1,-1
49,-1,875.30,458.70,30.10,67.20,0.1180,-1,-1,-1
50,0,836.00,472.60,52.90,76.30,1.0000,-1,-1,-1
50,1,485.60,452.00,32.80,114.40,1.0000,-1,-1,-1
50,2,1071.20,403.90,195.60,614.00,1.0000,-1,-1,-1
50,8,659.40,463.00,27.60,73.90,0.9990,-1,-1,-1
50,9,912.80,423.20,142.10,513.10,1.0000,-1,-1,-1
50,11,579.00,459.50,22.90,58.20,0.9270,-1,-1,-1
50,12,557.00,459.40,20.50,58.70,0.9520,-1,-1,-1
50,13,636.20,462.20,25.40,65.60,0.9630,-1,-1,-1
50,15,341.60,402.60,130.80,406.80,1.0000,-1,-1,-1
50,17,1511.60,437.20,41.50,109.90,1.0000,-1,-1,-1
50,18,610.70,458.90,41.90,63.80,0.7810,-1,-1,-1
50,19,796.60,475.60,57.70,61.90,1.0000,-1,-1,-1
50,20,78.00,440.50,167.80,340.30,1.0000,-1,-1,-1
50,-1,871.90,459.00,29.40,69.50,0.0660,-1,-1,-1
51,0,835.80,471.80,52.70,76.80,1.0000,-1,-1,-1
51,1,484.40,453.30,33.30,113.90,1.0000,-1,-1,-1
51,2,1070.20,402.70,195.10,613.70,1.0000,-1,-1,-1
51,8,659.50,462.70,27.70,74.40,0.9990,-1,-1,-1
51,9,913.10,419.60,142.80,518.20,1.0000,-1,-1,-1
51,11,578.40,459.80,23.00,58.60,0.9440,-1,-1,-1
51,12,558.10,459.50,20.60,59.00,0.9570,-1,-1,-1
51,13,635.80,461.20,25.70,65.90,0.9640,-1,-1,-1
51,15,355.50,403.60,121.80,406.70,1.0000,-1,-1,-1
51,17,1514.30,437.80,40.60,110.10,0.9990,-1,-1,-1
51,18,604.40,457.30,44.00,63.80,0.7730,-1,-1,-1
51,19,796.50,474.90,57.10,63.40,1.0000,-1,-1,-1
51,20,79.10,439.40,181.70,336.70,1.0000,-1,-1,-1
51,-1,507.70,455.60,27.70,81.30,0.3250,-1,-1,-1
51,-1,883.70,457.70,27.30,67.20,0.3110,-1,-1,-1
51,-1,867.10,457.50,30.00,72.60,0.1470,-1,-1,-1
52,0,835.90,471.00,52.20,78.30,1.0000,-1,-1,-1
52,1,484.30,455.00,32.40,109.80,1.0000,-1,-1,-1
52,2,1069.30,393.80,196.60,609.60,1.0000,-1,-1,-1
52,8,659.90,462.60,28.00,76.10,0.9990,-1,-1,-1
52,9,914.10,421.80,142.10,519.90,1.0000,-1,-1,-1
52,11,586.60,458.80,22.30,58.20,0.9230,-1,-1,-1
52,12,557.50,458.10,20.50,59.80,0.9480,-1,-1,-1
52,13,635.70,460.80,26.60,67.80,0.9720,-1,-1,-1
52,15,365.40,402.90,119.90,408.50,1.0000,-1,-1,-1
52,17,1518.50,438.80,41.50,108.50,1.0000,-1,-1,-1
52,19,796.80,474.00,56.40,64.90,1.0000,-1,-1,-1
52,20,86.50,431.40,185.30,345.40,1.0000,-1,-1,-1
52,-1,884.10,454.60,26.90,68.80,0.7260,-1,-1,-1
53,0,836.90,471.00,52.00,78.80,1.0000,-1,-1,-1
53,1,484.10,456.30,29.80,106.50,0.9980,-1,-1,-1
53,2,1071.90,397.50,194.40,604.30,1.0000,-1,-1,-1
53,8,660.10,462.10,28.20,75.80,0.9990,-1,-1,-1
53,9,914.40,422.50,142.50,516.60,1.0000,-1,-1,-1
53,11,586.10,459.10,22.40,57.70,0.9050,-1,-1,-1
53,12,556.80,459.20,20.60,59.00,0.9570,-1,-1,-1
53,13,633.50,460.30,26.90,68.80,0.9830,-1,-1,-1
53,15,372.30,398.00,127.50,408.80,1.0000,-1,-1,-1
53,17,1520.80,437.10,44.00,112.00,1.0000,-1,-1,-1
53,19,797.30,474.10,55.80,64.80,1.0000,-1,-1,-1
53,20,90.60,442.50,190.50,336.20,1.0000,-1,-1,-1
53,21,869.50,456.20,29.90,72.50,0.6960,-1,-1,-1
53,-1,6.80,452.40,68.00,397.20,0.2030,-1,-1,-1
53,-1,514.20,457.40,25.00,68.70,0.7670,-1,-1,-1
54,0,836.90,470.60,52.90,79.00,1.0000,-1,-1,-1
54,1,483.90,454.30,29.20,119.40,0.6310,-1,-1,-1
54,2,1067.70,394.00,199.90,609.60,1.0000,-1,-1,-1
54,8,659.10,462.30,27.70,74.80,0.9990,-1,-1,-1
54,9,912.10,422.10,149.40,528.50,1.0000,-1,-1,-1
54,11,587.40,459.10,22.20,57.80,0.8990,-1,-1,-1
54,12,558.70,458.90,20.30,59.40,0.9610,-1,-1,-1
54,13,634.30,460.30,26.50,68.90,0.9830,-1,-1,-1
54,15,378.50,403.60,134.30,403.20,1.0000,-1,-1,-1
54,17,1522.90,436.80,46.00,113.30,1.0000,-1,-1,-1
54,19,797.20,474.30,55.70,64.10,1.0000,-1,-1,-1
54,20,99.30,439.00,188.20,338.50,0.9990,-1,-1,-1
54,21,875.30,454.60,31.80,74.70,0.8840,-1,-1,-1
54,22,518.30,456.90,24.00,68.10,0.7110,-1,-1,-1
54,-1,502.00,457.50,24.90,90.70,0.1220,-1,-1,-1
54,-1,3.20,438.20,130.10,421.70,0.9980,-1,-1,-1
55,0,836.20,471.10,53.50,78.20,1.0000,-1,-1,-1
55,2,1068.10,395.10,201.30,607.30,1.0000,-1,-1,-1
55,8,660.60,461.70,27.30,75.60,0.9980,-1,-1,-1
55,9,913.70,421.20,148.60,526.50,1.0000,-1,-1,-1
55,11,586.50,458.50,22.50,58.10,0.8950,-1,-1,-1
55,12,558.00,458.50,20.60,59.80,0.9710,-1,-1,-1
55,13,632.50,459.40,27.10,70.00,0.9860,-1,-1,-1
55,15,384.10,404.00,143.60,403.30,1.0000,-1,-1,-1
55,17,1524.30,437.80,46.20,112.40,1.0000,-1,-1,-1
55,19,797.20,474.60,55.90,63.50,1.0000,-1,-1,-1
55,20,104.10,429.50,186.10,350.10,0.9960,-1,-1,-1
55,21,880.90,454.10,30.50,72.70,0.8920,-1,-1,-1
55,22,521.80,457.60,23.20,65.80,0.7850,-1,-1,-1
55,23,2.40,440.50,151.50,411.30,1.0000,-1,-1,-1
55,1,481.60,453.50,34.80,120.40,0.2370,-1,-1,-1
55,-1,501.00,457.00,25.70,94.20,0.0610,-1,-1,-1
56,0,835.90,470.60,53.80,79.10,1.0000,-1,-1,-1
56,2,1073.40,404.40,198.10,597.90,1.0000,-1,-1,-1
56,8,660.10,462.50,27.00,75.80,0.9970,-1,-1,-1
56,9,918.70,421.40,139.80,514.80,1.0000,-1,-1,-1
56,11,583.90,458.80,22.40,57.80,0.8660,-1,-1,-1
56,12,557.20,459.10,20.80,59.00,0.9600,-1,-1,-1
56,13,631.00,459.10,27.10,69.90,0.9900,-1,-1,-1
56,15,387.40,406.40,155.00,396.00,1.0000,-1,-1,-1
56,17,1527.40,440.30,44.60,109.20,1.0000,-1,-1,-1
56,19,797.50,474.80,56.00,63.30,1.0000,-1,-1,-1
56,20,120.10,437.00,175.70,338.20,0.9980,-1,-1,-1
56,21,879.10,456.50,30.80,69.00,0.9180,-1,-1,-1
56,22,520.10,457.70,23.10,66.50,0.8240,-1,-1,-1
56,23,1.00,444.60,182.00,405.30,1.0000,-1,-1,-1
56,1,502.10,457.60,26.20,89.50,0.1420,-1,-1,-1
57,0,835.90,471.30,53.70,78.80,1.0000,-1,-1,-1
57,2,1072.60,404.80,200.60,599.00,1.0000,-1,-1,-1
57,8,660.30,464.20,27.20,73.80,0.9960,-1,-1,-1
57,9,918.60,420.20,143.40,520.10,1.0000,-1,-1,-1
57,12,558.60,460.30,20.10,57.70,0.9650,-1,-1,-1
57,13,632.60,459.40,27.00,71.30,0.9920,-1,-1,-1
57,15,394.60,409.70,160.80,392.40,1.0000,-1,-1,-1
57,16,573.90,459.60,23.20,58.30,0.8600,-1,-1,-1
57,17,1530.00,438.20,45.10,111.60,1.0000,-1,-1,-1
57,19,797.60,475.30,56.00,62.60,1.0000,-1,-1,-1
57,20,116.40,442.00,182.00,335.70,0.9770,-1,-1,-1
57,21,875.60,454.70,30.60,70.10,0.8670,-1,-1,-1
57,22,519.20,457.40,23.70,68.50,0.7150,-1,-1,-1
57,23,1.00,445.60,202.10,407.40,1.0000,-1,-1,-1
57,1,502.00,457.60,27.40,90.90,0.0760,-1,-1,-1
57,-1,1058.90,433.90,46.60,227.30,0.0500,-1,-1,-1
57,-1,648.30,460.40,23.10,71.90,0.9430,-1,-1,-1
58,0,835.60,471.30,54.10,78.90,1.0000,-1,-1,-1
58,2,1069.80,411.60,204.60,598.90,1.0000,-1,-1,-1
58,8,659.80,464.00,27.20,75.70,0.9960,-1,-1,-1
58,9,920.90,420.80,142.10,515.80,1.0000,-1,-1,-1
58,12,557.80,460.50,18.70,57.90,0.9370,-1,-1,-1
58,13,631.90,458.40,26.70,71.10,0.9920,-1,-1,-1
58,15,395.10,407.20,172.70,390.50,1.0000,-1,-1,-1
58,16,574.60,459.30,22.70,59.10,0.8620,-1,-1,-1
58,17,1531.50,436.50,45.50,113.70,1.0000,-1,-1,-1
58,19,797.40,475.70,56.70,61.90,1.0000,-1,-1,-1
58,20,121.30,440.00,177.60,341.60,0.9300,-1,-1,-1
58,21,878.30,453.30,31.10,70.80,0.9190,-1,-1,-1
58,23,1.10,452.10,208.90,413.90,1.0000,-1,-1,-1
58,22,525.00,457.90,22.60,66.60,0.2730,-1,-1,-1
58,-1,1051.10,434.80,47.50,229.10,0.0850,-1,-1,-1
59,0,835.60,470.90,55.10,79.20,1.0000,-1,-1,-1
59,2,1072.50,407.00,202.00,612.00,1.0000,-1,-1,-1
59,8,659.40,464.10,25.90,70.90,0.9790,-1,-1,-1
59,9,923.60,420.10,143.70,526.40,1.0000,-1,-1,-1
59,11,590.40,459.00,22.20,56.50,0.8370,-1,-1,-1
59,12,562.10,461.30,19.00,57.80,0.9470,-1,-1,-1
59,13,629.20,459.40,27.60,72.20,0.9980,-1,-1,-1
59,15,394.20,409.80,184.40,386.30,1.0000,-1,-1,-1
59,17,1532.50,436.20,46.00,113.90,1.0000,-1,-1,-1
59,19,797.30,475.90,56.60,61.20,1.0000,-1,-1,-1
59,21,885.60,455.20,30.40,70.90,0.9540,-1,-1,-1
59,23,1.40,442.40,216.90,411.60,1.0000,-1,-1,-1
59,18,604.50,456.20,27.30,62.60,0.1570,-1,-1,-1
59,22,526.40,458.50,21.10,65.70,0.2230,-1,-1,-1
60,0,835.20,471.50,54.90,78.80,1.0000,-1,-1,-1
60,2,1070.10,406.40,204.30,609.30,1.0000,-1,-1,-1
60,8,658.00,462.60,25.90,71.80,0.8200,-1,-1,-1
60,9,926.50,417.80,143.60,526.20,1.0000,-1,-1,-1
60,11,595.40,458.30,21.60,56.50,0.7990,-1,-1,-1
60,12,564.10,459.10,17.30,59.20,0.8440,-1,-1,-1
60,13,630.10,457.10,28.50,75.10,0.9980,-1,-1,-1
60,15,397.90,407.20,188.40,389.10,1.0000,-1,-1,-1
60,17,1533.40,436.90,46.90,113.60,1.0000,-1,-1,-1
60,19,797.40,475.70,56.40,62.10,1.0000,-1,-1,-1
60,21,881.30,457.30,32.50,69.50,0.9360,-1,-1,-1
60,23,2.40,447.00,227.50,413.80,1.0000,-1,-1,-1
60,20,137.40,440.20,158.30,340.90,0.1230,-1,-1,-1
61,0,834.90,472.20,54.60,78.10,1.0000,-1,-1,-1
61,2,1069.90,413.30,203.70,603.60,1.0000,-1,-1,-1
61,8,657.70,460.00,25.00,69.90,0.6670,-1,-1,-1
61,9,926.30,419.10,140.00,518.40,1.0000,-1,-1,-1
61,12,563.80,459.20,16.40,58.80,0.8040,-1,-1,-1
61,13,627.00,458.60,28.60,75.10,1.0000,-1,-1,-1
61,15,395.90,418.50,196.40,378.40,1.0000,-1,-1,-1
61,17,1535.90,436.10,46.80,112.80,1.0000,-1,-1,-1
61,18,599.80,458.50,23.20,57.70,0.8160,-1,-1,-1
61,19,796.80,475.70,56.80,61.60,1.0000,-1,-1,-1
61,20,152.30,438.30,146.70,339.10,0.9570,-1,-1,-1
61,21,881.30,455.00,32.20,68.70,0.9050,-1,-1,-1
61,23,1.00,447.80,226.00,410.70,1.0000,-1,-1,-1
62,0,835.30,472.40,53.70,77.40,1.0000,-1,-1,-1
62,2,1069.00,405.80,210.00,611.80,1.0000,-1,-1,-1
62,8,657.90,460.40,25.20,72.40,0.7410,-1,-1,-1
62,9,928.30,420.00,140.80,517.30,1.0000,-1,-1,-1
62,11,596.20,459.40,22.00,56.70,0.8810,-1,-1,-1
62,12,565.70,461.10,17.50,59.10,0.8720,-1,-1,-1
62,13,627.60,459.10,28.70,73.50,0.9990,-1,-1,-1
62,15,401.00,409.60,197.50,389.30,1.0000,-1,-1,-1
62,17,1538.40,434.50,47.90,115.00,1.0000,-1,-1,-1
62,19,796.90,475.90,56.90,61.40,1.0000,-1,-1,-1
62,20,181.60,435.50,119.30,340.60,0.9910,-1,-1,-1
62,21,884.30,454.00,31.40,67.60,0.8690,-1,-1,-1
62,23,1.20,446.00,221.20,404.20,1.0000,-1,-1,-1
62,5,374.40,459.20,43.10,105.20,0.0530,-1,-1,-1
63,0,836.20,471.80,53.70,78.30,1.0000,-1,-1,-1
63,2,1072.20,414.10,211.90,608.40,1.0000,-1,-1,-1
63,9,928.70,418.00,143.60,526.10,1.0000,-1,-1,-1
63,12,562.80,461.00,17.40,59.30,0.7880,-1,-1,-1
63,13,627.40,458.50,28.70,73.90,1.0000,-1,-1,-1
63,15,404.60,412.80,198.10,384.50,1.0000,-1,-1,-1
63,17,1542.40,435.90,46.50,113.60,1.0000,-1,-1,-1
63,18,595.10,460.00,20.60,55.40,0.8460,-1,-1,-1
63,19,796.60,475.70,56.60,61.90,1.0000,-1,-1,-1
63,20,197.90,438.70,119.30,330.20,0.9980,-1,-1,-1
63,21,888.00,452.20,27.40,65.90,0.8520,-1,-1,-1
63,23,1.80,444.40,229.90,405.70,1.0000,-1,-1,-1
63,8,657.50,462.10,24.00,69.50,0.3100,-1,-1,-1
64,0,835.90,471.30,54.10,79.00,1.0000,-1,-1,-1
64,2,1070.90,404.70,209.60,602.70,1.0000,-1,-1,-1
64,5,380.90,463.50,41.90,103.60,0.7400,-1,-1,-1
64,9,932.70,418.70,141.40,531.90,1.0000,-1,-1,-1
64,12,563.70,462.80,17.70,58.50,0.8140,-1,-1,-1
64,13,629.50,458.40,27.70,72.50,1.0000,-1,-1,-1
64,15,406.00,410.60,196.50,382.20,1.0000,-1,-1,-1
64,16,589.60,460.90,19.60,55.90,0.8770,-1,-1,-1
64,17,1546.10,435.50,46.40,113.90,1.0000,-1,-1,-1
64,19,796.50,475.80,56.80,61.40,1.0000,-1,-1,-1
64,20,210.00,442.20,109.80,324.50,0.9990,-1,-1,-1
64,21,889.70,452.00,27.30,65.20,0.8270,-1,-1,-1
64,23,10.40,438.10,217.70,410.10,1.0000,-1,-1,-1
64,8,656.30,460.60,23.60,69.10,0.2170,-1,-1,-1
65,0,836.20,471.50,54.00,79.10,1.0000,-1,-1,-1
65,2,1069.50,405.00,213.60,613.30,1.0000,-1,-1,-1
65,5,379.80,462.10,46.80,114.30,1.0000,-1,-1,-1
65,9,933.70,421.40,143.80,528.20,1.0000,-1,-1,-1
65,12,562.80,463.60,18.90,57.00,0.7000,-1,-1,-1
65,13,628.60,458.20,28.20,72.10,1.0000,-1,-1,-1
65,15,406.90,410.40,198.30,382.00,1.0000,-1,-1,-1
65,16,593.80,460.60,20.40,55.60,0.9280,-1,-1,-1
65,17,1544.50,435.10,46.20,113.80,1.0000,-1,-1,-1
65,19,796.40,476.00,57.10,61.30,1.0000,-1,-1,-1
65,20,218.20,445.40,109.70,318.70,1.0000,-1,-1,-1
65,21,889.40,451.40,27.40,64.30,0.8230,-1,-1,-1
65,23,31.20,443.90,197.10,404.10,1.0000,-1,-1,-1
65,8,655.10,459.40,23.00,68.80,0.1440,-1,-1,-1
66,0,836.50,471.80,54.40,79.10,1.0000,-1,-1,-1
66,2,1069.40,405.60,212.20,601.50,1.0000,-1,-1,-1
66,5,375.60,462.20,49.30,116.00,1.0000,-1,-1,-1
66,9,937.90,423.00,141.10,524.10,1.0000,-1,-1,-1
66,13,628.90,458.50,27.90,72.20,1.0000,-1,-1,-1
66,15,405.40,410.80,202.20,383.80,1.0000,-1,-1,-1
66,16,592.20,460.10,21.00,56.90,0.9340,-1,-1,-1
66,17,1546.30,436.10,46.90,112.40,1.0000,-1,-1,-1
66,19,797.00,476.30,56.70,60.70,1.0000,-1,-1,-1
66,20,225.80,441.50,115.60,327.60,0.9990,-1,-1,-1
66,21,887.40,454.00,28.00,62.30,0.7860,-1,-1,-1
66,23,40.00,441.00,191.90,398.50,1.0000,-1,-1,-1
66,8,653.00,459.30,23.20,69.10,0.1280,-1,-1,-1
66,18,579.20,461.20,23.20,58.00,0.3560,-1,-1,-1
66,-1,867.40,457.50,33.10,75.40,0.0940,-1,-1,-1
67,0,836.60,471.80,53.90,79.30,1.0000,-1,-1,-1
67,2,1075.00,406.20,209.10,610.20,1.0000,-1,-1,-1
67,5,376.00,462.00,49.90,115.70,1.0000,-1,-1,-1
67,9,937.50,425.10,144.10,520.40,1.0000,-1,-1,-1
67,13,626.30,457.90,29.30,72.90,1.0000,-1,-1,-1
67,15,408.30,411.10,196.80,383.20,1.0000,-1,-1,-1
67,16,594.90,459.40,21.80,56.70,0.9390,-1,-1,-1
67,17,1547.70,436.90,47.20,110.10,1.0000,-1,-1,-1
67,18,579.40,460.30,22.60,58.90,0.6890,-1,-1,-1
67,19,797.00,476.30,56.40,60.60,1.0000,-1,-1,-1
67,20,231.70,437.20,126.50,330.40,0.9990,-1,-1,-1
67,21,886.10,456.40,27.60,60.30,0.6970,-1,-1,-1
67,23,68.30,441.30,163.30,397.70,0.9990,-1,-1,-1
67,8,650.10,459.10,22.80,67.60,0.0700,-1,-1,-1
68,0,836.90,472.20,53.70,78.00,1.0000,-1,-1,-1
68,2,1075.10,409.00,208.50,603.70,1.0000,-1,-1,-1
68,5,376.90,463.00,49.80,115.30,1.0000,-1,-1,-1
68,9,938.00,427.10,144.60,518.40,1.0000,-1,-1,-1
68,13,626.50,458.50,29.50,73.50,1.0000,-1,-1,-1
68,15,410.00,411.50,199.80,381.30,1.0000,-1,-1,-1
68,16,590.60,458.90,22.10,58.80,0.9180,-1,-1,-1
68,17,1549.10,435.20,48.10,111.70,1.0000,-1,-1,-1
68,19,797.60,475.80,55.90,62.10,1.0000,-1,-1,-1
68,20,232.30,440.20,141.10,321.70,1.0000,-1,-1,-1
68,21,886.80,456.10,26.70,59.80,0.6130,-1,-1,-1
68,23,92.10,445.20,141.00,387.10,1.0000,-1,-1,-1
68,-1,417.80,466.20,33.20,100.40,0.3500,-1,-1,-1
69,0,836.70,471.80,53.20,78.90,1.0000,-1,-1,-1
69,2,1073.80,407.80,211.40,610.40,1.0000,-1,-1,-1
69,5,376.40,463.60,50.50,115.10,1.0000,-1,-1,-1
69,9,942.40,426.40,141.40,514.50,1.0000,-1,-1,-1
69,13,625.70,458.40,30.00,73.50,1.0000,-1,-1,-1
69,15,414.90,409.10,190.40,382.30,1.0000,-1,-1,-1
69,16,594.90,458.30,21.80,58.60,0.8870,-1,-1,-1
69,17,1550.90,435.80,47.70,112.00,1.0000,-1,-1,-1
69,19,797.00,475.60,56.50,62.80,1.0000,-1,-1,-1
69,20,235.20,435.80,158.30,327.70,1.0000,-1,-1,-1
69,23,115.70,438.70,126.20,387.80,1.0000,-1,-1,-1
69,21,889.10,455.60,26.10,58.50,0.4740,-1,-1,-1
69,-1,412.40,466.00,37.90,105.30,0.9200,-1,-1,-1
70,0,836.30,472.00,53.20,78.60,1.0000,-1,-1,-1
70,2,1072.50,411.40,213.30,605.10,1.0000,-1,-1,-1
70,5,378.50,462.50,48.00,117.60,1.0000,-1,-1,-1
70,9,947.40,426.30,136.60,515.80,1.0000,-1,-1,-1
70,13,626.40,457.90,29.60,72.60,1.0000,-1,-1,-1
70,15,426.50,409.80,179.30,379.60,1.0000,-1,-1,-1
70,17,1550.80,437.30,48.00,110.60,0.9990,-1,-1,-1
70,19,796.60,476.10,56.40,62.10,1.0000,-1,-1,-1
70,20,230.10,431.80,167.00,325.10,1.0000,-1,-1,-1
70,23,123.50,440.20,130.50,387.10,1.0000,-1,-1,-1
70,24,414.20,466.70,39.50,108.20,0.9790,-1,-1,-1
70,16,580.70,457.40,26.40,72.40,0.2390,-1,-1,-1
70,21,889.90,455.50,26.00,58.70,0.3450,-1,-1,-1
71,0,836.30,472.20,53.80,78.10,1.0000,-1,-1,-1
71,2,1074.80,409.50,207.90,593.40,1.0000,-1,-1,-1
71,5,378.40,462.40,46.50,117.40,0.9990,-1,-1,-1
71,9,946.80,426.10,139.60,515.60,1.0000,-1,-1,-1
71,13,625.60,455.90,29.80,74.40,1.0000,-1,-1,-1
71,15,441.90,409.60,171.50,381.70,1.0000,-1,-1,-1
71,17,1554.40,439.40,47.00,109.60,0.9980,-1,-1,-1
71,19,796.40,475.70,56.60,62.40,1.0000,-1,-1,-1
71,20,239.30,439.00,168.80,313.30,0.9990,-1,-1,-1
71,23,134.90,442.70,143.20,382.70,1.0000,-1,-1,-1
71,24,411.70,469.20,43.40,107.40,0.9990,-1,-1,-1
71,21,888.30,456.90,26.10,56.70,0.2260,-1,-1,-1
72,0,835.90,471.90,53.30,78.30,1.0000,-1,-1,-1
72,2,1074.80,407.20,212.80,609.80,1.0000,-1,-1,-1
72,5,378.40,461.80,43.80,120.70,0.9900,-1,-1,-1
72,9,948.50,427.00,139.00,513.10,1.0000,-1,-1,-1
72,13,625.80,456.00,29.80,75.70,0.9990,-1,-1,-1
72,15,457.20,410.00,161.80,374.30,1.0000,-1,-1,-1
72,17,1555.00,441.00,45.40,109.30,0.9500,-1,-1,-1
72,19,796.20,475.60,55.90,62.30,1.0000,-1,-1,-1
72,20,241.70,439.80,178.90,313.60,0.9940,-1,-1,-1
72,23,145.10,445.80,147.80,374.00,0.9990,-1,-1,-1
72,24,410.90,471.20,44.40,105.90,1.0000,-1,-1,-1
72,21,887.10,458.10,25.10,53.70,0.2400,-1,-1,-1
73,0,835.10,473.00,54.10,77.90,1.0000,-1,-1,-1
73,2,1078.00,406.20,214.60,607.50,1.0000,-1,-1,-1
73,5,381.00,459.70,42.90,121.30,0.9880,-1,-1,-1
73,9,952.10,426.50,137.70,514.80,1.0000,-1,-1,-1
73,13,627.00,455.20,30.40,76.50,0.9990,-1,-1,-1
73,15,474.70,404.00,147.30,377.00,1.0000,-1,-1,-1
73,19,796.40,476.20,55.80,61.00,1.0000,-1,-1,-1
73,23,148.90,446.30,162.50,376.10,1.0000,-1,-1,-1
73,24,411.70,467.30,45.20,108.90,1.0000,-1,-1,-1
73,20,234.20,441.80,182.10,308.60,0.5480,-1,-1,-1
73,-1,452.00,458.60,27.80,91.50,0.3660,-1,-1,-1
74,0,835.30,473.10,54.50,78.10,1.0000,-1,-1,-1
74,2,1077.10,407.90,215.10,603.80,1.0000,-1,-1,-1
74,5,378.40,462.50,44.00,119.70,0.9690,-1,-1,-1
74,9,951.30,425.90,144.90,514.70,1.0000,-1,-1,-1
74,13,625.90,456.30,30.40,72.30,0.9960,-1,-1,-1
74,15,489.90,405.30,136.60,365.90,1.0000,-1,-1,-1
74,19,796.80,476.70,55.30,60.70,1.0000,-1,-1,-1
74,23,148.80,444.20,182.80,381.60,1.0000,-1,-1,-1
74,24,410.70,470.60,46.30,106.90,1.0000,-1,-1,-1
74,20,267.60,441.90,147.70,300.40,0.2820,-1,-1,-1
74,21,886.30,461.40,25.10,49.80,0.0760,-1,-1,-1
74,-1,464.00,459.90,26.40,84.30,0.8240,-1,-1,-1
75,0,835.10,472.90,54.40,77.80,1.0000,-1,-1,-1
75,2,1079.00,408.60,213.10,603.70,1.0000,-1,-1,-1
75,5,377.30,463.30,39.90,121.00,0.6260,-1,-1,-1
75,9,954.80,424.10,143.40,523.60,1.0000,-1,-1,-1
75,13,624.60,457.00,31.80,72.60,0.9770,-1,-1,-1
75,15,499.60,407.80,133.80,361.50,1.0000,-1,-1,-1
75,19,796.80,476.30,54.90,61.80,1.0000,-1,-1,-1
75,23,156.20,444.00,193.90,383.40,1.0000,-1,-1,-1
75,24,410.10,468.50,47.20,108.90,1.0000,-1,-1,-1
75,25,475.10,454.70,32.70,110.30,0.9910,-1,-1,-1
75,-1,7.60,459.90,70.90,350.40,0.1480,-1,-1,-1
76,0,835.70,472.40,54.40,78.10,1.0000,-1,-1,-1
76,2,1078.40,411.90,211.80,598.50,1.0000,-1,-1,-1
76,9,958.00,421.80,142.80,526.30,0.9990,-1,-1,-1
76,15,510.60,401.10,129.20,366.30,1.0000,-1,-1,-1
76,19,796.40,476.50,56.10,61.10,1.0000,-1,-1,-1
76,23,157.10,444.40,203.10,377.00,1.0000,-1,-1,-1
76,24,409.70,469.90,48.30,106.40,1.0000,-1,-1,-1
76,25,472.00,453.00,36.80,115.70,0.9970,-1,-1,-1
76,13,625.10,455.90,31.40,74.30,0.2830,-1,-1,-1
76,21,887.70,458.30,24.60,52.70,0.0510,-1,-1,-1
76,-1,5.50,444.10,103.40,362.90,0.9960,-1,-1,-1
77,0,835.90,472.70,54.20,77.50,1.0000,-1,-1,-1
77,2,1079.00,411.00,213.30,597.60,1.0000,-1,-1,-1
77,9,963.50,425.00,139.30,508.80,1.0000,-1,-1,-1
77,15,519.00,402.00,128.10,362.60,1.0000,-1,-1,-1
77,19,796.60,476.50,55.70,61.00,1.0000,-1,-1,-1
77,23,159.50,443.80,208.00,386.00,1.0000,-1,-1,-1
77,24,410.90,470.10,47.90,106.30,1.0000,-1,-1,-1
77,25,471.10,451.70,37.80,118.30,0.9980,-1,-1,-1
77,26,2.40,429.20,129.70,387.10,0.9980,-1,-1,-1
78,0,835.90,472.90,54.30,76.30,1.0000,-1,-1,-1
78,2,1081.20,408.30,210.80,599.90,1.0000,-1,-1,-1
78,9,963.50,420.60,138.30,516.30,1.0000,-1,-1,-1
78,15,525.90,404.20,125.90,364.40,1.0000,-1,-1,-1
78,19,796.50,476.50,56.40,61.10,1.0000,-1,-1,-1
78,23,159.40,447.70,214.80,378.80,1.0000,-1,-1,-1
78,24,411.20,471.00,45.50,104.80,0.9990,-1,-1,-1
78,25,469.80,453.30,39.00,115.10,0.9990,-1,-1,-1
78,26,1.30,438.30,150.70,373.50,1.0000,-1,-1,-1
79,0,836.20,472.50,54.60,76.80,1.0000,-1,-1,-1
79,2,1077.80,419.30,216.90,590.70,1.0000,-1,-1,-1
79,9,967.40,426.30,135.20,510.60,1.0000,-1,-1,-1
79,15,531.10,405.80,130.50,369.90,1.0000,-1,-1,-1
79,19,796.60,476.70,56.30,60.60,1.0000,-1,-1,-1
79,23,166.10,446.50,206.40,373.10,1.0000,-1,-1,-1
79,24,412.10,470.90,44.30,104.80,0.9920,-1,-1,-1
79,25,469.70,453.70,39.70,110.90,0.9990,-1,-1,-1
79,26,2.40,443.60,163.40,373.00,1.0000,-1,-1,-1
79,20,289.80,436.30,140.00,317.10,0.0680,-1,-1,-1
80,0,836.20,472.60,54.30,76.10,1.0000,-1,-1,-1
80,2,1079.20,395.90,212.70,618.90,1.0000,-1,-1,-1
80,9,970.60,426.90,132.70,515.10,1.0000,-1,-1,-1
80,15,534.60,408.30,134.70,356.70,1.0000,-1,-1,-1
80,19,795.80,476.60,56.70,60.70,1.0000,-1,-1,-1
80,23,166.90,448.90,210.90,368.20,1.0000,-1,-1,-1
80,24,416.00,469.50,41.00,109.90,0.9640,-1,-1,-1
80,25,471.40,454.00,39.50,110.40,1.0000,-1,-1,-1
80,26,1.00,438.00,179.90,381.50,1.0000,-1,-1,-1
80,20,298.90,434.20,140.70,315.50,0.1990,-1,-1,-1
81,0,835.80,472.70,53.30,76.00,1.0000,-1,-1,-1
81,2,1081.40,399.70,209.30,608.80,1.0000,-1,-1,-1
81,9,967.40,427.70,139.80,521.20,1.0000,-1,-1,-1
81,15,536.50,408.80,137.20,358.20,1.0000,-1,-1,-1
81,18,520.30,457.30,26.80,72.10,0.7270,-1,-1,-1
81,19,796.60,476.20,55.00,61.70,1.0000,-1,-1,-1
81,20,315.90,438.70,125.30,309.60,0.6720,-1,-1,-1
81,23,181.50,446.80,199.90,370.90,1.0000,-1,-1,-1
81,25,471.10,453.30,40.20,112.90,1.0000,-1,-1,-1
81,26,1.00,452.80,185.50,368.80,1.0000,-1,-1,-1
81,24,424.90,469.60,34.50,97.30,0.4410,-1,-1,-1
82,0,836.40,472.60,52.90,76.70,1.0000,-1,-1,-1
82,2,1081.40,414.40,215.00,599.60,1.0000,-1,-1,-1
82,9,969.80,421.20,134.50,520.00,1.0000,-1,-1,-1
82,15,540.40,410.90,136.60,360.50,1.0000,-1,-1,-1
82,18,516.40,461.60,25.70,66.90,0.8990,-1,-1,-1
82,19,796.30,476.00,55.30,61.80,1.0000,-1,-1,-1
82,20,338.70,452.40,106.90,290.30,0.9770,-1,-1,-1
82,23,191.30,453.60,186.40,365.20,1.0000,-1,-1,-1
82,25,470.80,454.40,39.00,108.00,1.0000,-1,-1,-1
82,26,4.00,449.80,192.40,366.10,1.0000,-1,-1,-1
82,24,427.00,468.90,33.70,98.00,0.2980,-1,-1,-1
83,0,835.70,472.30,53.00,77.60,1.0000,-1,-1,-1
83,2,1085.30,398.30,205.40,626.70,1.0000,-1,-1,-1
83,9,968.80,423.10,136.60,516.60,1.0000,-1,-1,-1
83,15,541.40,398.90,141.20,372.30,1.0000,-1,-1,-1
83,18,515.20,459.30,27.20,69.40,0.9400,-1,-1,-1
83,19,796.90,476.60,55.00,61.10,1.0000,-1,-1,-1
83,20,353.10,443.70,106.30,300.30,0.9990,-1,-1,-1
83,23,200.90,435.40,175.80,379.00,1.0000,-1,-1,-1
83,25,469.70,452.50,39.40,109.80,1.0000,-1,-1,-1
83,26,2.30,434.20,201.10,381.00,1.0000,-1,-1,-1
84,0,835.10,472.50,53.50,76.90,1.0000,-1,-1,-1
84,2,1083.50,400.30,207.80,626.10,1.0000,-1,-1,-1
84,9,976.20,418.30,129.70,522.80,0.9990,-1,-1,-1
84,15,545.30,412.20,142.90,360.60,1.0000,-1,-1,-1
84,18,514.60,460.70,26.70,64.80,0.9540,-1,-1,-1
84,19,796.70,476.80,55.60,60.30,1.0000,-1,-1,-1
84,20,354.70,439.40,122.40,306.30,1.0000,-1,-1,-1
84,23,224.70,444.50,155.60,362.20,1.0000,-1,-1,-1
84,25,469.30,454.10,38.70,105.40,0.9990,-1,-1,-1
84,26,3.00,438.10,204.60,374.10,1.0000,-1,-1,-1
85,0,835.70,472.60,53.20,75.90,1.0000,-1,-1,-1
85,2,1080.40,402.60,218.30,603.00,1.0000,-1,-1,-1
85,9,974.50,433.40,131.80,507.60,0.9990,-1,-1,-1
85,15,549.30,405.60,136.30,361.10,1.0000,-1,-1,-1
85,18,513.90,459.70,25.40,63.60,0.9560,-1,-1,-1
85,19,796.60,476.50,56.50,60.60,1.0000,-1,-1,-1
85,20,359.40,438.60,131.80,300.30,0.9980,-1,-1,-1
85,23,240.30,452.00,139.70,356.40,1.0000,-1,-1,-1
85,25,467.50,453.90,38.90,104.60,0.9990,-1,-1,-1
85,26,5.70,430.70,201.70,377.90,1.0000,-1,-1,-1
86,0,835.60,471.70,52.80,77.30,1.0000,-1,-1,-1
86,2,1079.00,394.70,215.10,630.80,1.0000,-1,-1,-1
86,9,972.50,424.50,138.80,524.90,0.9990,-1,-1,-1
86,15,547.20,413.30,147.30,354.00,1.0000,-1,-1,-1
86,18,515.70,459.70,24.10,64.70,0.9590,-1,-1,-1
86,19,796.40,475.90,56.40,61.60,1.0000,-1,-1,-1
86,20,359.00,438.40,150.40,304.90,0.9990,-1,-1,-1
86,23,261.00,449.40,123.90,353.40,1.0000,-1,-1,-1
86,25,470.10,455.00,38.80,104.30,0.9960,-1,-1,-1
86,26,13.50,428.90,198.80,377.20,1.0000,-1,-1,-1
86,-1,941.50,437.10,63.10,196.80,0.2140,-1,-1,-1
87,0,836.20,471.80,53.40,77.00,1.0000,-1,-1,-1
87,2,1077.90,406.20,221.70,612.20,1.0000,-1,-1,-1
87,9,974.90,419.60,130.30,520.80,0.9990,-1,-1,-1
87,15,552.50,407.90,139.60,355.60,1.0000,-1,-1,-1
87,18,515.60,462.70,24.00,64.10,0.9610,-1,-1,-1
87,19,796.60,476.40,56.40,60.50,1.0000,-1,-1,-1
87,20,361.60,437.20,164.70,300.20,1.0000,-1,-1,-1
87,23,269.50,442.50,119.60,363.30,0.9990,-1,-1,-1
87,25,470.30,458.70,39.40,101.40,0.6710,-1,-1,-1
87,26,25.60,425.90,186.80,378.60,1.0000,-1,-1,-1
87,-1,939.30,437.10,63.10,195.70,0.4620,-1,-1,-1
88,0,836.00,472.30,53.50,76.00,1.0000,-1,-1,-1
88,2,1080.30,405.40,219.80,616.30,1.0000,-1,-1,-1
88,9,974.00,419.60,131.60,521.20,0.9990,-1,-1,-1
88,15,554.50,413.20,138.00,351.10,1.0000,-1,-1,-1
88,18,519.20,462.60,23.40,63.20,0.9500,-1,-1,-1
88,19,796.60,476.50,56.40,60.40,1.0000,-1,-1,-1
88,20,358.50,439.60,175.10,310.50,1.0000,-1,-1,-1
88,23,277.30,441.80,116.10,361.00,0.9990,-1,-1,-1
88,26,35.10,422.60,178.40,381.00,1.0000,-1,-1,-1
88,25,490.60,461.40,29.00,81.20,0.3230,-1,-1,-1
88,-1,935.50,434.60,65.80,187.80,0.9020,-1,-1,-1
89,0,836.40,471.60,53.30,78.10,1.0000,-1,-1,-1
89,2,1072.40,407.40,226.50,601.50,1.0000,-1,-1,-1
89,9,975.90,421.10,130.50,515.30,1.0000,-1,-1,-1
89,15,560.30,409.40,133.80,345.20,1.0000,-1,-1,-1
89,18,518.00,460.40,23.30,63.60,0.9540,-1,-1,-1
89,19,796.60,476.20,56.20,60.80,1.0000,-1,-1,-1
89,20,368.00,434.70,173.70,313.30,0.9990,-1,-1,-1
89,23,290.40,448.00,115.10,355.40,0.9960,-1,-1,-1
89,26,45.50,432.20,172.70,372.10,1.0000,-1,-1,-1
89,27,932.90,435.40,64.00,184.20,0.9950,-1,-1,-1
89,12,551.80,459.40,26.50,68.50,0.1710,-1,-1,-1
89,16,532.50,463.20,26.40,64.50,0.2080,-1,-1,-1
89,25,491.50,459.90,29.60,80.90,0.2640,-1,-1,-1
90,0,836.90,471.70,53.10,77.80,1.0000,-1,-1,-1
90,2,1075.80,414.10,229.90,605.30,1.0000,-1,-1,-1
90,9,978.70,418.00,128.60,519.30,0.9990,-1,-1,-1
90,12,544.40,459.10,22.80,62.90,0.6530,-1,-1,-1
90,15,567.90,405.80,125.70,357.00,1.0000,-1,-1,-1
90,16,524.90,459.90,23.50,63.80,0.9540,-1,-1,-1
90,19,796.70,475.90,55.90,61.20,1.0000,-1,-1,-1
90,20,370.20,436.50,177.30,306.90,0.9990,-1,-1,-1
90,23,299.70,452.30,124.00,341.30,0.9970,-1,-1,-1
90,26,58.90,436.20,170.40,362.80,1.0000,-1,-1,-1
90,27,929.10,435.10,66.20,180.20,0.9990,-1,-1,-1
90,25,495.00,460.20,29.10,80.20,0.1610,-1,-1,-1
91,0,836.20,471.40,52.90,77.70,1.0000,-1,-1,-1
91,2,1074.80,417.70,227.90,588.80,1.0000,-1,-1,-1
91,9,977.80,420.10,128.20,521.30,0.9990,-1,-1,-1
91,12,554.20,460.30,22.60,63.40,0.6570,-1,-1,-1
91,15,570.80,404.40,129.60,357.70,1.0000,-1,-1,-1
91,18,521.00,459.90,21.10,64.20,0.9180,-1,-1,-1
91,19,796.40,475.90,55.90,61.10,1.0000,-1,-1,-1
91,20,368.90,441.70,183.00,302.20,0.9980,-1,-1,-1
91,23,301.70,441.40,129.00,356.70,1.0000,-1,-1,-1
91,26,65.50,424.00,170.80,371.30,1.0000,-1,-1,-1
91,27,927.40,439.00,62.90,173.90,0.9990,-1,-1,-1
91,16,537.00,461.00,24.20,64.20,0.1780,-1,-1,-1
92,0,836.40,471.00,53.10,78.50,1.0000,-1,-1,-1
92,2,1069.30,419.90,231.70,591.60,1.0000,-1,-1,-1
92,9,975.10,424.60,132.20,511.40,0.9980,-1,-1,-1
92,12,554.10,458.90,23.10,64.30,0.7530,-1,-1,-1
92,15,579.10,407.40,125.70,348.50,1.0000,-1,-1,-1
92,16,532.40,458.90,22.70,63.90,0.9680,-1,-1,-1
92,19,796.50,475.90,56.30,61.60,1.0000,-1,-1,-1
92,20,377.30,434.00,183.20,314.60,0.9840,-1,-1,-1
92,23,301.80,444.00,140.10,353.80,0.9980,-1,-1,-1
92,26,75.70,430.50,170.90,362.00,1.0000,-1,-1,-1
92,27,926.60,437.10,63.50,181.10,0.9980,-1,-1,-1
93,0,836.10,470.80,53.40,79.20,1.0000,-1,-1,-1
93,2,1074.20,403.50,234.00,606.10,1.0000,-1,-1,-1
93,9,976.00,423.90,135.40,513.40,0.9970,-1,-1,-1
93,12,557.30,459.80,21.80,61.50,0.8470,-1,-1,-1
93,15,586.70,411.40,120.60,346.70,1.0000,-1,-1,-1
93,16,532.80,459.90,22.30,62.30,0.9660,-1,-1,-1
93,19,796.40,476.00,55.80,61.40,1.0000,-1,-1,-1
93,20,388.80,430.90,156.70,316.50,0.6530,-1,-1,-1
93,23,304.50,447.40,157.50,346.10,1.0000,-1,-1,-1
93,26,76.00,429.40,180.90,360.00,1.0000,-1,-1,-1
93,27,923.40,436.10,62.40,184.50,0.9990,-1,-1,-1
94,0,836.30,471.60,54.00,78.50,1.0000,-1,-1,-1
94,2,1072.00,406.20,234.00,605.20,1.0000,-1,-1,-1
94,9,977.60,420.20,128.30,522.90,0.9990,-1,-1,-1
94,12,558.50,460.50,20.80,59.50,0.8960,-1,-1,-1
94,15,593.00,406.80,121.10,345.00,1.0000,-1,-1,-1
94,16,529.70,460.80,21.70,61.30,0.9390,-1,-1,-1
94,19,797.20,476.20,55.90,62.00,1.0000,-1,-1,-1
94,23,306.60,446.10,169.80,355.80,1.0000,-1,-1,-1
94,26,82.30,429.50,182.50,365.20,1.0000,-1,-1,-1
94,27,920.20,436.90,61.60,180.60,0.9990,-1,-1,-1
94,-1,569.50,464.70,24.50,72.50,0.1300,-1,-1,-1
95,0,835.80,472.20,54.60,78.50,1.0000,-1,-1,-1
95,2,1072.10,416.70,225.60,587.90,1.0000,-1,-1,-1
95,9,978.20,420.70,129.80,518.90,0.9990,-1,-1,-1
95,12,562.60,462.50,18.50,54.70,0.8980,-1,-1,-1
95,15,597.50,403.10,123.10,343.90,1.0000,-1,-1,-1
95,16,530.00,464.70,23.10,57.00,0.6820,-1,-1,-1
95,19,796.60,476.50,56.30,61.90,1.0000,-1,-1,-1
95,20,425.10,443.60,119.90,295.20,0.6250,-1,-1,-1
95,23,313.00,448.50,169.10,348.80,1.0000,-1,-1,-1
95,26,91.60,437.00,186.50,361.20,1.0000,-1,-1,-1
95,27,917.50,439.70,60.90,176.90,0.9990,-1,-1,-1
96,0,835.20,472.60,54.00,77.30,1.0000,-1,-1,-1
96,2,1078.50,406.80,216.80,596.90,1.0000,-1,-1,-1
96,9,977.50,424.50,132.00,511.60,0.9990,-1,-1,-1
96,12,557.40,462.60,19.50,55.10,0.7890,-1,-1,-1
96,15,606.30,407.20,120.80,345.90,1.0000,-1,-1,-1
96,16,532.10,465.10,23.50,55.30,0.7360,-1,-1,-1
96,19,796.70,476.10,55.60,61.90,1.0000,-1,-1,-1
96,20,426.70,444.20,119.70,299.90,0.8360,-1,-1,-1
96,23,313.40,446.90,169.60,355.90,1.0000,-1,-1,-1
96,26,106.80,434.40,183.10,363.90,1.0000,-1,-1,-1
96,27,915.40,439.60,59.60,178.10,0.9990,-1,-1,-1
97,0,835.90,472.70,52.80,76.80,1.0000,-1,-1,-1
97,2,1075.30,427.60,217.00,583.50,1.0000,-1,-1,-1
97,9,976.60,423.60,132.40,514.70,0.9980,-1,-1,-1
97,12,562.90,463.20,19.20,52.80,0.9220,-1,-1,-1
97,15,609.50,406.10,123.30,345.00,1.0000,-1,-1,-1
97,19,796.70,476.30,55.60,61.80,1.0000,-1,-1,-1
97,20,432.70,441.60,116.10,299.70,0.8080,-1,-1,-1
97,23,315.80,443.80,172.20,356.40,1.0000,-1,-1,-1
97,26,111.00,432.50,194.50,362.90,1.0000,-1,-1,-1
97,27,910.70,437.70,61.10,179.50,1.0000,-1,-1,-1
98,0,835.40,473.20,52.70,76.10,1.0000,-1,-1,-1
98,2,1077.70,407.10,213.60,600.20,1.0000,-1,-1,-1
98,9,978.50,423.40,130.20,512.70,0.9990,-1,-1,-1
98,12,562.30,462.20,21.30,56.20,0.8730,-1,-1,-1
98,15,620.40,408.40,122.90,339.60,1.0000,-1,-1,-1
98,19,796.50,476.40,56.00,61.40,1.0000,-1,-1,-1
98,20,450.00,431.60,111.30,306.70,0.9970,-1,-1,-1
98,23,317.00,455.40,167.10,341.00,1.0000,-1,-1,-1
98,26,124.00,434.20,198.20,360.80,1.0000,-1,-1,-1
98,27,909.30,436.90,60.90,179.70,1.0000,-1,-1,-1
98,-1,579.60,460.50,22.40,60.10,0.5050,-1,-1,-1
99,0,835.40,473.00,53.70,75.60,1.0000,-1,-1,-1
99,2,1081.10,415.90,209.60,612.50,1.0000,-1,-1,-1
99,9,976.20,426.70,140.40,513.00,0.9990,-1,-1,-1
99,12,557.50,463.70,22.80,58.30,0.6960,-1,-1,-1
99,15,621.90,405.20,125.20,345.80,1.0000,-1,-1,-1
99,19,796.20,476.50,57.70,61.00,1.0000,-1,-1,-1
99,20,455.80,439.20,112.70,296.00,0.9970,-1,-1,-1
99,23,327.80,445.00,156.90,348.00,1.0000,-1,-1,-1
99,26,127.40,442.90,200.60,359.10,1.0000,-1,-1,-1
99,27,907.30,436.20,60.70,177.60,1.0000,-1,-1,-1
99,-1,580.00,459.60,20.30,59.20,0.7350,-1,-1,-1
100,0,836.00,472.90,53.10,76.20,1.0000,-1,-1,-1
100,2,1081.60,411.00,209.40,615.70,1.0000,-1,-1,-1
100,9,977.10,427.70,140.10,511.00,0.9990,-1,-1,-1
100,15,626.50,406.50,136.30,346.30,1.0000,-1,-1,-1
100,19,797.00,476.00,56.10,62.70,1.0000,-1,-1,-1
100,20,471.10,436.30,104.50,299.90,0.9990,-1,-1,-1
100,23,334.60,455.70,146.70,335.30,1.0000,-1,-1,-1
100,26,129.20,430.80,207.70,369.70,1.0000,-1,-1,-1
100,27,907.10,435.80,58.60,175.00,1.0000,-1,-1,-1
100,28,582.20,460.40,19.10,56.00,0.6360,-1,-1,-1
100,12,558.70,464.30,21.70,56.60,0.4950,-1,-1,-1
101,0,836.50,473.50,53.00,75.30,1.0000,-1,-1,-1
101,2,1080.90,415.70,209.50,609.10,1.0000,-1,-1,-1
101,9,977.80,422.10,133.50,514.00,0.9990,-1,-1,-1
101,15,631.70,406.20,139.70,344.40,1.0000,-1,-1,-1
101,19,796.50,476.30,56.80,62.20,1.0000,-1,-1,-1
101,20,477.10,435.60,105.00,293.30,1.0000,-1,-1,-1
101,23,349.30,443.00,138.00,350.90,1.0000,-1,-1,-1
101,26,134.50,437.30,214.10,360.20,1.0000,-1,-1,-1
101,27,902.60,435.40,57.90,176.20,1.0000,-1,-1,-1
101,28,580.60,469.90,22.90,58.00,0.2760,-1,-1,-1
102,0,836.00,473.90,52.90,75.30,1.0000,-1,-1,-1
102,2,1080.40,413.90,207.70,612.30,1.0000,-1,-1,-1
102,9,980.10,423.70,132.70,506.50,0.9990,-1,-1,-1
102,15,636.80,413.90,143.70,340.10,1.0000,-1,-1,-1
102,19,796.10,476.20,56.70,62.00,1.0000,-1,-1,-1
102,20,484.60,433.60,111.00,291.60,1.0000,-1,-1,-1
102,23,361.00,439.40,128.30,353.70,1.0000,-1,-1,-1
102,26,144.70,436.00,206.00,356.40,1.0000,-1,-1,-1
102,27,898.10,437.10,59.30,176.50,1.0000,-1,-1,-1
103,0,835.60,473.70,53.40,76.30,1.0000,-1,-1,-1
103,2,1079.80,415.90,206.00,610.90,1.0000,-1,-1,-1
103,9,978.90,422.50,140.00,520.60,0.9990,-1,-1,-1
103,15,632.80,407.90,152.80,343.70,1.0000,-1,-1,-1
103,19,795.20,475.50,56.70,62.90,1.0000,-1,-1,-1
103,20,484.40,430.90,126.20,301.60,0.9990,-1,-1,-1
103,23,373.60,441.40,122.80,343.50,1.0000,-1,-1,-1
103,26,153.40,436.80,201.00,353.50,1.0000,-1,-1,-1
103,27,894.90,439.10,58.10,176.80,1.0000,-1,-1,-1
104,0,835.20,472.90,54.50,78.60,1.0000,-1,-1,-1
104,2,1075.30,419.00,209.20,596.70,1.0000,-1,-1,-1
104,9,981.50,422.10,131.20,512.90,0.9990,-1,-1,-1
104,15,634.30,410.00,155.90,340.60,1.0000,-1,-1,-1
104,19,795.40,475.90,56.10,61.90,1.0000,-1,-1,-1
104,20,487.30,440.10,138.40,291.30,0.9990,-1,-1,-1
104,23,381.70,441.10,115.00,344.10,1.0000,-1,-1,-1
104,26,162.60,435.50,193.80,353.80,1.0000,-1,-1,-1
104,27,892.60,436.60,59.10,177.60,1.0000,-1,-1,-1
105,0,834.90,471.60,54.40,80.20,1.0000,-1,-1,-1
105,2,1070.50,409.50,212.50,602.10,1.0000,-1,-1,-1
105,9,982.00,423.40,135.70,523.10,0.9960,-1,-1,-1
105,15,642.90,415.20,150.80,329.90,1.0000,-1,-1,-1
105,19,795.50,475.60,56.50,62.00,1.0000,-1,-1,-1
105,20,490.50,437.20,144.20,292.30,0.9990,-1,-1,-1
105,23,397.40,440.00,102.40,341.50,1.0000,-1,-1,-1
105,26,177.50,432.20,175.30,357.40,1.0000,-1,-1,-1
105,27,889.00,438.00,58.20,178.40,1.0000,-1,-1,-1
106,0,835.00,471.80,54.30,79.90,1.0000,-1,-1,-1
106,2,1073.30,416.30,206.70,601.80,1.0000,-1,-1,-1
106,9,984.70,423.60,133.50,523.20,0.9940,-1,-1,-1
106,15,637.50,413.70,155.80,334.60,1.0000,-1,-1,-1
106,19,794.70,475.40,58.00,61.60,1.0000,-1,-1,-1
106,20,493.10,433.20,148.60,298.30,0.9990,-1,-1,-1
106,23,406.00,440.60,101.40,340.70,1.0000,-1,-1,-1
106,26,186.20,429.00,168.60,359.50,1.0000,-1,-1,-1
106,27,884.70,441.30,60.80,172.40,1.0000,-1,-1,-1
106,13,617.30,456.60,20.90,70.50,0.0580,-1,-1,-1
107,0,836.00,472.10,53.60,78.60,1.0000,-1,-1,-1
107,2,1075.50,405.10,197.10,602.30,1.0000,-1,-1,-1
107,9,983.60,424.70,133.00,506.00,0.9940,-1,-1,-1
107,15,636.70,410.20,159.60,339.90,1.0000,-1,-1,-1
107,19,794.40,475.40,57.90,60.80,1.0000,-1,-1,-1
107,20,496.80,434.60,150.60,304.30,0.9990,-1,-1,-1
107,23,414.70,444.10,107.20,329.60,1.0000,-1,-1,-1
107,26,199.00,431.90,160.70,350.40,1.0000,-1,-1,-1
107,27,880.70,437.80,64.50,176.70,1.0000,-1,-1,-1
107,13,623.10,456.00,21.40,69.60,0.0990,-1,-1,-1
107,-1,378.10,464.70,52.60,119.10,0.9800,-1,-1,-1
108,0,833.50,471.70,56.70,79.50,1.0000,-1,-1,-1
108,2,1075.20,408.60,193.20,592.60,1.0000,-1,-1,-1
108,9,983.40,426.60,135.70,514.70,0.9970,-1,-1,-1
108,15,642.80,410.80,155.40,338.00,1.0000,-1,-1,-1
108,19,793.90,476.20,61.10,59.10,1.0000,-1,-1,-1
108,20,502.10,429.80,144.40,296.60,0.9990,-1,-1,-1
108,23,419.20,443.50,116.80,321.60,0.9990,-1,-1,-1
108,26,214.70,431.90,150.20,345.50,1.0000,-1,-1,-1
108,27,879.90,440.70,62.00,175.00,1.0000,-1,-1,-1
108,29,377.40,465.00,54.00,110.70,0.9990,-1,-1,-1
108,13,626.50,452.10,25.80,80.80,0.0580,-1,-1,-1
109,0,835.70,472.70,54.10,77.20,1.0000,-1,-1,-1
109,2,1074.20,417.00,196.50,603.70,1.0000,-1,-1,-1
109,9,985.10,417.80,130.90,526.60,0.9950,-1,-1,-1
109,15,646.10,409.90,149.40,330.90,1.0000,-1,-1,-1
109,19,794.70,476.40,60.20,59.00,1.0000,-1,-1,-1
109,20,501.30,432.30,148.20,298.90,0.9980,-1,-1,-1
109,23,425.50,444.60,120.50,327.40,0.9990,-1,-1,-1
109,26,227.80,429.80,140.00,349.30,1.0000,-1,-1,-1
109,27,878.90,439.80,64.00,172.70,1.0000,-1,-1,-1
109,29,377.80,465.40,54.70,110.00,1.0000,-1,-1,-1
110,0,836.50,471.70,56.20,81.60,1.0000,-1,-1,-1
110,2,1071.40,410.20,193.00,600.00,1.0000,-1,-1,-1
110,9,985.40,415.50,128.30,533.20,0.9920,-1,-1,-1
110,15,643.00,408.30,153.10,338.20,1.0000,-1,-1,-1
110,19,794.50,476.70,60.70,59.30,0.9990,-1,-1,-1
110,20,505.10,432.30,149.10,300.40,0.9910,-1,-1,-1
110,23,430.70,445.80,132.40,327.50,1.0000,-1,-1,-1
110,26,243.40,427.90,133.30,348.10,1.0000,-1,-1,-1
110,27,875.70,440.50,64.50,169.20,1.0000,-1,-1,-1
110,29,379.90,465.80,52.30,112.30,0.9990,-1,-1,-1
111,0,836.60,470.80,55.10,81.60,0.9990,-1,-1,-1
111,2,1069.50,416.20,196.00,609.90,1.0000,-1,-1,-1
111,9,983.80,422.20,133.80,514.10,0.9990,-1,-1,-1
111,15,649.90,409.40,145.10,336.60,1.0000,-1,-1,-1
111,19,793.60,476.30,63.10,59.70,0.9990,-1,-1,-1
111,20,520.90,429.50,132.50,301.90,0.9570,-1,-1,-1
111,23,426.20,447.00,152.40,328.00,1.0000,-1,-1,-1
111,26,257.30,432.40,123.10,342.60,1.0000,-1,-1,-1
111,27,875.50,440.40,63.80,169.90,1.0000,-1,-1,-1
111,29,379.50,467.90,52.80,107.60,1.0000,-1,-1,-1
112,0,835.80,471.80,56.10,79.50,0.9990,-1,-1,-1
112,2,1071.00,415.10,192.40,587.80,1.0000,-1,-1,-1
112,9,985.30,420.90,134.10,529.00,0.9830,-1,-1,-1
112,15,653.90,405.90,144.40,339.30,1.0000,-1,-1,-1
112,19,791.70,477.40,66.20,59.70,0.9960,-1,-1,-1
112,20,534.80,434.70,121.80,284.30,0.8620,-1,-1,-1
112,23,427.30,444.50,166.90,331.50,1.0000,-1,-1,-1
112,26,267.80,433.10,119.10,345.20,1.0000,-1,-1,-1
112,27,875.10,440.50,64.40,170.40,1.0000,-1,-1,-1
112,29,378.60,468.40,54.10,108.40,0.9990,-1,-1,-1
113,0,834.50,473.60,55.90,77.40,0.9990,-1,-1,-1
113,2,1071.20,414.80,188.30,612.50,1.0000,-1,-1,-1
113,9,984.80,425.50,130.50,508.40,0.9960,-1,-1,-1
113,15,663.10,406.70,142.10,334.80,1.0000,-1,-1,-1
113,19,788.80,477.00,68.40,60.70,0.9700,-1,-1,-1
113,20,548.60,433.60,111.20,294.90,0.9800,-1,-1,-1
113,23,433.50,445.00,161.50,333.00,1.0000,-1,-1,-1
113,26,277.80,431.80,114.20,350.40,1.0000,-1,-1,-1
113,27,874.00,439.20,61.70,174.70,1.0000,-1,-1,-1
113,29,376.60,470.50,55.90,104.60,0.9940,-1,-1,-1
114,0,832.70,473.30,58.40,76.00,0.9950,-1,-1,-1
114,2,1059.90,411.80,197.30,604.30,1.0000,-1,-1,-1
114,9,996.10,425.90,119.90,509.20,0.8420,-1,-1,-1
114,15,665.10,405.00,140.40,336.90,1.0000,-1,-1,-1
114,19,793.80,476.40,56.10,61.10,0.8910,-1,-1,-1
114,20,549.30,428.20,102.20,299.50,0.9030,-1,-1,-1
114,23,436.50,445.10,164.10,329.90,1.0000,-1,-1,-1
114,26,282.50,433.20,120.10,341.80,1.0000,-1,-1,-1
114,27,872.20,438.80,61.30,172.80,1.0000,-1,-1,-1
114,29,377.50,467.90,46.30,114.50,0.8080,-1,-1,-1
114,-1,917.10,481.10,81.90,115.10,0.3220,-1,-1,-1
115,0,824.00,473.10,63.10,71.00,0.8540,-1,-1,-1
115,2,1061.30,409.30,197.00,595.90,1.0000,-1,-1,-1
115,15,675.50,402.50,130.70,333.70,1.0000,-1,-1,-1
115,19,796.80,476.10,53.40,60.80,0.6900,-1,-1,-1
115,20,559.80,428.80,100.80,297.70,0.9950,-1,-1,-1
115,23,442.10,450.20,158.30,323.30,1.0000,-1,-1,-1
115,26,283.90,433.90,139.90,340.50,1.0000,-1,-1,-1
115,27,866.10,439.10,59.70,170.70,1.0000,-1,-1,-1
115,9,996.80,420.00,120.50,511.70,0.3370,-1,-1,-1
115,29,378.00,461.70,51.60,135.10,0.0860,-1,-1,-1
115,-1,908.70,480.40,101.80,115.70,0.9720,-1,-1,-1
116,2,1055.10,402.70,199.30,616.10,1.0000,-1,-1,-1
116,15,681.20,405.70,128.20,330.70,1.0000,-1,-1,-1
116,19,793.40,477.60,67.30,59.40,0.7110,-1,-1,-1
116,20,569.80,430.40,102.20,290.60,0.9970,-1,-1,-1
116,23,437.70,449.40,165.20,325.10,1.0000,-1,-1,-1
116,26,286.80,440.50,151.20,331.30,1.0000,-1,-1,-1
116,27,863.00,436.40,59.50,176.50,1.0000,-1,-1,-1
116,30,913.00,482.60,95.20,112.00,0.9990,-1,-1,-1
116,9,1002.90,430.50,110.80,496.70,0.1810,-1,-1,-1
117,2,1051.50,402.90,198.00,612.40,1.0000,-1,-1,-1
117,15,691.90,403.90,120.30,332.80,1.0000,-1,-1,-1
117,19,785.40,478.20,68.00,59.60,0.6530,-1,-1,-1
117,20,581.10,427.40,95.30,291.30,0.9980,-1,-1,-1
117,23,447.00,435.70,155.70,334.60,1.0000,-1,-1,-1
117,26,293.10,437.40,156.50,333.20,1.0000,-1,-1,-1
117,27,857.20,436.10,59.90,172.20,1.0000,-1,-1,-1
117,30,908.80,483.90,101.30,110.50,0.9990,-1,-1,-1
117,-1,427.10,467.60,28.80,98.50,0.1110,-1,-1,-1
118,2,1051.50,403.30,191.30,605.00,1.0000,-1,-1,-1
118,15,693.50,403.20,121.90,334.50,1.0000,-1,-1,-1
118,20,588.80,428.20,97.50,294.50,1.0000,-1,-1,-1
118,23,448.40,440.20,158.20,328.70,1.0000,-1,-1,-1
118,26,292.80,432.20,172.70,344.90,1.0000,-1,-1,-1
118,27,856.40,436.40,56.50,172.80,1.0000,-1,-1,-1
118,30,909.60,483.50,103.70,111.10,1.0000,-1,-1,-1
119,2,1053.10,408.50,196.50,616.50,1.0000,-1,-1,-1
119,15,700.40,404.30,119.00,327.40,1.0000,-1,-1,-1
119,20,599.60,436.70,94.20,282.70,1.0000,-1,-1,-1
119,23,456.10,439.50,148.60,328.50,1.0000,-1,-1,-1
119,26,297.80,429.40,172.30,343.60,1.0000,-1,-1,-1
119,27,854.30,437.90,56.90,168.30,1.0000,-1,-1,-1
119,30,911.60,483.80,101.50,109.10,1.0000,-1,-1,-1
120,2,1054.00,406.10,191.40,611.80,1.0000,-1,-1,-1
120,15,699.10,406.00,121.40,329.40,1.0000,-1,-1,-1
120,20,602.00,433.80,110.30,284.40,1.0000,-1,-1,-1
120,23,460.30,439.10,143.60,324.90,1.0000,-1,-1,-1
120,26,298.00,435.60,183.80,334.10,1.0000,-1,-1,-1
120,27,851.30,434.50,58.50,170.50,1.0000,-1,-1,-1
120,30,912.70,484.60,99.30,108.20,1.0000,-1,-1,-1
120,-1,446.20,458.60,40.30,126.70,0.2640,-1,-1,-1
121,2,1052.60,412.70,200.70,616.10,1.0000,-1,-1,-1
121,15,709.10,406.40,114.30,326.30,1.0000,-1,-1,-1
121,20,604.10,433.80,117.70,279.70,1.0000,-1,-1,-1
121,23,468.20,445.80,138.80,322.30,1.0000,-1,-1,-1
121,26,306.90,444.60,171.50,328.10,1.0000,-1,-1,-1
121,27,848.70,435.00,58.60,171.40,1.0000,-1,-1,-1
121,30,913.30,484.20,96.60,109.80,1.0000,-1,-1,-1
121,-1,442.30,457.40,45.40,132.50,0.1860,-1,-1,-1
122,2,1056.00,410.70,189.70,630.00,1.0000,-1,-1,-1
122,15,713.70,402.80,116.00,329.10,1.0000,-1,-1,-1
122,20,603.90,438.00,133.00,282.20,1.0000,-1,-1,-1
122,23,479.20,442.70,129.00,319.90,1.0000,-1,-1,-1
122,26,305.00,439.00,179.20,327.70,1.0000,-1,-1,-1
122,27,846.90,436.30,56.70,169.40,1.0000,-1,-1,-1
122,30,912.00,484.20,101.60,110.50,1.0000,-1,-1,-1
122,-1,448.70,457.40,37.00,116.20,0.2720,-1,-1,-1
123,2,1056.40,407.60,195.80,633.00,1.0000,-1,-1,-1
123,15,711.70,406.40,118.30,323.30,1.0000,-1,-1,-1
123,20,604.00,438.10,143.70,282.50,1.0000,-1,-1,-1
123,23,499.50,439.70,112.30,325.00,1.0000,-1,-1,-1
123,26,313.00,438.80,173.00,326.90,1.0000,-1,-1,-1
123,27,845.60,436.30,57.10,171.10,1.0000,-1,-1,-1
123,30,913.70,485.30,96.20,108.50,1.0000,-1,-1,-1
123,-1,458.50,464.10,33.10,107.50,0.0730,-1,-1,-1
124,2,1057.10,403.40,199.60,642.80,1.0000,-1,-1,-1
124,15,719.10,406.60,115.60,324.40,1.0000,-1,-1,-1
124,20,608.20,434.60,142.60,286.20,1.0000,-1,-1,-1
124,23,505.50,437.60,111.00,323.50,1.0000,-1,-1,-1
124,26,319.70,435.40,172.20,325.60,1.0000,-1,-1,-1
124,27,843.60,438.40,54.80,167.70,1.0000,-1,-1,-1
124,30,913.60,484.10,97.20,109.30,1.0000,-1,-1,-1
124,-1,480.80,463.60,28.10,84.90,0.0770,-1,-1,-1
125,2,1060.20,403.70,195.30,651.10,1.0000,-1,-1,-1
125,15,721.80,406.20,115.00,324.50,1.0000,-1,-1,-1
125,20,611.00,427.80,140.80,293.00,1.0000,-1,-1,-1
125,23,513.80,439.00,107.20,322.30,1.0000,-1,-1,-1
125,26,328.00,435.90,163.80,323.50,1.0000,-1,-1,-1
125,27,843.20,436.50,55.10,171.50,1.0000,-1,-1,-1
125,30,912.80,483.20,98.50,109.20,1.0000,-1,-1,-1
125,-1,480.30,460.40,27.70,91.20,0.0640,-1,-1,-1
126,2,1060.60,395.00,190.30,663.50,1.0000,-1,-1,-1
126,15,724.10,405.80,117.30,325.60,1.0000,-1,-1,-1
126,20,617.10,432.80,136.50,287.90,1.0000,-1,-1,-1
126,23,524.20,442.60,96.00,320.20,1.0000,-1,-1,-1
126,26,341.00,436.00,148.50,323.50,1.0000,-1,-1,-1
126,27,841.30,436.30,55.80,171.50,1.0000,-1,-1,-1
126,30,912.90,482.80,96.60,109.40,1.0000,-1,-1,-1
126,-1,482.30,460.60,27.00,78.50,0.3010,-1,-1,-1
127,2,1060.30,400.50,197.70,655.20,1.0000,-1,-1,-1
127,15,723.80,405.80,120.00,327.00,1.0000,-1,-1,-1
127,20,619.20,434.20,133.40,284.00,1.0000,-1,-1,-1
127,23,532.70,443.00,95.80,320.10,1.0000,-1,-1,-1
127,26,358.70,434.70,133.30,320.80,1.0000,-1,-1,-1
127,27,840.30,436.40,55.60,166.90,1.0000,-1,-1,-1
127,30,913.80,484.40,94.70,108.90,1.0000,-1,-1,-1
127,-1,489.70,462.60,24.60,71.10,0.3890,-1,-1,-1
128,2,1057.40,400.00,197.90,669.60,1.0000,-1,-1,-1
128,15,727.10,409.00,119.10,322.20,1.0000,-1,-1,-1
128,20,620.10,433.10,134.50,281.00,0.9990,-1,-1,-1
128,23,531.00,441.30,113.10,317.90,1.0000,-1,-1,-1
128,26,375.40,437.90,115.30,312.30,1.0000,-1,-1,-1
128,27,837.10,440.50,55.50,155.80,1.0000,-1,-1,-1
128,30,913.80,484.40,94.50,109.00,1.0000,-1,-1,-1
128,-1,491.50,476.60,20.80,68.40,0.1330,-1,-1,-1
128,-1,1636.20,367.50,284.80,713.50,0.0580,-1,-1,-1
129,2,1057.60,398.10,206.70,660.70,1.0000,-1,-1,-1
129,15,731.00,412.60,117.50,317.70,1.0000,-1,-1,-1
129,20,629.30,428.90,122.20,295.00,0.9990,-1,-1,-1
129,23,536.40,439.70,118.20,318.40,1.0000,-1,-1,-1
129,26,386.60,435.20,110.70,318.70,1.0000,-1,-1,-1
129,27,833.80,437.90,56.50,163.70,1.0000,-1,-1,-1
129,30,914.10,484.40,93.90,108.60,1.0000,-1,-1,-1
129,-1,491.80,466.90,24.40,70.20,0.3890,-1,-1,-1
129,-1,1584.60,309.50,336.40,771.50,0.3410,-1,-1,-1
129,-1,518.90,467.40,24.30,64.50,0.2530,-1,-1,-1
130,2,1066.10,390.30,203.50,689.40,1.0000,-1,-1,-1
130,15,734.60,414.80,118.20,313.20,1.0000,-1,-1,-1
130,20,640.90,429.80,110.10,287.20,0.9990,-1,-1,-1
130,23,538.00,439.20,124.60,319.20,1.0000,-1,-1,-1
130,26,397.30,434.40,106.20,311.80,1.0000,-1,-1,-1
130,27,830.80,436.90,56.00,164.80,1.0000,-1,-1,-1
130,30,914.80,484.80,94.60,108.70,1.0000,-1,-1,-1
130,-1,1534.50,267.20,386.50,813.80,0.9450,-1,-1,-1
131,2,1062.00,398.60,203.40,647.60,1.0000,-1,-1,-1
131,15,742.70,415.30,114.40,300.40,1.0000,-1,-1,-1
131,20,656.00,434.50,100.80,279.10,0.9970,-1,-1,-1
131,23,537.20,438.40,138.80,320.80,1.0000,-1,-1,-1
131,26,400.50,435.00,104.10,311.50,1.0000,-1,-1,-1
131,27,829.40,436.20,52.80,164.50,0.9970,-1,-1,-1
131,30,913.60,484.80,96.10,109.10,1.0000,-1,-1,-1
131,31,1477.00,329.50,444.00,751.50,0.9830,-1,-1,-1
131,-1,502.10,469.00,27.60,68.40,0.4520,-1,-1,-1
131,-1,522.40,469.60,24.10,68.00,0.7950,-1,-1,-1
132,2,1063.70,406.00,218.60,633.40,0.9990,-1,-1,-1
132,15,745.50,413.80,112.60,307.10,1.0000,-1,-1,-1
132,20,668.20,439.90,87.30,270.60,0.9970,-1,-1,-1
132,23,536.90,440.20,144.60,317.80,1.0000,-1,-1,-1
132,26,408.00,434.00,103.90,311.80,1.0000,-1,-1,-1
132,27,830.10,434.80,50.20,166.50,0.8430,-1,-1,-1
132,30,914.10,484.50,94.80,109.30,1.0000,-1,-1,-1
132,31,1420.50,292.80,496.90,788.20,0.9960,-1,-1,-1
132,32,519.70,465.70,22.50,67.90,0.9360,-1,-1,-1
133,2,1069.30,402.90,217.80,646.70,1.0000,-1,-1,-1
133,15,745.50,410.60,115.20,321.30,1.0000,-1,-1,-1
133,20,677.60,431.70,82.00,286.20,0.9980,-1,-1,-1
133,23,543.40,442.20,140.70,306.90,1.0000,-1,-1,-1
133,26,414.40,429.60,113.00,314.80,1.0000,-1,-1,-1
133,30,914.70,485.30,94.50,109.70,1.0000,-1,-1,-1
133,31,1372.30,260.10,510.40,820.90,0.9950,-1,-1,-1
133,32,519.80,464.10,25.40,70.20,0.9310,-1,-1,-1
133,27,827.80,434.30,55.40,165.80,0.0730,-1,-1,-1
134,2,1076.40,402.10,213.60,667.90,0.9990,-1,-1,-1
134,15,751.20,411.80,106.90,316.10,1.0000,-1,-1,-1
134,20,687.40,431.20,83.50,284.90,0.9980,-1,-1,-1
134,23,546.80,448.90,137.20,313.10,1.0000,-1,-1,-1
134,26,415.70,432.40,121.10,309.70,1.0000,-1,-1,-1
134,30,914.40,487.80,92.20,109.70,1.0000,-1,-1,-1
134,31,1314.90,295.30,497.90,785.70,0.9990,-1,-1,-1
134,27,825.40,438.00,55.20,164.60,0.1440,-1,-1,-1
134,32,526.50,465.30,22.50,70.20,0.5070,-1,-1,-1
135,2,1090.80,417.10,200.90,635.10,0.9990,-1,-1,-1
135,15,756.00,414.40,104.20,315.50,1.0000,-1,-1,-1
135,20,696.20,429.50,72.80,285.60,0.9960,-1,-1,-1
135,23,543.20,440.00,145.20,314.80,1.0000,-1,-1,-1
135,26,421.50,435.70,125.00,312.30,1.0000,-1,-1,-1
135,30,916.60,483.90,92.10,110.80,1.0000,-1,-1,-1
135,31,1286.10,300.30,479.90,780.70,0.9980,-1,-1,-1
135,32,528.80,466.70,24.20,71.60,0.3060,-1,-1,-1
136,2,1093.60,395.30,216.40,680.20,0.9970,-1,-1,-1
136,15,760.80,414.30,101.00,312.40,1.0000,-1,-1,-1
136,20,702.50,430.40,75.40,284.90,0.9960,-1,-1,-1
136,23,544.10,440.00,148.50,316.40,1.0000,-1,-1,-1
136,26,423.20,436.00,131.10,310.20,1.0000,-1,-1,-1
136,30,915.80,484.30,93.20,110.40,1.0000,-1,-1,-1
136,31,1210.50,312.90,474.90,768.10,0.9980,-1,-1,-1
136,32,529.20,470.20,27.30,71.60,0.1420,-1,-1,-1
137,2,1098.70,408.80,190.50,656.50,0.8570,-1,-1,-1
137,15,762.60,415.40,101.50,310.50,1.0000,-1,-1,-1
137,20,706.50,432.50,81.60,275.20,0.9890,-1,-1,-1
137,23,544.50,436.40,148.40,318.90,1.0000,-1,-1,-1
137,26,426.60,437.80,130.00,315.50,1.0000,-1,-1,-1
137,30,915.20,483.20,94.00,112.70,1.0000,-1,-1,-1
137,31,1150.20,328.30,488.30,752.70,0.9980,-1,-1,-1
137,32,541.60,465.60,25.10,70.70,0.1490,-1,-1,-1
138,15,767.10,418.10,99.80,307.40,1.0000,-1,-1,-1
138,20,710.80,436.70,86.60,270.50,0.9550,-1,-1,-1
138,23,548.30,441.70,146.50,314.60,1.0000,-1,-1,-1
138,26,431.10,433.00,130.30,313.70,1.0000,-1,-1,-1
138,30,914.70,484.10,94.60,112.60,1.0000,-1,-1,-1
138,31,1109.20,352.40,468.70,728.60,0.9990,-1,-1,-1
138,32,543.00,470.60,25.60,74.60,0.2820,-1,-1,-1
138,-1,679.50,470.20,31.20,94.20,0.0520,-1,-1,-1
139,15,775.10,413.40,95.70,310.00,1.0000,-1,-1,-1
139,23,554.60,432.70,143.00,322.50,1.0000,-1,-1,-1
139,26,437.60,436.00,125.80,310.10,1.0000,-1,-1,-1
139,30,915.20,483.50,93.90,112.90,1.0000,-1,-1,-1
139,31,1081.80,347.00,407.80,734.00,0.9990,-1,-1,-1
139,20,716.10,438.60,77.10,266.50,0.5480,-1,-1,-1
139,-1,1002.80,448.30,31.40,102.30,0.1690,-1,-1,-1
139,-1,705.50,457.30,31.40,99.70,0.0950,-1,-1,-1
140,15,776.80,415.20,95.00,298.40,1.0000,-1,-1,-1
140,23,559.20,434.90,137.40,319.10,1.0000,-1,-1,-1
140,26,438.40,433.60,128.20,311.20,1.0000,-1,-1,-1
140,30,914.60,483.60,94.90,111.90,1.0000,-1,-1,-1
140,31,1036.40,351.50,406.40,729.50,1.0000,-1,-1,-1
140,20,717.90,432.90,87.50,272.20,0.5490,-1,-1,-1
140,-1,1001.00,450.50,37.70,107.40,0.3800,-1,-1,-1
140,-1,698.10,461.80,31.10,81.00,0.3680,-1,-1,-1
140,-1,428.30,463.60,27.10,85.80,0.0850,-1,-1,-1
141,15,781.90,407.30,91.70,305.20,1.0000,-1,-1,-1
141,23,566.20,440.20,136.50,313.00,1.0000,-1,-1,-1
141,26,440.90,433.90,125.70,316.10,1.0000,-1,-1,-1
141,30,914.20,487.40,92.20,110.60,1.0000,-1,-1,-1
141,31,988.50,361.10,392.40,719.90,1.0000,-1,-1,-1
141,20,718.60,434.30,95.00,269.70,0.4720,-1,-1,-1
141,-1,426.20,464.10,26.70,84.10,0.2320,-1,-1,-1
142,15,787.40,410.30,87.80,303.00,0.9990,-1,-1,-1
142,23,575.40,445.10,125.60,313.30,1.0000,-1,-1,-1
142,26,451.60,427.50,117.50,325.70,1.0000,-1,-1,-1
142,30,915.20,487.00,90.60,109.00,1.0000,-1,-1,-1
142,31,934.80,366.30,404.90,714.70,0.9990,-1,-1,-1
142,20,734.60,433.00,97.30,273.10,0.4790,-1,-1,-1
142,29,380.60,467.60,56.20,113.50,0.4150,-1,-1,-1
142,-1,425.10,466.20,28.90,93.70,0.3780,-1,-1,-1
142,-1,1328.70,438.90,115.90,336.20,0.1220,-1,-1,-1
143,15,789.30,405.30,87.90,311.40,1.0000,-1,-1,-1
143,20,717.70,436.00,103.40,270.70,0.8820,-1,-1,-1
143,23,582.60,441.50,117.70,311.30,1.0000,-1,-1,-1
143,26,463.50,440.30,113.00,300.20,1.0000,-1,-1,-1
143,29,376.70,465.40,56.10,117.60,0.9950,-1,-1,-1
143,30,917.60,484.20,95.80,109.50,0.9030,-1,-1,-1
143,31,890.90,368.60,381.40,712.40,1.0000,-1,-1,-1
143,-1,1327.00,433.10,121.40,345.60,0.3210,-1,-1,-1
143,-1,421.00,465.60,33.20,103.70,0.7990,-1,-1,-1
144,15,791.80,405.80,90.10,316.30,0.9990,-1,-1,-1
144,20,723.00,439.30,100.30,267.70,0.9420,-1,-1,-1
144,23,594.80,438.10,110.70,311.40,1.0000,-1,-1,-1
144,26,472.90,435.80,106.80,308.30,1.0000,-1,-1,-1
144,29,379.60,466.40,53.30,113.70,0.9970,-1,-1,-1
144,31,856.80,348.80,375.90,732.20,0.9980,-1,-1,-1
144,33,416.50,467.60,41.30,102.60,0.9840,-1,-1,-1
144,2,1155.30,418.10,200.90,533.40,0.1900,-1,-1,-1
144,-1,1326.60,435.80,122.30,332.20,0.1050,-1,-1,-1
145,2,1132.90,409.80,238.70,624.50,0.9990,-1,-1,-1
145,15,794.90,412.90,92.00,310.60,0.9380,-1,-1,-1
145,23,606.40,439.60,104.70,308.60,1.0000,-1,-1,-1
145,26,479.80,437.40,104.70,293.60,1.0000,-1,-1,-1
145,29,375.70,464.20,55.70,117.20,1.0000,-1,-1,-1
145,31,836.10,335.50,354.70,745.50,0.9990,-1,-1,-1
145,33,415.00,468.80,43.20,104.30,0.9940,-1,-1,-1
145,20,736.60,437.40,103.70,268.20,0.0900,-1,-1,-1
145,-1,722.80,461.40,31.70,85.40,0.2290,-1,-1,-1
146,2,1132.60,402.80,246.60,657.30,1.0000,-1,-1,-1
146,23,615.10,435.50,100.60,310.30,1.0000,-1,-1,-1
146,26,489.10,436.00,95.30,289.40,1.0000,-1,-1,-1
146,29,375.80,462.50,52.90,117.40,1.0000,-1,-1,-1
146,31,745.50,332.40,412.40,748.60,0.9970,-1,-1,-1
146,33,414.70,469.20,45.10,104.10,0.9980,-1,-1,-1
146,-1,464.90,465.00,30.00,83.20,0.3540,-1,-1,-1
146,-1,1326.00,441.50,124.90,323.90,0.0520,-1,-1,-1
146,-1,718.20,456.20,32.80,86.80,0.8580,-1,-1,-1
147,2,1130.30,406.60,259.20,660.10,1.0000,-1,-1,-1
147,23,623.20,439.20,89.60,310.60,1.0000,-1,-1,-1
147,26,493.80,435.50,98.70,291.80,1.0000,-1,-1,-1
147,29,376.00,463.20,54.50,115.10,1.0000,-1,-1,-1
147,31,738.30,317.50,392.50,763.50,0.9990,-1,-1,-1
147,33,413.40,470.30,46.50,102.90,0.9970,-1,-1,-1
147,34,718.90,456.00,33.70,87.80,0.9820,-1,-1,-1
147,32,580.30,465.40,23.60,67.90,0.0830,-1,-1,-1
147,-1,471.10,461.80,27.30,72.40,0.8200,-1,-1,-1
148,2,1138.20,397.90,255.80,676.00,1.0000,-1,-1,-1
148,23,630.90,438.20,88.00,310.10,1.0000,-1,-1,-1
148,26,499.00,432.90,99.60,292.30,1.0000,-1,-1,-1
148,29,378.70,463.90,52.60,113.20,1.0000,-1,-1,-1
148,31,687.90,329.10,411.80,751.90,1.0000,-1,-1,-1
148,33,412.90,468.50,47.10,103.30,0.9960,-1,-1,-1
148,35,471.40,459.70,28.20,75.40,0.9080,-1,-1,-1
148,-1,1316.80,438.30,131.40,326.50,0.1510,-1,-1,-1
148,-1,1042.70,437.40,154.70,528.10,0.0700,-1,-1,-1
149,2,1145.30,405.10,245.00,672.90,1.0000,-1,-1,-1
149,23,640.80,436.20,80.40,333.30,0.6830,-1,-1,-1
149,26,502.40,430.30,105.70,300.10,1.0000,-1,-1,-1
149,29,378.70,464.00,51.70,114.30,1.0000,-1,-1,-1
149,31,675.60,333.30,386.60,747.70,1.0000,-1,-1,-1
149,33,412.60,467.50,47.00,103.30,0.9980,-1,-1,-1
149,35,473.60,458.80,28.50,78.60,0.9370,-1,-1,-1
149,-1,1029.60,443.40,25.10,86.40,0.1950,-1,-1,-1
149,-1,1321.40,440.00,129.60,328.90,0.0740,-1,-1,-1
149,-1,1039.70,435.90,170.40,517.90,0.9260,-1,-1,-1
149,-1,1000.90,449.00,30.10,98.50,0.7670,-1,-1,-1
150,2,1143.90,399.70,254.30,673.30,1.0000,-1,-1,-1
150,26,505.00,435.60,112.30,295.00,1.0000,-1,-1,-1
150,29,379.30,463.90,51.40,114.80,1.0000,-1,-1,-1
150,31,651.70,360.70,375.20,720.30,1.0000,-1,-1,-1
150,33,412.30,467.50,46.60,103.20,0.9970,-1,-1,-1
150,35,475.60,462.30,29.30,79.40,0.9580,-1,-1,-1
150,36,1041.50,434.40,181.70,532.40,0.9740,-1,-1,-1
150,37,996.70,446.90,35.70,102.40,0.9970,-1,-1,-1
150,-1,1029.60,439.20,25.30,87.50,0.5280,-1,-1,-1
150,-1,1324.90,439.40,133.70,330.30,0.3050,-1,-1,-1
151,2,1147.70,395.60,258.00,685.40,1.0000,-1,-1,-1
151,26,508.30,434.80,118.00,293.50,1.0000,-1,-1,-1
151,29,379.00,463.70,51.20,114.70,1.0000,-1,-1,-1
151,30,913.00,485.10,96.50,110.40,1.0000,-1,-1,-1
151,31,602.70,356.40,382.20,724.60,0.9980,-1,-1,-1
151,33,412.30,467.90,46.00,105.10,0.9990,-1,-1,-1
151,35,473.60,460.10,28.00,78.50,0.9390,-1,-1,-1
151,36,1049.40,438.90,170.10,516.20,0.9740,-1,-1,-1
151,37,994.70,446.00,37.30,101.90,1.0000,-1,-1,-1
151,-1,1028.30,436.80,24.70,87.90,0.5230,-1,-1,-1
151,-1,1344.70,439.90,122.10,333.40,0.8550,-1,-1,-1
151,-1,456.30,463.20,24.30,80.50,0.8080,-1,-1,-1
152,2,1148.00,399.10,263.00,681.80,1.0000,-1,-1,-1
152,26,512.30,429.30,130.60,309.80,0.9690,-1,-1,-1
152,29,379.20,463.80,51.90,115.00,1.0000,-1,-1,-1
152,30,915.40,483.40,97.50,110.50,1.0000,-1,-1,-1
152,31,579.30,361.50,365.60,719.50,0.9990,-1,-1,-1
152,33,412.70,467.80,45.40,104.20,0.9970,-1,-1,-1
152,35,476.20,462.30,28.20,78.80,0.9620,-1,-1,-1
152,36,1061.80,436.50,160.40,527.10,0.7050,-1,-1,-1
152,37,995.90,446.70,37.70,101.40,1.0000,-1,-1,-1
152,38,1364.40,433.90,112.60,336.40,0.9440,-1,-1,-1
152,39,459.50,465.10,25.40,78.70,0.7740,-1,-1,-1
152,-1,1032.20,438.60,25.20,85.90,0.3010,-1,-1,-1
153,2,1149.80,397.90,270.00,683.10,1.0000,-1,-1,-1
153,29,378.20,463.50,51.90,115.70,1.0000,-1,-1,-1
153,30,915.00,483.10,98.30,111.00,1.0000,-1,-1,-1
153,31,542.90,363.20,381.60,717.80,0.9980,-1,-1,-1
153,33,413.90,468.80,43.70,102.70,0.9920,-1,-1,-1
153,35,478.40,458.70,28.30,84.30,0.9650,-1,-1,-1
153,37,995.50,445.00,37.30,101.90,1.0000,-1,-1,-1
153,38,1371.20,431.80,115.00,347.00,0.9770,-1,-1,-1
153,39,462.60,464.10,25.50,80.10,0.7480,-1,-1,-1
153,36,1070.60,428.50,156.30,530.70,0.3780,-1,-1,-1
153,-1,1037.50,440.20,26.20,83.10,0.4910,-1,-1,-1
154,2,1154.30,398.80,269.90,682.20,1.0000,-1,-1,-1
154,15,812.90,400.10,86.70,328.20,0.8440,-1,-1,-1
154,29,378.10,463.00,51.20,115.70,1.0000,-1,-1,-1
154,30,915.20,484.00,97.10,110.60,1.0000,-1,-1,-1
154,31,497.00,372.40,394.70,708.60,0.9990,-1,-1,-1
154,33,414.80,467.80,41.50,104.00,0.9870,-1,-1,-1
154,37,994.80,445.10,37.50,101.90,1.0000,-1,-1,-1
154,38,1378.10,429.40,116.30,347.60,0.9840,-1,-1,-1
154,35,477.80,460.50,28.10,85.40,0.3430,-1,-1,-1
154,36,1075.10,421.10,160.70,547.00,0.0920,-1,-1,-1
154,39,453.70,464.10,27.30,85.30,0.4350,-1,-1,-1
154,-1,1039.80,441.90,27.50,82.50,0.4980,-1,-1,-1
154,-1,1060.40,445.30,29.60,88.70,0.2360,-1,-1,-1
155,2,1163.10,406.50,272.70,674.50,1.0000,-1,-1,-1
155,15,817.30,407.00,89.70,307.20,1.0000,-1,-1,-1
155,29,379.10,463.20,51.00,114.90,1.0000,-1,-1,-1
155,30,914.60,482.70,96.40,111.90,1.0000,-1,-1,-1
155,31,452.10,379.70,404.70,701.30,0.9990,-1,-1,-1
155,33,417.00,469.20,39.70,103.60,0.9770,-1,-1,-1
155,37,994.60,445.20,38.10,102.40,1.0000,-1,-1,-1
155,38,1382.30,419.80,120.90,361.60,0.9960,-1,-1,-1
155,-1,1047.90,444.90,29.70,90.40,0.7990,-1,-1,-1
156,2,1163.30,406.50,276.00,674.50,1.0000,-1,-1,-1
156,15,821.30,406.60,86.80,302.50,1.0000,-1,-1,-1
156,29,379.80,462.40,51.00,116.10,1.0000,-1,-1,-1
156,30,913.70,483.80,97.20,110.30,1.0000,-1,-1,-1
156,31,417.00,384.60,388.30,696.40,0.9980,-1,-1,-1
156,33,413.60,466.50,41.70,106.70,0.9460,-1,-1,-1
156,37,994.60,446.00,37.60,99.50,1.0000,-1,-1,-1
156,38,1383.80,424.00,124.70,354.10,0.9780,-1,-1,-1
156,40,1052.70,443.00,37.90,96.40,0.9840,-1,-1,-1
157,2,1167.50,410.40,276.80,670.60,1.0000,-1,-1,-1
157,15,823.10,407.90,86.20,303.30,1.0000,-1,-1,-1
157,29,380.90,462.50,49.70,116.20,1.0000,-1,-1,-1
157,30,914.80,483.00,95.10,110.60,1.0000,-1,-1,-1
157,31,375.40,395.10,382.40,685.90,0.9980,-1,-1,-1
157,37,994.50,446.20,36.80,100.40,1.0000,-1,-1,-1
157,38,1381.50,425.50,138.70,352.40,0.9970,-1,-1,-1
157,40,1052.50,440.70,39.00,111.90,1.0000,-1,-1,-1
157,33,412.50,467.10,39.80,116.50,0.1710,-1,-1,-1
158,2,1167.50,408.60,283.60,672.40,1.0000,-1,-1,-1
158,15,826.40,411.50,83.40,301.00,1.0000,-1,-1,-1
158,23,665.40,439.20,122.10,316.80,0.8310,-1,-1,-1
158,29,383.60,463.50,55.10,127.90,0.7770,-1,-1,-1
158,30,914.20,483.30,95.50,110.10,1.0000,-1,-1,-1
158,31,341.60,385.20,379.00,695.80,0.9950,-1,-1,-1
158,37,994.40,445.60,37.50,102.00,1.0000,-1,-1,-1
158,38,1387.90,425.40,146.70,351.60,0.9970,-1,-1,-1
158,40,1052.50,440.30,39.40,113.20,1.0000,-1,-1,-1
158,27,793.60,440.90,43.80,173.20,0.0640,-1,-1,-1
159,2,1173.60,385.80,277.60,695.20,1.0000,-1,-1,-1
159,15,830.80,410.10,80.10,304.80,1.0000,-1,-1,-1
159,23,654.80,438.40,136.10,302.50,0.9990,-1,-1,-1
159,30,912.20,483.70,98.40,109.80,1.0000,-1,-1,-1
159,31,312.80,380.20,374.70,700.80,0.9970,-1,-1,-1
159,37,996.60,445.50,37.50,102.80,1.0000,-1,-1,-1
159,38,1395.50,424.80,156.70,357.70,0.9980,-1,-1,-1
159,40,1050.50,440.50,38.50,110.70,1.0000,-1,-1,-1
159,32,642.40,458.80,27.80,82.50,0.1500,-1,-1,-1
160,2,1173.20,388.70,294.60,692.30,1.0000,-1,-1,-1
160,15,825.80,408.20,90.40,302.40,1.0000,-1,-1,-1
160,23,665.10,434.50,133.30,306.80,1.0000,-1,-1,-1
160,30,911.60,484.60,98.90,109.30,1.0000,-1,-1,-1
160,31,281.40,370.90,396.90,710.10,0.9970,-1,-1,-1
160,37,996.00,446.00,36.60,102.70,1.0000,-1,-1,-1
160,38,1396.90,430.90,165.40,362.90,0.9990,-1,-1,-1
160,40,1052.00,439.50,37.60,112.70,1.0000,-1,-1,-1
160,26,580.30,431.20,71.30,273.10,0.0990,-1,-1,-1
160,27,790.50,445.40,41.20,155.20,0.0560,-1,-1,-1
160,32,644.90,460.80,32.00,91.60,0.1500,-1,-1,-1
161,2,1167.30,405.70,309.80,675.30,1.0000,-1,-1,-1
161,15,827.40,406.50,90.10,305.00,1.0000,-1,-1,-1
161,23,677.50,434.90,120.20,304.90,1.0000,-1,-1,-1
161,30,913.30,484.20,97.80,109.10,1.0000,-1,-1,-1
161,31,251.70,369.50,386.30,711.50,0.9980,-1,-1,-1
161,37,995.60,445.30,37.10,103.00,1.0000,-1,-1,-1
161,38,1398.60,431.70,170.70,360.00,0.9980,-1,-1,-1
161,40,1051.20,440.90,37.70,109.60,1.0000,-1,-1,-1
161,26,569.50,421.80,88.60,345.60,0.3280,-1,-1,-1
161,27,797.50,448.50,37.50,147.40,0.0820,-1,-1,-1
162,2,1198.60,405.50,267.90,675.50,1.0000,-1,-1,-1
162,15,830.90,403.60,88.10,305.30,1.0000,-1,-1,-1
162,23,682.20,440.60,117.20,294.40,1.0000,-1,-1,-1
162,26,573.20,425.30,91.40,288.00,0.9980,-1,-1,-1
162,30,911.50,484.00,100.20,109.20,1.0000,-1,-1,-1
162,31,237.60,341.50,371.40,739.50,0.9970,-1,-1,-1
162,37,995.70,446.60,36.40,100.80,0.9990,-1,-1,-1
162,38,1405.70,428.40,165.00,367.30,0.9990,-1,-1,-1
162,40,1051.80,441.70,38.40,108.10,0.9990,-1,-1,-1
162,27,789.10,449.70,37.90,143.70,0.1440,-1,-1,-1
162,32,674.10,473.50,31.40,89.00,0.1350,-1,-1,-1
162,36,1132.80,423.20,136.40,521.20,0.0640,-1,-1,-1
162,-1,528.80,454.90,32.60,98.90,0.1360,-1,-1,-1
162,-1,1082.20,483.10,45.90,113.10,0.9990,-1,-1,-1
163,2,1215.70,400.10,248.50,680.90,1.0000,-1,-1,-1
163,15,831.60,404.00,88.40,304.70,1.0000,-1,-1,-1
163,23,690.00,437.50,111.50,301.50,1.0000,-1,-1,-1
163,26,554.60,427.90,120.70,290.10,0.9990,-1,-1,-1
163,30,911.20,484.50,99.50,108.80,1.0000,-1,-1,-1
163,31,203.00,353.00,375.40,728.00,0.9990,-1,-1,-1
163,36,1131.60,419.80,143.90,552.90,0.8190,-1,-1,-1
163,37,996.30,445.60,36.30,99.90,0.9990,-1,-1,-1
163,38,1410.40,419.40,165.10,382.40,0.9980,-1,-1,-1
163,40,1050.10,438.60,38.50,110.80,0.9990,-1,-1,-1
163,41,1081.60,483.90,47.20,115.80,0.9980,-1,-1,-1
163,27,790.00,451.10,34.60,143.20,0.0710,-1,-1,-1
163,32,677.40,476.20,31.90,83.50,0.2360,-1,-1,-1
164,2,1219.40,396.80,248.20,684.20,1.0000,-1,-1,-1
164,15,831.10,408.60,89.60,300.20,1.0000,-1,-1,-1
164,23,703.30,441.20,98.70,300.10,1.0000,-1,-1,-1
164,26,554.40,429.90,118.50,284.10,1.0000,-1,-1,-1
164,30,911.20,484.80,98.80,108.50,1.0000,-1,-1,-1
164,31,167.90,355.60,389.20,725.40,0.9990,-1,-1,-1
164,36,1131.00,418.40,154.60,562.20,0.9550,-1,-1,-1
164,37,996.10,445.60,37.60,101.40,1.0000,-1,-1,-1
164,38,1418.90,419.20,160.40,383.40,0.9980,-1,-1,-1
164,40,1048.70,438.00,40.00,109.80,0.9990,-1,-1,-1
164,41,1082.10,484.20,44.30,112.90,0.9990,-1,-1,-1
164,27,788.10,452.90,37.60,152.30,0.0560,-1,-1,-1
164,32,680.60,473.10,25.30,75.80,0.4380,-1,-1,-1
165,2,1237.90,392.20,234.60,688.60,1.0000,-1,-1,-1
165,15,830.90,402.40,90.00,309.40,1.0000,-1,-1,-1
165,23,716.10,437.50,89.40,298.40,1.0000,-1,-1,-1
165,26,562.40,429.30,111.10,284.50,1.0000,-1,-1,-1
165,30,909.80,483.20,101.20,109.70,1.0000,-1,-1,-1
165,31,137.20,363.50,397.30,717.50,0.9970,-1,-1,-1
165,32,685.20,472.40,25.20,72.20,0.7590,-1,-1,-1
165,36,1129.80,421.00,150.60,562.30,0.9930,-1,-1,-1
165,37,995.20,445.20,37.20,100.50,1.0000,-1,-1,-1
165,38,1421.60,423.40,161.40,373.60,0.9990,-1,-1,-1
165,40,1047.90,438.60,40.40,110.60,1.0000,-1,-1,-1
165,41,1083.90,484.70,45.70,113.50,1.0000,-1,-1,-1
165,35,468.50,458.10,28.10,72.30,0.3680,-1,-1,-1
166,2,1250.00,397.30,222.20,683.70,1.0000,-1,-1,-1
166,15,833.60,404.80,86.80,312.00,1.0000,-1,-1,-1
166,23,724.10,438.60,89.70,296.90,1.0000,-1,-1,-1
166,26,576.80,424.60,98.90,291.50,1.0000,-1,-1,-1
166,30,911.10,483.80,100.30,109.20,1.0000,-1,-1,-1
166,31,87.70,376.60,424.90,704.40,0.9980,-1,-1,-1
166,36,1130.20,422.20,149.80,570.10,1.0000,-1,-1,-1
166,37,994.70,446.50,37.90,98.60,1.0000,-1,-1,-1
166,38,1430.70,418.00,153.60,384.40,0.9950,-1,-1,-1
166,40,1047.90,438.90,39.70,108.20,1.0000,-1,-1,-1
166,41,1084.50,483.00,44.80,117.10,1.0000,-1,-1,-1
166,35,473.30,453.80,28.50,79.70,0.1360,-1,-1,-1
167,2,1250.90,396.20,226.30,684.80,1.0000,-1,-1,-1
167,15,833.30,407.40,89.20,306.00,1.0000,-1,-1,-1
167,23,725.20,433.30,94.50,305.30,1.0000,-1,-1,-1
167,26,585.30,427.50,91.40,286.70,1.0000,-1,-1,-1
167,30,912.50,482.90,99.20,110.80,1.0000,-1,-1,-1
167,31,60.70,387.20,412.30,693.80,0.9990,-1,-1,-1
167,36,1132.40,422.00,154.50,574.30,0.9990,-1,-1,-1
167,37,994.80,446.50,36.90,97.90,1.0000,-1,-1,-1
167,38,1450.70,419.70,132.70,373.50,0.9810,-1,-1,-1
167,40,1047.70,441.00,40.10,107.60,0.9990,-1,-1,-1
167,41,1084.90,478.10,43.70,121.60,1.0000,-1,-1,-1
167,32,704.80,473.10,29.30,80.30,0.0560,-1,-1,-1
167,-1,569.10,463.90,26.70,73.20,0.4850,-1,-1,-1
167,-1,675.80,470.20,27.60,73.90,0.4630,-1,-1,-1
168,2,1278.20,392.00,202.60,689.00,1.0000,-1,-1,-1
168,15,835.10,406.80,86.60,303.50,1.0000,-1,-1,-1
168,23,731.90,434.50,90.50,305.20,1.0000,-1,-1,-1
168,26,595.00,431.20,85.40,280.80,1.0000,-1,-1,-1
168,29,379.60,463.10,42.70,117.80,0.6860,-1,-1,-1
168,30,912.90,482.40,98.60,111.60,1.0000,-1,-1,-1
168,31,25.50,389.80,429.80,691.20,0.9980,-1,-1,-1
168,36,1135.60,418.20,149.80,577.50,1.0000,-1,-1,-1
168,37,994.40,446.20,37.40,98.90,1.0000,-1,-1,-1
168,38,1466.30,418.90,121.20,371.60,0.9900,-1,-1,-1
168,40,1047.40,439.80,40.80,110.90,0.9980,-1,-1,-1
168,41,1083.90,475.30,44.70,122.00,0.9990,-1,-1,-1
168,32,709.40,473.70,25.90,70.70,0.5110,-1,-1,-1
168,-1,563.70,455.70,29.10,76.00,0.8530,-1,-1,-1
169,2,1294.70,392.10,194.80,688.90,1.0000,-1,-1,-1
169,15,837.70,404.40,84.60,303.00,1.0000,-1,-1,-1
169,23,735.10,436.60,96.20,301.20,1.0000,-1,-1,-1
169,26,601.70,431.30,81.50,278.30,1.0000,-1,-1,-1
169,29,380.50,461.90,45.70,116.30,0.9970,-1,-1,-1
169,30,914.50,483.70,96.50,110.60,1.0000,-1,-1,-1
169,31,25.70,387.20,398.10,693.80,0.9990,-1,-1,-1
169,32,709.20,472.90,24.60,71.70,0.7360,-1,-1,-1
169,36,1139.20,424.40,147.80,574.50,0.9990,-1,-1,-1
169,37,995.20,446.20,37.30,99.60,1.0000,-1,-1,-1
169,38,1476.50,421.20,111.50,379.70,0.9970,-1,-1,-1
169,40,1047.90,439.70,39.70,110.10,0.9980,-1,-1,-1
169,41,1082.90,472.70,45.20,124.40,0.9990,-1,-1,-1
169,42,563.60,453.70,29.30,79.60,0.9760,-1,-1,-1
169,34,720.10,474.30,30.60,96.70,0.0790,-1,-1,-1
170,2,1300.50,396.60,201.30,677.70,1.0000,-1,-1,-1
170,15,836.20,407.50,86.40,300.20,1.0000,-1,-1,-1
170,23,741.00,438.90,96.90,300.30,1.0000,-1,-1,-1
170,26,604.30,429.80,81.80,280.60,1.0000,-1,-1,-1
170,29,381.70,460.60,42.50,114.10,0.9930,-1,-1,-1
170,30,915.90,484.10,94.40,110.50,1.0000,-1,-1,-1
170,31,8.60,368.40,384.80,712.60,0.9960,-1,-1,-1
170,32,713.00,473.50,21.90,67.60,0.8910,-1,-1,-1
170,36,1143.90,422.20,149.60,569.00,1.0000,-1,-1,-1
170,37,994.10,447.10,37.40,97.90,0.9990,-1,-1,-1
170,38,1485.40,421.60,114.50,378.00,0.9960,-1,-1,-1
170,40,1047.40,440.30,40.10,111.60,0.9990,-1,-1,-1
170,41,1082.70,475.50,44.90,122.20,1.0000,-1,-1,-1
170,42,562.30,456.40,32.90,77.40,0.9940,-1,-1,-1
170,-1,1107.20,458.50,35.60,120.80,0.3970,-1,-1,-1
171,2,1315.10,390.50,188.10,686.90,1.0000,-1,-1,-1
171,15,834.00,405.30,89.40,304.60,1.0000,-1,-1,-1
171,23,742.70,435.50,99.90,297.00,1.0000,-1,-1,-1
171,26,609.10,429.00,79.80,281.30,1.0000,-1,-1,-1
171,29,379.80,465.00,43.70,104.80,0.9950,-1,-1,-1
171,30,914.80,486.40,96.40,108.30,1.0000,-1,-1,-1
171,31,3.50,373.80,365.60,707.20,0.9960,-1,-1,-1
171,32,712.70,474.20,21.20,63.40,0.9090,-1,-1,-1
171,36,1145.20,419.80,148.60,588.50,1.0000,-1,-1,-1
171,37,992.70,446.30,37.80,98.70,0.9980,-1,-1,-1
171,38,1490.40,411.40,115.40,387.70,0.9990,-1,-1,-1
171,40,1045.10,440.70,40.30,111.80,1.0000,-1,-1,-1
171,41,1083.70,474.70,44.70,124.50,0.9990,-1,-1,-1
171,42,563.70,457.30,31.80,76.00,0.9930,-1,-1,-1
171,-1,1108.60,445.30,39.20,134.30,0.9170,-1,-1,-1
172,2,1314.90,391.10,196.00,689.90,1.0000,-1,-1,-1
172,15,837.00,407.40,86.50,298.50,1.0000,-1,-1,-1
172,23,745.60,440.10,100.50,292.60,1.0000,-1,-1,-1
172,26,613.70,427.70,78.20,284.20,1.0000,-1,-1,-1
172,29,377.10,463.40,44.70,101.40,0.9420,-1,-1,-1
172,30,915.90,487.30,95.40,107.10,1.0000,-1,-1,-1
172,31,1.00,383.30,334.80,697.70,0.9660,-1,-1,-1
172,32,716.00,469.60,24.80,71.70,0.9270,-1,-1,-1
172,36,1143.60,421.70,158.20,583.80,1.0000,-1,-1,-1
172,37,992.90,445.90,37.90,99.90,0.9970,-1,-1,-1
172,38,1494.40,417.40,118.90,375.50,0.9940,-1,-1,-1
172,40,1044.90,441.50,41.10,111.30,0.9990,-1,-1,-1
172,41,1083.50,476.60,42.20,121.00,0.9980,-1,-1,-1
172,42,562.20,454.90,33.70,81.40,0.9980,-1,-1,-1
172,43,1112.70,439.90,40.30,137.70,0.9860,-1,-1,-1
172,-1,518.40,467.40,29.20,72.20,0.2010,-1,-1,-1
172,-1,543.60,459.90,25.60,68.30,0.8430,-1,-1,-1
173,2,1327.40,383.50,193.00,697.50,1.0000,-1,-1,-1
173,15,836.70,411.40,86.00,296.70,1.0000,-1,-1,-1
173,23,745.30,439.40,99.90,289.00,1.0000,-1,-1,-1
173,26,617.20,431.50,77.10,278.50,1.0000,-1,-1,-1
173,30,911.00,489.90,100.90,107.90,0.9990,-1,-1,-1
173,31,1.00,420.00,303.90,661.00,0.8120,-1,-1,-1
173,32,717.00,471.40,20.90,65.60,0.9150,-1,-1,-1
173,36,1149.70,415.30,156.50,595.60,1.0000,-1,-1,-1
173,37,992.20,447.00,38.10,100.20,0.9950,-1,-1,-1
173,38,1502.40,417.60,127.50,386.40,0.9920,-1,-1,-1
173,40,1044.60,442.60,40.60,108.70,0.9990,-1,-1,-1
173,41,1084.60,470.80,42.40,127.50,0.9980,-1,-1,-1
173,42,562.80,455.50,32.30,78.40,0.9990,-1,-1,-1
173,43,1111.10,440.20,42.60,140.90,0.9930,-1,-1,-1
173,44,542.10,458.20,26.90,70.60,0.8500,-1,-1,-1
173,29,372.50,459.00,50.20,100.50,0.1060,-1,-1,-1
173,-1,520.70,457.80,27.70,72.00,0.2080,-1,-1,-1
174,2,1335.10,387.80,200.00,693.20,1.0000,-1,-1,-1
174,15,838.30,407.70,86.50,302.70,1.0000,-1,-1,-1
174,23,747.80,443.30,100.30,292.70,1.0000,-1,-1,-1
174,26,620.70,437.70,81.30,271.90,1.0000,-1,-1,-1
174,31,1.00,382.20,267.30,698.80,0.6170,-1,-1,-1
174,32,714.40,470.30,21.60,66.60,0.9000,-1,-1,-1
174,36,1153.90,418.00,158.30,585.00,1.0000,-1,-1,-1
174,37,991.20,448.30,38.10,98.30,0.9990,-1,-1,-1
174,38,1503.80,411.00,143.10,394.00,0.9930,-1,-1,-1
174,40,1044.60,439.90,40.00,108.30,0.9990,-1,-1,-1
174,41,1085.80,469.90,40.30,127.00,0.9960,-1,-1,-1
174,42,565.30,453.30,32.30,81.10,0.9980,-1,-1,-1
174,43,1109.50,438.40,44.50,145.80,0.9980,-1,-1,-1
174,44,524.80,458.60,33.20,75.90,0.9830,-1,-1,-1
174,-1,548.40,458.00,27.00,74.20,0.1140,-1,-1,-1
175,2,1336.60,390.40,211.50,690.60,1.0000,-1,-1,-1
175,15,840.80,409.50,85.70,306.20,1.0000,-1,-1,-1
175,23,751.50,432.50,103.20,304.50,1.0000,-1,-1,-1
175,26,620.90,436.30,86.30,270.70,1.0000,-1,-1,-1
175,30,910.60,456.00,71.20,219.80,0.7590,-1,-1,-1
175,32,713.20,467.50,21.90,69.20,0.8160,-1,-1,-1
175,36,1152.80,419.50,171.10,586.70,1.0000,-1,-1,-1
175,37,992.50,448.90,37.50,97.30,1.0000,-1,-1,-1
175,38,1507.20,414.90,162.40,394.00,0.9850,-1,-1,-1
175,40,1040.10,439.10,40.10,105.70,0.9980,-1,-1,-1
175,41,1085.40,466.50,40.90,131.80,0.9960,-1,-1,-1
175,42,565.50,454.60,33.00,80.10,0.9990,-1,-1,-1
175,43,1111.30,435.60,43.30,148.40,0.9980,-1,-1,-1
175,44,527.10,458.40,32.50,75.00,0.9980,-1,-1,-1
175,31,1.50,398.50,265.10,682.50,0.3590,-1,-1,-1
176,2,1344.30,389.20,217.00,691.80,1.0000,-1,-1,-1
176,15,839.10,415.70,85.60,296.20,1.0000,-1,-1,-1
176,23,752.00,439.80,103.90,297.40,1.0000,-1,-1,-1
176,26,622.70,438.70,87.10,268.30,1.0000,-1,-1,-1
176,30,915.20,452.80,67.50,228.30,0.7830,-1,-1,-1
176,32,715.60,463.70,22.40,71.30,0.6460,-1,-1,-1
176,36,1161.80,414.40,161.00,591.20,1.0000,-1,-1,-1
176,37,991.30,447.80,37.00,98.20,1.0000,-1,-1,-1
176,38,1506.60,406.60,182.30,417.20,0.9920,-1,-1,-1
176,40,1039.20,437.30,41.10,107.10,1.0000,-1,-1,-1
176,41,1085.30,469.80,40.70,130.00,0.9980,-1,-1,-1
176,42,564.70,453.70,33.80,81.50,0.9990,-1,-1,-1
176,43,1112.10,434.90,41.20,149.60,0.9960,-1,-1,-1
176,44,528.90,458.30,30.60,73.80,0.9960,-1,-1,-1
177,2,1345.30,387.60,227.20,693.40,1.0000,-1,-1,-1
177,15,840.40,408.00,83.30,303.20,1.0000,-1,-1,-1
177,23,753.90,430.70,102.40,305.10,1.0000,-1,-1,-1
177,26,627.50,442.20,86.40,264.60,1.0000,-1,-1,-1
177,30,898.90,443.60,88.70,234.10,0.8050,-1,-1,-1
177,36,1163.10,419.20,166.20,582.90,1.0000,-1,-1,-1
177,37,990.90,449.00,34.90,97.00,0.9970,-1,-1,-1
177,38,1508.20,403.90,186.00,414.80,0.9860,-1,-1,-1
177,40,1039.00,439.20,40.10,107.60,1.0000,-1,-1,-1
177,41,1085.90,470.80,39.90,128.00,0.9950,-1,-1,-1
177,42,563.90,454.00,34.30,81.90,0.9990,-1,-1,-1
177,43,1111.70,436.10,40.40,150.30,0.9960,-1,-1,-1
177,44,526.70,457.70,31.30,76.90,0.9980,-1,-1,-1
177,32,708.10,464.10,24.30,78.80,0.3560,-1,-1,-1
177,-1,1020.50,444.80,24.80,93.90,0.3360,-1,-1,-1
177,-1,1063.60,451.40,37.10,115.30,0.1110,-1,-1,-1
178,2,1349.10,395.20,242.10,685.80,1.0000,-1,-1,-1
178,15,842.20,408.20,79.50,308.00,1.0000,-1,-1,-1
178,23,760.20,440.20,101.80,293.90,1.0000,-1,-1,-1
178,26,630.10,435.90,89.00,275.40,1.0000,-1,-1,-1
178,30,894.40,434.80,99.60,246.00,0.9620,-1,-1,-1
178,36,1171.70,416.50,162.50,587.80,1.0000,-1,-1,-1
178,37,991.40,447.80,34.20,98.00,0.9950,-1,-1,-1
178,38,1514.20,415.40,188.10,398.90,0.9500,-1,-1,-1
178,40,1040.10,438.70,40.10,107.80,1.0000,-1,-1,-1
178,41,1084.90,472.10,40.20,127.00,0.9980,-1,-1,-1
178,42,564.00,454.60,34.60,81.70,0.9990,-1,-1,-1
178,43,1113.00,438.00,40.80,146.10,0.9970,-1,-1,-1
178,44,526.50,458.40,30.30,75.10,0.9930,-1,-1,-1
178,27,747.30,456.50,41.20,112.00,0.1720,-1,-1,-1
178,32,710.20,465.30,25.90,81.10,0.0800,-1,-1,-1
178,-1,1018.30,444.50,23.50,93.10,0.3120,-1,-1,-1
178,-1,1065.60,451.90,38.30,117.30,0.1070,-1,-1,-1
179,2,1350.70,391.00,249.80,690.00,1.0000,-1,-1,-1
179,15,843.80,409.90,80.10,305.10,0.9990,-1,-1,-1
179,23,771.00,436.40,95.80,299.00,1.0000,-1,-1,-1
179,26,632.70,431.60,85.80,273.30,1.0000,-1,-1,-1
179,27,747.90,447.00,44.20,130.50,0.9910,-1,-1,-1
179,30,870.50,435.10,140.00,252.90,0.9980,-1,-1,-1
179,36,1175.80,420.80,159.20,589.80,1.0000,-1,-1,-1
179,37,991.60,450.70,32.10,97.80,0.9690,-1,-1,-1
179,38,1516.40,420.30,201.40,397.80,0.9280,-1,-1,-1
179,40,1038.80,440.50,38.60,107.20,1.0000,-1,-1,-1
179,41,1085.90,465.30,39.40,132.90,0.9910,-1,-1,-1
179,42,563.70,454.70,36.20,82.00,1.0000,-1,-1,-1
179,43,1112.70,435.60,40.50,149.70,0.9950,-1,-1,-1
179,44,532.60,460.40,28.00,72.00,0.9670,-1,-1,-1
179,-1,1023.40,444.10,28.00,97.90,0.2120,-1,-1,-1
179,-1,1068.50,456.90,35.70,118.20,0.1770,-1,-1,-1
180,2,1353.40,386.60,262.80,694.40,1.0000,-1,-1,-1
180,23,775.50,438.10,97.60,290.00,1.0000,-1,-1,-1
180,26,637.10,436.40,83.80,266.50,1.0000,-1,-1,-1
180,27,746.60,446.70,44.80,129.40,0.9960,-1,-1,-1
180,30,868.90,435.10,138.50,254.90,0.9980,-1,-1,-1
180,36,1180.40,418.10,161.90,584.10,1.0000,-1,-1,-1
180,37,995.50,450.00,29.80,94.50,0.8030,-1,-1,-1
180,38,1518.90,410.40,193.40,429.50,0.7800,-1,-1,-1
180,40,1041.00,440.20,36.70,108.20,1.0000,-1,-1,-1
180,41,1086.10,463.40,39.90,135.90,0.9970,-1,-1,-1
180,42,564.20,455.20,35.70,81.90,1.0000,-1,-1,-1
180,43,1111.40,437.90,40.70,149.90,0.9930,-1,-1,-1
180,44,533.50,459.70,26.70,73.00,0.9520,-1,-1,-1
180,31,4.00,501.40,168.50,579.60,0.0970,-1,-1,-1
180,35,473.20,459.90,25.30,67.70,0.0860,-1,-1,-1
180,-1,1065.80,447.40,35.10,120.50,0.1320,-1,-1,-1
181,2,1358.60,385.40,268.00,695.60,1.0000,-1,-1,-1
181,15,851.50,411.10,73.60,308.30,0.9300,-1,-1,-1
181,23,783.80,436.30,94.80,290.50,0.9990,-1,-1,-1
181,26,638.30,435.30,86.40,271.30,1.0000,-1,-1,-1
181,27,747.40,446.50,45.20,129.80,0.9990,-1,-1,-1
181,30,875.30,433.00,133.40,257.00,0.9980,-1,-1,-1
181,35,463.60,462.60,32.00,73.40,0.8480,-1,-1,-1
181,36,1182.80,419.80,166.30,586.00,1.0000,-1,-1,-1
181,38,1523.20,416.00,202.60,409.60,0.6500,-1,-1,-1
181,40,1038.20,441.50,37.70,105.30,1.0000,-1,-1,-1
181,41,1086.20,465.70,40.60,132.90,0.9980,-1,-1,-1
181,42,564.90,454.20,34.90,82.10,1.0000,-1,-1,-1
181,43,1114.20,441.10,39.70,145.20,0.9920,-1,-1,-1
181,44,534.90,459.40,26.20,73.10,0.9510,-1,-1,-1
181,37,997.80,450.40,27.70,91.50,0.4280,-1,-1,-1
181,-1,549.20,458.20,26.60,73.90,0.3620,-1,-1,-1
181,-1,1070.00,451.90,34.00,117.70,0.1150,-1,-1,-1
182,2,1355.20,386.50,279.20,694.50,1.0000,-1,-1,-1
182,23,790.80,435.80,99.50,296.60,1.0000,-1,-1,-1
182,26,640.70,436.90,92.90,270.90,1.0000,-1,-1,-1
182,27,744.00,446.60,44.70,131.00,0.9990,-1,-1,-1
182,30,880.50,434.70,129.20,253.50,0.9990,-1,-1,-1
182,35,467.50,459.90,28.60,77.50,0.9810,-1,-1,-1
182,36,1188.00,419.60,163.20,589.80,1.0000,-1,-1,-1
182,37,1001.60,448.40,27.10,94.20,0.6320,-1,-1,-1
182,38,1544.50,410.60,184.50,421.30,0.9830,-1,-1,-1
182,40,1036.70,440.00,38.60,106.30,1.0000,-1,-1,-1
182,41,1086.00,468.40,39.30,131.60,0.9990,-1,-1,-1
182,42,565.00,454.70,34.90,81.90,1.0000,-1,-1,-1
182,43,1113.20,442.70,40.10,142.70,0.9920,-1,-1,-1
182,44,535.20,459.30,26.50,72.10,0.9580,-1,-1,-1
182,15,855.80,418.20,64.40,287.10,0.3820,-1,-1,-1
182,-1,1068.00,448.10,34.50,115.80,0.1010,-1,-1,-1
182,-1,1155.80,454.40,24.90,90.60,0.0510,-1,-1,-1
183,2,1362.70,383.90,282.90,697.10,1.0000,-1,-1,-1
183,23,795.20,438.20,101.60,292.10,1.0000,-1,-1,-1
183,26,644.50,433.10,94.90,275.80,1.0000,-1,-1,-1
183,27,742.50,445.50,47.30,135.40,1.0000,-1,-1,-1
183,30,881.20,430.90,128.10,256.20,0.9980,-1,-1,-1
183,35,463.10,459.90,29.30,79.70,0.9940,-1,-1,-1
183,36,1192.60,418.00,165.30,601.40,1.0000,-1,-1,-1
183,38,1540.00,407.90,204.70,428.40,0.9860,-1,-1,-1
183,40,1035.70,440.80,39.10,107.60,1.0000,-1,-1,-1
183,41,1086.10,469.60,38.60,131.00,0.9990,-1,-1,-1
183,42,566.90,453.70,34.10,81.40,1.0000,-1,-1,-1
183,43,1111.00,440.40,41.50,145.90,0.9950,-1,-1,-1
183,44,533.40,457.80,28.20,73.40,0.9900,-1,-1,-1
183,37,999.50,450.80,27.10,94.70,0.3900,-1,-1,-1
183,-1,620.50,463.50,28.60,81.40,0.0980,-1,-1,-1
183,-1,1165.70,454.00,23.90,84.20,0.0570,-1,-1,-1
184,2,1364.50,396.70,285.20,684.30,1.0000,-1,-1,-1
184,23,800.60,435.90,103.80,294.40,1.0000,-1,-1,-1
184,26,645.30,434.00,101.40,267.80,1.0000,-1,-1,-1
184,27,742.10,445.00,46.80,135.30,0.9990,-1,-1,-1
184,30,884.90,432.50,126.50,255.60,0.9990,-1,-1,-1
184,35,462.90,460.40,29.00,80.90,0.9980,-1,-1,-1
184,36,1193.10,419.10,167.40,594.00,1.0000,-1,-1,-1
184,38,1542.00,407.70,215.80,428.60,0.9600,-1,-1,-1
184,40,1036.20,440.10,39.70,108.20,1.0000,-1,-1,-1
184,41,1086.80,464.80,37.50,135.00,0.9990,-1,-1,-1
184,42,566.50,453.80,35.10,81.70,1.0000,-1,-1,-1
184,43,1111.90,440.20,39.70,146.00,0.9970,-1,-1,-1
184,44,533.10,456.80,26.80,73.70,0.9890,-1,-1,-1
184,-1,623.60,465.40,27.80,79.20,0.1370,-1,-1,-1
184,-1,1171.20,456.10,22.40,84.50,0.0530,-1,-1,-1
185,2,1362.40,399.90,287.20,681.10,1.0000,-1,-1,-1
185,23,802.30,438.10,108.90,288.80,1.0000,-1,-1,-1
185,26,647.00,433.00,104.90,266.00,1.0000,-1,-1,-1
185,27,741.20,443.30,45.30,130.60,0.9970,-1,-1,-1
185,30,890.90,432.10,123.40,253.70,0.9990,-1,-1,-1
185,35,463.80,460.20,28.50,80.00,0.9980,-1,-1,-1
185,36,1195.60,425.70,172.40,596.40,1.0000,-1,-1,-1
185,38,1567.60,412.00,180.80,421.90,0.9960,-1,-1,-1
185,40,1034.10,439.20,39.80,110.80,1.0000,-1,-1,-1
185,41,1086.30,460.30,39.10,138.10,0.9980,-1,-1,-1
185,42,566.20,453.50,36.20,82.70,1.0000,-1,-1,-1
185,43,1111.90,438.40,40.10,149.20,0.9960,-1,-1,-1
185,44,532.10,456.80,27.40,74.80,0.9920,-1,-1,-1
185,-1,1176.20,456.80,23.70,85.00,0.0550,-1,-1,-1
186,2,1365.90,384.90,281.70,696.10,1.0000,-1,-1,-1
186,23,805.50,438.90,114.70,292.70,1.0000,-1,-1,-1
186,26,647.00,431.50,116.10,275.90,1.0000,-1,-1,-1
186,30,901.40,431.10,116.50,254.50,1.0000,-1,-1,-1
186,35,461.10,461.00,28.40,76.50,0.9990,-1,-1,-1
186,36,1198.30,425.00,176.90,574.60,1.0000,-1,-1,-1
186,38,1575.90,414.90,179.20,418.20,0.9990,-1,-1,-1
186,40,1032.70,439.80,41.00,109.80,1.0000,-1,-1,-1
186,41,1087.60,457.50,39.40,141.10,0.9980,-1,-1,-1
186,42,567.40,453.90,35.00,82.80,1.0000,-1,-1,-1
186,43,1110.70,438.00,39.60,150.40,0.9940,-1,-1,-1
186,44,532.40,456.80,28.10,75.60,0.9930,-1,-1,-1
186,27,738.10,444.80,41.30,135.80,0.0670,-1,-1,-1
186,-1,630.30,461.80,27.80,75.00,0.8520,-1,-1,-1
186,-1,1184.40,455.30,33.50,90.30,0.7950,-1,-1,-1
187,2,1368.20,389.50,287.30,691.50,1.0000,-1,-1,-1
187,23,805.80,441.00,122.20,289.60,1.0000,-1,-1,-1
187,26,644.80,432.80,121.70,273.30,1.0000,-1,-1,-1
187,30,907.60,433.60,113.60,252.10,1.0000,-1,-1,-1
187,35,460.00,461.50,28.80,77.50,0.9990,-1,-1,-1
187,36,1199.60,424.00,190.80,600.60,1.0000,-1,-1,-1
187,38,1590.30,411.20,168.70,424.90,0.9990,-1,-1,-1
187,40,1031.60,440.50,39.80,112.50,1.0000,-1,-1,-1
187,41,1086.40,458.90,39.40,139.50,0.9980,-1,-1,-1
187,42,568.30,455.40,34.50,81.10,1.0000,-1,-1,-1
187,43,1111.10,437.90,39.30,149.30,0.9970,-1,-1,-1
187,44,532.80,456.80,27.30,76.60,0.9950,-1,-1,-1
187,45,627.30,460.60,27.20,74.20,0.6750,-1,-1,-1
187,46,1183.50,451.80,34.00,90.40,0.9900,-1,-1,-1
188,2,1376.60,392.60,279.40,688.40,1.0000,-1,-1,-1
188,23,808.30,443.40,125.60,283.80,1.0000,-1,-1,-1
188,26,648.60,433.00,120.50,274.20,1.0000,-1,-1,-1
188,30,921.30,434.90,105.30,241.60,1.0000,-1,-1,-1
188,35,461.30,458.50,26.30,80.30,0.9840,-1,-1,-1
188,36,1200.40,428.20,198.70,592.90,1.0000,-1,-1,-1
188,38,1598.20,412.00,156.50,426.20,1.0000,-1,-1,-1
188,40,1031.90,439.30,41.60,114.50,1.0000,-1,-1,-1
188,41,1084.70,455.30,41.60,142.40,0.9970,-1,-1,-1
188,42,568.00,456.00,34.10,80.60,1.0000,-1,-1,-1
188,43,1112.70,437.20,38.80,150.00,0.9980,-1,-1,-1
188,44,533.60,457.60,27.80,74.50,0.9900,-1,-1,-1
188,45,629.40,460.90,27.50,70.30,0.6190,-1,-1,-1
188,46,1183.70,450.00,33.80,90.30,0.9990,-1,-1,-1
188,-1,439.70,463.60,30.20,86.80,0.4310,-1,-1,-1
189,2,1375.60,391.20,283.10,689.80,1.0000,-1,-1,-1
189,23,807.40,443.30,135.00,287.80,1.0000,-1,-1,-1
189,26,650.40,435.00,115.90,269.60,1.0000,-1,-1,-1
189,30,934.40,433.50,97.80,246.10,1.0000,-1,-1,-1
189,35,462.70,459.80,26.50,80.50,0.9830,-1,-1,-1
189,36,1203.10,424.90,197.50,581.40,1.0000,-1,-1,-1
189,38,1607.70,409.50,150.80,435.60,0.9990,-1,-1,-1
189,40,1031.00,439.50,41.40,116.00,0.9970,-1,-1,-1
189,41,1085.70,458.20,39.90,141.40,0.9980,-1,-1,-1
189,42,568.80,456.40,34.00,80.90,1.0000,-1,-1,-1
189,43,1112.90,435.90,40.30,155.70,0.9970,-1,-1,-1
189,44,534.50,457.90,27.80,74.30,0.9920,-1,-1,-1
189,45,631.60,460.70,28.80,76.00,0.8020,-1,-1,-1
189,46,1182.90,449.70,35.00,89.60,1.0000,-1,-1,-1
189,-1,417.80,474.90,35.30,96.60,0.8410,-1,-1,-1
190,2,1379.90,393.30,284.50,687.70,1.0000,-1,-1,-1
190,23,809.20,440.40,136.00,289.70,1.0000,-1,-1,-1
190,26,648.20,434.60,123.90,273.10,1.0000,-1,-1,-1
190,30,937.90,435.50,100.40,234.80,1.0000,-1,-1,-1
190,35,463.50,460.20,25.60,80.70,0.9760,-1,-1,-1
190,36,1200.80,430.00,206.70,584.00,1.0000,-1,-1,-1
190,38,1613.30,408.30,153.50,434.90,0.9990,-1,-1,-1
190,40,1030.50,441.40,39.30,113.10,0.9990,-1,-1,-1
190,41,1084.90,451.90,42.20,147.20,0.9990,-1,-1,-1
190,42,569.20,456.30,34.70,81.10,1.0000,-1,-1,-1
190,43,1112.30,439.80,40.10,150.10,0.9990,-1,-1,-1
190,44,536.10,459.40,28.00,73.20,0.9900,-1,-1,-1
190,45,632.50,459.90,29.50,78.70,0.8300,-1,-1,-1
190,46,1182.20,448.80,35.50,89.10,1.0000,-1,-1,-1
190,47,407.60,471.70,43.30,101.50,0.9300,-1,-1,-1
191,2,1386.60,379.10,281.10,701.90,1.0000,-1,-1,-1
191,23,809.20,437.60,140.90,292.00,1.0000,-1,-1,-1
191,26,651.70,431.40,117.70,273.70,1.0000,-1,-1,-1
191,30,945.00,437.40,99.20,234.80,1.0000,-1,-1,-1
191,35,462.50,460.70,25.60,79.00,0.9800,-1,-1,-1
191,36,1207.80,425.50,209.80,603.80,1.0000,-1,-1,-1
191,38,1620.40,408.40,154.50,436.00,0.9990,-1,-1,-1
191,40,1034.60,443.30,34.10,121.20,0.9170,-1,-1,-1
191,41,1089.30,449.00,41.00,150.30,0.9960,-1,-1,-1
191,42,568.70,456.00,34.80,81.90,1.0000,-1,-1,-1
191,43,1112.10,439.70,38.90,151.90,0.9980,-1,-1,-1
191,44,537.70,460.10,28.00,72.90,0.9860,-1,-1,-1
191,45,632.90,455.90,32.00,86.60,0.9770,-1,-1,-1
191,46,1181.30,448.50,35.80,88.70,0.9990,-1,-1,-1
191,47,382.60,464.60,55.70,116.10,0.9990,-1,-1,-1
191,-1,1058.10,447.10,47.70,128.50,0.2090,-1,-1,-1
192,2,1396.20,384.70,269.40,696.30,1.0000,-1,-1,-1
192,23,813.30,440.10,135.70,289.70,1.0000,-1,-1,-1
192,26,654.30,434.10,117.00,272.90,1.0000,-1,-1,-1
192,30,952.20,434.20,96.60,242.80,1.0000,-1,-1,-1
192,35,460.80,459.70,25.30,81.10,0.9870,-1,-1,-1
192,36,1208.40,429.50,214.80,595.90,1.0000,-1,-1,-1
192,38,1632.90,401.10,149.70,458.60,0.9990,-1,-1,-1
192,41,1084.20,450.80,42.80,147.90,0.9990,-1,-1,-1
192,42,568.20,457.40,35.40,81.10,1.0000,-1,-1,-1
192,43,1113.20,447.60,37.70,141.00,0.9960,-1,-1,-1
192,44,540.00,461.30,27.30,71.50,0.9810,-1,-1,-1
192,45,632.20,456.50,34.50,86.10,0.9940,-1,-1,-1
192,46,1180.90,450.70,35.80,84.20,0.9990,-1,-1,-1
192,47,380.60,463.40,54.20,117.70,1.0000,-1,-1,-1
192,40,1039.00,447.20,32.30,121.40,0.4170,-1,-1,-1
193,2,1399.70,376.70,264.30,704.30,1.0000,-1,-1,-1
193,23,815.30,440.60,137.70,292.30,1.0000,-1,-1,-1
193,26,654.30,437.80,116.30,265.00,1.0000,-1,-1,-1
193,30,955.70,432.50,96.40,252.40,1.0000,-1,-1,-1
193,35,460.40,459.80,25.40,79.20,0.9870,-1,-1,-1
193,36,1214.20,437.70,211.40,571.50,1.0000,-1,-1,-1
193,38,1631.60,403.00,156.60,446.90,0.9950,-1,-1,-1
193,41,1083.90,450.60,45.80,148.60,1.0000,-1,-1,-1
193,42,568.10,457.50,35.10,81.20,1.0000,-1,-1,-1
193,43,1111.60,449.70,37.90,136.50,0.9730,-1,-1,-1
193,44,538.70,461.10,27.60,71.30,0.9820,-1,-1,-1
193,45,634.20,454.90,34.50,90.40,0.9980,-1,-1,-1
193,46,1181.30,450.10,35.20,84.10,0.9990,-1,-1,-1
193,47,382.00,463.50,53.20,115.00,1.0000,-1,-1,-1
194,2,1409.80,372.70,272.60,708.30,1.0000,-1,-1,-1
194,23,818.20,440.10,137.40,293.20,1.0000,-1,-1,-1
194,26,658.10,437.50,118.30,270.90,1.0000,-1,-1,-1
194,30,959.10,431.70,99.30,251.20,1.0000,-1,-1,-1
194,35,461.00,459.00,26.00,78.30,0.9900,-1,-1,-1
194,36,1214.60,435.60,225.10,579.80,1.0000,-1,-1,-1
194,38,1641.60,415.80,155.80,424.70,0.9990,-1,-1,-1
194,41,1082.90,448.80,48.50,149.80,1.0000,-1,-1,-1
194,42,568.40,456.30,34.10,82.80,1.0000,-1,-1,-1
194,44,537.50,460.30,27.80,72.40,0.9880,-1,-1,-1
194,45,635.00,454.50,33.60,93.50,0.9990,-1,-1,-1
194,46,1179.10,449.80,36.30,84.30,1.0000,-1,-1,-1
194,47,382.50,462.90,51.90,115.40,1.0000,-1,-1,-1
194,43,1117.30,447.30,36.00,117.80,0.4450,-1,-1,-1
194,-1,799.10,476.70,45.10,57.00,0.1780,-1,-1,-1
195,2,1419.10,373.20,269.10,707.80,1.0000,-1,-1,-1
195,23,823.30,436.60,138.40,299.30,1.0000,-1,-1,-1
195,26,660.70,434.80,112.70,270.60,1.0000,-1,-1,-1
195,30,963.30,432.90,102.80,250.20,1.0000,-1,-1,-1
195,35,461.60,459.40,25.60,78.30,0.9870,-1,-1,-1
195,36,1216.20,431.40,220.30,581.70,1.0000,-1,-1,-1
195,38,1644.20,415.50,164.70,433.80,0.9990,-1,-1,-1
195,41,1082.40,448.80,52.20,149.50,1.0000,-1,-1,-1
195,42,569.20,455.40,33.80,82.90,1.0000,-1,-1,-1
195,44,538.50,460.50,27.50,71.80,0.9830,-1,-1,-1
195,45,636.90,455.20,33.40,91.70,0.9990,-1,-1,-1
195,46,1177.50,449.00,36.50,84.80,0.9990,-1,-1,-1
195,47,382.60,462.90,53.10,116.30,1.0000,-1,-1,-1
195,43,1113.50,449.10,39.50,121.80,0.1560,-1,-1,-1
195,-1,421.20,469.40,45.40,93.50,0.0700,-1,-1,-1
195,-1,795.70,476.80,52.80,56.30,0.8170,-1,-1,-1
196,2,1429.20,378.20,261.70,702.80,1.0000,-1,-1,-1
196,23,830.00,442.00,135.60,292.10,1.0000,-1,-1,-1
196,26,670.20,438.50,103.80,264.70,1.0000,-1,-1,-1
196,30,967.80,428.00,105.50,253.70,1.0000,-1,-1,-1
196,35,460.00,459.00,25.10,78.00,0.9920,-1,-1,-1
196,36,1219.60,417.70,216.30,602.80,1.0000,-1,-1,-1
196,38,1653.10,407.40,166.70,450.00,1.0000,-1,-1,-1
196,41,1080.90,445.30,55.90,153.00,1.0000,-1,-1,-1
196,42,569.00,455.70,33.90,83.50,1.0000,-1,-1,-1
196,44,538.90,460.60,27.80,72.80,0.9830,-1,-1,-1
196,45,634.30,454.20,33.60,90.70,1.0000,-1,-1,-1
196,46,1177.80,450.50,36.90,83.10,1.0000,-1,-1,-1
196,47,381.90,462.10,53.50,120.00,1.0000,-1,-1,-1
196,48,795.20,478.40,55.40,55.70,0.9700,-1,-1,-1
197,2,1444.60,370.20,249.00,710.80,1.0000,-1,-1,-1
197,23,836.80,440.30,133.70,290.50,1.0000,-1,-1,-1
197,26,675.60,431.50,99.80,276.90,1.0000,-1,-1,-1
197,30,966.60,429.90,112.30,252.40,1.0000,-1,-1,-1
197,35,460.40,459.40,25.40,76.50,0.9930,-1,-1,-1
197,36,1217.60,428.00,228.40,592.30,1.0000,-1,-1,-1
197,38,1658.60,401.60,184.10,467.30,1.0000,-1,-1,-1
197,41,1081.80,449.30,54.50,152.70,1.0000,-1,-1,-1
197,42,570.30,455.80,33.40,83.30,1.0000,-1,-1,-1
197,44,536.90,459.60,28.80,75.30,0.9950,-1,-1,-1
197,45,635.10,454.30,33.10,90.00,0.9990,-1,-1,-1
197,46,1178.00,448.60,37.10,86.10,1.0000,-1,-1,-1
197,47,381.40,462.30,54.00,119.60,1.0000,-1,-1,-1
197,48,798.10,478.00,56.80,58.20,0.9980,-1,-1,-1
198,2,1452.50,377.40,252.00,703.60,1.0000,-1,-1,-1
198,23,845.30,437.40,128.40,292.80,1.0000,-1,-1,-1
198,26,682.50,432.90,94.10,274.10,1.0000,-1,-1,-1
198,30,967.00,434.50,115.20,246.70,1.0000,-1,-1,-1
198,35,460.50,459.50,25.20,76.20,0.9900,-1,-1,-1
198,36,1221.70,435.70,225.30,579.70,1.0000,-1,-1,-1
198,38,1661.70,415.80,196.00,469.50,0.9990,-1,-1,-1
198,41,1081.30,445.10,56.80,154.90,1.0000,-1,-1,-1
198,42,570.60,456.00,33.00,82.80,1.0000,-1,-1,-1
198,44,536.40,459.90,29.40,74.80,0.9940,-1,-1,-1
198,45,635.40,454.00,33.40,88.50,1.0000,-1,-1,-1
198,46,1177.90,448.60,37.20,87.00,1.0000,-1,-1,-1
198,47,381.50,463.40,53.40,117.80,1.0000,-1,-1,-1
198,48,796.90,477.20,57.70,59.60,1.0000,-1,-1,-1
199,2,1467.60,374.60,241.50,706.40,1.0000,-1,-1,-1
199,23,849.80,433.80,131.00,298.00,1.0000,-1,-1,-1
199,26,689.60,432.30,89.10,276.10,1.0000,-1,-1,-1
199,30,966.50,434.60,116.40,248.60,1.0000,-1,-1,-1
199,35,460.20,459.80,25.90,76.00,0.9940,-1,-1,-1
199,36,1227.00,435.50,221.20,581.80,1.0000,-1,-1,-1
199,38,1675.50,402.90,209.80,483.10,0.9990,-1,-1,-1
199,41,1081.90,444.00,56.50,157.00,1.0000,-1,-1,-1
199,42,569.90,457.40,32.90,82.00,1.0000,-1,-1,-1
199,44,536.60,460.10,30.40,75.50,0.9950,-1,-1,-1
199,45,635.80,454.30,33.70,90.20,1.0000,-1,-1,-1
199,46,1178.40,450.10,35.90,85.20,1.0000,-1,-1,-1
199,47,381.50,463.20,53.80,118.00,1.0000,-1,-1,-1
199,48,796.90,476.50,57.40,61.10,1.0000,-1,-1,-1
200,2,1477.50,372.60,239.90,708.40,1.0000,-1,-1,-1
200,23,857.70,438.20,128.10,291.60,1.0000,-1,-1,-1
200,26,695.60,431.90,86.30,277.40,1.0000,-1,-1,-1
200,30,969.90,438.70,115.50,245.70,1.0000,-1,-1,-1
200,35,460.00,459.40,26.40,76.70,0.9950,-1,-1,-1
200,36,1241.70,411.80,214.50,616.10,1.0000,-1,-1,-1
200,38,1683.20,406.90,215.20,479.90,1.0000,-1,-1,-1
200,41,1083.20,448.40,56.70,151.80,1.0000,-1,-1,-1
200,42,570.40,457.70,32.10,81.70,1.0000,-1,-1,-1
200,44,537.90,460.80,29.90,74.20,0.9910,-1,-1,-1
200,45,637.90,456.40,34.00,87.50,1.0000,-1,-1,-1
200,46,1177.90,449.50,35.80,86.20,1.0000,-1,-1,-1
200,47,382.30,463.60,53.20,117.50,1.0000,-1,-1,-1
200,48,796.30,476.90,58.40,60.20,1.0000,-1,-1,-1
201,2,1488.00,374.30,236.30,706.70,1.0000,-1,-1,-1
201,23,864.60,437.30,127.80,292.80,1.0000,-1,-1,-1
201,26,700.20,434.20,82.20,272.70,1.0000,-1,-1,-1
201,30,975.30,434.90,111.40,246.00,1.0000,-1,-1,-1
201,35,459.90,459.60,26.40,77.70,0.9940,-1,-1,-1
201,36,1260.40,419.60,193.30,606.70,1.0000,-1,-1,-1
201,38,1689.00,408.30,219.70,484.40,1.0000,-1,-1,-1
201,41,1084.50,446.30,57.20,151.90,1.0000,-1,-1,-1
201,42,571.20,457.50,32.80,82.00,1.0000,-1,-1,-1
201,44,537.10,461.10,30.30,74.20,0.9930,-1,-1,-1
201,45,636.60,456.10,33.30,87.70,1.0000,-1,-1,-1
201,46,1178.70,450.10,35.50,84.80,1.0000,-1,-1,-1
201,47,383.00,463.70,52.20,116.60,1.0000,-1,-1,-1
201,48,795.10,477.30,57.80,59.70,1.0000,-1,-1,-1
201,32,671.50,463.10,31.00,86.50,0.2540,-1,-1,-1
202,2,1504.80,374.20,223.30,706.80,1.0000,-1,-1,-1
202,23,868.40,437.30,132.00,293.30,1.0000,-1,-1,-1
202,26,705.00,432.40,77.50,270.80,1.0000,-1,-1,-1
202,30,977.70,436.40,106.20,245.70,1.0000,-1,-1,-1
202,32,678.90,464.90,31.90,82.90,0.8600,-1,-1,-1
202,35,459.00,460.00,25.80,75.90,0.9910,-1,-1,-1
202,36,1273.80,422.50,185.90,599.70,1.0000,-1,-1,-1
202,38,1692.80,406.70,219.70,488.50,0.9990,-1,-1,-1
202,41,1085.50,449.00,57.40,150.50,1.0000,-1,-1,-1
202,42,570.50,457.70,32.60,81.10,1.0000,-1,-1,-1
202,44,537.70,460.70,30.50,75.30,0.9930,-1,-1,-1
202,45,636.70,455.80,34.70,87.70,1.0000,-1,-1,-1
202,46,1177.80,449.80,36.10,85.60,1.0000,-1,-1,-1
202,47,383.00,463.70,51.80,115.90,1.0000,-1,-1,-1
202,48,795.90,478.20,59.30,59.70,1.0000,-1,-1,-1
202,-1,833.00,477.50,50.60,59.40,0.3100,-1,-1,-1
203,2,1508.60,380.90,240.70,700.10,1.0000,-1,-1,-1
203,23,873.70,435.60,131.40,296.50,1.0000,-1,-1,-1
203,26,708.30,433.80,79.10,268.40,1.0000,-1,-1,-1
203,30,987.30,438.80,98.20,240.60,1.0000,-1,-1,-1
203,32,668.20,460.10,27.70,78.10,0.9240,-1,-1,-1
203,35,459.90,459.50,25.40,74.70,0.9860,-1,-1,-1
203,36,1282.90,417.90,190.00,607.10,1.0000,-1,-1,-1
203,38,1707.30,417.50,209.80,471.30,1.0000,-1,-1,-1
203,41,1085.00,449.30,61.80,149.50,1.0000,-1,-1,-1
203,42,571.80,456.00,33.50,83.10,1.0000,-1,-1,-1
203,44,536.70,460.50,30.70,75.30,0.9950,-1,-1,-1
203,45,636.60,455.30,34.90,88.30,1.0000,-1,-1,-1
203,46,1177.50,450.00,36.40,85.50,1.0000,-1,-1,-1
203,47,383.00,463.10,52.10,116.60,1.0000,-1,-1,-1
203,48,794.20,478.10,59.50,59.80,1.0000,-1,-1,-1
203,-1,410.50,469.80,49.60,98.40,0.1840,-1,-1,-1
203,-1,835.70,476.00,52.60,64.80,0.9800,-1,-1,-1
204,2,1503.90,375.40,258.70,705.60,1.0000,-1,-1,-1
204,23,885.30,436.20,125.80,292.60,1.0000,-1,-1,-1
204,26,711.00,436.20,81.60,269.60,1.0000,-1,-1,-1
204,30,996.40,447.00,91.10,236.60,1.0000,-1,-1,-1
204,32,669.90,460.80,28.90,79.60,0.9240,-1,-1,-1
204,35,459.50,459.50,25.20,75.20,0.9860,-1,-1,-1
204,36,1292.50,418.90,194.20,595.30,1.0000,-1,-1,-1
204,38,1713.70,406.90,207.10,497.40,1.0000,-1,-1,-1
204,41,1092.60,446.60,54.80,147.90,1.0000,-1,-1,-1
204,42,571.10,457.20,32.60,82.20,1.0000,-1,-1,-1
204,44,536.60,460.20,30.70,76.20,0.9950,-1,-1,-1
204,45,637.10,456.00,35.70,87.80,1.0000,-1,-1,-1
204,46,1177.20,449.70,36.40,87.20,1.0000,-1,-1,-1
204,47,382.90,463.40,52.00,116.20,1.0000,-1,-1,-1
204,48,793.80,477.90,59.20,60.20,0.9990,-1,-1,-1
204,49,834.90,473.50,52.50,73.20,1.0000,-1,-1,-1
204,-1,683.10,468.60,35.10,79.00,0.5350,-1,-1,-1
205,2,1513.70,374.80,261.70,706.20,1.0000,-1,-1,-1
205,23,888.70,430.60,130.50,299.20,1.0000,-1,-1,-1
205,26,716.50,432.70,83.10,271.40,1.0000,-1,-1,-1
205,30,1004.20,442.10,87.50,240.80,0.9990,-1,-1,-1
205,32,677.20,460.70,29.70,78.20,0.9500,-1,-1,-1
205,35,459.20,459.20,25.30,74.50,0.9750,-1,-1,-1
205,36,1306.30,416.30,176.50,613.60,1.0000,-1,-1,-1
205,38,1729.10,417.80,190.90,485.30,1.0000,-1,-1,-1
205,41,1092.80,447.70,54.90,147.90,1.0000,-1,-1,-1
205,42,572.20,456.60,33.30,83.00,1.0000,-1,-1,-1
205,44,536.80,460.70,30.60,75.70,0.9940,-1,-1,-1
205,45,638.10,456.50,35.10,87.60,1.0000,-1,-1,-1
205,46,1177.20,449.10,36.90,88.30,1.0000,-1,-1,-1
205,47,382.80,463.50,51.70,116.10,1.0000,-1,-1,-1
205,48,794.30,478.50,61.10,59.20,0.9360,-1,-1,-1
205,49,833.90,471.80,51.90,77.10,1.0000,-1,-1,-1
205,-1,411.90,469.40,48.40,98.40,0.2770,-1,-1,-1
206,2,1514.70,383.30,273.70,697.70,1.0000,-1,-1,-1
206,23,883.30,439.80,145.50,290.80,1.0000,-1,-1,-1
206,26,718.40,434.20,86.70,266.10,1.0000,-1,-1,-1
206,30,1010.10,438.80,85.30,243.00,0.9990,-1,-1,-1
206,32,670.50,457.20,28.90,78.20,0.9460,-1,-1,-1
206,35,460.20,459.00,25.20,73.30,0.9700,-1,-1,-1
206,36,1311.10,415.90,177.50,609.90,1.0000,-1,-1,-1
206,38,1738.30,403.40,177.00,503.00,0.9990,-1,-1,-1
206,41,1090.30,447.60,57.80,148.30,0.9990,-1,-1,-1
206,42,572.30,457.30,32.20,82.50,1.0000,-1,-1,-1
206,44,538.00,462.20,30.30,74.50,0.9890,-1,-1,-1
206,45,638.80,456.40,35.60,87.50,1.0000,-1,-1,-1
206,46,1176.90,449.00,36.80,88.10,1.0000,-1,-1,-1
206,47,382.60,463.20,51.40,116.50,1.0000,-1,-1,-1
206,48,801.90,478.20,55.00,60.60,0.7620,-1,-1,-1
206,49,835.30,471.70,50.90,77.80,1.0000,-1,-1,-1
206,-1,414.00,469.30,46.90,98.50,0.3350,-1,-1,-1
207,2,1519.70,387.10,286.20,693.90,1.0000,-1,-1,-1
207,23,892.00,437.20,149.50,289.90,1.0000,-1,-1,-1
207,26,717.40,435.60,98.60,261.70,1.0000,-1,-1,-1
207,30,1022.80,435.90,75.70,241.90,0.9990,-1,-1,-1
207,32,675.80,457.00,28.30,79.10,0.9650,-1,-1,-1
207,35,459.70,459.60,25.20,73.50,0.9760,-1,-1,-1
207,36,1313.90,420.90,193.00,631.20,1.0000,-1,-1,-1
207,38,1746.30,404.10,173.40,515.90,0.9990,-1,-1,-1
207,41,1091.40,451.80,57.30,143.80,0.9990,-1,-1,-1
207,42,571.80,458.20,33.30,81.70,1.0000,-1,-1,-1
207,44,538.60,462.10,30.40,75.20,0.9920,-1,-1,-1
207,45,637.90,456.10,35.70,88.60,1.0000,-1,-1,-1
207,46,1176.80,449.10,37.50,88.80,1.0000,-1,-1,-1
207,47,382.10,463.10,52.30,116.90,1.0000,-1,-1,-1
207,49,834.40,472.40,51.80,78.00,1.0000,-1,-1,-1
207,48,802.90,479.70,50.40,59.40,0.3980,-1,-1,-1
207,-1,411.60,469.10,48.60,98.90,0.2920,-1,-1,-1
208,2,1524.70,376.20,288.60,704.80,1.0000,-1,-1,-1
208,23,895.70,441.90,151.10,284.10,1.0000,-1,-1,-1
208,26,720.20,433.40,103.40,268.10,1.0000,-1,-1,-1
208,30,1028.80,436.20,70.60,232.30,0.9980,-1,-1,-1
208,32,675.60,456.60,25.80,81.20,0.9120,-1,-1,-1
208,35,460.30,459.60,25.40,73.00,0.9820,-1,-1,-1
208,36,1319.30,412.10,194.70,647.70,1.0000,-1,-1,-1
208,38,1752.80,398.40,168.20,518.60,0.9980,-1,-1,-1
208,41,1095.40,447.00,55.50,149.30,0.9990,-1,-1,-1
208,42,572.00,457.70,33.50,82.20,1.0000,-1,-1,-1
208,44,538.80,462.00,29.80,75.60,0.9930,-1,-1,-1
208,45,637.50,456.00,34.80,89.10,1.0000,-1,-1,-1
208,46,1177.40,449.50,37.10,87.70,1.0000,-1,-1,-1
208,47,382.30,463.20,52.90,116.50,1.0000,-1,-1,-1
208,49,835.30,471.90,50.40,78.10,1.0000,-1,-1,-1
208,27,689.60,456.70,35.40,90.00,0.5960,-1,-1,-1
208,-1,410.40,469.20,49.90,98.80,0.2210,-1,-1,-1
209,2,1521.10,383.80,315.90,697.20,1.0000,-1,-1,-1
209,23,901.80,441.30,145.80,285.90,1.0000,-1,-1,-1
209,26,722.20,430.50,108.30,268.50,1.0000,-1,-1,-1
209,27,697.00,456.30,39.70,110.20,0.6560,-1,-1,-1
209,30,1032.30,439.40,77.10,241.70,0.9990,-1,-1,-1
209,32,681.60,458.90,27.80,87.00,0.8150,-1,-1,-1
209,35,462.10,460.40,24.80,72.80,0.9800,-1,-1,-1
209,36,1315.80,430.50,214.20,620.80,1.0000,-1,-1,-1
209,38,1755.20,394.40,165.80,523.10,0.9980,-1,-1,-1
209,41,1097.60,452.10,51.70,139.90,0.9790,-1,-1,-1
209,42,572.40,456.70,33.90,83.50,1.0000,-1,-1,-1
209,44,539.00,461.50,29.70,75.40,0.9910,-1,-1,-1
209,45,637.60,456.90,34.70,89.30,1.0000,-1,-1,-1
209,46,1178.40,449.30,36.00,86.30,1.0000,-1,-1,-1
209,47,382.20,463.40,52.60,116.30,1.0000,-1,-1,-1
209,49,835.60,470.60,51.20,81.70,1.0000,-1,-1,-1
209,-1,409.30,470.30,49.50,98.70,0.2400,-1,-1,-1
209,-1,880.90,451.30,33.90,88.50,0.0810,-1,-1,-1
210,2,1528.60,378.90,323.40,702.10,1.0000,-1,-1,-1
210,23,902.60,441.90,148.90,288.10,1.0000,-1,-1,-1
210,26,722.50,434.20,111.20,265.60,1.0000,-1,-1,-1
210,27,696.40,452.70,42.40,119.80,0.9830,-1,-1,-1
210,30,1033.50,439.50,81.00,238.30,0.9990,-1,-1,-1
210,35,460.90,460.20,25.30,72.90,0.9810,-1,-1,-1
210,36,1317.80,412.90,213.90,638.20,1.0000,-1,-1,-1
210,38,1759.40,398.50,161.60,514.40,0.7980,-1,-1,-1
210,41,1097.20,451.30,51.70,146.60,0.9790,-1,-1,-1
210,42,572.60,457.30,32.30,82.30,1.0000,-1,-1,-1
210,44,539.30,460.80,29.40,76.40,0.9930,-1,-1,-1
210,45,637.80,457.20,34.60,88.20,1.0000,-1,-1,-1
210,46,1178.00,449.50,35.70,86.20,1.0000,-1,-1,-1
210,47,382.40,462.60,52.00,116.90,1.0000,-1,-1,-1
210,49,834.10,471.30,53.60,81.90,1.0000,-1,-1,-1
210,32,658.00,458.60,41.60,84.10,0.1370,-1,-1,-1
210,-1,412.40,470.80,48.50,97.50,0.3630,-1,-1,-1
211,2,1534.70,375.10,317.10,705.90,1.0000,-1,-1,-1
211,23,905.30,443.10,145.40,286.20,1.0000,-1,-1,-1
211,26,723.20,435.80,111.90,263.80,1.0000,-1,-1,-1
211,27,694.80,449.90,43.00,125.90,0.9910,-1,-1,-1
211,30,1034.90,437.70,92.00,242.40,1.0000,-1,-1,-1
211,35,460.80,460.40,24.90,72.40,0.9780,-1,-1,-1
211,36,1316.60,418.00,224.00,633.80,1.0000,-1,-1,-1
211,38,1759.90,401.00,161.10,513.20,0.7470,-1,-1,-1
211,42,572.60,455.60,33.70,83.80,1.0000,-1,-1,-1
211,44,538.30,461.00,29.40,76.20,0.9940,-1,-1,-1
211,45,638.80,455.70,34.90,89.70,1.0000,-1,-1,-1
211,46,1177.70,448.20,36.00,89.00,1.0000,-1,-1,-1
211,47,382.30,463.90,51.80,115.70,1.0000,-1,-1,-1
211,49,834.10,471.60,53.70,78.50,1.0000,-1,-1,-1
211,41,1092.70,443.90,57.10,169.70,0.2630,-1,-1,-1
211,-1,408.80,471.10,50.30,98.10,0.2950,-1,-1,-1
212,2,1540.70,379.80,319.20,701.20,1.0000,-1,-1,-1
212,23,907.30,444.00,142.80,285.50,1.0000,-1,-1,-1
212,26,723.10,433.10,115.70,271.00,1.0000,-1,-1,-1
212,27,693.30,448.80,42.40,128.90,0.9990,-1,-1,-1
212,30,1035.70,437.20,99.10,242.50,1.0000,-1,-1,-1
212,35,460.70,460.50,25.00,72.20,0.9790,-1,-1,-1
212,36,1333.40,408.80,225.70,666.80,1.0000,-1,-1,-1
212,42,572.30,456.00,33.50,83.30,1.0000,-1,-1,-1
212,44,538.80,461.40,29.30,75.10,0.9930,-1,-1,-1
212,45,640.60,456.10,34.60,88.40,1.0000,-1,-1,-1
212,46,1178.20,448.70,35.90,88.60,1.0000,-1,-1,-1
212,47,382.00,463.70,51.90,116.00,1.0000,-1,-1,-1
212,49,835.00,471.60,53.40,78.40,1.0000,-1,-1,-1
212,38,1777.00,401.10,144.00,503.70,0.0980,-1,-1,-1
212,-1,410.10,471.00,49.70,97.90,0.3020,-1,-1,-1
213,2,1543.00,379.20,317.60,701.80,1.0000,-1,-1,-1
213,23,905.40,443.60,147.60,283.40,1.0000,-1,-1,-1
213,26,725.00,437.40,118.10,265.80,1.0000,-1,-1,-1
213,27,691.70,446.60,43.50,130.70,1.0000,-1,-1,-1
213,30,1042.90,441.40,97.30,238.60,1.0000,-1,-1,-1
213,35,459.30,460.10,25.60,73.60,0.9820,-1,-1,-1
213,36,1332.30,427.10,238.90,650.70,1.0000,-1,-1,-1
213,42,572.30,455.30,33.20,84.10,1.0000,-1,-1,-1
213,44,539.30,460.90,28.90,75.60,0.9940,-1,-1,-1
213,45,641.50,455.60,34.60,89.90,1.0000,-1,-1,-1
213,46,1178.50,448.30,35.90,88.70,1.0000,-1,-1,-1
213,47,381.50,463.30,51.70,116.70,1.0000,-1,-1,-1
213,49,837.50,469.60,51.10,81.10,1.0000,-1,-1,-1
213,38,1785.70,385.70,135.30,506.90,0.1060,-1,-1,-1
213,-1,413.70,470.70,48.20,96.90,0.4070,-1,-1,-1
214,2,1546.90,376.50,323.30,704.50,1.0000,-1,-1,-1
214,23,913.20,444.80,143.10,280.00,1.0000,-1,-1,-1
214,26,726.60,434.50,115.60,267.40,1.0000,-1,-1,-1
214,27,689.20,448.30,42.90,127.90,1.0000,-1,-1,-1
214,30,1042.50,442.60,102.80,238.70,1.0000,-1,-1,-1
214,35,458.60,460.10,26.10,73.70,0.9830,-1,-1,-1
214,36,1328.70,424.20,244.00,646.50,1.0000,-1,-1,-1
214,42,572.20,455.50,32.70,84.30,1.0000,-1,-1,-1
214,44,539.00,461.80,29.30,74.50,0.9930,-1,-1,-1
214,45,641.80,454.60,34.30,92.70,1.0000,-1,-1,-1
214,46,1178.50,448.10,36.20,89.10,1.0000,-1,-1,-1
214,47,382.60,463.80,51.00,115.70,1.0000,-1,-1,-1
214,49,836.40,472.20,54.10,78.90,1.0000,-1,-1,-1
214,38,1787.30,373.00,133.70,549.80,0.4790,-1,-1,-1
214,-1,413.00,471.40,48.30,96.70,0.4230,-1,-1,-1
215,2,1553.00,378.90,314.10,702.10,1.0000,-1,-1,-1
215,23,915.90,441.60,140.70,282.80,1.0000,-1,-1,-1
215,26,731.80,436.40,113.20,263.90,1.0000,-1,-1,-1
215,27,688.50,447.80,43.50,128.40,1.0000,-1,-1,-1
215,30,1044.60,436.80,104.50,244.90,1.0000,-1,-1,-1
215,35,458.20,460.20,26.20,73.90,0.9840,-1,-1,-1
215,36,1332.70,424.60,243.60,646.70,1.0000,-1,-1,-1
215,42,572.30,456.80,32.00,83.00,1.0000,-1,-1,-1
215,44,539.80,461.80,28.90,74.30,0.9920,-1,-1,-1
215,45,643.30,453.50,34.50,95.60,1.0000,-1,-1,-1
215,46,1178.70,448.20,36.10,88.30,1.0000,-1,-1,-1
215,47,382.50,463.70,51.50,116.30,1.0000,-1,-1,-1
215,49,837.50,472.50,53.50,78.10,1.0000,-1,-1,-1
215,-1,410.60,470.40,49.10,98.70,0.3720,-1,-1,-1
216,2,1556.70,370.30,307.60,710.70,1.0000,-1,-1,-1
216,23,916.00,442.80,142.50,282.00,1.0000,-1,-1,-1
216,26,738.70,437.90,107.20,259.80,1.0000,-1,-1,-1
216,27,689.50,448.50,39.90,124.90,1.0000,-1,-1,-1
216,30,1048.50,436.30,101.70,243.90,1.0000,-1,-1,-1
216,35,459.40,460.20,25.80,73.90,0.9790,-1,-1,-1
216,36,1330.70,427.20,247.20,644.00,1.0000,-1,-1,-1
216,42,572.50,458.00,32.70,81.80,1.0000,-1,-1,-1
216,44,539.90,462.10,29.10,74.90,0.9930,-1,-1,-1
216,45,643.90,453.70,33.30,96.60,1.0000,-1,-1,-1
216,46,1179.30,447.90,35.30,86.50,1.0000,-1,-1,-1
216,47,382.80,463.70,51.10,115.90,1.0000,-1,-1,-1
216,49,835.90,473.40,53.60,75.50,1.0000,-1,-1,-1
216,-1,412.10,471.50,48.50,97.60,0.4210,-1,-1,-1
217,2,1560.30,376.50,296.70,704.50,1.0000,-1,-1,-1
217,23,918.40,439.90,141.20,288.80,1.0000,-1,-1,-1
217,26,741.50,433.80,106.60,263.00,1.0000,-1,-1,-1
217,27,688.30,451.30,40.00,121.40,1.0000,-1,-1,-1
217,30,1045.80,443.10,103.30,238.90,1.0000,-1,-1,-1
217,35,456.50,460.50,26.60,74.60,0.9760,-1,-1,-1
217,36,1323.20,440.80,253.20,613.40,1.0000,-1,-1,-1
217,42,572.70,458.10,32.90,82.10,1.0000,-1,-1,-1
217,44,540.50,462.30,29.10,74.90,0.9920,-1,-1,-1
217,45,645.40,452.90,33.20,98.30,1.0000,-1,-1,-1
217,46,1179.10,448.10,36.10,87.50,1.0000,-1,-1,-1
217,47,382.90,463.80,51.10,115.90,1.0000,-1,-1,-1
217,49,835.50,472.40,52.80,79.20,1.0000,-1,-1,-1
217,-1,413.10,471.10,42.50,100.00,0.8730,-1,-1,-1
218,2,1561.30,372.80,307.10,708.20,1.0000,-1,-1,-1
218,23,925.50,439.50,136.70,288.10,1.0000,-1,-1,-1
218,26,749.50,434.50,96.70,263.40,1.0000,-1,-1,-1
218,27,688.10,452.30,39.70,122.70,1.0000,-1,-1,-1
218,30,1051.40,441.80,100.70,237.00,1.0000,-1,-1,-1
218,35,456.20,460.00,26.80,75.60,0.9750,-1,-1,-1
218,36,1323.30,430.90,261.60,616.60,1.0000,-1,-1,-1
218,42,572.20,459.20,32.80,81.20,1.0000,-1,-1,-1
218,44,540.40,462.80,28.90,73.90,0.9930,-1,-1,-1
218,45,647.10,453.30,31.60,97.10,0.9990,-1,-1,-1
218,46,1178.70,447.90,36.50,88.40,1.0000,-1,-1,-1
218,47,382.90,463.90,50.70,115.60,1.0000,-1,-1,-1
218,49,835.70,471.90,52.70,79.30,1.0000,-1,-1,-1
218,50,413.10,471.50,47.50,97.60,0.5410,-1,-1,-1
218,-1,896.70,418.60,74.00,291.50,0.0850,-1,-1,-1
218,-1,729.20,452.60,35.70,99.90,0.0630,-1,-1,-1
219,2,1566.50,375.70,302.30,705.30,1.0000,-1,-1,-1
219,23,927.60,443.20,139.30,284.90,1.0000,-1,-1,-1
219,26,751.80,434.30,95.70,261.70,1.0000,-1,-1,-1
219,27,685.10,451.20,40.60,122.70,1.0000,-1,-1,-1
219,30,1050.10,442.10,102.30,234.90,1.0000,-1,-1,-1
219,35,448.90,462.90,29.40,78.20,0.9450,-1,-1,-1
219,36,1330.80,432.70,259.20,623.50,1.0000,-1,-1,-1
219,42,572.20,459.00,33.80,81.40,1.0000,-1,-1,-1
219,44,540.50,462.90,29.80,74.30,0.9940,-1,-1,-1
219,45,647.30,452.50,29.70,99.60,0.9980,-1,-1,-1
219,46,1179.70,449.30,34.80,86.00,1.0000,-1,-1,-1
219,47,382.40,462.80,50.50,116.20,1.0000,-1,-1,-1
219,49,835.50,472.60,53.50,75.50,1.0000,-1,-1,-1
219,50,415.80,471.00,46.00,97.50,0.8140,-1,-1,-1
219,-1,725.10,449.60,30.00,91.20,0.9540,-1,-1,-1
219,-1,886.20,417.60,82.80,283.10,0.7940,-1,-1,-1
219,-1,465.10,461.50,26.30,67.90,0.7190,-1,-1,-1
220,2,1567.40,375.70,305.10,705.30,1.0000,-1,-1,-1
220,23,941.50,443.60,123.10,282.60,1.0000,-1,-1,-1
220,26,759.40,433.10,92.60,262.90,1.0000,-1,-1,-1
220,27,683.20,451.20,40.60,123.70,1.0000,-1,-1,-1
220,30,1050.80,442.30,102.30,235.50,1.0000,-1,-1,-1
220,35,447.20,462.70,30.70,79.00,0.9510,-1,-1,-1
220,36,1335.10,419.70,256.40,645.20,1.0000,-1,-1,-1
220,42,571.90,458.90,33.20,81.40,1.0000,-1,-1,-1
220,44,541.90,463.40,29.40,73.80,0.9900,-1,-1,-1
220,45,647.60,452.70,32.70,98.40,0.9980,-1,-1,-1
220,46,1180.10,449.20,34.60,86.10,1.0000,-1,-1,-1
220,47,382.40,462.20,49.90,116.80,1.0000,-1,-1,-1
220,49,835.30,472.80,55.90,77.60,0.9960,-1,-1,-1
220,50,417.80,470.60,45.00,97.10,0.8680,-1,-1,-1
220,51,722.90,448.40,29.50,89.30,0.9720,-1,-1,-1
220,52,884.00,417.00,87.80,282.90,0.9800,-1,-1,-1
221,2,1573.50,377.50,308.40,703.50,1.0000,-1,-1,-1
221,23,952.00,447.90,112.70,279.60,1.0000,-1,-1,-1
221,26,767.80,431.90,85.20,263.30,1.0000,-1,-1,-1
221,27,682.00,451.40,40.90,123.60,1.0000,-1,-1,-1
221,30,1051.40,441.30,105.30,234.20,1.0000,-1,-1,-1
221,35,447.80,462.30,30.20,78.60,0.9500,-1,-1,-1
221,36,1341.20,425.40,255.10,644.60,1.0000,-1,-1,-1
221,42,572.00,459.00,32.80,81.30,1.0000,-1,-1,-1
221,44,542.30,463.60,28.90,73.50,0.9860,-1,-1,-1
221,45,648.20,452.80,30.00,99.50,0.9980,-1,-1,-1
221,46,1179.60,448.80,35.60,86.50,1.0000,-1,-1,-1
221,47,382.00,462.50,50.10,116.20,1.0000,-1,-1,-1
221,49,836.80,474.40,58.80,88.20,0.8200,-1,-1,-1
221,50,416.60,471.10,45.60,96.90,0.8380,-1,-1,-1
221,51,720.80,449.90,29.70,89.90,0.9820,-1,-1,-1
221,52,881.30,409.60,93.10,297.30,0.9990,-1,-1,-1
221,-1,463.80,460.90,26.80,67.80,0.5520,-1,-1,-1
222,2,1574.10,379.70,309.30,701.30,1.0000,-1,-1,-1
222,23,959.40,446.90,109.10,281.90,1.0000,-1,-1,-1
222,26,777.40,433.70,80.50,262.40,1.0000,-1,-1,-1
222,27,679.20,450.90,43.70,124.30,1.0000,-1,-1,-1
222,30,1056.00,441.50,105.90,236.50,1.0000,-1,-1,-1
222,35,438.60,464.50,33.30,86.80,0.8680,-1,-1,-1
222,36,1358.70,423.30,240.40,647.00,1.0000,-1,-1,-1
222,42,572.60,458.60,33.70,82.60,1.0000,-1,-1,-1
222,44,543.70,463.10,28.20,74.10,0.9780,-1,-1,-1
222,45,650.30,453.60,28.70,95.40,0.9880,-1,-1,-1
222,46,1179.90,447.80,35.60,89.10,1.0000,-1,-1,-1
222,47,382.00,462.20,49.10,116.30,1.0000,-1,-1,-1
222,50,414.60,469.80,44.50,102.60,0.9940,-1,-1,-1
222,51,723.70,449.00,32.00,90.30,0.9880,-1,-1,-1
222,52,881.00,408.70,98.20,295.20,0.9990,-1,-1,-1
222,49,838.70,473.00,54.30,94.60,0.0530,-1,-1,-1
222,-1,463.40,460.80,26.80,69.20,0.5360,-1,-1,-1
223,2,1576.80,380.70,316.20,700.30,1.0000,-1,-1,-1
223,23,969.30,444.50,103.60,279.40,1.0000,-1,-1,-1
223,26,782.60,431.80,78.40,264.50,1.0000,-1,-1,-1
223,27,677.00,449.60,45.60,123.90,1.0000,-1,-1,-1
223,30,1060.40,438.20,103.70,240.00,0.9990,-1,-1,-1
223,35,461.60,461.20,27.50,69.70,0.7740,-1,-1,-1
223,36,1365.20,429.70,237.30,633.30,1.0000,-1,-1,-1
223,42,572.50,457.50,33.70,84.70,1.0000,-1,-1,-1
223,44,544.00,462.30,28.20,75.20,0.9770,-1,-1,-1
223,45,647.70,454.00,32.00,94.10,0.9930,-1,-1,-1
223,46,1180.60,447.50,35.50,87.40,1.0000,-1,-1,-1
223,47,381.60,461.50,49.90,117.20,1.0000,-1,-1,-1
223,50,416.30,469.10,44.50,102.10,0.9940,-1,-1,-1
223,51,719.80,447.10,32.70,93.90,0.9930,-1,-1,-1
223,52,890.00,407.00,93.20,302.40,1.0000,-1,-1,-1
224,2,1583.90,374.50,311.00,706.50,1.0000,-1,-1,-1
224,23,973.30,443.80,105.20,278.80,1.0000,-1,-1,-1
224,26,786.10,434.80,83.90,259.60,1.0000,-1,-1,-1
224,27,676.50,450.30,45.40,122.80,1.0000,-1,-1,-1
224,30,1067.20,437.80,97.10,241.90,0.9990,-1,-1,-1
224,32,666.60,454.00,27.00,106.30,0.6640,-1,-1,-1
224,35,459.80,461.20,28.40,70.80,0.9190,-1,-1,-1
224,36,1391.40,426.00,216.70,636.90,1.0000,-1,-1,-1
224,42,572.70,458.00,33.60,84.00,1.0000,-1,-1,-1
224,44,542.30,461.90,29.30,76.00,0.9860,-1,-1,-1
224,45,648.60,455.00,31.00,93.20,0.9890,-1,-1,-1
224,46,1181.50,447.00,36.30,85.90,1.0000,-1,-1,-1
224,47,382.00,461.90,49.50,116.20,1.0000,-1,-1,-1
224,50,416.60,468.10,45.50,103.20,0.9980,-1,-1,-1
224,51,718.50,448.60,32.00,91.80,0.9950,-1,-1,-1
224,52,894.40,412.30,89.80,296.50,1.0000,-1,-1,-1
225,2,1580.40,369.20,339.10,711.80,1.0000,-1,-1,-1
225,23,980.00,442.00,105.60,281.60,1.0000,-1,-1,-1
225,26,790.90,433.30,86.90,264.00,1.0000,-1,-1,-1
225,27,675.60,451.50,45.20,121.00,1.0000,-1,-1,-1
225,30,1067.00,438.80,102.60,239.20,1.0000,-1,-1,-1
225,35,460.30,460.60,28.40,70.60,0.9230,-1,-1,-1
225,36,1394.00,421.50,216.90,639.40,1.0000,-1,-1,-1
225,42,573.10,456.20,33.50,85.60,1.0000,-1,-1,-1
225,44,542.40,461.10,29.30,76.70,0.9870,-1,-1,-1
225,45,650.20,454.70,31.40,91.40,0.9620,-1,-1,-1
225,46,1178.60,447.10,37.10,90.70,1.0000,-1,-1,-1
225,47,381.90,461.60,49.50,116.70,1.0000,-1,-1,-1
225,50,416.50,467.80,45.60,104.00,0.9980,-1,-1,-1
225,51,719.60,448.70,32.30,92.10,0.9980,-1,-1,-1
225,52,895.60,406.90,89.20,305.10,1.0000,-1,-1,-1
225,-1,567.00,432.50,19.90,38.10,0.0760,-1,-1,-1
226,2,1595.20,378.40,325.80,702.60,1.0000,-1,-1,-1
226,23,985.60,443.80,100.80,278.60,1.0000,-1,-1,-1
226,26,793.70,435.70,94.10,258.90,1.0000,-1,-1,-1
226,27,673.00,453.00,46.50,117.90,1.0000,-1,-1,-1
226,30,1071.30,437.50,105.50,239.00,1.0000,-1,-1,-1
226,35,459.90,460.90,28.50,70.80,0.8950,-1,-1,-1
226,36,1409.20,419.40,206.50,650.70,1.0000,-1,-1,-1
226,42,573.30,456.10,33.80,85.70,1.0000,-1,-1,-1
226,44,543.10,461.20,29.40,76.50,0.9840,-1,-1,-1
226,45,652.10,452.90,32.00,95.00,0.9210,-1,-1,-1
226,46,1178.90,446.40,36.20,88.70,1.0000,-1,-1,-1
226,47,381.90,461.60,49.50,116.60,1.0000,-1,-1,-1
226,50,416.40,467.70,46.00,103.80,0.9980,-1,-1,-1
226,51,717.20,448.70,34.60,93.60,0.9990,-1,-1,-1
226,52,901.00,406.40,84.70,311.20,1.0000,-1,-1,-1
226,-1,567.60,432.20,20.30,38.90,0.0930,-1,-1,-1
227,2,1593.20,368.70,327.80,712.30,1.0000,-1,-1,-1
227,23,990.50,435.20,101.40,289.50,1.0000,-1,-1,-1
227,26,795.20,435.30,102.80,258.70,1.0000,-1,-1,-1
227,27,673.10,452.90,44.00,118.90,1.0000,-1,-1,-1
227,30,1072.50,434.30,106.30,243.10,1.0000,-1,-1,-1
227,35,455.80,463.30,30.70,72.80,0.8050,-1,-1,-1
227,36,1421.40,413.00,206.80,661.00,0.9990,-1,-1,-1
227,42,573.60,455.80,34.50,85.60,1.0000,-1,-1,-1
227,44,546.40,461.90,27.40,75.70,0.9710,-1,-1,-1
227,45,647.70,455.20,30.40,91.50,0.6940,-1,-1,-1
227,46,1178.40,446.60,36.40,88.60,0.9990,-1,-1,-1
227,47,381.90,463.00,50.30,115.70,1.0000,-1,-1,-1
227,50,416.60,467.90,46.10,102.30,0.9990,-1,-1,-1
227,51,718.10,449.30,33.70,92.80,1.0000,-1,-1,-1
227,52,904.40,406.30,80.40,303.10,1.0000,-1,-1,-1
227,-1,568.20,432.90,20.50,37.50,0.0960,-1,-1,-1
228,2,1613.40,366.50,307.60,714.50,0.9990,-1,-1,-1
228,23,996.60,439.60,102.20,287.90,1.0000,-1,-1,-1
228,26,795.90,431.60,110.50,265.20,1.0000,-1,-1,-1
228,27,671.90,454.70,43.40,117.20,1.0000,-1,-1,-1
228,30,1086.70,440.00,93.00,229.10,0.9990,-1,-1,-1
228,35,458.50,462.20,28.90,71.00,0.8680,-1,-1,-1
228,36,1435.70,422.30,194.00,636.00,1.0000,-1,-1,-1
228,42,574.20,455.70,34.40,85.90,1.0000,-1,-1,-1
228,44,544.70,461.80,28.10,75.80,0.9790,-1,-1,-1
228,46,1178.50,448.00,36.30,89.50,0.9990,-1,-1,-1
228,47,382.50,463.50,49.50,114.80,1.0000,-1,-1,-1
228,50,416.20,467.80,45.40,103.30,0.9990,-1,-1,-1
228,51,717.60,452.30,32.30,89.90,0.9990,-1,-1,-1
228,52,908.60,405.90,81.60,305.60,1.0000,-1,-1,-1
228,45,654.40,455.70,35.50,102.70,0.2410,-1,-1,-1
228,-1,566.60,432.60,20.50,39.30,0.0810,-1,-1,-1
229,2,1625.10,344.30,295.90,736.70,0.9990,-1,-1,-1
229,23,997.40,436.10,108.30,291.80,1.0000,-1,-1,-1
229,26,797.80,433.90,117.80,264.00,1.0000,-1,-1,-1
229,27,669.20,453.80,42.00,117.20,1.0000,-1,-1,-1
229,30,1087.80,430.50,98.00,240.70,1.0000,-1,-1,-1
229,35,461.00,461.90,27.60,68.00,0.8120,-1,-1,-1
229,36,1437.50,420.50,196.60,656.90,1.0000,-1,-1,-1
229,42,573.70,454.60,34.60,87.30,1.0000,-1,-1,-1
229,44,544.70,461.30,28.70,76.60,0.9800,-1,-1,-1
229,46,1179.50,449.00,35.60,88.00,0.9990,-1,-1,-1
229,47,382.00,463.20,49.00,115.40,1.0000,-1,-1,-1
229,50,415.50,468.00,45.40,103.00,0.9990,-1,-1,-1
229,51,715.40,450.80,33.10,93.60,1.0000,-1,-1,-1
229,52,910.80,401.90,83.00,308.40,1.0000,-1,-1,-1
229,-1,569.60,433.20,21.10,38.80,0.1070,-1,-1,-1
229,-1,693.50,452.10,30.70,107.40,0.0820,-1,-1,-1
230,2,1641.70,362.30,279.30,718.70,1.0000,-1,-1,-1
230,23,999.90,441.20,113.70,286.00,1.0000,-1,-1,-1
230,26,796.40,431.60,126.60,260.90,1.0000,-1,-1,-1
230,27,668.30,453.20,41.40,117.30,1.0000,-1,-1,-1
230,30,1087.90,438.20,99.40,234.90,0.9990,-1,-1,-1
230,36,1446.00,417.60,193.90,663.40,1.0000,-1,-1,-1
230,42,573.40,456.10,33.40,84.90,1.0000,-1,-1,-1
230,44,543.40,461.50,29.10,76.30,0.9850,-1,-1,-1
230,46,1180.90,445.80,35.90,91.00,1.0000,-1,-1,-1
230,47,381.80,463.50,50.00,115.00,1.0000,-1,-1,-1
230,50,414.30,468.30,46.00,103.00,0.9990,-1,-1,-1
230,51,715.70,451.50,33.10,92.50,1.0000,-1,-1,-1
230,52,911.40,409.60,87.80,302.80,0.9990,-1,-1,-1
230,35,463.70,462.60,25.90,65.00,0.5830,-1,-1,-1
230,45,642.10,452.80,26.70,92.70,0.1620,-1,-1,-1
230,-1,699.80,451.80,28.60,104.00,0.0770,-1,-1,-1
230,-1,569.20,430.30,20.30,37.10,0.0610,-1,-1,-1
231,2,1656.50,378.30,264.50,702.70,0.9990,-1,-1,-1
231,23,1000.40,442.30,121.60,283.90,1.0000,-1,-1,-1
231,26,801.70,431.00,122.80,267.20,1.0000,-1,-1,-1
231,27,666.20,451.30,42.40,120.10,1.0000,-1,-1,-1
231,30,1091.20,435.00,92.60,240.30,0.9990,-1,-1,-1
231,35,462.00,462.80,26.80,65.70,0.6290,-1,-1,-1
231,36,1447.00,418.30,204.30,662.70,1.0000,-1,-1,-1
231,42,573.60,455.50,34.30,85.90,1.0000,-1,-1,-1
231,44,543.20,461.70,29.50,76.80,0.9870,-1,-1,-1
231,46,1179.70,446.70,35.80,90.80,0.9980,-1,-1,-1
231,47,381.70,463.20,49.70,115.10,1.0000,-1,-1,-1
231,50,414.50,468.30,45.70,102.90,0.9990,-1,-1,-1
231,51,715.30,452.60,33.70,91.10,1.0000,-1,-1,-1
231,52,915.30,412.00,88.80,302.10,1.0000,-1,-1,-1
231,-1,568.10,431.70,20.00,36.60,0.0800,-1,-1,-1
232,2,1662.00,375.20,259.00,705.80,0.9980,-1,-1,-1
232,23,1001.90,441.60,121.00,282.00,1.0000,-1,-1,-1
232,26,804.80,434.20,120.00,260.20,1.0000,-1,-1,-1
232,27,665.20,450.20,42.00,121.60,1.0000,-1,-1,-1
232,30,1093.80,435.40,94.00,237.10,0.9980,-1,-1,-1
232,36,1449.50,418.60,212.70,662.40,1.0000,-1,-1,-1
232,42,574.20,454.90,34.40,86.40,1.0000,-1,-1,-1
232,44,543.70,462.00,29.40,77.00,0.9860,-1,-1,-1
232,46,1178.40,447.60,35.90,87.10,0.9920,-1,-1,-1
232,47,381.30,462.60,50.10,115.80,1.0000,-1,-1,-1
232,50,414.70,468.50,45.20,102.90,0.9990,-1,-1,-1
232,51,716.50,452.80,33.00,94.20,1.0000,-1,-1,-1
232,52,918.40,412.20,90.60,302.10,1.0000,-1,-1,-1
232,35,461.90,462.40,26.60,66.10,0.5390,-1,-1,-1
232,-1,568.50,432.40,19.80,36.30,0.0690,-1,-1,-1
233,2,1681.90,367.10,239.10,713.90,0.9960,-1,-1,-1
233,23,1009.70,441.20,119.70,285.20,1.0000,-1,-1,-1
233,26,803.20,437.60,126.20,254.60,1.0000,-1,-1,-1
233,27,664.60,451.10,41.20,119.40,1.0000,-1,-1,-1
233,30,1095.40,435.60,90.20,235.00,0.9940,-1,-1,-1
233,36,1453.30,427.50,214.80,652.70,1.0000,-1,-1,-1
233,42,574.90,454.60,35.60,86.50,0.9990,-1,-1,-1
233,44,543.70,461.40,30.00,77.20,0.9890,-1,-1,-1
233,46,1177.10,445.00,37.00,88.40,0.9650,-1,-1,-1
233,47,381.30,462.80,50.50,116.00,1.0000,-1,-1,-1
233,50,415.10,467.70,46.00,103.10,0.9990,-1,-1,-1
233,51,717.90,452.90,32.10,93.70,1.0000,-1,-1,-1
233,52,920.10,415.60,98.10,298.50,1.0000,-1,-1,-1
233,35,460.10,462.10,27.90,68.80,0.5520,-1,-1,-1
233,-1,569.00,433.50,20.70,38.40,0.0560,-1,-1,-1
234,2,1695.50,368.10,225.50,712.90,0.9980,-1,-1,-1
234,23,1014.20,446.60,115.00,274.30,1.0000,-1,-1,-1
234,26,806.10,428.10,123.10,266.20,1.0000,-1,-1,-1
234,27,662.60,450.60,42.10,119.90,1.0000,-1,-1,-1
234,30,1099.60,438.40,85.80,238.20,0.9860,-1,-1,-1
234,35,459.10,461.50,28.60,70.80,0.6320,-1,-1,-1
234,36,1458.80,421.20,214.40,659.80,1.0000,-1,-1,-1
234,42,574.70,455.20,36.00,85.70,1.0000,-1,-1,-1
234,44,544.70,462.00,28.70,76.20,0.9880,-1,-1,-1
234,46,1173.10,443.00,40.00,98.20,0.9170,-1,-1,-1
234,47,381.30,462.70,50.60,115.80,1.0000,-1,-1,-1
234,50,414.50,467.20,46.50,103.70,0.9990,-1,-1,-1
234,51,717.30,452.70,31.60,94.00,1.0000,-1,-1,-1
234,52,916.50,410.60,104.60,301.30,1.0000,-1,-1,-1
234,-1,567.30,433.40,20.40,36.60,0.0500,-1,-1,-1
235,2,1708.40,370.50,212.60,710.50,0.9980,-1,-1,-1
235,23,1015.00,444.80,118.20,278.40,1.0000,-1,-1,-1
235,26,807.10,438.00,124.50,255.00,1.0000,-1,-1,-1
235,27,661.60,450.20,42.40,119.60,1.0000,-1,-1,-1
235,30,1101.20,444.30,86.80,230.90,0.9970,-1,-1,-1
235,36,1459.60,420.10,222.60,660.90,1.0000,-1,-1,-1
235,42,574.90,454.90,36.10,85.70,1.0000,-1,-1,-1
235,44,544.10,461.20,28.50,77.00,0.9900,-1,-1,-1
235,47,380.90,462.90,49.90,115.20,1.0000,-1,-1,-1
235,50,414.80,467.70,46.70,103.70,0.9990,-1,-1,-1
235,51,716.90,451.80,32.10,94.30,1.0000,-1,-1,-1
235,52,916.90,407.80,113.70,307.30,1.0000,-1,-1,-1
235,35,457.10,462.10,29.30,72.00,0.5850,-1,-1,-1
235,46,1173.80,449.30,38.00,86.50,0.3110,-1,-1,-1
236,2,1729.20,385.30,191.80,695.70,0.9950,-1,-1,-1
236,23,1020.00,444.70,114.60,278.30,1.0000,-1,-1,-1
236,26,808.70,431.60,122.00,259.90,1.0000,-1,-1,-1
236,27,660.70,449.90,42.00,119.00,1.0000,-1,-1,-1
236,30,1104.20,443.70,85.20,228.40,0.9970,-1,-1,-1
236,36,1461.10,419.70,225.00,661.30,1.0000,-1,-1,-1
236,42,574.90,453.70,35.20,87.20,1.0000,-1,-1,-1
236,44,544.50,460.40,27.90,77.80,0.9870,-1,-1,-1
236,47,381.00,463.00,50.30,115.20,1.0000,-1,-1,-1
236,50,414.50,467.70,46.60,103.70,0.9990,-1,-1,-1
236,51,716.10,450.60,33.10,94.90,1.0000,-1,-1,-1
236,52,923.20,411.70,118.00,299.30,1.0000,-1,-1,-1
236,35,458.10,461.70,28.80,70.90,0.5960,-1,-1,-1
236,46,1173.90,450.10,39.20,83.40,0.1120,-1,-1,-1
236,-1,568.10,433.60,20.70,37.60,0.0710,-1,-1,-1
237,2,1733.90,365.90,187.10,715.10,0.9740,-1,-1,-1
237,23,1024.10,445.90,114.70,275.20,1.0000,-1,-1,-1
237,26,809.00,429.50,127.10,262.50,1.0000,-1,-1,-1
237,27,658.60,450.70,42.70,118.70,1.0000,-1,-1,-1
237,30,1099.30,444.10,87.70,231.60,0.9600,-1,-1,-1
237,36,1456.90,412.00,237.60,669.00,1.0000,-1,-1,-1
237,42,574.20,454.70,36.00,86.60,1.0000,-1,-1,-1
237,44,545.00,460.30,29.10,78.70,0.9930,-1,-1,-1
237,47,381.10,463.00,50.50,115.90,1.0000,-1,-1,-1
237,50,415.00,467.90,46.40,103.10,0.9990,-1,-1,-1
237,51,716.20,450.40,33.20,94.30,1.0000,-1,-1,-1
237,52,918.30,414.30,128.00,301.80,1.0000,-1,-1,-1
237,35,456.10,462.00,30.00,72.50,0.5690,-1,-1,-1
237,46,1171.70,451.40,43.20,84.90,0.1590,-1,-1,-1
237,-1,568.50,433.40,20.70,38.50,0.0550,-1,-1,-1
238,2,1752.90,374.10,168.10,706.90,0.9920,-1,-1,-1
238,23,1027.80,442.90,110.30,280.20,1.0000,-1,-1,-1
238,26,811.70,432.90,125.60,253.10,1.0000,-1,-1,-1
238,27,657.90,451.00,42.20,119.00,1.0000,-1,-1,-1
238,30,1100.30,449.40,82.80,226.40,0.8120,-1,-1,-1
238,36,1458.10,412.10,237.20,668.90,1.0000,-1,-1,-1
238,42,574.10,454.30,35.60,87.70,1.0000,-1,-1,-1
238,44,544.40,460.40,29.10,78.20,0.9930,-1,-1,-1
238,47,381.10,462.80,49.70,115.40,1.0000,-1,-1,-1
238,50,414.80,468.50,45.80,102.80,0.9990,-1,-1,-1
238,51,715.50,450.10,34.10,94.80,1.0000,-1,-1,-1
238,52,922.10,415.20,134.50,298.20,1.0000,-1,-1,-1
238,35,457.70,462.10,29.20,70.90,0.5550,-1,-1,-1
238,46,1171.00,447.60,43.30,94.80,0.3050,-1,-1,-1
238,-1,570.70,434.90,21.40,39.60,0.0600,-1,-1,-1
239,2,1753.20,376.70,167.80,704.30,0.9140,-1,-1,-1
239,23,1032.60,438.80,111.00,285.00,1.0000,-1,-1,-1
239,26,816.90,425.80,116.90,262.90,1.0000,-1,-1,-1
239,27,656.70,451.60,41.90,118.80,1.0000,-1,-1,-1
239,35,458.00,463.00,29.00,68.60,0.6130,-1,-1,-1
239,36,1463.00,404.60,237.20,676.40,1.0000,-1,-1,-1
239,42,574.70,454.50,37.70,87.00,1.0000,-1,-1,-1
239,44,543.90,459.90,30.40,78.70,0.9950,-1,-1,-1
239,47,381.70,463.20,49.60,115.40,1.0000,-1,-1,-1
239,50,415.20,468.00,44.40,103.30,0.9990,-1,-1,-1
239,51,714.50,450.70,34.30,93.60,1.0000,-1,-1,-1
239,52,923.70,407.30,128.80,305.60,1.0000,-1,-1,-1
239,30,1106.60,451.20,77.80,223.70,0.3060,-1,-1,-1
239,46,1169.40,449.90,45.70,94.30,0.2190,-1,-1,-1
239,-1,505.60,458.40,21.20,53.10,0.4350,-1,-1,-1
239,-1,799.70,475.20,45.10,76.60,0.0810,-1,-1,-1
240,23,1031.90,442.50,113.90,282.80,1.0000,-1,-1,-1
240,26,816.80,433.80,117.30,252.00,1.0000,-1,-1,-1
240,27,656.10,452.30,40.80,117.00,1.0000,-1,-1,-1
240,36,1466.10,411.20,238.80,666.80,1.0000,-1,-1,-1
240,42,574.90,454.30,37.90,87.40,1.0000,-1,-1,-1
240,44,543.60,459.50,30.20,79.10,0.9940,-1,-1,-1
240,46,1172.70,445.80,45.70,102.10,0.9890,-1,-1,-1
240,47,381.70,463.00,49.80,116.00,1.0000,-1,-1,-1
240,50,415.70,468.10,44.70,102.80,0.9990,-1,-1,-1
240,51,714.00,450.90,35.50,95.30,1.0000,-1,-1,-1
240,52,918.30,414.20,134.20,298.10,1.0000,-1,-1,-1
240,2,1762.20,372.30,158.80,708.70,0.5190,-1,-1,-1
240,30,1101.30,445.50,80.90,238.50,0.1420,-1,-1,-1
240,35,459.70,462.20,28.60,68.20,0.5830,-1,-1,-1
240,-1,507.00,457.60,21.70,53.70,0.5210,-1,-1,-1
240,-1,797.10,478.20,48.70,65.00,0.7780,-1,-1,-1
241,23,1037.70,438.20,112.50,285.20,1.0000,-1,-1,-1
241,26,824.50,429.80,110.90,260.80,1.0000,-1,-1,-1
241,27,655.60,452.90,39.90,116.00,1.0000,-1,-1,-1
241,35,461.90,461.30,28.10,66.90,0.6550,-1,-1,-1
241,36,1478.80,404.60,236.40,669.50,1.0000,-1,-1,-1
241,42,574.60,454.80,38.90,87.00,1.0000,-1,-1,-1
241,44,544.90,460.30,30.20,78.20,0.9940,-1,-1,-1
241,46,1172.60,444.70,48.30,105.80,0.9980,-1,-1,-1
241,47,381.90,463.20,49.40,115.10,1.0000,-1,-1,-1
241,50,415.70,468.20,44.70,103.10,0.9990,-1,-1,-1
241,51,713.60,450.10,36.30,96.70,1.0000,-1,-1,-1
241,52,919.20,414.20,135.60,299.40,1.0000,-1,-1,-1
241,53,797.00,477.70,54.20,61.20,0.9750,-1,-1,-1
241,30,1110.10,446.80,72.60,233.40,0.2200,-1,-1,-1
241,-1,501.30,458.60,21.80,54.60,0.4970,-1,-1,-1
242,23,1038.40,441.40,110.60,284.30,1.0000,-1,-1,-1
242,26,829.60,432.70,107.20,254.80,1.0000,-1,-1,-1
242,27,655.10,452.50,39.90,117.50,1.0000,-1,-1,-1
242,30,1117.80,450.50,69.50,222.60,0.8480,-1,-1,-1
242,36,1489.90,398.10,227.60,682.90,1.0000,-1,-1,-1
242,42,574.70,455.00,39.20,86.70,1.0000,-1,-1,-1
242,44,545.60,460.20,30.90,79.50,0.9950,-1,-1,-1
242,46,1175.00,441.70,50.50,112.00,1.0000,-1,-1,-1
242,47,381.80,463.00,49.70,115.70,1.0000,-1,-1,-1
242,50,415.90,467.80,44.50,102.90,0.9990,-1,-1,-1
242,51,713.00,450.50,35.90,96.10,1.0000,-1,-1,-1
242,52,922.70,410.50,132.10,299.20,1.0000,-1,-1,-1
242,53,794.80,477.30,60.20,60.10,0.9960,-1,-1,-1
242,35,462.10,462.30,28.50,67.60,0.5650,-1,-1,-1
242,-1,503.50,458.60,22.50,55.50,0.8780,-1,-1,-1
243,23,1050.40,441.70,100.30,281.30,1.0000,-1,-1,-1
243,26,837.90,433.80,103.70,252.00,1.0000,-1,-1,-1
243,27,654.70,451.60,39.80,118.30,1.0000,-1,-1,-1
243,30,1117.80,448.20,72.60,225.20,0.9910,-1,-1,-1
243,36,1497.60,405.30,223.50,674.00,1.0000,-1,-1,-1
243,42,577.10,455.20,38.60,85.30,1.0000,-1,-1,-1
243,44,546.20,459.60,31.20,80.10,0.9980,-1,-1,-1
243,46,1174.00,441.80,53.60,112.80,0.9990,-1,-1,-1
243,47,381.70,463.30,49.50,114.90,1.0000,-1,-1,-1
243,50,415.60,468.10,44.50,103.00,1.0000,-1,-1,-1
243,51,714.00,450.60,35.50,94.70,1.0000,-1,-1,-1
243,52,928.90,408.30,125.50,299.00,1.0000,-1,-1,-1
243,53,794.40,477.60,59.80,57.40,0.9980,-1,-1,-1
243,54,503.60,458.10,22.40,56.00,0.8390,-1,-1,-1
243,35,461.30,462.90,28.80,67.90,0.5310,-1,-1,-1
244,23,1058.30,441.50,95.40,280.60,1.0000,-1,-1,-1
244,26,845.40,433.80,102.60,250.80,1.0000,-1,-1,-1
244,27,654.40,451.90,39.40,116.80,1.0000,-1,-1,-1
244,30,1118.10,443.60,67.40,234.00,0.8930,-1,-1,-1
244,36,1511.70,407.50,213.20,668.10,1.0000,-1,-1,-1
244,42,577.80,455.20,37.30,85.40,1.0000,-1,-1,-1
244,44,546.10,460.50,30.50,79.00,0.9980,-1,-1,-1
244,46,1177.10,441.60,52.80,110.70,1.0000,-1,-1,-1
244,47,381.40,463.80,49.70,114.30,1.0000,-1,-1,-1
244,50,415.30,468.10,44.80,103.60,1.0000,-1,-1,-1
244,51,714.40,450.20,36.20,96.30,1.0000,-1,-1,-1
244,52,930.30,412.70,123.10,294.40,1.0000,-1,-1,-1
244,53,795.60,477.90,60.40,57.40,0.9990,-1,-1,-1
244,54,503.80,458.00,22.60,56.50,0.8490,-1,-1,-1
244,35,458.70,463.00,30.10,70.60,0.4220,-1,-1,-1
244,49,824.90,476.00,64.90,73.60,0.0540,-1,-1,-1
244,-1,1039.30,452.20,41.30,110.90,0.0930,-1,-1,-1
245,23,1066.70,444.30,92.90,275.90,1.0000,-1,-1,-1
245,26,858.20,441.40,90.70,242.30,1.0000,-1,-1,-1
245,27,654.00,453.30,39.30,114.60,1.0000,-1,-1,-1
245,36,1523.60,405.40,209.90,662.20,1.0000,-1,-1,-1
245,42,579.30,455.30,37.60,85.60,1.0000,-1,-1,-1
245,44,546.10,459.80,30.40,79.40,0.9990,-1,-1,-1
245,46,1179.70,443.90,51.30,107.30,1.0000,-1,-1,-1
245,47,381.50,463.60,49.70,114.40,1.0000,-1,-1,-1
245,49,832.60,474.70,60.60,73.40,0.8480,-1,-1,-1
245,50,415.40,468.40,45.10,102.80,0.9990,-1,-1,-1
245,51,716.40,450.00,35.50,97.90,1.0000,-1,-1,-1
245,52,935.70,414.80,119.10,294.30,1.0000,-1,-1,-1
245,53,795.90,477.10,60.10,59.30,1.0000,-1,-1,-1
245,54,504.10,458.00,22.60,56.40,0.8800,-1,-1,-1
245,35,457.50,462.60,30.70,71.40,0.5520,-1,-1,-1
245,-1,1042.90,454.80,38.40,98.10,0.4010,-1,-1,-1
245,-1,565.40,457.70,26.90,81.90,0.2710,-1,-1,-1
246,23,1075.80,442.30,92.90,280.40,1.0000,-1,-1,-1
246,26,870.30,437.70,82.30,245.90,1.0000,-1,-1,-1
246,27,653.80,452.60,38.70,115.80,1.0000,-1,-1,-1
246,36,1532.90,407.70,209.90,658.30,1.0000,-1,-1,-1
246,42,579.20,455.00,38.10,86.20,1.0000,-1,-1,-1
246,44,545.80,460.70,29.90,78.20,0.9980,-1,-1,-1
246,46,1181.40,442.10,50.80,108.60,1.0000,-1,-1,-1
246,47,380.80,464.00,50.20,113.60,1.0000,-1,-1,-1
246,49,835.80,470.90,52.80,78.60,0.9990,-1,-1,-1
246,50,415.20,468.30,45.70,103.30,1.0000,-1,-1,-1
246,51,715.80,450.20,35.50,97.80,1.0000,-1,-1,-1
246,52,938.70,408.40,112.10,301.10,1.0000,-1,-1,-1
246,53,794.30,476.00,60.10,60.20,1.0000,-1,-1,-1
246,54,504.30,457.70,23.00,56.50,0.9130,-1,-1,-1
246,35,455.60,463.30,31.70,72.90,0.5250,-1,-1,-1
246,-1,1041.70,448.20,34.30,96.90,0.9300,-1,-1,-1
247,23,1080.20,439.30,92.30,282.80,1.0000,-1,-1,-1
247,26,878.00,437.00,76.60,249.10,1.0000,-1,-1,-1
247,27,653.30,453.20,38.70,115.50,1.0000,-1,-1,-1
247,36,1543.60,405.40,203.70,675.60,1.0000,-1,-1,-1
247,42,579.50,455.60,38.00,85.20,1.0000,-1,-1,-1
247,44,546.30,460.70,30.10,78.50,0.9990,-1,-1,-1
247,46,1185.40,440.20,47.70,108.40,1.0000,-1,-1,-1
247,47,381.20,463.70,49.40,114.20,1.0000,-1,-1,-1
247,49,834.80,472.60,54.10,76.70,1.0000,-1,-1,-1
247,50,415.00,468.00,45.40,103.50,1.0000,-1,-1,-1
247,51,715.40,450.20,36.30,96.10,1.0000,-1,-1,-1
247,52,944.50,415.00,109.10,298.00,1.0000,-1,-1,-1
247,53,794.00,476.20,59.30,60.20,1.0000,-1,-1,-1
247,54,505.50,457.50,23.20,57.30,0.9070,-1,-1,-1
247,55,1044.10,445.50,35.10,94.00,0.9490,-1,-1,-1
247,35,456.60,462.80,31.20,72.30,0.4480,-1,-1,-1
247,-1,565.50,458.30,26.70,80.70,0.2650,-1,-1,-1
248,23,1080.20,437.60,99.10,286.90,1.0000,-1,-1,-1
248,26,879.90,434.60,82.40,250.80,1.0000,-1,-1,-1
248,27,652.40,452.90,38.50,114.30,1.0000,-1,-1,-1
248,36,1546.40,408.60,208.70,672.40,1.0000,-1,-1,-1
248,42,578.70,455.80,38.50,85.00,1.0000,-1,-1,-1
248,44,547.30,460.20,30.10,78.20,0.9970,-1,-1,-1
248,46,1186.60,439.10,47.50,109.90,1.0000,-1,-1,-1
248,47,381.40,464.00,49.50,114.10,1.0000,-1,-1,-1
248,49,834.80,471.90,53.50,78.00,1.0000,-1,-1,-1
248,50,415.30,467.90,45.70,103.20,1.0000,-1,-1,-1
248,51,715.20,450.20,37.10,97.60,1.0000,-1,-1,-1
248,52,951.50,416.50,102.80,292.10,1.0000,-1,-1,-1
248,53,794.20,475.90,57.80,61.10,1.0000,-1,-1,-1
248,54,507.50,456.70,23.40,57.70,0.9160,-1,-1,-1
248,55,1045.10,446.30,37.30,92.10,0.9330,-1,-1,-1
248,35,455.60,462.30,31.50,73.60,0.3560,-1,-1,-1
249,23,1084.10,440.90,103.70,281.20,1.0000,-1,-1,-1
249,26,883.60,436.10,79.90,249.60,1.0000,-1,-1,-1
249,27,651.80,452.50,38.30,113.00,1.0000,-1,-1,-1
249,36,1543.20,396.30,217.90,684.70,1.0000,-1,-1,-1
249,42,578.80,455.90,38.60,84.50,1.0000,-1,-1,-1
249,44,547.30,461.10,29.80,77.90,0.9980,-1,-1,-1
249,46,1188.40,436.40,47.90,113.70,1.0000,-1,-1,-1
249,47,381.30,464.20,49.20,113.70,1.0000,-1,-1,-1
249,49,835.60,471.20,53.20,79.90,1.0000,-1,-1,-1
249,50,415.70,468.10,45.60,102.60,1.0000,-1,-1,-1
249,51,715.80,450.00,37.30,98.50,1.0000,-1,-1,-1
249,52,958.60,421.30,98.20,286.60,1.0000,-1,-1,-1
249,53,794.10,475.90,57.90,60.80,1.0000,-1,-1,-1
249,54,510.70,456.50,23.50,57.50,0.9200,-1,-1,-1
249,55,1049.30,446.70,35.70,95.90,0.8130,-1,-1,-1
249,35,453.80,462.50,31.90,74.40,0.2510,-1,-1,-1
250,23,1084.20,440.00,110.50,282.90,1.0000,-1,-1,-1
250,26,885.00,435.10,82.40,250.00,1.0000,-1,-1,-1
250,27,651.10,451.40,39.40,114.10,1.0000,-1,-1,-1
250,36,1546.10,398.20,223.90,682.80,1.0000,-1,-1,-1
250,42,579.40,456.20,38.40,84.90,1.0000,-1,-1,-1
250,44,548.70,460.30,29.50,78.60,0.9980,-1,-1,-1
250,46,1190.10,438.50,44.50,111.50,0.9990,-1,-1,-1
250,47,382.00,463.90,49.50,114.70,1.0000,-1,-1,-1
250,49,834.90,472.40,52.80,76.80,1.0000,-1,-1,-1
250,50,416.50,467.70,44.90,102.30,1.0000,-1,-1,-1
250,51,715.30,449.40,36.90,99.70,1.0000,-1,-1,-1
250,52,968.70,412.10,90.50,296.70,1.0000,-1,-1,-1
250,53,796.10,476.10,57.00,60.50,1.0000,-1,-1,-1
250,54,511.00,456.60,23.40,57.30,0.9000,-1,-1,-1
250,55,1046.40,442.60,37.70,100.60,0.8140,-1,-1,-1
250,35,452.70,462.40,32.20,76.20,0.2220,-1,-1,-1
251,23,1085.10,439.90,111.10,284.50,1.0000,-1,-1,-1
251,26,890.40,435.60,83.20,250.50,1.0000,-1,-1,-1
251,27,651.30,450.40,38.40,115.50,1.0000,-1,-1,-1
251,36,1553.70,394.60,228.70,686.40,1.0000,-1,-1,-1
251,42,579.70,456.30,38.60,85.60,1.0000,-1,-1,-1
251,44,549.20,460.50,29.80,78.80,0.9980,-1,-1,-1
251,46,1194.00,439.80,40.90,110.30,0.9990,-1,-1,-1
251,47,381.40,463.90,49.90,114.80,1.0000,-1,-1,-1
251,49,836.90,472.00,51.60,78.70,1.0000,-1,-1,-1
251,50,415.70,467.20,45.90,103.50,1.0000,-1,-1,-1
251,51,715.20,448.60,37.80,101.00,1.0000,-1,-1,-1
251,52,977.90,415.20,83.40,287.70,1.0000,-1,-1,-1
251,53,795.90,475.90,55.60,61.90,1.0000,-1,-1,-1
251,54,502.40,457.50,24.00,59.00,0.9270,-1,-1,-1
251,55,1036.60,439.10,44.60,121.60,0.1740,-1,-1,-1
252,23,1087.60,442.00,110.30,281.20,1.0000,-1,-1,-1
252,26,891.50,433.10,90.10,253.10,1.0000,-1,-1,-1
252,27,651.10,451.50,38.40,115.00,1.0000,-1,-1,-1
252,36,1559.10,393.10,228.70,687.90,1.0000,-1,-1,-1
252,42,581.20,456.60,38.10,85.30,1.0000,-1,-1,-1
252,44,548.10,460.80,30.30,79.10,0.9990,-1,-1,-1
252,46,1195.60,437.20,40.90,113.70,0.9950,-1,-1,-1
252,47,381.40,463.60,49.60,114.90,1.0000,-1,-1,-1
252,49,837.20,471.80,52.00,79.80,1.0000,-1,-1,-1
252,50,415.70,467.30,45.90,103.10,1.0000,-1,-1,-1
252,51,716.20,448.00,37.90,100.90,1.0000,-1,-1,-1
252,52,986.80,414.20,76.90,292.80,1.0000,-1,-1,-1
252,53,795.50,476.00,56.00,61.80,1.0000,-1,-1,-1
252,54,501.60,457.70,24.00,58.30,0.9200,-1,-1,-1
252,-1,565.70,459.20,24.90,80.70,0.3500,-1,-1,-1
253,23,1088.40,442.10,109.10,281.70,1.0000,-1,-1,-1
253,26,892.80,434.20,95.80,255.00,1.0000,-1,-1,-1
253,27,649.30,452.60,38.30,114.10,1.0000,-1,-1,-1
253,36,1560.10,402.30,235.20,678.70,1.0000,-1,-1,-1
253,42,581.80,457.20,37.50,84.80,1.0000,-1,-1,-1
253,44,548.40,461.20,29.40,77.80,0.9980,-1,-1,-1
253,46,1195.10,439.70,42.00,113.80,0.9240,-1,-1,-1
253,47,381.50,463.70,49.50,114.90,1.0000,-1,-1,-1
253,49,837.50,472.90,51.70,78.90,1.0000,-1,-1,-1
253,50,416.30,467.50,44.90,102.50,1.0000,-1,-1,-1
253,51,716.90,447.70,38.40,101.30,1.0000,-1,-1,-1
253,52,989.90,409.90,82.10,298.90,1.0000,-1,-1,-1
253,53,796.00,476.00,55.60,62.60,1.0000,-1,-1,-1
253,54,507.00,457.10,23.90,57.60,0.9230,-1,-1,-1
254,23,1091.10,441.60,109.50,282.10,1.0000,-1,-1,-1
254,26,893.40,428.20,96.10,261.40,1.0000,-1,-1,-1
254,27,648.40,453.20,38.40,113.70,1.0000,-1,-1,-1
254,36,1558.40,412.40,246.90,668.60,1.0000,-1,-1,-1
254,42,581.20,457.00,37.40,84.20,1.0000,-1,-1,-1
254,44,548.30,461.10,29.40,78.60,0.9980,-1,-1,-1
254,46,1190.80,441.70,45.50,110.00,0.6780,-1,-1,-1
254,47,381.50,463.40,49.30,115.10,1.0000,-1,-1,-1
254,49,836.10,473.80,52.90,77.20,1.0000,-1,-1,-1
254,50,415.80,466.80,45.10,103.50,1.0000,-1,-1,-1
254,51,716.90,447.40,38.30,101.80,1.0000,-1,-1,-1
254,52,993.70,411.00,83.90,296.30,1.0000,-1,-1,-1
254,53,796.80,476.10,54.40,61.70,1.0000,-1,-1,-1
254,54,506.70,457.40,23.90,57.30,0.9200,-1,-1,-1
254,-1,1078.40,457.90,34.70,103.40,0.2300,-1,-1,-1
255,23,1091.10,444.30,111.90,279.30,1.0000,-1,-1,-1
255,26,893.60,432.70,96.60,251.70,1.0000,-1,-1,-1
255,27,647.20,452.10,39.10,115.40,1.0000,-1,-1,-1
255,36,1562.10,398.10,243.30,682.90,1.0000,-1,-1,-1
255,42,580.40,456.70,38.10,84.80,1.0000,-1,-1,-1
255,44,547.80,461.00,28.80,78.60,0.9980,-1,-1,-1
255,47,381.20,463.20,49.20,115.10,1.0000,-1,-1,-1
255,49,836.30,474.20,53.50,75.90,1.0000,-1,-1,-1
255,50,416.00,467.10,45.30,103.40,1.0000,-1,-1,-1
255,51,717.10,447.80,38.90,101.30,1.0000,-1,-1,-1
255,52,994.30,411.80,91.80,293.40,1.0000,-1,-1,-1
255,53,796.80,476.40,55.20,61.40,1.0000,-1,-1,-1
255,54,506.90,457.80,23.80,56.20,0.8950,-1,-1,-1
255,46,1189.80,443.10,49.10,112.70,0.3810,-1,-1,-1
255,-1,1077.60,454.60,36.60,116.50,0.1620,-1,-1,-1
256,23,1092.00,445.90,111.50,279.20,1.0000,-1,-1,-1
256,26,892.90,437.30,100.70,252.80,1.0000,-1,-1,-1
256,27,646.40,452.30,39.80,115.00,1.0000,-1,-1,-1
256,36,1564.10,394.90,246.50,686.10,1.0000,-1,-1,-1
256,42,580.00,456.70,38.70,85.20,1.0000,-1,-1,-1
256,44,548.50,460.60,28.60,78.60,0.9980,-1,-1,-1
256,46,1190.20,442.30,48.90,116.30,0.7000,-1,-1,-1
256,47,381.80,464.00,49.30,114.30,1.0000,-1,-1,-1
256,49,836.40,473.70,53.90,76.70,1.0000,-1,-1,-1
256,50,415.80,467.30,45.00,102.80,1.0000,-1,-1,-1
256,51,717.30,447.60,39.40,102.60,1.0000,-1,-1,-1
256,52,999.80,413.30,94.40,292.10,1.0000,-1,-1,-1
256,53,797.10,476.00,55.40,61.70,1.0000,-1,-1,-1
256,54,507.90,456.50,23.90,56.30,0.8590,-1,-1,-1
257,23,1091.40,444.90,115.40,279.60,1.0000,-1,-1,-1
257,26,895.80,435.40,100.10,255.40,1.0000,-1,-1,-1
257,27,645.40,452.40,39.00,114.20,1.0000,-1,-1,-1
257,36,1566.90,395.20,254.80,685.80,1.0000,-1,-1,-1
257,42,578.70,456.10,39.40,86.40,1.0000,-1,-1,-1
257,44,547.70,460.60,29.00,78.70,0.9970,-1,-1,-1
257,46,1193.60,444.60,49.50,114.00,0.7210,-1,-1,-1
257,47,381.90,464.00,48.60,114.10,1.0000,-1,-1,-1
257,49,836.10,472.60,53.90,77.80,1.0000,-1,-1,-1
257,50,415.70,466.70,44.90,103.30,1.0000,-1,-1,-1
257,51,717.30,448.20,39.40,101.70,1.0000,-1,-1,-1
257,52,1000.50,413.00,99.00,292.20,1.0000,-1,-1,-1
257,53,797.10,476.10,55.70,61.40,1.0000,-1,-1,-1
257,54,508.00,456.20,24.40,57.10,0.9080,-1,-1,-1
258,23,1091.50,444.10,121.50,278.10,1.0000,-1,-1,-1
258,26,896.30,435.20,101.50,253.30,1.0000,-1,-1,-1
258,27,644.60,452.40,38.90,113.50,1.0000,-1,-1,-1
258,36,1570.90,386.50,259.90,694.50,1.0000,-1,-1,-1
258,42,578.10,456.80,39.90,84.90,1.0000,-1,-1,-1
258,44,547.80,461.20,29.00,77.90,0.9970,-1,-1,-1
258,47,381.80,464.10,48.80,113.90,1.0000,-1,-1,-1
258,49,836.30,472.70,54.60,77.70,1.0000,-1,-1,-1
258,50,415.70,467.30,44.90,102.80,1.0000,-1,-1,-1
258,51,717.70,448.00,39.10,101.30,1.0000,-1,-1,-1
258,52,1001.90,414.40,107.40,289.60,1.0000,-1,-1,-1
258,53,796.80,476.10,55.80,61.50,1.0000,-1,-1,-1
258,54,509.80,455.90,24.80,57.40,0.9330,-1,-1,-1
258,46,1195.90,449.10,48.10,106.80,0.1810,-1,-1,-1
259,23,1093.50,439.50,121.10,276.30,0.9990,-1,-1,-1
259,26,900.50,432.10,95.00,251.30,1.0000,-1,-1,-1
259,27,643.40,452.90,38.70,112.80,1.0000,-1,-1,-1
259,36,1570.60,385.80,266.60,695.20,1.0000,-1,-1,-1
259,42,578.70,456.80,40.00,84.60,0.9990,-1,-1,-1
259,44,547.70,460.80,30.00,80.10,0.9990,-1,-1,-1
259,47,381.60,464.10,48.70,113.90,1.0000,-1,-1,-1
259,49,836.40,472.80,54.50,76.70,1.0000,-1,-1,-1
259,50,415.70,467.20,45.20,103.50,1.0000,-1,-1,-1
259,51,718.10,448.70,37.80,99.50,1.0000,-1,-1,-1
259,52,1000.10,414.10,116.20,281.50,1.0000,-1,-1,-1
259,53,797.00,476.40,56.50,61.20,1.0000,-1,-1,-1
259,54,509.80,457.80,24.00,55.60,0.9190,-1,-1,-1
259,46,1200.30,446.40,47.60,112.10,0.2100,-1,-1,-1
260,23,1101.60,441.20,116.80,277.90,1.0000,-1,-1,-1
260,26,905.40,429.70,95.90,251.90,1.0000,-1,-1,-1
260,27,644.40,454.40,36.00,111.10,1.0000,-1,-1,-1
260,36,1574.30,384.70,265.60,696.30,1.0000,-1,-1,-1
260,42,581.00,456.70,38.80,84.20,1.0000,-1,-1,-1
260,44,547.70,461.10,30.10,80.20,0.9980,-1,-1,-1
260,46,1202.60,444.40,46.60,112.30,0.6200,-1,-1,-1
260,47,382.20,463.80,48.90,114.70,1.0000,-1,-1,-1
260,49,836.40,473.10,54.50,77.20,1.0000,-1,-1,-1
260,50,415.60,466.80,46.00,104.20,1.0000,-1,-1,-1
260,51,718.60,448.90,38.50,100.50,1.0000,-1,-1,-1
260,52,1001.20,413.40,121.40,288.20,1.0000,-1,-1,-1
260,53,797.10,476.70,56.00,61.50,1.0000,-1,-1,-1
260,54,505.00,457.90,24.20,57.10,0.9250,-1,-1,-1
260,-1,519.20,458.60,23.20,56.00,0.9070,-1,-1,-1
261,23,1108.70,441.30,110.20,276.00,1.0000,-1,-1,-1
261,26,906.40,433.40,95.70,252.70,1.0000,-1,-1,-1
261,27,644.10,454.70,35.10,110.00,1.0000,-1,-1,-1
261,36,1581.00,385.80,267.30,695.20,1.0000,-1,-1,-1
261,42,581.00,457.60,39.20,83.50,1.0000,-1,-1,-1
261,44,548.90,461.30,29.90,79.90,0.9980,-1,-1,-1
261,46,1212.40,443.70,45.40,109.50,0.9990,-1,-1,-1
261,47,382.10,464.20,48.80,114.40,1.0000,-1,-1,-1
261,49,837.10,473.40,54.00,76.60,1.0000,-1,-1,-1
261,50,416.20,467.40,45.00,103.70,1.0000,-1,-1,-1
261,51,718.50,448.30,38.80,101.00,1.0000,-1,-1,-1
261,52,1000.50,416.20,133.40,289.00,1.0000,-1,-1,-1
261,53,797.00,477.20,55.20,59.60,1.0000,-1,-1,-1
261,54,505.60,458.00,23.80,55.90,0.8970,-1,-1,-1
261,56,520.10,458.40,22.70,55.30,0.8740,-1,-1,-1
262,23,1117.00,440.40,110.40,275.00,1.0000,-1,-1,-1
262,26,913.10,430.90,90.70,248.70,1.0000,-1,-1,-1
262,27,642.70,453.50,36.30,110.60,1.0000,-1,-1,-1
262,36,1583.00,387.10,272.20,693.90,1.0000,-1,-1,-1
262,42,581.90,457.20,39.90,83.90,1.0000,-1,-1,-1
262,44,549.20,460.70,29.70,79.10,0.9980,-1,-1,-1
262,46,1216.00,444.30,46.20,108.10,0.9990,-1,-1,-1
262,47,381.80,464.10,48.40,113.30,1.0000,-1,-1,-1
262,49,836.70,473.70,53.60,75.90,1.0000,-1,-1,-1
262,50,416.70,466.90,44.80,104.00,1.0000,-1,-1,-1
262,51,718.90,448.40,39.50,101.40,1.0000,-1,-1,-1
262,52,1003.60,417.40,133.20,287.80,1.0000,-1,-1,-1
262,53,797.10,477.00,55.00,60.70,1.0000,-1,-1,-1
262,54,510.20,458.70,23.50,54.10,0.8700,-1,-1,-1
263,23,1122.90,439.90,108.00,272.60,1.0000,-1,-1,-1
263,26,918.10,428.90,89.30,254.50,1.0000,-1,-1,-1
263,27,642.90,451.50,38.10,113.90,1.0000,-1,-1,-1
263,36,1586.40,400.00,278.10,681.00,1.0000,-1,-1,-1
263,42,581.80,457.00,40.30,83.80,1.0000,-1,-1,-1
263,44,549.40,460.00,29.60,80.00,0.9990,-1,-1,-1
263,46,1217.80,443.70,47.70,109.10,0.9990,-1,-1,-1
263,47,381.80,463.80,48.80,113.60,1.0000,-1,-1,-1
263,49,836.20,474.00,53.30,76.20,1.0000,-1,-1,-1
263,50,416.70,466.10,45.40,104.30,1.0000,-1,-1,-1
263,51,719.00,447.70,40.10,102.60,1.0000,-1,-1,-1
263,52,1003.30,417.80,133.60,291.30,1.0000,-1,-1,-1
263,53,797.60,477.30,54.80,60.30,1.0000,-1,-1,-1
263,54,510.20,458.80,23.20,53.30,0.8190,-1,-1,-1
264,23,1133.80,438.10,99.90,278.20,1.0000,-1,-1,-1
264,26,924.30,432.20,85.10,244.60,1.0000,-1,-1,-1
264,27,643.40,452.70,37.30,111.80,1.0000,-1,-1,-1
264,36,1598.80,403.70,285.80,677.30,1.0000,-1,-1,-1
264,42,582.10,457.10,40.30,82.90,1.0000,-1,-1,-1
264,44,550.60,458.60,30.40,81.10,1.0000,-1,-1,-1
264,46,1219.10,444.40,46.10,108.60,0.9990,-1,-1,-1
264,47,381.80,464.00,49.20,113.60,1.0000,-1,-1,-1
264,49,836.30,473.60,53.20,76.70,1.0000,-1,-1,-1
264,50,416.50,466.10,45.10,103.80,1.0000,-1,-1,-1
264,51,719.40,447.80,40.00,102.10,1.0000,-1,-1,-1
264,52,1006.60,414.20,131.60,294.30,1.0000,-1,-1,-1
264,53,797.50,477.20,54.70,60.20,1.0000,-1,-1,-1
264,54,503.90,457.50,23.20,56.40,0.8730,-1,-1,-1
264,56,519.70,457.50,22.20,55.20,0.8310,-1,-1,-1
265,23,1140.70,439.70,95.40,277.10,1.0000,-1,-1,-1
265,26,934.00,435.80,81.20,238.80,1.0000,-1,-1,-1
265,27,642.00,451.90,38.20,112.90,1.0000,-1,-1,-1
265,36,1609.00,392.50,268.10,688.50,1.0000,-1,-1,-1
265,42,581.70,457.90,41.20,82.90,0.9990,-1,-1,-1
265,44,550.80,458.70,30.80,82.20,1.0000,-1,-1,-1
265,46,1217.80,441.70,48.10,112.80,0.9940,-1,-1,-1
265,47,381.40,463.40,48.80,114.10,1.0000,-1,-1,-1
265,49,836.30,472.90,52.80,76.90,1.0000,-1,-1,-1
265,50,416.20,466.00,44.50,105.50,1.0000,-1,-1,-1
265,51,719.30,447.60,41.20,103.80,1.0000,-1,-1,-1
265,52,1007.90,412.20,129.50,293.30,1.0000,-1,-1,-1
265,53,797.60,476.90,54.00,60.60,1.0000,-1,-1,-1
265,54,507.10,458.00,23.10,55.10,0.9000,-1,-1,-1
265,56,522.20,458.70,21.70,55.20,0.7980,-1,-1,-1
265,-1,664.20,451.30,35.20,102.50,0.9160,-1,-1,-1
266,23,1144.30,440.60,97.80,279.20,1.0000,-1,-1,-1
266,26,937.20,433.80,79.50,236.40,1.0000,-1,-1,-1
266,27,642.90,453.20,36.50,109.40,1.0000,-1,-1,-1
266,36,1626.50,399.10,260.30,681.90,1.0000,-1,-1,-1
266,42,581.20,458.30,41.40,82.80,0.9990,-1,-1,-1
266,44,551.70,458.30,30.30,83.10,1.0000,-1,-1,-1
266,47,382.30,463.40,48.20,114.60,1.0000,-1,-1,-1
266,49,836.40,472.90,52.30,76.80,1.0000,-1,-1,-1
266,50,416.70,466.10,44.10,105.20,1.0000,-1,-1,-1
266,51,719.90,448.40,40.50,102.40,1.0000,-1,-1,-1
266,52,1009.70,415.90,130.80,287.60,1.0000,-1,-1,-1
266,53,797.70,476.80,54.00,60.60,1.0000,-1,-1,-1
266,54,503.30,458.90,22.70,56.20,0.8180,-1,-1,-1
266,56,520.30,458.30,21.60,54.80,0.7370,-1,-1,-1
266,57,666.90,451.10,34.40,99.80,0.9440,-1,-1,-1
266,46,1214.90,444.30,52.60,113.90,0.5900,-1,-1,-1
267,23,1145.70,439.10,101.50,281.30,1.0000,-1,-1,-1
267,26,946.10,432.00,73.30,240.30,0.9990,-1,-1,-1
267,27,641.00,452.60,38.70,111.30,1.0000,-1,-1,-1
267,36,1639.40,407.70,248.00,673.30,1.0000,-1,-1,-1
267,42,580.40,458.60,42.10,83.30,0.9980,-1,-1,-1
267,44,552.20,459.30,29.70,82.90,0.9990,-1,-1,-1
267,47,382.50,465.30,48.80,112.90,1.0000,-1,-1,-1
267,49,837.20,472.60,52.00,76.30,1.0000,-1,-1,-1
267,50,416.80,467.70,44.20,103.80,1.0000,-1,-1,-1
267,51,720.30,447.90,40.40,102.30,1.0000,-1,-1,-1
267,52,1012.70,417.80,129.90,284.80,1.0000,-1,-1,-1
267,53,797.40,475.90,54.70,61.90,1.0000,-1,-1,-1
267,57,665.60,450.90,35.90,102.50,0.9780,-1,-1,-1
267,54,498.80,461.90,22.70,54.70,0.4270,-1,-1,-1
267,56,517.40,458.30,21.10,53.60,0.4910,-1,-1,-1
268,23,1146.10,445.70,110.90,272.60,1.0000,-1,-1,-1
268,26,951.00,432.60,77.00,245.60,0.9970,-1,-1,-1
268,27,641.80,452.50,37.30,108.60,0.9990,-1,-1,-1
268,36,1654.80,400.30,238.10,680.70,1.0000,-1,-1,-1
268,42,583.20,456.90,38.80,83.60,0.9970,-1,-1,-1
268,44,552.30,458.90,30.20,83.60,0.9990,-1,-1,-1
268,47,381.90,465.20,49.00,113.20,1.0000,-1,-1,-1
268,49,836.90,472.00,51.70,77.30,1.0000,-1,-1,-1
268,50,417.20,466.50,44.30,105.70,1.0000,-1,-1,-1
268,51,720.70,447.50,40.80,103.30,1.0000,-1,-1,-1
268,52,1013.20,414.30,130.00,286.90,1.0000,-1,-1,-1
268,53,797.50,476.10,54.60,61.40,1.0000,-1,-1,-1
268,57,665.20,450.70,37.50,103.60,0.9940,-1,-1,-1
268,54,499.50,462.20,22.60,54.30,0.4250,-1,-1,-1
268,56,516.20,458.50,21.20,53.30,0.4410,-1,-1,-1
269,23,1147.20,442.20,114.50,277.10,1.0000,-1,-1,-1
269,26,954.80,432.70,77.80,247.10,0.9970,-1,-1,-1
269,27,639.80,452.90,36.20,108.10,0.9980,-1,-1,-1
269,36,1653.80,412.60,247.10,668.40,1.0000,-1,-1,-1
269,42,582.40,458.40,40.10,82.80,0.9970,-1,-1,-1
269,44,552.00,459.50,30.00,82.60,0.9990,-1,-1,-1
269,47,382.10,465.10,48.70,114.00,1.0000,-1,-1,-1
269,49,836.70,471.80,52.30,77.10,1.0000,-1,-1,-1
269,50,417.50,466.80,43.90,104.50,1.0000,-1,-1,-1
269,51,720.00,447.10,41.10,104.30,1.0000,-1,-1,-1
269,52,1018.10,413.80,123.50,292.40,1.0000,-1,-1,-1
269,53,797.30,476.60,54.40,60.20,1.0000,-1,-1,-1
269,57,666.70,451.30,37.40,103.40,0.9970,-1,-1,-1
269,54,502.50,461.90,22.40,53.70,0.5260,-1,-1,-1
269,56,517.00,459.10,21.10,53.30,0.5070,-1,-1,-1
270,23,1149.70,442.00,119.50,277.00,1.0000,-1,-1,-1
270,26,955.00,430.20,86.60,257.30,0.9990,-1,-1,-1
270,27,640.60,451.70,36.60,109.80,0.9980,-1,-1,-1
270,36,1653.90,404.10,254.80,676.90,1.0000,-1,-1,-1
270,42,581.90,457.80,40.00,83.80,0.9970,-1,-1,-1
270,44,551.90,459.00,30.00,82.90,0.9990,-1,-1,-1
270,47,382.20,464.20,49.00,115.10,1.0000,-1,-1,-1
270,49,836.20,472.30,52.70,76.50,1.0000,-1,-1,-1
270,50,416.50,467.00,43.40,104.50,1.0000,-1,-1,-1
270,51,720.00,447.80,41.00,102.60,1.0000,-1,-1,-1
270,52,1020.20,412.20,121.40,294.80,1.0000,-1,-1,-1
270,53,797.20,476.60,55.10,60.30,1.0000,-1,-1,-1
270,57,666.60,450.90,37.20,103.50,0.9960,-1,-1,-1
270,54,498.30,461.90,22.00,56.20,0.0620,-1,-1,-1
270,56,517.80,458.80,20.40,53.30,0.1670,-1,-1,-1
271,23,1153.00,441.70,125.30,278.30,1.0000,-1,-1,-1
271,26,958.10,431.50,89.50,251.40,0.9990,-1,-1,-1
271,27,639.40,452.60,36.20,107.50,0.9970,-1,-1,-1
271,36,1662.10,400.00,245.70,681.00,1.0000,-1,-1,-1
271,42,582.90,458.30,40.70,82.60,0.9940,-1,-1,-1
271,44,552.20,458.70,30.80,83.30,1.0000,-1,-1,-1
271,47,382.30,464.30,48.50,114.20,1.0000,-1,-1,-1
271,49,836.40,472.20,52.00,77.00,1.0000,-1,-1,-1
271,50,416.50,467.10,43.20,104.70,1.0000,-1,-1,-1
271,51,719.50,447.10,41.60,104.60,1.0000,-1,-1,-1
271,52,1018.40,416.80,127.40,284.70,1.0000,-1,-1,-1
271,53,797.40,476.30,54.70,61.00,1.0000,-1,-1,-1
271,57,665.70,451.70,38.20,102.90,0.9980,-1,-1,-1
271,56,519.20,458.70,19.90,53.10,0.0920,-1,-1,-1
272,23,1155.00,440.80,128.90,278.20,1.0000,-1,-1,-1
272,26,958.10,434.30,100.20,251.10,0.9990,-1,-1,-1
272,27,639.80,452.70,36.60,107.10,0.9970,-1,-1,-1
272,36,1662.70,396.50,254.20,684.50,1.0000,-1,-1,-1
272,42,580.80,459.10,42.70,82.30,0.9890,-1,-1,-1
272,44,553.00,459.20,30.60,83.30,0.9990,-1,-1,-1
272,47,381.80,464.60,48.70,113.70,1.0000,-1,-1,-1
272,49,836.50,472.20,53.30,77.80,1.0000,-1,-1,-1
272,50,416.30,467.70,42.50,104.50,1.0000,-1,-1,-1
272,51,720.10,446.90,41.10,105.10,1.0000,-1,-1,-1
272,52,1022.00,413.50,124.70,287.30,0.9990,-1,-1,-1
272,53,797.40,476.20,54.70,61.10,1.0000,-1,-1,-1
272,57,664.90,452.00,38.40,103.90,0.9980,-1,-1,-1
272,-1,614.80,458.70,25.10,86.00,0.0950,-1,-1,-1
273,23,1157.20,437.30,128.30,279.90,1.0000,-1,-1,-1
273,26,960.60,432.50,106.90,249.30,0.9990,-1,-1,-1
273,27,639.80,453.40,34.30,105.40,0.9900,-1,-1,-1
273,36,1664.20,387.70,256.80,693.30,1.0000,-1,-1,-1
273,42,583.90,457.80,38.60,83.40,0.9860,-1,-1,-1
273,44,553.10,459.50,31.10,83.20,0.9990,-1,-1,-1
273,47,381.60,465.30,48.30,113.10,1.0000,-1,-1,-1
273,49,836.20,472.60,53.50,77.80,1.0000,-1,-1,-1
273,50,417.10,468.30,42.20,103.80,1.0000,-1,-1,-1
273,51,719.50,447.00,41.50,104.90,1.0000,-1,-1,-1
273,52,1032.40,411.30,117.40,287.10,1.0000,-1,-1,-1
273,53,797.40,476.90,54.80,60.50,1.0000,-1,-1,-1
273,57,665.10,453.00,39.80,102.00,0.9990,-1,-1,-1
273,-1,616.80,458.60,24.80,87.60,0.1150,-1,-1,-1
274,23,1158.50,439.50,126.70,275.10,1.0000,-1,-1,-1
274,26,962.40,432.00,104.60,245.90,1.0000,-1,-1,-1
274,27,642.00,452.30,35.30,106.80,0.9770,-1,-1,-1
274,36,1669.70,399.20,251.30,681.80,1.0000,-1,-1,-1
274,42,582.50,458.60,41.80,83.90,0.9880,-1,-1,-1
274,44,553.60,458.20,31.90,84.40,0.9990,-1,-1,-1
274,47,381.70,465.40,48.40,112.80,1.0000,-1,-1,-1
274,49,836.60,472.00,53.10,78.30,1.0000,-1,-1,-1
274,50,416.90,468.90,42.50,103.30,1.0000,-1,-1,-1
274,51,719.70,446.50,42.10,106.90,1.0000,-1,-1,-1
274,52,1030.60,413.60,118.00,289.80,1.0000,-1,-1,-1
274,53,797.50,476.10,54.60,61.00,1.0000,-1,-1,-1
274,57,664.90,452.90,38.90,103.40,0.9990,-1,-1,-1
274,-1,615.50,458.50,25.40,86.90,0.1060,-1,-1,-1
275,23,1164.30,439.40,121.80,273.80,1.0000,-1,-1,-1
275,26,962.40,430.60,108.00,247.10,1.0000,-1,-1,-1
275,27,637.40,452.50,37.10,107.40,0.9970,-1,-1,-1
275,36,1667.00,387.40,254.00,693.60,1.0000,-1,-1,-1
275,42,580.00,460.40,44.60,83.20,0.9830,-1,-1,-1
275,44,554.30,460.40,30.30,82.40,0.9990,-1,-1,-1
275,47,381.90,465.50,48.40,112.60,1.0000,-1,-1,-1
275,49,836.80,472.50,52.60,76.70,1.0000,-1,-1,-1
275,50,416.80,470.40,41.90,102.20,1.0000,-1,-1,-1
275,51,720.90,446.80,41.90,107.20,1.0000,-1,-1,-1
275,52,1035.30,415.30,114.50,286.80,1.0000,-1,-1,-1
275,53,797.50,476.90,55.60,59.90,1.0000,-1,-1,-1
275,57,666.30,453.00,36.90,104.00,0.9980,-1,-1,-1
276,23,1165.30,441.00,123.90,275.50,1.0000,-1,-1,-1
276,26,962.30,432.00,109.80,245.90,1.0000,-1,-1,-1
276,27,635.40,452.40,38.30,108.60,0.9980,-1,-1,-1
276,36,1674.70,402.30,246.30,678.70,0.9980,-1,-1,-1
276,42,583.80,459.40,37.40,83.30,0.9800,-1,-1,-1
276,44,553.80,461.30,31.30,82.60,0.9990,-1,-1,-1
276,47,381.70,464.90,48.70,113.00,1.0000,-1,-1,-1
276,49,836.40,472.30,53.40,78.10,1.0000,-1,-1,-1
276,50,416.80,470.50,41.20,101.40,1.0000,-1,-1,-1
276,51,721.30,446.70,41.90,107.70,1.0000,-1,-1,-1
276,52,1047.60,415.20,106.70,283.20,1.0000,-1,-1,-1
276,53,797.70,477.10,55.30,60.00,1.0000,-1,-1,-1
276,57,667.10,452.60,37.90,104.80,0.9990,-1,-1,-1
277,23,1169.50,440.20,123.20,276.20,1.0000,-1,-1,-1
277,26,963.30,437.70,111.30,237.20,1.0000,-1,-1,-1
277,27,637.90,451.20,34.50,109.20,0.9940,-1,-1,-1
277,36,1668.70,398.50,252.30,682.50,0.9990,-1,-1,-1
277,42,579.30,460.30,46.20,84.60,0.9840,-1,-1,-1
277,44,553.50,461.30,31.20,80.80,0.9990,-1,-1,-1
277,47,381.10,465.10,49.10,112.80,1.0000,-1,-1,-1
277,49,836.90,471.90,53.10,78.70,1.0000,-1,-1,-1
277,50,415.60,470.70,42.50,102.20,1.0000,-1,-1,-1
277,51,721.80,447.70,41.40,107.30,1.0000,-1,-1,-1
277,52,1054.40,410.90,100.40,286.90,0.9990,-1,-1,-1
277,53,797.50,475.90,55.20,61.40,1.0000,-1,-1,-1
277,57,666.70,452.60,38.20,105.20,0.9990,-1,-1,-1
278,23,1168.80,442.50,127.70,273.00,1.0000,-1,-1,-1
278,26,965.70,436.70,106.20,240.20,1.0000,-1,-1,-1
278,27,635.60,451.50,37.50,108.00,0.9950,-1,-1,-1
278,36,1669.50,406.80,251.50,674.20,0.9980,-1,-1,-1
278,42,584.60,458.80,37.20,84.00,0.9770,-1,-1,-1
278,44,554.00,461.50,31.60,82.10,0.9990,-1,-1,-1
278,47,381.60,464.70,48.70,113.50,1.0000,-1,-1,-1
278,49,836.60,472.00,53.60,78.70,1.0000,-1,-1,-1
278,50,415.90,470.30,42.30,102.40,1.0000,-1,-1,-1
278,51,721.80,448.50,41.30,106.20,1.0000,-1,-1,-1
278,52,1060.40,412.80,97.00,289.20,1.0000,-1,-1,-1
278,53,797.30,475.90,55.40,61.50,1.0000,-1,-1,-1
278,57,666.30,452.20,38.70,105.70,0.9990,-1,-1,-1
279,23,1171.40,440.30,125.10,275.40,1.0000,-1,-1,-1
279,26,968.20,436.00,101.70,240.80,1.0000,-1,-1,-1
279,27,635.20,452.10,34.90,106.20,0.9800,-1,-1,-1
279,36,1673.30,395.80,247.70,685.20,1.0000,-1,-1,-1
279,42,584.30,458.30,37.80,84.30,0.9790,-1,-1,-1
279,44,553.00,460.70,32.30,82.10,0.9990,-1,-1,-1
279,47,381.70,464.60,48.90,113.20,1.0000,-1,-1,-1
279,49,836.20,472.20,53.70,79.00,1.0000,-1,-1,-1
279,50,416.20,470.50,42.10,101.80,1.0000,-1,-1,-1
279,51,721.40,448.30,41.80,106.90,1.0000,-1,-1,-1
279,52,1065.50,413.60,95.10,282.80,1.0000,-1,-1,-1
279,53,797.20,475.40,55.30,62.00,1.0000,-1,-1,-1
279,57,665.20,453.50,39.60,105.40,1.0000,-1,-1,-1
279,-1,921.90,485.00,76.10,109.00,0.0520,-1,-1,-1
280,23,1178.00,439.60,121.70,275.50,1.0000,-1,-1,-1
280,26,971.70,436.60,103.30,241.60,1.0000,-1,-1,-1
280,27,636.20,451.50,33.60,107.00,0.9860,-1,-1,-1
280,36,1676.10,397.70,244.90,683.30,0.9990,-1,-1,-1
280,42,585.40,457.90,37.90,85.00,0.9820,-1,-1,-1
280,44,553.70,460.10,31.50,83.30,0.9990,-1,-1,-1
280,47,381.30,464.80,48.60,112.40,1.0000,-1,-1,-1
280,49,835.70,472.90,53.70,77.20,1.0000,-1,-1,-1
280,50,416.40,469.30,41.30,103.70,1.0000,-1,-1,-1
280,51,721.80,448.30,42.30,107.50,1.0000,-1,-1,-1
280,52,1070.30,414.80,91.30,285.80,1.0000,-1,-1,-1
280,53,797.10,475.50,55.70,62.10,1.0000,-1,-1,-1
280,57,665.80,453.90,39.70,103.70,1.0000,-1,-1,-1
280,-1,621.30,457.10,30.60,93.70,0.1870,-1,-1,-1
280,-1,909.50,486.60,100.20,105.20,0.9270,-1,-1,-1
281,23,1188.20,442.70,116.80,275.50,1.0000,-1,-1,-1
281,26,974.60,435.80,97.80,243.00,1.0000,-1,-1,-1
281,27,634.50,452.70,36.60,105.30,0.9890,-1,-1,-1
281,36,1676.40,399.70,244.60,681.30,0.9980,-1,-1,-1
281,42,585.30,458.60,37.60,84.80,0.9760,-1,-1,-1
281,44,554.70,461.00,30.60,82.30,0.9990,-1,-1,-1
281,47,383.20,465.40,48.00,112.70,1.0000,-1,-1,-1
281,49,835.60,472.70,53.60,78.10,1.0000,-1,-1,-1
281,50,416.20,468.40,41.10,104.80,1.0000,-1,-1,-1
281,51,722.10,449.00,42.50,106.20,1.0000,-1,-1,-1
281,52,1076.00,414.70,85.00,285.10,1.0000,-1,-1,-1
281,53,797.00,475.80,55.90,61.80,1.0000,-1,-1,-1
281,57,665.60,453.20,38.90,105.10,1.0000,-1,-1,-1
281,58,908.60,482.50,100.50,109.60,0.9930,-1,-1,-1
282,23,1195.50,441.30,112.50,275.30,1.0000,-1,-1,-1
282,26,976.80,436.20,97.80,241.30,1.0000,-1,-1,-1
282,27,633.90,452.80,37.50,104.50,0.9940,-1,-1,-1
282,36,1674.20,406.10,246.80,674.90,0.9980,-1,-1,-1
282,42,578.40,458.20,49.00,86.40,0.9770,-1,-1,-1
282,44,555.60,459.80,29.30,82.20,0.9990,-1,-1,-1
282,47,381.20,464.60,48.70,112.40,1.0000,-1,-1,-1
282,49,834.80,473.20,54.50,76.20,1.0000,-1,-1,-1
282,50,416.20,468.10,41.60,105.20,1.0000,-1,-1,-1
282,51,722.10,447.40,42.60,108.10,1.0000,-1,-1,-1
282,52,1077.00,412.40,88.80,288.80,1.0000,-1,-1,-1
282,53,797.30,475.10,55.80,63.10,1.0000,-1,-1,-1
282,57,665.80,453.50,39.30,104.80,1.0000,-1,-1,-1
282,58,911.40,482.50,99.90,112.40,0.9980,-1,-1,-1
283,23,1204.00,446.20,103.20,270.80,1.0000,-1,-1,-1
283,26,976.20,432.00,102.60,246.30,1.0000,-1,-1,-1
283,27,632.80,453.60,38.00,104.70,0.9980,-1,-1,-1
283,36,1679.50,405.10,241.50,675.90,0.9960,-1,-1,-1
283,42,582.80,457.70,40.20,85.80,0.9700,-1,-1,-1
283,44,556.00,459.40,29.60,83.20,0.9990,-1,-1,-1
283,47,381.60,464.60,48.60,112.50,1.0000,-1,-1,-1
283,49,835.20,472.60,54.30,77.10,1.0000,-1,-1,-1
283,50,415.90,467.60,42.30,105.80,1.0000,-1,-1,-1
283,51,722.10,447.80,42.70,107.30,1.0000,-1,-1,-1
283,52,1080.10,414.40,89.20,288.50,1.0000,-1,-1,-1
283,53,797.30,475.20,55.70,62.50,1.0000,-1,-1,-1
283,57,665.40,453.90,40.00,104.20,1.0000,-1,-1,-1
283,58,913.10,482.90,96.50,112.00,0.9990,-1,-1,-1
284,23,1217.70,445.40,95.50,271.40,1.0000,-1,-1,-1
284,26,979.70,428.40,95.50,247.60,1.0000,-1,-1,-1
284,27,631.40,454.30,38.20,104.00,0.9980,-1,-1,-1
284,36,1686.70,401.70,234.30,679.30,0.9960,-1,-1,-1
284,42,584.20,457.20,36.70,86.80,0.9640,-1,-1,-1
284,44,556.90,458.30,29.70,84.30,0.9990,-1,-1,-1
284,47,380.40,463.80,48.50,113.30,1.0000,-1,-1,-1
284,49,836.00,472.40,53.60,77.20,1.0000,-1,-1,-1
284,50,416.70,466.60,42.90,105.90,1.0000,-1,-1,-1
284,51,722.00,448.30,42.80,106.70,1.0000,-1,-1,-1
284,52,1085.80,412.50,89.50,290.20,1.0000,-1,-1,-1
284,53,797.80,475.40,55.40,61.90,1.0000,-1,-1,-1
284,57,665.10,455.30,39.30,102.40,1.0000,-1,-1,-1
284,58,914.20,484.80,96.30,109.40,1.0000,-1,-1,-1
285,23,1224.20,440.60,91.20,272.70,1.0000,-1,-1,-1
285,26,980.50,433.20,99.80,244.50,1.0000,-1,-1,-1
285,27,631.40,454.90,36.70,103.30,0.9960,-1,-1,-1
285,36,1696.40,402.00,224.60,679.00,0.9930,-1,-1,-1
285,42,583.50,457.40,37.40,87.20,0.9670,-1,-1,-1
285,44,556.20,459.10,30.60,84.10,0.9990,-1,-1,-1
285,47,381.30,464.30,48.30,113.20,1.0000,-1,-1,-1
285,49,835.80,472.20,53.30,77.60,1.0000,-1,-1,-1
285,50,416.50,467.50,42.20,104.90,1.0000,-1,-1,-1
285,51,722.40,447.70,43.20,106.20,1.0000,-1,-1,-1
285,52,1089.00,413.10,90.00,288.40,1.0000,-1,-1,-1
285,53,797.30,475.60,55.70,62.10,1.0000,-1,-1,-1
285,57,665.00,455.30,39.70,101.60,1.0000,-1,-1,-1
285,58,912.40,484.70,99.30,109.50,1.0000,-1,-1,-1
286,23,1231.30,438.40,87.20,275.20,1.0000,-1,-1,-1
286,26,985.60,436.40,96.90,240.30,1.0000,-1,-1,-1
286,27,630.90,454.90,35.90,103.00,0.9970,-1,-1,-1
286,36,1713.00,379.60,208.00,701.40,0.8850,-1,-1,-1
286,42,585.70,457.80,34.80,86.20,0.9670,-1,-1,-1
286,44,557.00,459.90,28.20,84.30,0.9990,-1,-1,-1
286,47,381.80,465.60,48.40,112.00,1.0000,-1,-1,-1
286,49,836.00,472.30,53.00,77.90,1.0000,-1,-1,-1
286,50,416.10,467.70,41.70,104.80,1.0000,-1,-1,-1
286,51,722.60,447.40,43.70,107.70,1.0000,-1,-1,-1
286,52,1091.80,411.60,93.40,292.40,1.0000,-1,-1,-1
286,53,797.50,475.90,54.70,61.30,1.0000,-1,-1,-1
286,57,664.90,455.40,40.40,101.60,1.0000,-1,-1,-1
286,58,910.70,484.70,100.00,109.90,1.0000,-1,-1,-1
287,23,1236.70,436.30,84.00,278.80,1.0000,-1,-1,-1
287,26,991.90,433.30,88.60,241.00,1.0000,-1,-1,-1
287,27,630.30,455.80,35.60,102.80,0.9970,-1,-1,-1
287,42,584.50,457.70,34.90,86.50,0.9600,-1,-1,-1
287,44,557.00,459.20,28.90,85.50,0.9990,-1,-1,-1
287,47,381.70,464.50,48.20,113.80,1.0000,-1,-1,-1
287,49,835.70,472.40,53.40,77.40,1.0000,-1,-1,-1
287,50,416.50,467.20,41.40,105.10,1.0000,-1,-1,-1
287,51,722.70,447.30,44.60,108.10,1.0000,-1,-1,-1
287,52,1089.20,413.00,104.20,288.50,1.0000,-1,-1,-1
287,53,797.50,475.70,54.90,61.50,1.0000,-1,-1,-1
287,57,664.70,456.20,40.00,102.10,1.0000,-1,-1,-1
287,58,912.20,482.90,97.50,112.10,1.0000,-1,-1,-1
287,36,1725.80,330.70,195.20,750.30,0.5220,-1,-1,-1
288,23,1237.20,436.10,86.30,278.70,1.0000,-1,-1,-1
288,26,997.80,433.80,86.80,240.40,1.0000,-1,-1,-1
288,27,630.60,455.30,34.50,102.60,0.9950,-1,-1,-1
288,42,586.90,456.60,34.90,85.40,0.9680,-1,-1,-1
288,44,556.20,459.30,29.30,85.10,0.9990,-1,-1,-1
288,47,381.20,463.60,48.50,114.90,1.0000,-1,-1,-1
288,49,835.50,472.60,53.50,77.30,1.0000,-1,-1,-1
288,50,416.50,467.40,41.50,106.10,1.0000,-1,-1,-1
288,51,722.30,447.00,45.40,108.80,1.0000,-1,-1,-1
288,52,1091.90,412.50,103.30,288.60,1.0000,-1,-1,-1
288,53,797.30,475.60,54.70,61.70,1.0000,-1,-1,-1
288,57,664.40,454.90,40.70,103.90,1.0000,-1,-1,-1
288,58,911.80,483.50,100.00,112.40,1.0000,-1,-1,-1
289,23,1239.80,439.70,89.50,276.00,1.0000,-1,-1,-1
289,26,1004.20,431.20,86.80,244.20,1.0000,-1,-1,-1
289,27,629.60,454.10,35.30,102.50,0.9950,-1,-1,-1
289,42,586.30,457.40,33.10,84.30,0.9620,-1,-1,-1
289,44,557.10,459.40,28.20,84.60,0.9990,-1,-1,-1
289,47,381.30,463.10,48.60,115.70,1.0000,-1,-1,-1
289,49,835.50,472.50,53.70,77.70,1.0000,-1,-1,-1
289,50,416.00,466.70,42.00,106.10,1.0000,-1,-1,-1
289,51,722.40,446.70,45.60,109.70,1.0000,-1,-1,-1
289,52,1091.90,414.20,107.10,288.00,1.0000,-1,-1,-1
289,53,797.00,475.60,55.90,61.80,1.0000,-1,-1,-1
289,57,664.70,454.70,39.70,105.70,1.0000,-1,-1,-1
289,58,914.00,483.10,96.90,113.00,1.0000,-1,-1,-1
290,23,1242.60,447.60,89.50,268.10,1.0000,-1,-1,-1
290,26,1009.10,433.00,87.30,242.50,1.0000,-1,-1,-1
290,27,628.40,454.70,35.40,101.80,0.9960,-1,-1,-1
290,42,587.20,458.30,31.90,82.50,0.9620,-1,-1,-1
290,44,556.30,460.10,28.50,83.60,0.9990,-1,-1,-1
290,47,381.20,462.00,48.30,116.70,1.0000,-1,-1,-1
290,49,835.80,472.00,53.30,78.80,1.0000,-1,-1,-1
290,50,416.90,466.40,41.20,105.80,1.0000,-1,-1,-1
290,51,722.40,446.40,45.00,109.70,1.0000,-1,-1,-1
290,52,1094.40,413.70,105.10,287.10,1.0000,-1,-1,-1
290,53,796.80,475.50,55.40,61.30,1.0000,-1,-1,-1
290,57,664.70,455.70,39.30,105.40,1.0000,-1,-1,-1
290,58,914.90,482.80,96.50,112.90,1.0000,-1,-1,-1
290,-1,650.20,455.20,26.90,102.60,0.4700,-1,-1,-1
290,-1,606.20,456.70,31.50,90.70,0.9210,-1,-1,-1
291,23,1244.90,444.40,92.40,275.60,1.0000,-1,-1,-1
291,26,1014.40,433.50,83.40,241.70,1.0000,-1,-1,-1
291,27,629.90,454.20,34.30,101.30,0.9970,-1,-1,-1
291,42,585.90,457.50,33.90,83.10,0.9640,-1,-1,-1
291,44,555.80,459.50,29.30,84.20,1.0000,-1,-1,-1
291,47,381.40,462.20,47.80,116.20,1.0000,-1,-1,-1
291,49,835.90,471.90,53.40,78.70,1.0000,-1,-1,-1
291,50,416.80,467.00,41.50,105.40,1.0000,-1,-1,-1
291,51,722.30,446.40,44.50,109.30,1.0000,-1,-1,-1
291,52,1096.10,414.40,104.00,286.50,1.0000,-1,-1,-1
291,53,796.80,476.00,55.60,61.10,1.0000,-1,-1,-1
291,57,665.00,456.00,38.20,104.40,1.0000,-1,-1,-1
291,58,914.90,482.70,96.50,112.70,1.0000,-1,-1,-1
291,59,605.30,456.60,31.60,90.00,0.9150,-1,-1,-1
292,23,1244.40,441.90,97.30,276.60,1.0000,-1,-1,-1
292,26,1023.20,432.50,77.40,239.60,1.0000,-1,-1,-1
292,27,628.90,454.60,33.90,100.90,0.9970,-1,-1,-1
292,42,585.20,457.20,32.60,83.00,0.9460,-1,-1,-1
292,44,554.40,459.90,30.70,84.10,1.0000,-1,-1,-1
292,47,382.00,462.60,47.80,116.20,1.0000,-1,-1,-1
292,49,835.80,472.30,53.50,77.60,1.0000,-1,-1,-1
292,50,416.50,466.40,42.20,105.90,1.0000,-1,-1,-1
292,51,722.60,446.00,44.40,110.20,1.0000,-1,-1,-1
292,52,1098.50,406.50,100.80,294.00,1.0000,-1,-1,-1
292,53,796.70,476.10,55.80,61.30,1.0000,-1,-1,-1
292,57,664.60,455.50,38.50,105.00,1.0000,-1,-1,-1
292,58,913.70,482.80,97.80,112.60,1.0000,-1,-1,-1
292,59,604.70,456.20,31.70,90.10,0.8630,-1,-1,-1
293,23,1246.40,442.90,101.00,277.50,1.0000,-1,-1,-1
293,26,1027.00,433.20,78.90,239.80,1.0000,-1,-1,-1
293,27,629.20,454.40,34.20,101.10,0.9950,-1,-1,-1
293,42,583.60,457.30,32.80,82.90,0.9410,-1,-1,-1
293,44,554.20,460.60,30.80,83.70,1.0000,-1,-1,-1
293,47,381.80,462.70,46.90,115.60,1.0000,-1,-1,-1
293,49,835.70,472.50,53.50,77.40,1.0000,-1,-1,-1
293,50,416.00,466.70,42.30,106.30,1.0000,-1,-1,-1
293,51,723.10,446.10,44.20,110.00,1.0000,-1,-1,-1
293,52,1099.00,407.00,99.90,289.90,1.0000,-1,-1,-1
293,53,796.90,475.90,55.50,62.00,1.0000,-1,-1,-1
293,57,664.30,455.20,38.90,105.20,1.0000,-1,-1,-1
293,58,914.30,483.20,97.10,112.50,1.0000,-1,-1,-1
293,59,601.30,455.60,33.00,89.10,0.8760,-1,-1,-1
293,-1,990.60,448.80,34.70,105.60,0.9730,-1,-1,-1
294,23,1245.40,442.60,109.60,278.40,1.0000,-1,-1,-1
294,26,1026.20,432.80,83.10,238.80,1.0000,-1,-1,-1
294,27,629.40,454.50,34.60,101.70,0.9970,-1,-1,-1
294,42,582.20,456.60,32.90,83.70,0.9320,-1,-1,-1
294,44,554.70,459.90,31.10,84.60,1.0000,-1,-1,-1
294,47,381.70,462.00,47.50,116.10,1.0000,-1,-1,-1
294,49,836.00,472.60,53.40,77.30,1.0000,-1,-1,-1
294,50,416.60,467.20,41.60,105.80,1.0000,-1,-1,-1
294,51,722.60,446.70,44.80,110.10,1.0000,-1,-1,-1
294,52,1098.90,416.00,102.00,285.50,1.0000,-1,-1,-1
294,53,796.90,475.70,55.80,62.30,1.0000,-1,-1,-1
294,57,664.20,456.10,39.20,104.20,1.0000,-1,-1,-1
294,58,914.30,483.30,96.40,112.30,1.0000,-1,-1,-1
294,60,992.50,450.30,34.80,103.70,0.9730,-1,-1,-1
294,-1,649.70,455.00,27.80,102.50,0.5430,-1,-1,-1
295,23,1246.60,447.00,107.00,272.60,1.0000,-1,-1,-1
295,26,1026.60,431.50,83.80,239.10,1.0000,-1,-1,-1
295,27,630.60,455.50,34.20,100.40,0.9970,-1,-1,-1
295,42,581.00,456.50,33.20,83.60,0.9260,-1,-1,-1
295,44,553.90,460.30,31.40,84.80,1.0000,-1,-1,-1
295,47,381.40,461.80,47.80,116.10,1.0000,-1,-1,-1
295,49,835.60,472.80,53.40,77.10,1.0000,-1,-1,-1
295,50,416.10,466.90,42.40,106.40,1.0000,-1,-1,-1
295,51,722.60,446.80,45.00,110.40,1.0000,-1,-1,-1
295,52,1099.10,412.40,101.20,291.00,1.0000,-1,-1,-1
295,53,797.10,475.90,55.60,62.10,1.0000,-1,-1,-1
295,57,664.00,456.00,39.10,103.80,1.0000,-1,-1,-1
295,58,915.40,483.30,94.60,111.90,1.0000,-1,-1,-1
295,60,992.60,448.60,34.70,97.30,0.9840,-1,-1,-1
295,56,519.70,455.10,20.20,55.50,0.0520,-1,-1,-1
296,23,1249.80,445.50,106.10,273.50,1.0000,-1,-1,-1
296,26,1029.30,435.50,89.50,240.20,1.0000,-1,-1,-1
296,27,629.60,454.90,35.40,100.20,0.9970,-1,-1,-1
296,42,584.00,453.30,39.70,83.50,0.9240,-1,-1,-1
296,44,554.90,460.80,30.60,84.30,1.0000,-1,-1,-1
296,47,381.60,462.50,47.60,115.60,1.0000,-1,-1,-1
296,49,835.60,473.10,52.90,76.70,1.0000,-1,-1,-1
296,50,416.40,467.20,42.00,106.20,1.0000,-1,-1,-1
296,51,722.80,446.80,45.00,111.30,1.0000,-1,-1,-1
296,52,1099.80,419.00,100.70,284.60,1.0000,-1,-1,-1
296,53,797.30,475.80,55.00,62.20,1.0000,-1,-1,-1
296,57,664.60,456.30,38.30,103.50,1.0000,-1,-1,-1
296,58,915.50,483.70,94.40,112.10,1.0000,-1,-1,-1
296,60,992.90,450.90,34.60,93.90,0.7830,-1,-1,-1
297,23,1252.10,444.60,107.20,273.10,1.0000,-1,-1,-1
297,26,1032.40,437.10,90.20,239.60,1.0000,-1,-1,-1
297,27,629.60,455.90,34.90,98.90,0.9970,-1,-1,-1
297,42,583.10,457.60,33.10,82.40,0.9420,-1,-1,-1
297,44,554.30,461.60,30.50,84.00,1.0000,-1,-1,-1
297,47,382.00,462.70,47.20,116.00,1.0000,-1,-1,-1
297,49,835.90,472.90,52.90,77.20,1.0000,-1,-1,-1
297,50,417.00,467.00,41.20,106.20,1.0000,-1,-1,-1
297,51,722.40,446.90,45.80,112.80,1.0000,-1,-1,-1
297,52,1104.90,413.50,101.30,284.60,1.0000,-1,-1,-1
297,53,797.40,475.40,54.80,62.90,1.0000,-1,-1,-1
297,57,664.20,457.40,37.90,102.80,1.0000,-1,-1,-1
297,58,915.60,484.10,94.20,111.20,1.0000,-1,-1,-1
297,60,993.80,449.70,31.80,90.30,0.8690,-1,-1,-1
297,-1,1204.30,435.90,54.40,249.10,0.0570,-1,-1,-1
298,23,1255.20,440.00,105.90,280.80,1.0000,-1,-1,-1
298,26,1031.00,428.80,99.40,248.50,1.0000,-1,-1,-1
298,27,631.70,455.90,34.30,99.40,0.9950,-1,-1,-1
298,42,582.90,457.00,33.40,84.00,0.9390,-1,-1,-1
298,44,554.40,461.10,31.10,83.90,1.0000,-1,-1,-1
298,47,381.90,463.10,47.10,115.30,1.0000,-1,-1,-1
298,49,835.90,473.20,52.90,76.70,1.0000,-1,-1,-1
298,50,416.50,467.20,41.80,106.00,1.0000,-1,-1,-1
298,51,723.20,447.90,45.30,110.20,1.0000,-1,-1,-1
298,52,1108.00,415.00,98.30,279.40,1.0000,-1,-1,-1
298,53,798.10,475.60,54.30,62.40,1.0000,-1,-1,-1
298,57,663.80,457.40,38.40,102.40,1.0000,-1,-1,-1
298,58,915.70,483.70,94.00,111.10,1.0000,-1,-1,-1
298,60,993.90,448.40,33.50,92.20,0.8530,-1,-1,-1
298,-1,1206.60,435.10,57.60,242.40,0.0800,-1,-1,-1
299,23,1263.60,436.70,100.90,282.50,1.0000,-1,-1,-1
299,26,1031.40,430.20,105.30,248.70,1.0000,-1,-1,-1
299,27,630.30,456.50,34.90,98.90,0.9960,-1,-1,-1
299,42,583.70,457.30,32.90,83.60,0.9410,-1,-1,-1
299,44,554.90,460.70,31.20,84.10,1.0000,-1,-1,-1
299,47,382.00,464.20,46.50,114.50,1.0000,-1,-1,-1
299,49,835.00,473.30,53.40,76.50,1.0000,-1,-1,-1
299,50,416.50,467.50,41.50,106.20,1.0000,-1,-1,-1
299,51,723.40,448.00,44.60,109.10,1.0000,-1,-1,-1
299,52,1109.70,417.70,92.50,278.30,0.9990,-1,-1,-1
299,53,797.40,475.50,54.90,62.30,1.0000,-1,-1,-1
299,57,663.90,458.00,39.80,102.00,1.0000,-1,-1,-1
299,58,915.70,483.80,93.60,111.50,1.0000,-1,-1,-1
299,60,995.60,448.70,32.30,90.10,0.9580,-1,-1,-1
299,-1,1204.90,434.70,73.50,247.20,0.5900,-1,-1,-1
