1,-1,358.50,165.50,45.80,156.60,0.5480,-1,-1,-1
1,-1,1048.00,745.80,79.10,247.30,0.1230,-1,-1,-1
1,-1,1047.40,941.50,68.90,139.50,0.0900,-1,-1,-1
1,-1,1221.60,30.60,61.90,119.70,1.0000,-1,-1,-1
1,-1,1486.00,1.00,59.30,142.20,1.0000,-1,-1,-1
1,-1,687.30,206.50,77.50,114.30,1.0000,-1,-1,-1
1,-1,1718.20,458.60,82.20,209.10,1.0000,-1,-1,-1
1,-1,388.70,195.00,61.70,188.10,1.0000,-1,-1,-1
1,-1,1671.60,16.80,52.70,160.90,1.0000,-1,-1,-1
1,-1,994.50,1.40,55.30,116.40,1.0000,-1,-1,-1
1,-1,166.40,319.90,66.40,193.40,1.0000,-1,-1,-1
1,-1,288.40,123.50,53.40,174.20,1.0000,-1,-1,-1
1,-1,783.10,146.00,54.60,174.00,1.0000,-1,-1,-1
1,-1,465.90,119.60,63.30,187.50,1.0000,-1,-1,-1
1,-1,929.30,1.40,56.20,112.10,1.0000,-1,-1,-1
1,-1,882.90,1.80,52.00,114.50,1.0000,-1,-1,-1
1,-1,1607.30,3.30,56.50,170.90,1.0000,-1,-1,-1
1,-1,1764.50,212.90,68.20,174.00,1.0000,-1,-1,-1
1,-1,217.70,134.40,62.40,161.40,1.0000,-1,-1,-1
1,-1,1699.60,305.30,86.50,208.90,1.0000,-1,-1,-1
1,-1,516.80,101.00,58.40,179.60,1.0000,-1,-1,-1
1,-1,818.20,601.00,74.50,259.00,1.0000,-1,-1,-1
1,-1,268.40,823.50,80.50,257.50,1.0000,-1,-1,-1
1,-1,1774.30,650.80,67.20,221.60,1.0000,-1,-1,-1
1,-1,956.90,723.80,120.80,249.20,1.0000,-1,-1,-1
1,-1,449.80,1.60,72.80,169.50,1.0000,-1,-1,-1
1,-1,1576.50,596.40,62.10,241.70,1.0000,-1,-1,-1
1,-1,192.70,789.50,96.00,282.50,1.0000,-1,-1,-1
1,-1,401.50,33.10,47.90,161.20,0.9990,-1,-1,-1
1,-1,749.10,87.80,56.60,169.00,0.9990,-1,-1,-1
1,-1,1594.70,287.70,60.90,200.00,0.9990,-1,-1,-1
1,-1,1868.50,218.90,52.50,205.30,0.9770,-1,-1,-1
2,0,1221.50,30.30,62.30,120.40,1.0000,-1,-1,-1
2,1,1486.10,1.00,58.90,142.60,1.0000,-1,-1,-1
2,2,687.30,206.40,77.40,114.40,1.0000,-1,-1,-1
2,3,1718.70,458.10,82.00,208.70,1.0000,-1,-1,-1
2,4,388.00,198.00,62.50,185.90,1.0000,-1,-1,-1
2,5,1671.30,15.80,52.70,161.20,1.0000,-1,-1,-1
2,6,993.10,1.30,56.00,114.80,1.0000,-1,-1,-1
2,7,167.50,319.40,66.70,193.50,1.0000,-1,-1,-1
2,8,288.00,124.80,53.50,172.60,1.0000,-1,-1,-1
2,9,781.90,145.40,55.40,173.80,1.0000,-1,-1,-1
2,10,465.80,118.50,62.70,189.50,1.0000,-1,-1,-1
2,11,928.70,1.00,56.80,112.50,1.0000,-1,-1,-1
2,12,883.50,1.00,53.40,116.50,1.0000,-1,-1,-1
2,13,1606.80,3.10,57.00,171.80,1.0000,-1,-1,-1
2,14,1765.40,215.10,67.30,169.50,1.0000,-1,-1,-1
2,15,218.40,135.60,60.30,159.70,1.0000,-1,-1,-1
2,16,1701.90,302.60,80.40,212.90,1.0000,-1,-1,-1
2,17,516.20,101.00,58.90,181.00,1.0000,-1,-1,-1
2,18,817.90,600.60,73.70,259.20,1.0000,-1,-1,-1
2,19,268.20,832.50,79.70,248.50,1.0000,-1,-1,-1
2,20,1779.90,654.10,65.70,220.20,1.0000,-1,-1,-1
2,21,958.30,725.60,120.60,252.30,1.0000,-1,-1,-1
2,22,451.10,2.60,70.20,165.80,1.0000,-1,-1,-1
2,23,1577.00,590.10,66.50,246.80,1.0000,-1,-1,-1
2,24,191.90,783.00,94.00,289.80,1.0000,-1,-1,-1
2,25,401.00,34.90,47.80,160.90,0.9990,-1,-1,-1
2,26,750.40,88.00,56.00,169.00,0.9950,-1,-1,-1
2,27,1594.40,287.30,58.50,193.50,0.9990,-1,-1,-1
2,28,1869.70,221.10,51.30,204.30,0.9690,-1,-1,-1
2,-1,1047.60,748.00,80.40,240.50,0.4980,-1,-1,-1
2,-1,1045.00,939.80,70.20,141.20,0.1650,-1,-1,-1
2,-1,361.00,169.80,48.40,152.70,0.0660,-1,-1,-1
3,0,1221.50,30.50,62.50,120.40,1.0000,-1,-1,-1
3,1,1485.80,1.00,59.30,141.60,1.0000,-1,-1,-1
3,2,687.00,205.90,78.30,114.80,1.0000,-1,-1,-1
3,3,1718.30,457.50,82.30,209.70,1.0000,-1,-1,-1
3,4,387.10,198.80,63.80,188.40,1.0000,-1,-1,-1
3,5,1670.30,15.20,52.20,160.50,1.0000,-1,-1,-1
3,6,992.60,1.40,56.50,113.90,1.0000,-1,-1,-1
3,7,168.70,317.80,66.10,194.20,1.0000,-1,-1,-1
3,8,288.30,125.40,52.90,171.50,1.0000,-1,-1,-1
3,9,780.40,145.40,56.30,172.70,1.0000,-1,-1,-1
3,10,465.20,119.70,63.20,187.60,1.0000,-1,-1,-1
3,11,929.20,1.00,57.40,111.50,1.0000,-1,-1,-1
3,12,883.20,1.20,53.50,117.60,1.0000,-1,-1,-1
3,13,1605.90,2.90,58.10,170.20,1.0000,-1,-1,-1
3,14,1764.60,216.50,69.20,170.70,1.0000,-1,-1,-1
3,15,219.20,137.10,60.20,159.80,1.0000,-1,-1,-1
3,16,1701.10,301.90,79.30,210.30,1.0000,-1,-1,-1
3,17,516.60,100.60,59.60,180.80,1.0000,-1,-1,-1
3,18,816.80,600.10,73.90,258.80,1.0000,-1,-1,-1
3,19,267.40,826.10,80.60,254.90,1.0000,-1,-1,-1
3,20,1782.00,656.20,68.30,214.30,1.0000,-1,-1,-1
3,21,957.80,728.60,122.40,256.60,1.0000,-1,-1,-1
3,22,451.50,3.40,69.80,167.50,1.0000,-1,-1,-1
3,23,1579.20,594.20,63.80,240.80,1.0000,-1,-1,-1
3,24,191.00,784.40,94.60,289.60,1.0000,-1,-1,-1
3,25,402.30,35.40,46.10,158.30,0.9990,-1,-1,-1
3,27,1591.80,286.10,58.40,200.50,0.9960,-1,-1,-1
3,28,1873.70,222.00,47.30,207.20,0.9710,-1,-1,-1
3,26,752.80,95.30,54.20,165.80,0.5100,-1,-1,-1
3,-1,1050.10,751.80,81.00,241.80,0.2280,-1,-1,-1
4,0,1221.50,30.70,61.70,119.80,1.0000,-1,-1,-1
4,1,1485.80,1.00,59.20,141.80,1.0000,-1,-1,-1
4,2,687.10,205.80,78.10,114.50,1.0000,-1,-1,-1
4,3,1718.00,457.00,82.20,209.50,1.0000,-1,-1,-1
4,4,386.00,200.80,65.10,187.70,1.0000,-1,-1,-1
4,5,1670.50,14.30,51.70,161.40,1.0000,-1,-1,-1
4,6,993.10,1.00,55.50,112.70,1.0000,-1,-1,-1
4,7,169.70,316.00,66.00,195.40,1.0000,-1,-1,-1
4,8,288.30,125.80,53.20,171.00,1.0000,-1,-1,-1
4,9,780.00,143.70,56.70,174.30,1.0000,-1,-1,-1
4,10,464.50,118.60,64.50,187.00,1.0000,-1,-1,-1
4,11,929.30,1.00,56.50,111.20,1.0000,-1,-1,-1
4,12,882.90,1.00,53.10,117.20,1.0000,-1,-1,-1
4,13,1605.30,2.20,57.90,171.10,1.0000,-1,-1,-1
4,14,1766.00,218.20,68.50,171.30,1.0000,-1,-1,-1
4,15,218.90,138.80,60.70,158.10,1.0000,-1,-1,-1
4,16,1701.10,302.30,77.20,205.00,1.0000,-1,-1,-1
4,17,516.90,101.80,59.20,179.10,1.0000,-1,-1,-1
4,18,815.70,600.50,74.00,257.90,1.0000,-1,-1,-1
4,19,264.90,827.30,82.50,253.70,1.0000,-1,-1,-1
4,20,1784.10,655.70,71.00,212.80,1.0000,-1,-1,-1
4,21,959.60,728.00,122.60,266.70,1.0000,-1,-1,-1
4,22,450.90,2.90,69.80,169.40,1.0000,-1,-1,-1
4,23,1579.10,593.80,64.40,238.70,1.0000,-1,-1,-1
4,24,190.80,786.80,93.90,287.30,1.0000,-1,-1,-1
4,25,401.70,38.20,48.30,158.60,1.0000,-1,-1,-1
4,27,1591.50,284.00,58.40,205.30,0.9920,-1,-1,-1
4,28,1875.60,223.20,45.40,206.70,0.9680,-1,-1,-1
4,26,760.20,106.20,53.00,165.90,0.0940,-1,-1,-1
4,-1,1048.60,752.30,86.50,242.40,0.3060,-1,-1,-1
4,-1,1042.70,937.70,70.40,143.30,0.2170,-1,-1,-1
5,0,1221.50,30.70,62.20,120.20,1.0000,-1,-1,-1
5,1,1485.80,1.00,59.10,141.70,1.0000,-1,-1,-1
5,2,687.40,205.90,78.00,114.60,1.0000,-1,-1,-1
5,3,1718.90,456.70,80.50,210.30,1.0000,-1,-1,-1
5,4,385.70,200.70,65.50,188.70,1.0000,-1,-1,-1
5,5,1668.80,12.00,51.90,162.10,1.0000,-1,-1,-1
5,6,992.90,1.10,55.70,110.60,1.0000,-1,-1,-1
5,7,171.80,314.10,65.20,196.60,1.0000,-1,-1,-1
5,8,288.50,125.20,53.90,170.70,1.0000,-1,-1,-1
5,9,780.70,143.10,56.20,174.50,1.0000,-1,-1,-1
5,10,464.50,118.00,63.80,186.30,1.0000,-1,-1,-1
5,11,929.40,1.00,56.70,110.60,1.0000,-1,-1,-1
5,12,882.20,1.20,52.40,116.70,1.0000,-1,-1,-1
5,13,1604.80,2.40,57.10,169.50,1.0000,-1,-1,-1
5,14,1767.00,219.50,67.80,169.40,1.0000,-1,-1,-1
5,15,218.20,138.40,61.70,160.90,1.0000,-1,-1,-1
5,16,1700.00,303.70,74.60,199.40,1.0000,-1,-1,-1
5,17,517.10,103.20,59.30,176.60,1.0000,-1,-1,-1
5,18,814.00,601.00,74.50,256.40,1.0000,-1,-1,-1
5,19,264.10,829.00,81.90,252.00,1.0000,-1,-1,-1
5,20,1787.20,657.50,69.10,213.40,1.0000,-1,-1,-1
5,21,961.10,733.50,121.90,259.50,1.0000,-1,-1,-1
5,22,450.40,2.00,70.10,170.50,1.0000,-1,-1,-1
5,23,1580.00,594.30,65.40,239.50,1.0000,-1,-1,-1
5,24,191.40,788.40,95.50,285.20,1.0000,-1,-1,-1
5,25,402.90,35.80,49.10,162.40,1.0000,-1,-1,-1
5,27,1589.30,283.10,59.60,203.10,0.9740,-1,-1,-1
5,28,1877.00,224.80,44.00,209.90,0.8840,-1,-1,-1
5,-1,1049.70,758.30,88.40,231.20,0.1440,-1,-1,-1
6,0,1221.60,30.60,61.60,120.20,1.0000,-1,-1,-1
6,1,1485.90,1.00,58.70,141.60,1.0000,-1,-1,-1
6,2,687.10,205.50,78.60,115.30,1.0000,-1,-1,-1
6,3,1718.40,456.50,81.20,210.70,1.0000,-1,-1,-1
6,4,384.70,201.50,66.80,189.30,1.0000,-1,-1,-1
6,5,1667.60,12.10,52.40,161.10,1.0000,-1,-1,-1
6,6,992.20,1.00,55.40,111.10,1.0000,-1,-1,-1
6,7,170.60,313.50,67.30,195.40,1.0000,-1,-1,-1
6,8,288.80,124.70,54.30,172.30,1.0000,-1,-1,-1
6,9,780.20,142.90,57.90,175.20,1.0000,-1,-1,-1
6,10,464.30,117.10,62.60,186.50,1.0000,-1,-1,-1
6,11,928.70,1.00,57.10,110.70,1.0000,-1,-1,-1
6,12,881.90,1.70,52.40,115.80,1.0000,-1,-1,-1
6,13,1604.70,2.40,56.90,168.40,1.0000,-1,-1,-1
6,14,1766.80,219.90,69.70,171.00,1.0000,-1,-1,-1
6,15,218.10,138.90,62.60,160.40,1.0000,-1,-1,-1
6,16,1699.20,304.10,73.40,198.50,1.0000,-1,-1,-1
6,17,517.30,102.20,60.40,179.30,1.0000,-1,-1,-1
6,18,812.00,604.40,76.10,254.00,1.0000,-1,-1,-1
6,19,263.40,831.20,82.70,249.80,1.0000,-1,-1,-1
6,20,1793.80,661.80,63.80,212.60,0.9970,-1,-1,-1
6,21,960.90,735.90,123.60,258.70,1.0000,-1,-1,-1
6,22,450.20,1.80,69.00,169.00,1.0000,-1,-1,-1
6,23,1583.40,592.50,62.90,241.50,1.0000,-1,-1,-1
6,24,192.20,797.40,96.10,277.10,1.0000,-1,-1,-1
6,25,402.40,35.10,51.20,165.10,1.0000,-1,-1,-1
6,27,1589.10,286.60,58.50,201.10,0.9220,-1,-1,-1
6,28,1875.40,224.90,45.60,212.00,0.6250,-1,-1,-1
6,-1,1050.20,760.20,87.40,236.00,0.0750,-1,-1,-1
7,0,1221.40,30.30,62.40,119.70,1.0000,-1,-1,-1
7,1,1486.20,1.00,58.70,141.50,1.0000,-1,-1,-1
7,2,687.00,206.00,78.40,114.90,1.0000,-1,-1,-1
7,3,1718.70,457.90,82.00,208.90,1.0000,-1,-1,-1
7,4,385.00,203.30,65.90,189.00,1.0000,-1,-1,-1
7,5,1665.80,10.80,53.30,162.60,1.0000,-1,-1,-1
7,6,992.10,1.00,54.30,109.70,1.0000,-1,-1,-1
7,7,172.40,313.90,66.90,194.60,1.0000,-1,-1,-1
7,8,288.90,126.20,53.60,169.90,1.0000,-1,-1,-1
7,9,780.40,143.40,57.80,175.60,1.0000,-1,-1,-1
7,10,463.30,115.40,63.40,187.30,1.0000,-1,-1,-1
7,11,929.30,1.00,56.10,109.90,1.0000,-1,-1,-1
7,12,880.40,2.20,52.50,113.40,1.0000,-1,-1,-1
7,13,1604.40,1.70,55.70,168.00,1.0000,-1,-1,-1
7,14,1766.80,219.60,72.70,175.70,1.0000,-1,-1,-1
7,15,218.30,138.10,61.60,160.10,1.0000,-1,-1,-1
7,16,1696.90,302.20,74.30,199.00,1.0000,-1,-1,-1
7,17,518.20,102.80,60.80,174.50,1.0000,-1,-1,-1
7,18,811.20,602.60,74.90,256.10,1.0000,-1,-1,-1
7,19,263.50,832.90,80.70,248.10,1.0000,-1,-1,-1
7,20,1795.30,667.50,62.80,203.50,0.9770,-1,-1,-1
7,21,964.10,738.70,122.50,255.90,1.0000,-1,-1,-1
7,22,449.50,1.10,70.10,172.50,1.0000,-1,-1,-1
7,23,1583.30,592.40,64.00,240.80,1.0000,-1,-1,-1
7,24,192.30,799.50,96.50,277.50,1.0000,-1,-1,-1
7,25,402.20,36.30,50.60,162.60,1.0000,-1,-1,-1
7,27,1591.50,285.50,51.00,193.90,0.1020,-1,-1,-1
7,28,1874.10,217.30,46.90,216.60,0.3500,-1,-1,-1
7,-1,1054.20,763.50,85.40,233.30,0.0860,-1,-1,-1
8,0,1221.80,30.40,61.70,120.10,1.0000,-1,-1,-1
8,1,1486.20,1.00,58.50,141.40,1.0000,-1,-1,-1
8,2,687.90,206.10,77.10,114.50,1.0000,-1,-1,-1
8,3,1717.90,457.30,82.40,210.00,1.0000,-1,-1,-1
8,4,386.20,203.60,63.70,189.20,1.0000,-1,-1,-1
8,5,1663.30,8.60,54.40,164.20,1.0000,-1,-1,-1
8,6,992.00,1.20,54.20,109.30,1.0000,-1,-1,-1
8,7,171.20,311.70,68.20,194.80,1.0000,-1,-1,-1
8,8,288.40,126.40,54.10,169.50,1.0000,-1,-1,-1
8,9,780.50,144.20,58.00,174.50,1.0000,-1,-1,-1
8,10,463.40,114.40,63.40,186.90,1.0000,-1,-1,-1
8,11,928.80,1.00,56.80,109.30,1.0000,-1,-1,-1
8,12,880.20,1.80,52.80,114.00,1.0000,-1,-1,-1
8,13,1604.00,1.00,55.30,166.80,1.0000,-1,-1,-1
8,14,1767.40,220.90,73.80,174.00,1.0000,-1,-1,-1
8,15,217.40,138.00,63.10,161.60,1.0000,-1,-1,-1
8,16,1694.30,301.40,73.40,200.40,1.0000,-1,-1,-1
8,17,517.90,103.30,61.80,175.60,1.0000,-1,-1,-1
8,18,808.20,603.80,77.50,255.80,1.0000,-1,-1,-1
8,19,264.00,834.40,80.20,246.60,1.0000,-1,-1,-1
8,20,1796.30,671.50,60.60,202.60,0.6610,-1,-1,-1
8,21,965.10,742.10,126.60,256.70,1.0000,-1,-1,-1
8,22,449.30,1.00,68.60,168.70,0.9990,-1,-1,-1
8,23,1583.60,591.80,67.20,244.10,1.0000,-1,-1,-1
8,24,192.30,800.10,97.40,275.30,1.0000,-1,-1,-1
8,25,403.70,38.50,49.80,161.80,1.0000,-1,-1,-1
8,27,1588.50,284.90,55.50,195.90,0.6370,-1,-1,-1
8,28,1874.50,222.40,46.50,214.60,0.3240,-1,-1,-1
9,0,1222.00,30.30,61.70,120.10,1.0000,-1,-1,-1
9,1,1486.20,1.30,59.00,141.50,1.0000,-1,-1,-1
9,2,687.70,206.10,77.40,114.60,1.0000,-1,-1,-1
9,3,1717.10,457.10,83.10,210.10,1.0000,-1,-1,-1
9,4,387.60,204.80,61.50,186.80,1.0000,-1,-1,-1
9,5,1661.90,7.10,53.70,168.20,1.0000,-1,-1,-1
9,6,992.10,1.00,55.00,109.30,1.0000,-1,-1,-1
9,7,170.90,311.30,69.70,194.10,1.0000,-1,-1,-1
9,8,288.50,127.60,54.40,168.50,1.0000,-1,-1,-1
9,9,780.60,144.40,59.30,175.00,1.0000,-1,-1,-1
9,10,462.50,115.40,62.80,181.40,1.0000,-1,-1,-1
9,11,928.40,1.00,57.00,109.10,1.0000,-1,-1,-1
9,12,880.40,1.90,52.30,113.30,1.0000,-1,-1,-1
9,13,1602.00,1.00,55.80,168.50,1.0000,-1,-1,-1
9,14,1768.60,223.00,74.10,173.90,1.0000,-1,-1,-1
9,15,217.80,137.80,62.30,160.70,1.0000,-1,-1,-1
9,16,1692.60,301.80,72.10,197.80,1.0000,-1,-1,-1
9,17,518.50,103.10,61.40,176.80,1.0000,-1,-1,-1
9,18,805.40,603.40,78.10,254.00,1.0000,-1,-1,-1
9,19,264.00,836.90,80.20,244.10,1.0000,-1,-1,-1
9,21,967.60,745.40,125.70,254.40,0.9990,-1,-1,-1
9,22,448.80,1.00,68.80,168.50,1.0000,-1,-1,-1
9,23,1584.90,590.60,67.70,243.60,1.0000,-1,-1,-1
9,24,191.60,804.00,99.30,270.80,0.9990,-1,-1,-1
9,25,405.20,42.30,48.80,155.40,1.0000,-1,-1,-1
9,27,1588.40,285.80,54.30,195.10,0.4190,-1,-1,-1
9,28,1874.20,228.40,46.80,208.10,0.2680,-1,-1,-1
9,-1,1060.00,763.30,86.90,235.50,0.1020,-1,-1,-1
10,0,1221.50,30.30,62.30,119.30,1.0000,-1,-1,-1
10,1,1486.30,1.00,58.80,141.80,1.0000,-1,-1,-1
10,2,687.50,206.00,77.60,114.90,1.0000,-1,-1,-1
10,3,1716.70,457.40,82.90,209.20,1.0000,-1,-1,-1
10,4,387.60,203.50,62.70,189.00,1.0000,-1,-1,-1
10,5,1660.80,6.10,53.30,164.30,1.0000,-1,-1,-1
10,6,992.60,1.10,54.70,109.30,1.0000,-1,-1,-1
10,7,172.20,311.30,67.30,192.60,1.0000,-1,-1,-1
10,8,288.20,125.30,54.90,171.00,1.0000,-1,-1,-1
10,9,780.30,144.30,60.30,175.20,1.0000,-1,-1,-1
10,10,461.50,113.50,64.90,182.70,1.0000,-1,-1,-1
10,11,928.30,1.00,57.00,109.60,1.0000,-1,-1,-1
10,12,880.30,1.80,52.80,113.80,1.0000,-1,-1,-1
10,13,1601.10,1.00,55.90,166.60,1.0000,-1,-1,-1
10,14,1771.60,223.60,72.50,174.40,1.0000,-1,-1,-1
10,15,217.60,137.10,62.40,161.60,1.0000,-1,-1,-1
10,16,1690.10,300.10,73.60,199.30,1.0000,-1,-1,-1
10,17,519.00,102.60,62.40,179.20,1.0000,-1,-1,-1
10,18,803.30,602.80,78.00,253.40,1.0000,-1,-1,-1
10,19,263.10,837.60,80.00,243.40,1.0000,-1,-1,-1
10,21,969.80,747.20,125.40,257.40,1.0000,-1,-1,-1
10,22,449.40,1.00,68.90,166.70,0.9990,-1,-1,-1
10,23,1586.10,590.60,68.70,243.80,1.0000,-1,-1,-1
10,24,193.10,801.60,98.90,278.60,0.9980,-1,-1,-1
10,25,405.10,43.70,49.80,158.30,1.0000,-1,-1,-1
10,28,1873.70,226.10,47.30,207.80,0.3480,-1,-1,-1
10,-1,365.60,126.60,46.40,160.70,0.3050,-1,-1,-1
11,0,1221.20,30.00,62.10,120.30,1.0000,-1,-1,-1
11,1,1486.60,1.30,58.70,142.40,1.0000,-1,-1,-1
11,2,687.40,206.40,77.60,114.30,1.0000,-1,-1,-1
11,3,1717.70,457.50,82.50,208.40,1.0000,-1,-1,-1
11,4,387.00,202.70,63.70,189.80,1.0000,-1,-1,-1
11,5,1661.00,5.30,53.80,163.70,1.0000,-1,-1,-1
11,6,993.00,1.30,54.20,109.50,1.0000,-1,-1,-1
11,7,172.50,309.70,67.10,195.00,1.0000,-1,-1,-1
11,8,289.00,125.30,54.40,172.30,1.0000,-1,-1,-1
11,9,780.60,144.50,60.10,175.10,1.0000,-1,-1,-1
11,10,461.30,112.00,65.20,183.20,1.0000,-1,-1,-1
11,11,928.30,1.00,56.80,109.60,1.0000,-1,-1,-1
11,12,880.30,1.70,52.50,113.80,1.0000,-1,-1,-1
11,13,1600.80,1.00,55.80,165.00,1.0000,-1,-1,-1
11,14,1771.70,224.40,72.80,176.20,1.0000,-1,-1,-1
11,15,217.30,137.00,61.70,159.10,1.0000,-1,-1,-1
11,16,1688.50,298.50,72.80,203.50,1.0000,-1,-1,-1
11,17,519.50,102.10,61.80,180.40,1.0000,-1,-1,-1
11,18,799.60,598.70,81.20,262.40,1.0000,-1,-1,-1
11,19,263.50,840.50,78.80,240.50,1.0000,-1,-1,-1
11,21,973.70,748.40,126.00,258.40,0.9990,-1,-1,-1
11,22,449.60,1.00,69.50,168.80,0.9990,-1,-1,-1
11,23,1587.80,589.80,67.10,240.90,1.0000,-1,-1,-1
11,24,192.70,799.70,98.70,281.30,0.9990,-1,-1,-1
11,25,405.00,45.30,50.00,156.70,1.0000,-1,-1,-1
11,-1,1062.90,769.30,80.60,242.00,0.0990,-1,-1,-1
12,0,1221.60,29.90,61.80,120.00,1.0000,-1,-1,-1
12,1,1487.10,1.80,58.30,142.50,1.0000,-1,-1,-1
12,2,687.10,206.40,77.90,114.10,1.0000,-1,-1,-1
12,3,1717.50,457.10,82.30,210.00,1.0000,-1,-1,-1
12,4,387.30,202.80,63.70,191.30,1.0000,-1,-1,-1
12,5,1660.80,3.60,53.70,162.20,1.0000,-1,-1,-1
12,6,992.80,1.60,53.50,107.50,1.0000,-1,-1,-1
12,7,173.20,309.90,66.70,195.60,1.0000,-1,-1,-1
12,8,288.90,123.90,54.00,172.80,1.0000,-1,-1,-1
12,9,779.10,146.10,63.00,172.40,1.0000,-1,-1,-1
12,10,461.10,109.30,65.40,182.20,1.0000,-1,-1,-1
12,11,928.70,1.30,56.60,108.90,1.0000,-1,-1,-1
12,12,879.40,2.00,52.40,113.30,1.0000,-1,-1,-1
12,13,1601.10,1.00,55.30,163.20,1.0000,-1,-1,-1
12,14,1773.00,225.40,70.20,176.50,1.0000,-1,-1,-1
12,15,216.50,136.10,62.40,163.00,1.0000,-1,-1,-1
12,16,1685.80,296.80,73.80,201.30,1.0000,-1,-1,-1
12,17,520.40,102.10,60.50,179.80,1.0000,-1,-1,-1
12,18,800.00,598.00,79.40,265.10,1.0000,-1,-1,-1
12,19,262.80,843.40,78.30,237.60,1.0000,-1,-1,-1
12,21,974.10,750.10,126.90,256.20,0.9990,-1,-1,-1
12,22,449.10,1.00,70.10,168.10,0.9970,-1,-1,-1
12,23,1588.70,591.40,66.00,239.20,1.0000,-1,-1,-1
12,24,192.50,798.90,98.30,282.10,0.9990,-1,-1,-1
12,25,405.40,47.20,49.40,155.20,0.9990,-1,-1,-1
12,-1,134.10,276.10,44.30,206.60,0.2710,-1,-1,-1
12,-1,1063.20,767.40,77.90,251.40,0.1310,-1,-1,-1
12,-1,361.80,115.50,51.70,170.80,0.9940,-1,-1,-1
13,0,1221.40,30.00,62.40,121.10,1.0000,-1,-1,-1
13,1,1487.60,2.40,58.10,141.60,1.0000,-1,-1,-1
13,2,687.30,206.30,77.90,114.10,1.0000,-1,-1,-1
13,3,1717.40,457.00,82.50,209.60,1.0000,-1,-1,-1
13,4,387.90,202.90,63.50,192.80,1.0000,-1,-1,-1
13,5,1660.40,3.00,53.70,161.40,1.0000,-1,-1,-1
13,6,992.80,1.20,52.90,107.20,1.0000,-1,-1,-1
13,7,173.80,308.90,66.90,195.40,1.0000,-1,-1,-1
13,8,288.60,122.60,54.10,173.60,1.0000,-1,-1,-1
13,9,779.90,146.90,63.50,172.60,1.0000,-1,-1,-1
13,10,458.30,111.20,68.20,177.10,1.0000,-1,-1,-1
13,11,929.50,1.40,55.40,107.10,1.0000,-1,-1,-1
13,12,879.20,2.00,52.30,112.50,1.0000,-1,-1,-1
13,13,1599.50,1.00,54.80,161.70,1.0000,-1,-1,-1
13,14,1774.90,226.90,69.70,175.50,1.0000,-1,-1,-1
13,15,214.50,133.60,64.80,165.00,1.0000,-1,-1,-1
13,16,1684.20,294.80,73.60,202.60,1.0000,-1,-1,-1
13,17,520.90,103.40,59.70,180.50,1.0000,-1,-1,-1
13,18,797.40,598.40,80.60,264.10,1.0000,-1,-1,-1
13,19,261.70,843.80,78.50,237.20,1.0000,-1,-1,-1
13,21,974.70,746.70,126.00,257.70,0.9990,-1,-1,-1
13,22,450.90,1.60,66.70,156.90,0.9720,-1,-1,-1
13,23,1590.00,587.40,66.70,240.40,1.0000,-1,-1,-1
13,24,196.90,802.90,98.10,278.10,0.9990,-1,-1,-1
13,25,406.00,44.30,49.70,154.60,0.9990,-1,-1,-1
13,29,361.90,115.80,53.00,169.60,0.9990,-1,-1,-1
13,-1,1064.10,767.70,79.90,244.00,0.4460,-1,-1,-1
13,-1,133.40,273.60,42.70,209.30,0.2790,-1,-1,-1
14,0,1221.90,30.40,62.10,120.30,1.0000,-1,-1,-1
14,1,1487.80,2.50,58.40,142.30,1.0000,-1,-1,-1
14,2,687.30,206.20,78.20,114.30,1.0000,-1,-1,-1
14,3,1717.10,456.20,82.10,210.70,1.0000,-1,-1,-1
14,4,387.40,205.40,63.90,192.10,1.0000,-1,-1,-1
14,5,1660.80,3.30,53.40,160.90,1.0000,-1,-1,-1
14,6,992.10,1.10,52.90,106.20,1.0000,-1,-1,-1
14,7,174.90,308.10,65.40,195.10,1.0000,-1,-1,-1
14,8,289.00,123.40,53.80,172.60,1.0000,-1,-1,-1
14,9,779.90,146.20,64.10,173.40,1.0000,-1,-1,-1
14,10,456.70,108.20,68.10,183.80,1.0000,-1,-1,-1
14,11,927.50,1.00,56.60,107.00,1.0000,-1,-1,-1
14,12,879.10,1.90,52.00,111.80,1.0000,-1,-1,-1
14,13,1599.20,1.00,55.00,160.30,1.0000,-1,-1,-1
14,14,1775.40,227.00,68.80,177.40,1.0000,-1,-1,-1
14,15,214.30,133.90,64.70,163.60,1.0000,-1,-1,-1
14,16,1682.30,292.50,74.50,202.30,1.0000,-1,-1,-1
14,17,521.70,103.70,59.90,180.30,1.0000,-1,-1,-1
14,18,794.60,599.20,82.40,258.80,1.0000,-1,-1,-1
14,19,262.10,847.10,78.30,233.90,1.0000,-1,-1,-1
14,21,977.30,754.20,130.60,249.00,0.9950,-1,-1,-1
14,23,1590.40,586.80,67.40,240.60,1.0000,-1,-1,-1
14,24,195.80,805.10,100.60,275.90,0.9990,-1,-1,-1
14,25,406.60,45.20,48.60,156.60,0.9990,-1,-1,-1
14,29,360.40,113.50,51.80,170.00,0.9990,-1,-1,-1
14,22,449.80,5.30,67.90,163.40,0.4510,-1,-1,-1
14,-1,1029.40,946.30,79.00,134.70,0.0640,-1,-1,-1
14,-1,1060.00,768.50,87.00,242.80,0.8800,-1,-1,-1
14,-1,132.20,273.90,48.70,211.70,0.8470,-1,-1,-1
14,-1,754.50,86.90,45.60,148.30,0.8040,-1,-1,-1
15,0,1221.40,30.60,62.20,120.00,1.0000,-1,-1,-1
15,1,1488.50,2.90,58.10,141.90,1.0000,-1,-1,-1
15,2,687.30,206.20,78.30,113.70,1.0000,-1,-1,-1
15,3,1717.50,457.40,82.00,208.50,1.0000,-1,-1,-1
15,4,387.00,206.20,63.50,193.70,1.0000,-1,-1,-1
15,5,1661.00,2.70,53.50,159.80,1.0000,-1,-1,-1
15,6,991.70,1.40,53.20,106.00,1.0000,-1,-1,-1
15,7,176.20,307.10,65.50,193.20,1.0000,-1,-1,-1
15,8,289.90,125.80,52.90,171.50,1.0000,-1,-1,-1
15,9,780.10,144.80,65.00,174.50,1.0000,-1,-1,-1
15,10,456.00,107.00,69.00,185.50,1.0000,-1,-1,-1
15,11,927.10,1.00,56.40,106.10,1.0000,-1,-1,-1
15,12,878.50,1.50,53.00,111.90,1.0000,-1,-1,-1
15,13,1599.00,1.00,54.30,158.00,1.0000,-1,-1,-1
15,14,1776.70,227.40,69.30,178.80,1.0000,-1,-1,-1
15,15,216.50,135.30,61.80,162.40,1.0000,-1,-1,-1
15,16,1681.70,290.20,75.10,202.70,1.0000,-1,-1,-1
15,17,523.50,104.70,60.70,177.50,1.0000,-1,-1,-1
15,18,791.70,598.50,83.20,257.60,1.0000,-1,-1,-1
15,19,261.80,846.50,77.10,234.50,0.9990,-1,-1,-1
15,21,980.00,754.80,131.50,248.70,0.9740,-1,-1,-1
15,23,1590.00,583.40,67.40,242.70,1.0000,-1,-1,-1
15,24,197.80,808.10,99.80,272.90,1.0000,-1,-1,-1
15,25,407.70,47.30,48.80,156.60,0.9990,-1,-1,-1
15,29,360.00,111.80,52.20,171.00,0.9990,-1,-1,-1
15,30,1061.70,765.20,88.20,248.90,0.9840,-1,-1,-1
15,31,130.80,275.10,51.60,210.70,0.9880,-1,-1,-1
15,32,756.20,84.00,46.10,153.10,0.9500,-1,-1,-1
15,22,452.20,6.40,63.40,160.90,0.1040,-1,-1,-1
16,0,1221.40,30.50,62.60,119.90,1.0000,-1,-1,-1
16,1,1488.90,2.60,58.20,142.20,1.0000,-1,-1,-1
16,2,687.30,206.00,78.10,113.90,1.0000,-1,-1,-1
16,3,1717.10,457.00,82.30,210.10,1.0000,-1,-1,-1
16,4,387.20,208.50,62.10,192.60,1.0000,-1,-1,-1
16,5,1660.50,2.60,53.80,160.00,1.0000,-1,-1,-1
16,6,991.40,1.50,53.00,105.10,1.0000,-1,-1,-1
16,7,176.80,307.40,65.60,191.80,1.0000,-1,-1,-1
16,8,289.70,124.40,53.00,171.20,1.0000,-1,-1,-1
16,9,780.20,143.80,66.40,174.50,1.0000,-1,-1,-1
16,10,455.60,105.70,69.40,186.50,1.0000,-1,-1,-1
16,11,926.90,1.20,58.00,104.30,0.9990,-1,-1,-1
16,12,878.90,1.20,52.60,112.00,1.0000,-1,-1,-1
16,13,1598.40,1.00,54.10,155.10,1.0000,-1,-1,-1
16,14,1778.50,228.00,68.10,177.20,1.0000,-1,-1,-1
16,15,217.60,134.80,59.60,158.20,1.0000,-1,-1,-1
16,16,1677.80,287.30,80.00,206.00,1.0000,-1,-1,-1
16,17,525.20,106.20,60.20,177.90,1.0000,-1,-1,-1
16,18,788.70,597.50,85.10,257.10,1.0000,-1,-1,-1
16,19,260.60,849.80,76.30,231.20,0.9990,-1,-1,-1
16,21,984.20,756.20,118.00,250.30,0.9920,-1,-1,-1
16,23,1590.50,582.10,69.10,242.20,1.0000,-1,-1,-1
16,24,200.90,811.30,97.10,269.70,0.9990,-1,-1,-1
16,25,406.90,46.90,49.00,158.80,0.9990,-1,-1,-1
16,29,359.70,112.50,52.90,170.80,1.0000,-1,-1,-1
16,30,1063.70,769.00,88.30,241.70,0.9860,-1,-1,-1
16,31,129.90,271.80,54.10,216.30,0.9940,-1,-1,-1
16,32,756.50,83.50,44.70,151.60,0.9560,-1,-1,-1
17,0,1221.50,30.60,62.60,119.80,1.0000,-1,-1,-1
17,1,1489.40,3.00,58.50,142.50,1.0000,-1,-1,-1
17,2,687.00,206.00,78.80,114.20,1.0000,-1,-1,-1
17,3,1716.70,457.60,83.00,210.00,1.0000,-1,-1,-1
17,4,387.20,209.50,61.80,192.60,1.0000,-1,-1,-1
17,5,1659.90,2.40,54.10,160.30,1.0000,-1,-1,-1
17,6,991.30,1.20,52.30,105.40,1.0000,-1,-1,-1
17,7,177.10,307.40,66.30,192.40,1.0000,-1,-1,-1
17,8,289.70,124.40,52.40,171.50,1.0000,-1,-1,-1
17,9,781.50,145.90,65.90,171.20,1.0000,-1,-1,-1
17,10,454.40,105.70,70.50,185.20,1.0000,-1,-1,-1
17,11,928.90,1.00,55.70,103.50,1.0000,-1,-1,-1
17,12,877.60,1.00,52.20,111.30,1.0000,-1,-1,-1
17,13,1597.50,1.00,53.80,155.20,1.0000,-1,-1,-1
17,14,1780.70,227.10,68.00,177.70,1.0000,-1,-1,-1
17,15,218.30,135.40,58.90,157.70,1.0000,-1,-1,-1
17,16,1676.20,287.30,79.30,205.60,1.0000,-1,-1,-1
17,17,525.00,106.60,60.60,176.70,1.0000,-1,-1,-1
17,18,786.70,597.30,85.40,257.60,1.0000,-1,-1,-1
17,19,258.10,852.50,79.90,228.50,0.9990,-1,-1,-1
17,21,986.40,760.50,115.10,253.20,0.9470,-1,-1,-1
17,23,1590.80,583.90,69.90,240.50,1.0000,-1,-1,-1
17,24,204.90,813.90,93.20,267.10,0.9980,-1,-1,-1
17,25,409.00,42.70,47.90,168.00,0.9990,-1,-1,-1
17,29,359.70,112.70,53.00,171.60,1.0000,-1,-1,-1
17,30,1064.10,769.30,90.30,248.00,0.9880,-1,-1,-1
17,31,130.90,272.40,52.90,215.30,0.9980,-1,-1,-1
17,32,756.60,84.70,45.10,154.90,0.9840,-1,-1,-1
18,0,1221.80,30.60,61.70,119.60,1.0000,-1,-1,-1
18,1,1490.10,3.60,58.80,142.40,1.0000,-1,-1,-1
18,2,686.90,205.80,78.90,114.30,1.0000,-1,-1,-1
18,3,1715.50,457.40,84.60,209.00,1.0000,-1,-1,-1
18,4,387.40,213.70,60.80,187.70,1.0000,-1,-1,-1
18,5,1659.90,2.30,53.80,158.90,1.0000,-1,-1,-1
18,6,990.80,1.40,52.40,104.10,1.0000,-1,-1,-1
18,7,177.90,307.10,66.70,192.20,1.0000,-1,-1,-1
18,8,289.70,125.60,51.70,170.00,1.0000,-1,-1,-1
18,9,781.40,142.90,66.80,174.80,1.0000,-1,-1,-1
18,10,452.40,104.50,69.30,183.60,1.0000,-1,-1,-1
18,11,929.00,1.20,55.50,101.90,1.0000,-1,-1,-1
18,12,876.50,1.70,53.10,108.80,1.0000,-1,-1,-1
18,13,1596.40,1.00,54.60,155.70,1.0000,-1,-1,-1
18,14,1782.00,227.30,67.60,178.30,1.0000,-1,-1,-1
18,15,218.00,135.20,59.60,158.40,1.0000,-1,-1,-1
18,16,1670.40,285.80,83.70,206.10,1.0000,-1,-1,-1
18,17,526.20,107.90,60.20,175.50,1.0000,-1,-1,-1
18,18,783.70,596.20,88.10,257.50,1.0000,-1,-1,-1
18,19,256.50,861.00,79.90,220.00,1.0000,-1,-1,-1
18,21,991.20,756.70,118.70,261.70,0.8050,-1,-1,-1
18,23,1591.00,584.20,70.40,239.30,1.0000,-1,-1,-1
18,25,410.00,45.00,47.30,161.00,0.9990,-1,-1,-1
18,29,359.00,115.10,54.20,169.00,1.0000,-1,-1,-1
18,30,1067.40,769.10,91.40,249.70,0.9930,-1,-1,-1
18,31,129.80,271.50,55.40,217.10,0.9980,-1,-1,-1
18,32,752.90,83.70,46.20,150.50,0.9910,-1,-1,-1
18,-1,1029.00,943.80,76.90,137.20,0.0940,-1,-1,-1
19,0,1221.90,30.70,61.70,119.80,1.0000,-1,-1,-1
19,1,1490.70,3.90,58.70,142.50,1.0000,-1,-1,-1
19,2,686.90,206.00,79.30,114.30,1.0000,-1,-1,-1
19,3,1715.80,456.70,83.60,210.80,1.0000,-1,-1,-1
19,4,385.90,214.70,61.70,190.00,1.0000,-1,-1,-1
19,5,1659.80,2.70,53.10,158.60,1.0000,-1,-1,-1
19,6,990.20,1.40,51.90,102.30,1.0000,-1,-1,-1
19,7,178.40,306.70,67.30,191.90,1.0000,-1,-1,-1
19,8,289.60,124.70,51.90,171.40,1.0000,-1,-1,-1
19,9,781.00,145.90,67.80,170.70,1.0000,-1,-1,-1
19,10,454.70,106.90,66.80,182.60,1.0000,-1,-1,-1
19,11,929.30,1.40,54.90,101.40,1.0000,-1,-1,-1
19,12,875.70,1.10,53.30,109.30,1.0000,-1,-1,-1
19,13,1596.10,1.00,55.20,157.10,1.0000,-1,-1,-1
19,14,1784.40,226.60,66.10,178.90,1.0000,-1,-1,-1
19,15,218.60,135.20,59.10,157.50,1.0000,-1,-1,-1
19,16,1667.60,286.20,88.10,207.20,1.0000,-1,-1,-1
19,17,526.60,108.40,59.80,175.40,1.0000,-1,-1,-1
19,18,777.40,601.50,92.70,248.70,1.0000,-1,-1,-1
19,19,256.40,863.60,80.50,217.40,1.0000,-1,-1,-1
19,21,992.10,757.90,117.20,253.40,0.9110,-1,-1,-1
19,23,1591.80,586.30,69.40,238.60,1.0000,-1,-1,-1
19,25,409.90,46.20,48.40,161.40,0.9990,-1,-1,-1
19,29,358.70,116.00,56.70,168.90,1.0000,-1,-1,-1
19,30,1069.00,769.70,89.50,250.10,0.9970,-1,-1,-1
19,31,132.00,270.90,54.40,217.30,0.9980,-1,-1,-1
19,32,755.90,84.10,47.20,153.80,0.9860,-1,-1,-1
20,0,1221.80,30.30,61.40,119.10,1.0000,-1,-1,-1
20,1,1490.80,4.00,58.40,142.00,1.0000,-1,-1,-1
20,2,687.00,205.80,79.00,114.40,1.0000,-1,-1,-1
20,3,1716.20,456.00,83.60,212.70,1.0000,-1,-1,-1
20,4,385.00,217.20,62.30,189.60,1.0000,-1,-1,-1
20,5,1660.00,2.90,52.90,157.50,1.0000,-1,-1,-1
20,6,990.60,1.60,51.70,102.50,1.0000,-1,-1,-1
20,7,180.00,305.20,67.20,192.30,1.0000,-1,-1,-1
20,8,289.60,124.00,52.00,171.80,1.0000,-1,-1,-1
20,9,781.60,144.10,68.50,173.00,1.0000,-1,-1,-1
20,10,454.00,103.60,67.40,185.40,1.0000,-1,-1,-1
20,11,929.50,1.50,54.90,101.00,1.0000,-1,-1,-1
20,12,875.70,1.20,53.40,109.50,1.0000,-1,-1,-1
20,13,1595.30,1.00,55.40,156.20,1.0000,-1,-1,-1
20,14,1785.00,226.50,66.70,180.30,1.0000,-1,-1,-1
20,15,219.60,134.50,58.20,158.60,1.0000,-1,-1,-1
20,16,1665.30,286.50,90.40,205.10,1.0000,-1,-1,-1
20,17,527.60,108.50,59.90,176.50,1.0000,-1,-1,-1
20,18,776.00,598.30,92.80,253.30,1.0000,-1,-1,-1
20,19,253.20,866.30,81.20,214.70,1.0000,-1,-1,-1
20,21,994.50,763.40,114.60,240.60,0.7560,-1,-1,-1
20,23,1593.30,585.40,69.00,238.50,1.0000,-1,-1,-1
20,25,410.80,40.90,49.10,172.00,0.9950,-1,-1,-1
20,29,358.50,116.00,57.00,168.30,1.0000,-1,-1,-1
20,30,1067.20,770.80,92.00,246.10,0.9960,-1,-1,-1
20,31,133.00,273.10,56.10,215.40,0.9990,-1,-1,-1
20,32,755.80,85.50,48.40,155.00,0.9830,-1,-1,-1
20,28,1876.40,236.00,44.60,196.40,0.0520,-1,-1,-1
21,0,1221.70,30.60,61.80,118.90,1.0000,-1,-1,-1
21,1,1491.40,4.50,58.00,141.70,1.0000,-1,-1,-1
21,2,687.10,205.80,78.70,114.30,1.0000,-1,-1,-1
21,3,1714.80,456.60,85.50,211.60,1.0000,-1,-1,-1
21,4,384.90,218.50,61.20,190.70,1.0000,-1,-1,-1
21,5,1659.80,2.40,53.40,157.10,1.0000,-1,-1,-1
21,6,989.40,1.80,51.20,100.00,1.0000,-1,-1,-1
21,7,182.10,308.60,67.90,187.50,1.0000,-1,-1,-1
21,8,290.20,122.10,51.30,174.10,1.0000,-1,-1,-1
21,9,782.70,145.10,67.60,172.20,1.0000,-1,-1,-1
21,10,452.60,102.90,66.50,183.40,1.0000,-1,-1,-1
21,11,929.20,1.40,55.60,100.30,1.0000,-1,-1,-1
21,12,876.00,1.60,53.30,108.30,1.0000,-1,-1,-1
21,13,1594.40,1.00,55.90,155.30,1.0000,-1,-1,-1
21,14,1785.90,228.40,67.40,179.30,1.0000,-1,-1,-1
21,15,218.70,132.90,59.20,160.50,1.0000,-1,-1,-1
21,16,1664.70,286.90,90.30,205.40,1.0000,-1,-1,-1
21,17,528.00,108.00,60.70,177.70,1.0000,-1,-1,-1
21,18,769.00,598.20,100.20,251.80,1.0000,-1,-1,-1
21,19,253.40,869.60,81.10,211.40,1.0000,-1,-1,-1
21,21,996.40,769.00,113.90,229.10,0.7490,-1,-1,-1
21,23,1592.60,583.80,69.70,241.50,1.0000,-1,-1,-1
21,25,412.00,40.50,49.00,173.60,0.9750,-1,-1,-1
21,29,358.50,113.30,55.40,172.80,1.0000,-1,-1,-1
21,30,1069.50,775.60,92.20,241.30,0.9980,-1,-1,-1
21,31,132.40,272.90,57.80,216.00,0.9990,-1,-1,-1
21,32,753.40,83.60,49.00,155.80,0.9960,-1,-1,-1
21,-1,413.80,142.70,43.40,157.50,0.1450,-1,-1,-1
22,0,1221.50,30.80,61.70,118.80,1.0000,-1,-1,-1
22,1,1491.00,4.50,58.20,142.00,1.0000,-1,-1,-1
22,2,687.20,206.00,78.70,114.50,1.0000,-1,-1,-1
22,3,1715.20,455.20,86.10,211.10,1.0000,-1,-1,-1
22,4,384.20,219.20,62.40,192.10,1.0000,-1,-1,-1
22,5,1659.50,2.00,53.20,157.40,1.0000,-1,-1,-1
22,6,988.60,1.40,51.30,98.60,1.0000,-1,-1,-1
22,7,181.80,307.00,71.00,188.90,1.0000,-1,-1,-1
22,8,289.10,122.20,52.00,173.60,1.0000,-1,-1,-1
22,9,782.40,144.30,67.90,174.50,1.0000,-1,-1,-1
22,10,454.20,102.30,65.20,185.30,1.0000,-1,-1,-1
22,11,928.60,1.40,56.90,99.40,0.9990,-1,-1,-1
22,12,875.50,1.00,53.70,108.80,1.0000,-1,-1,-1
22,13,1594.70,1.00,55.40,156.50,1.0000,-1,-1,-1
22,14,1787.90,230.20,68.40,180.00,1.0000,-1,-1,-1
22,15,218.90,135.30,58.30,159.30,1.0000,-1,-1,-1
22,16,1664.80,286.60,90.10,208.30,1.0000,-1,-1,-1
22,17,529.30,108.10,59.90,177.10,1.0000,-1,-1,-1
22,18,768.20,597.80,98.60,253.10,1.0000,-1,-1,-1
22,19,251.30,873.90,81.70,207.10,1.0000,-1,-1,-1
22,23,1594.60,583.70,68.80,240.60,1.0000,-1,-1,-1
22,25,413.00,39.10,48.60,181.60,0.9930,-1,-1,-1
22,29,359.40,108.10,55.60,179.60,1.0000,-1,-1,-1
22,30,1070.00,775.50,94.40,244.60,0.9980,-1,-1,-1
22,31,132.60,270.30,58.80,218.70,0.9990,-1,-1,-1
22,32,753.20,83.90,49.10,154.80,0.9990,-1,-1,-1
22,21,1002.10,770.90,110.70,235.30,0.5290,-1,-1,-1
22,-1,414.30,140.00,42.20,162.00,0.3580,-1,-1,-1
23,0,1221.40,30.20,62.80,120.40,1.0000,-1,-1,-1
23,1,1491.30,4.30,58.30,141.70,1.0000,-1,-1,-1
23,2,687.20,205.90,78.10,114.50,1.0000,-1,-1,-1
23,3,1715.60,456.70,84.70,211.20,1.0000,-1,-1,-1
23,4,383.40,219.30,62.90,192.70,1.0000,-1,-1,-1
23,5,1659.80,1.80,53.60,156.70,1.0000,-1,-1,-1
23,6,988.80,1.00,51.70,98.70,1.0000,-1,-1,-1
23,7,184.10,304.20,70.00,193.00,1.0000,-1,-1,-1
23,8,288.80,121.70,52.30,174.20,1.0000,-1,-1,-1
23,9,782.90,144.50,67.10,175.60,1.0000,-1,-1,-1
23,10,453.70,100.50,67.10,185.60,1.0000,-1,-1,-1
23,11,928.50,1.00,56.40,100.00,0.9990,-1,-1,-1
23,12,875.10,1.00,53.70,108.60,1.0000,-1,-1,-1
23,13,1594.30,1.00,55.60,155.30,1.0000,-1,-1,-1
23,14,1789.40,232.10,69.60,180.50,1.0000,-1,-1,-1
23,15,219.50,136.40,57.90,158.30,1.0000,-1,-1,-1
23,16,1663.30,286.10,91.70,208.40,1.0000,-1,-1,-1
23,17,530.10,107.50,60.40,178.70,1.0000,-1,-1,-1
23,18,767.20,596.90,98.40,254.30,1.0000,-1,-1,-1
23,19,249.10,875.40,83.40,205.60,1.0000,-1,-1,-1
23,23,1595.90,583.60,66.80,238.70,1.0000,-1,-1,-1
23,25,414.30,39.80,45.60,183.00,0.7760,-1,-1,-1
23,29,359.30,111.00,55.60,176.40,1.0000,-1,-1,-1
23,30,1070.70,779.60,97.40,241.70,0.9970,-1,-1,-1
23,31,134.20,270.60,57.20,218.10,1.0000,-1,-1,-1
23,32,753.40,84.40,48.80,153.40,0.9990,-1,-1,-1
23,21,1002.90,773.10,111.50,243.40,0.4450,-1,-1,-1
23,-1,1029.70,946.40,80.30,134.60,0.0720,-1,-1,-1
23,-1,414.50,145.10,43.40,164.40,0.9560,-1,-1,-1
24,0,1221.40,30.50,62.20,119.00,1.0000,-1,-1,-1
24,1,1491.10,3.70,58.30,142.90,1.0000,-1,-1,-1
24,2,687.10,205.80,78.40,114.40,1.0000,-1,-1,-1
24,3,1714.70,456.10,86.00,211.80,1.0000,-1,-1,-1
24,4,383.10,220.00,62.40,192.90,1.0000,-1,-1,-1
24,5,1659.50,2.30,54.00,155.80,1.0000,-1,-1,-1
24,6,988.60,2.30,50.70,98.50,1.0000,-1,-1,-1
24,7,185.80,302.50,68.20,194.10,1.0000,-1,-1,-1
24,8,289.00,122.30,52.10,173.90,1.0000,-1,-1,-1
24,9,784.80,144.70,67.50,175.20,1.0000,-1,-1,-1
24,10,456.10,98.60,66.10,183.90,1.0000,-1,-1,-1
24,11,927.70,1.20,56.20,98.70,0.9990,-1,-1,-1
24,12,873.90,1.00,54.20,108.40,1.0000,-1,-1,-1
24,13,1593.80,1.00,55.30,156.20,1.0000,-1,-1,-1
24,14,1790.40,232.10,71.40,182.80,1.0000,-1,-1,-1
24,15,220.10,135.70,57.20,158.60,1.0000,-1,-1,-1
24,16,1662.70,286.30,89.60,205.90,1.0000,-1,-1,-1
24,17,531.10,108.30,60.60,177.30,1.0000,-1,-1,-1
24,18,763.10,595.70,100.00,255.10,1.0000,-1,-1,-1
24,19,247.40,878.70,82.40,202.30,1.0000,-1,-1,-1
24,21,1001.30,775.80,107.50,241.50,0.7800,-1,-1,-1
24,23,1594.50,583.10,67.50,243.50,1.0000,-1,-1,-1
24,29,358.90,109.60,55.60,177.20,1.0000,-1,-1,-1
24,30,1075.00,781.30,97.70,247.30,0.9960,-1,-1,-1
24,31,135.00,269.50,57.90,219.40,1.0000,-1,-1,-1
24,32,753.00,84.10,48.40,153.00,0.9990,-1,-1,-1
24,33,412.10,142.10,47.20,167.20,0.9990,-1,-1,-1
24,-1,1029.10,946.50,82.20,134.50,0.0860,-1,-1,-1
25,0,1221.20,30.70,62.20,119.60,1.0000,-1,-1,-1
25,1,1491.20,4.20,58.50,143.40,1.0000,-1,-1,-1
25,2,687.00,205.90,78.30,114.60,1.0000,-1,-1,-1
25,3,1715.10,455.50,85.50,209.50,1.0000,-1,-1,-1
25,4,382.00,222.60,63.10,190.60,1.0000,-1,-1,-1
25,5,1659.10,2.10,54.70,155.20,1.0000,-1,-1,-1
25,6,988.30,2.20,50.90,98.70,1.0000,-1,-1,-1
25,7,188.00,300.10,66.40,194.80,1.0000,-1,-1,-1
25,8,289.30,121.30,51.60,175.10,1.0000,-1,-1,-1
25,9,785.70,145.10,66.60,174.30,1.0000,-1,-1,-1
25,10,456.30,97.20,65.80,182.40,1.0000,-1,-1,-1
25,11,927.90,1.20,56.30,97.40,0.9950,-1,-1,-1
25,12,873.80,1.00,53.90,108.90,1.0000,-1,-1,-1
25,13,1593.40,1.70,54.30,153.40,1.0000,-1,-1,-1
25,14,1793.60,232.80,70.70,182.60,1.0000,-1,-1,-1
25,15,219.60,134.90,57.60,160.40,1.0000,-1,-1,-1
25,16,1660.80,285.00,88.60,205.80,1.0000,-1,-1,-1
25,17,532.00,109.80,60.70,176.80,1.0000,-1,-1,-1
25,18,762.00,595.90,99.40,256.40,1.0000,-1,-1,-1
25,19,245.90,879.40,83.60,201.60,1.0000,-1,-1,-1
25,21,1005.50,781.00,105.70,231.10,0.6480,-1,-1,-1
25,23,1596.00,584.90,67.30,238.40,1.0000,-1,-1,-1
25,29,359.00,109.80,55.30,174.50,1.0000,-1,-1,-1
25,30,1076.70,785.70,93.60,247.80,0.9970,-1,-1,-1
25,31,134.10,268.80,57.70,219.20,1.0000,-1,-1,-1
25,32,753.00,82.60,48.10,153.90,1.0000,-1,-1,-1
25,33,412.30,140.60,49.30,163.60,1.0000,-1,-1,-1
26,0,1221.20,30.30,62.40,119.40,1.0000,-1,-1,-1
26,1,1490.50,3.80,58.90,143.70,1.0000,-1,-1,-1
26,2,687.10,205.80,78.30,115.00,1.0000,-1,-1,-1
26,3,1716.00,455.90,84.60,209.90,1.0000,-1,-1,-1
26,4,381.10,221.60,64.20,192.70,1.0000,-1,-1,-1
26,5,1658.90,1.50,55.00,154.20,1.0000,-1,-1,-1
26,6,987.30,2.70,51.70,97.90,1.0000,-1,-1,-1
26,7,189.80,299.50,66.00,194.50,1.0000,-1,-1,-1
26,8,289.30,123.40,53.10,173.20,1.0000,-1,-1,-1
26,9,786.60,143.70,65.50,176.80,1.0000,-1,-1,-1
26,10,456.80,96.10,64.50,181.60,1.0000,-1,-1,-1
26,11,927.60,1.80,57.70,96.50,0.9920,-1,-1,-1
26,12,873.40,1.00,54.20,109.30,1.0000,-1,-1,-1
26,13,1591.90,1.30,55.10,152.50,1.0000,-1,-1,-1
26,14,1794.80,231.40,73.40,186.30,1.0000,-1,-1,-1
26,15,220.10,137.00,57.70,158.20,1.0000,-1,-1,-1
26,16,1661.50,283.60,89.90,208.10,1.0000,-1,-1,-1
26,17,533.00,109.90,61.30,176.60,1.0000,-1,-1,-1
26,18,761.10,597.30,97.20,255.40,1.0000,-1,-1,-1
26,19,246.20,878.90,81.00,202.10,1.0000,-1,-1,-1
26,23,1595.00,585.30,71.30,242.30,1.0000,-1,-1,-1
26,29,359.00,111.80,54.00,170.40,1.0000,-1,-1,-1
26,30,1077.60,787.50,95.10,249.10,0.9960,-1,-1,-1
26,31,136.30,269.30,55.50,217.70,1.0000,-1,-1,-1
26,32,752.70,81.50,48.30,153.60,1.0000,-1,-1,-1
26,33,414.10,137.40,49.30,163.20,1.0000,-1,-1,-1
26,21,1007.80,779.00,108.70,244.10,0.5320,-1,-1,-1
26,-1,1026.10,946.80,79.90,134.20,0.0590,-1,-1,-1
27,0,1221.20,30.00,62.50,121.20,1.0000,-1,-1,-1
27,1,1490.50,4.40,58.50,143.70,1.0000,-1,-1,-1
27,2,687.10,205.90,78.60,114.70,1.0000,-1,-1,-1
27,3,1715.50,456.50,85.70,211.70,1.0000,-1,-1,-1
27,4,379.90,219.20,63.70,195.80,1.0000,-1,-1,-1
27,5,1659.60,2.00,53.90,151.80,1.0000,-1,-1,-1
27,6,986.60,2.30,53.00,96.60,1.0000,-1,-1,-1
27,7,192.50,298.90,63.90,193.50,1.0000,-1,-1,-1
27,8,289.00,122.70,53.30,173.60,1.0000,-1,-1,-1
27,9,786.40,142.40,65.50,178.10,1.0000,-1,-1,-1
27,10,457.60,97.60,63.70,177.90,1.0000,-1,-1,-1
27,11,929.20,1.10,58.40,95.80,0.9870,-1,-1,-1
27,12,873.80,1.00,53.50,109.10,1.0000,-1,-1,-1
27,13,1591.10,1.80,55.40,149.60,1.0000,-1,-1,-1
27,14,1798.20,233.00,71.00,184.20,1.0000,-1,-1,-1
27,15,219.50,136.10,57.20,159.00,1.0000,-1,-1,-1
27,16,1661.10,282.30,87.70,207.50,1.0000,-1,-1,-1
27,17,533.90,110.50,61.60,175.70,1.0000,-1,-1,-1
27,18,758.40,596.00,97.40,256.10,1.0000,-1,-1,-1
27,19,246.40,879.20,79.60,201.80,1.0000,-1,-1,-1
27,21,1010.50,779.30,116.60,243.20,0.6930,-1,-1,-1
27,23,1594.60,583.30,71.70,245.90,1.0000,-1,-1,-1
27,29,359.30,110.60,53.60,173.10,1.0000,-1,-1,-1
27,30,1078.50,789.70,95.60,253.00,0.9950,-1,-1,-1
27,31,137.90,269.70,53.30,216.90,1.0000,-1,-1,-1
27,32,753.30,82.30,48.20,154.30,1.0000,-1,-1,-1
27,33,415.10,138.80,50.30,164.00,1.0000,-1,-1,-1
27,-1,1024.60,946.50,78.90,134.50,0.0920,-1,-1,-1
28,0,1221.10,30.70,62.50,120.40,1.0000,-1,-1,-1
28,1,1489.80,3.50,59.40,145.00,1.0000,-1,-1,-1
28,2,687.30,206.00,78.70,114.60,1.0000,-1,-1,-1
28,3,1716.50,455.50,84.90,209.40,1.0000,-1,-1,-1
28,4,380.00,221.50,63.30,193.20,1.0000,-1,-1,-1
28,5,1658.80,1.50,54.20,150.40,1.0000,-1,-1,-1
28,6,986.30,1.60,52.80,96.10,1.0000,-1,-1,-1
28,7,193.50,297.20,63.40,194.90,1.0000,-1,-1,-1
28,8,288.80,122.40,53.10,174.90,1.0000,-1,-1,-1
28,9,786.90,142.60,65.30,179.30,1.0000,-1,-1,-1
28,10,457.30,93.20,65.00,181.10,1.0000,-1,-1,-1
28,11,929.10,1.40,57.80,95.80,0.9520,-1,-1,-1
28,12,873.30,1.00,53.40,109.60,1.0000,-1,-1,-1
28,13,1589.00,2.90,55.20,146.50,1.0000,-1,-1,-1
28,14,1799.00,234.00,72.20,182.00,1.0000,-1,-1,-1
28,15,219.20,137.90,57.50,157.70,1.0000,-1,-1,-1
28,16,1659.60,280.00,88.60,203.70,1.0000,-1,-1,-1
28,17,535.00,111.50,61.30,175.20,1.0000,-1,-1,-1
28,18,757.80,594.50,95.60,257.50,1.0000,-1,-1,-1
28,19,246.00,882.20,81.50,198.80,1.0000,-1,-1,-1
28,21,1010.60,780.50,121.50,247.70,0.9720,-1,-1,-1
28,23,1595.20,584.40,70.80,244.40,1.0000,-1,-1,-1
28,29,359.40,111.90,54.00,170.10,1.0000,-1,-1,-1
28,30,1091.90,793.30,86.50,247.40,0.9920,-1,-1,-1
28,31,139.80,268.70,51.80,213.90,1.0000,-1,-1,-1
28,32,752.90,81.00,48.00,155.40,1.0000,-1,-1,-1
28,33,417.30,139.40,51.60,162.50,1.0000,-1,-1,-1
28,-1,1025.20,947.40,78.70,133.60,0.1070,-1,-1,-1
29,0,1221.10,30.10,62.90,120.80,1.0000,-1,-1,-1
29,1,1489.90,4.00,59.00,145.10,1.0000,-1,-1,-1
29,2,687.10,205.90,78.90,114.80,1.0000,-1,-1,-1
29,3,1717.50,455.70,83.30,209.00,1.0000,-1,-1,-1
29,4,379.00,221.20,64.00,192.40,1.0000,-1,-1,-1
29,5,1658.70,1.00,55.70,150.40,1.0000,-1,-1,-1
29,6,987.00,1.70,52.50,95.80,1.0000,-1,-1,-1
29,7,194.80,296.90,63.60,193.90,1.0000,-1,-1,-1
29,8,288.50,122.40,53.80,173.60,1.0000,-1,-1,-1
29,9,786.80,144.30,66.10,176.70,1.0000,-1,-1,-1
29,10,457.70,91.30,65.80,186.70,1.0000,-1,-1,-1
29,11,929.40,1.60,58.10,95.50,0.9190,-1,-1,-1
29,12,873.90,1.00,52.80,110.20,1.0000,-1,-1,-1
29,13,1588.40,3.70,55.30,145.10,1.0000,-1,-1,-1
29,14,1801.40,234.40,73.20,182.80,1.0000,-1,-1,-1
29,15,219.50,138.00,57.30,157.40,1.0000,-1,-1,-1
29,16,1662.60,279.60,84.00,199.00,1.0000,-1,-1,-1
29,17,535.10,111.30,61.80,175.30,1.0000,-1,-1,-1
29,18,755.90,593.10,93.30,260.20,1.0000,-1,-1,-1
29,19,245.60,882.90,83.80,198.10,1.0000,-1,-1,-1
29,21,1012.10,779.40,124.70,258.90,0.9930,-1,-1,-1
29,23,1596.00,585.80,70.50,242.40,1.0000,-1,-1,-1
29,29,359.20,110.50,53.80,170.40,1.0000,-1,-1,-1
29,30,1092.80,794.90,82.70,244.80,0.9750,-1,-1,-1
29,31,140.00,268.70,54.60,212.60,1.0000,-1,-1,-1
29,32,753.60,83.20,48.00,154.00,1.0000,-1,-1,-1
29,33,420.60,142.00,49.10,159.00,1.0000,-1,-1,-1
29,-1,1025.50,947.00,76.80,134.00,0.1860,-1,-1,-1
30,0,1221.20,30.30,62.30,120.80,1.0000,-1,-1,-1
30,1,1489.20,3.60,59.20,146.10,1.0000,-1,-1,-1
30,2,687.00,205.60,78.60,114.70,1.0000,-1,-1,-1
30,3,1719.50,455.60,81.40,209.40,1.0000,-1,-1,-1
30,4,378.10,220.50,64.50,194.00,1.0000,-1,-1,-1
30,5,1658.20,1.00,55.40,150.40,1.0000,-1,-1,-1
30,6,986.00,2.00,53.10,95.00,1.0000,-1,-1,-1
30,7,194.50,296.70,64.90,191.90,1.0000,-1,-1,-1
30,8,288.60,121.40,52.20,174.00,1.0000,-1,-1,-1
30,9,787.60,145.70,65.90,175.10,1.0000,-1,-1,-1
30,10,457.80,87.70,66.20,191.00,1.0000,-1,-1,-1
30,11,929.50,1.50,58.70,95.80,0.9170,-1,-1,-1
30,12,873.10,1.00,53.40,110.20,1.0000,-1,-1,-1
30,13,1586.60,4.10,55.20,143.10,1.0000,-1,-1,-1
30,14,1803.80,234.10,71.60,181.30,1.0000,-1,-1,-1
30,15,217.70,137.10,58.70,158.10,1.0000,-1,-1,-1
30,16,1662.80,278.20,81.50,195.60,1.0000,-1,-1,-1
30,17,536.10,112.50,62.00,174.60,1.0000,-1,-1,-1
30,18,754.30,592.60,90.70,258.20,1.0000,-1,-1,-1
30,19,245.60,887.80,81.50,193.20,1.0000,-1,-1,-1
30,21,1011.70,781.10,127.10,256.50,0.9970,-1,-1,-1
30,23,1595.90,588.10,70.00,241.10,1.0000,-1,-1,-1
30,25,413.90,49.40,49.70,184.20,0.9900,-1,-1,-1
30,29,358.80,110.00,55.10,170.70,1.0000,-1,-1,-1
30,30,1092.60,797.10,84.70,243.10,0.9720,-1,-1,-1
30,31,140.50,265.80,53.20,213.00,1.0000,-1,-1,-1
30,32,753.90,82.10,47.20,154.10,1.0000,-1,-1,-1
30,33,423.10,141.10,49.40,157.70,0.9990,-1,-1,-1
30,-1,1026.90,952.80,75.40,128.20,0.1290,-1,-1,-1
30,-1,1878.90,709.20,42.10,212.00,0.0900,-1,-1,-1
31,0,1221.10,30.50,62.00,119.50,1.0000,-1,-1,-1
31,1,1488.40,4.40,59.30,145.20,1.0000,-1,-1,-1
31,2,687.30,205.80,78.40,114.60,1.0000,-1,-1,-1
31,3,1721.40,454.90,81.10,210.80,1.0000,-1,-1,-1
31,4,378.40,221.40,63.60,193.60,1.0000,-1,-1,-1
31,5,1658.30,1.00,55.10,148.70,1.0000,-1,-1,-1
31,6,985.50,2.50,52.60,93.70,1.0000,-1,-1,-1
31,7,194.50,296.20,65.40,191.40,1.0000,-1,-1,-1
31,8,289.00,122.70,52.20,172.00,1.0000,-1,-1,-1
31,9,788.60,144.00,65.00,177.80,1.0000,-1,-1,-1
31,10,459.80,87.40,64.80,189.80,1.0000,-1,-1,-1
31,11,931.10,2.10,55.00,94.00,0.7750,-1,-1,-1
31,12,872.70,1.00,53.10,110.40,1.0000,-1,-1,-1
31,13,1586.10,3.70,54.50,142.50,1.0000,-1,-1,-1
31,14,1807.40,235.40,71.40,181.40,1.0000,-1,-1,-1
31,15,219.10,135.60,58.10,160.70,1.0000,-1,-1,-1
31,16,1663.70,276.70,79.40,199.00,1.0000,-1,-1,-1
31,17,536.20,112.60,61.10,174.70,1.0000,-1,-1,-1
31,18,752.60,592.90,91.40,258.00,1.0000,-1,-1,-1
31,19,244.00,889.80,83.00,191.20,1.0000,-1,-1,-1
31,21,1015.10,781.00,121.20,260.80,0.9980,-1,-1,-1
31,23,1595.90,589.00,71.70,240.50,1.0000,-1,-1,-1
31,25,414.70,49.10,48.70,179.60,0.9950,-1,-1,-1
31,29,359.20,109.80,54.90,170.80,1.0000,-1,-1,-1
31,30,1091.20,793.70,91.00,252.10,0.9270,-1,-1,-1
31,31,140.40,266.30,53.10,211.60,1.0000,-1,-1,-1
31,32,752.90,80.10,48.00,156.40,1.0000,-1,-1,-1
31,33,421.80,143.70,50.30,155.40,1.0000,-1,-1,-1
31,-1,1026.90,955.10,74.30,125.90,0.3420,-1,-1,-1
32,0,1221.30,30.50,62.30,119.70,1.0000,-1,-1,-1
32,1,1488.20,4.00,59.20,146.30,1.0000,-1,-1,-1
32,2,687.10,206.10,78.70,114.50,1.0000,-1,-1,-1
32,3,1720.50,454.40,81.30,211.70,1.0000,-1,-1,-1
32,4,377.90,222.80,64.10,194.00,1.0000,-1,-1,-1
32,5,1658.70,1.40,54.10,148.10,1.0000,-1,-1,-1
32,6,985.80,2.80,52.40,93.70,1.0000,-1,-1,-1
32,7,195.10,294.90,67.50,193.30,1.0000,-1,-1,-1
32,8,288.80,121.30,52.10,173.10,1.0000,-1,-1,-1
32,9,788.40,146.00,65.30,175.50,1.0000,-1,-1,-1
32,10,461.50,87.90,64.40,185.90,1.0000,-1,-1,-1
32,11,929.80,2.40,55.90,93.60,0.8410,-1,-1,-1
32,12,872.40,1.00,53.60,109.40,1.0000,-1,-1,-1
32,13,1584.80,3.50,54.90,141.80,1.0000,-1,-1,-1
32,14,1808.30,234.60,71.00,183.20,1.0000,-1,-1,-1
32,15,219.60,136.00,56.70,160.10,1.0000,-1,-1,-1
32,16,1664.10,274.50,80.30,199.80,1.0000,-1,-1,-1
32,17,537.00,113.60,61.00,173.50,1.0000,-1,-1,-1
32,18,751.10,592.50,89.60,256.40,1.0000,-1,-1,-1
32,19,242.80,894.80,82.70,186.20,1.0000,-1,-1,-1
32,21,1014.80,783.30,116.20,255.30,0.9990,-1,-1,-1
32,23,1596.60,589.60,71.00,239.10,1.0000,-1,-1,-1
32,25,413.80,43.70,50.00,184.10,0.9960,-1,-1,-1
32,29,358.70,109.00,53.80,170.50,1.0000,-1,-1,-1
32,30,1097.10,796.30,86.10,244.30,0.9640,-1,-1,-1
32,31,140.60,265.10,52.30,212.30,1.0000,-1,-1,-1
32,32,753.30,79.40,48.20,156.80,1.0000,-1,-1,-1
32,33,422.10,143.40,51.90,155.40,1.0000,-1,-1,-1
32,-1,1025.60,952.50,75.40,128.50,0.2940,-1,-1,-1
33,0,1221.30,30.40,62.10,120.10,1.0000,-1,-1,-1
33,1,1487.40,3.50,59.10,146.40,1.0000,-1,-1,-1
33,2,687.00,206.20,79.10,114.30,1.0000,-1,-1,-1
33,3,1720.30,454.40,81.60,212.00,1.0000,-1,-1,-1
33,4,377.00,224.40,64.90,193.60,1.0000,-1,-1,-1
33,5,1658.30,1.50,53.80,147.10,1.0000,-1,-1,-1
33,6,985.50,2.40,51.60,93.80,1.0000,-1,-1,-1
33,7,195.70,293.70,67.00,191.70,1.0000,-1,-1,-1
33,8,289.00,119.70,52.10,175.50,1.0000,-1,-1,-1
33,9,788.90,146.20,65.30,175.20,1.0000,-1,-1,-1
33,10,461.90,87.70,65.60,184.20,1.0000,-1,-1,-1
33,11,929.70,2.70,53.20,92.70,0.7710,-1,-1,-1
33,12,872.20,1.00,53.60,109.60,1.0000,-1,-1,-1
33,13,1583.50,4.90,54.70,139.10,1.0000,-1,-1,-1
33,14,1812.10,234.30,69.80,184.90,1.0000,-1,-1,-1
33,15,218.60,135.10,57.50,162.70,1.0000,-1,-1,-1
33,16,1664.40,272.80,78.60,200.30,1.0000,-1,-1,-1
33,17,538.60,115.00,59.40,173.20,1.0000,-1,-1,-1
33,18,749.70,593.30,87.30,254.30,1.0000,-1,-1,-1
33,19,243.40,897.30,82.10,183.70,1.0000,-1,-1,-1
33,21,1016.90,784.20,119.60,253.20,0.9990,-1,-1,-1
33,23,1596.40,588.50,72.70,241.00,1.0000,-1,-1,-1
33,25,415.40,42.80,50.10,185.80,0.9980,-1,-1,-1
33,29,358.60,107.80,53.90,171.90,1.0000,-1,-1,-1
33,30,1095.60,797.80,90.30,248.10,0.9840,-1,-1,-1
33,31,141.40,264.40,53.30,211.00,1.0000,-1,-1,-1
33,32,753.90,79.00,47.60,156.60,1.0000,-1,-1,-1
33,33,424.70,145.00,51.40,152.40,1.0000,-1,-1,-1
33,-1,1028.00,947.30,71.90,133.70,0.1450,-1,-1,-1
34,0,1221.20,30.30,61.90,120.10,1.0000,-1,-1,-1
34,1,1486.20,3.30,59.40,147.00,1.0000,-1,-1,-1
34,2,687.20,206.20,79.00,114.00,1.0000,-1,-1,-1
34,3,1721.00,452.80,81.30,214.00,1.0000,-1,-1,-1
34,4,376.10,225.20,65.00,193.80,1.0000,-1,-1,-1
34,5,1658.70,1.60,52.70,145.20,1.0000,-1,-1,-1
34,6,984.60,4.40,52.50,93.30,1.0000,-1,-1,-1
34,7,197.10,292.10,67.30,191.00,1.0000,-1,-1,-1
34,8,288.60,120.70,52.50,173.80,1.0000,-1,-1,-1
34,9,789.60,147.40,64.20,175.40,1.0000,-1,-1,-1
34,10,464.40,88.90,64.00,177.70,1.0000,-1,-1,-1
34,12,872.40,1.00,53.60,109.00,1.0000,-1,-1,-1
34,13,1582.70,3.80,54.80,140.70,1.0000,-1,-1,-1
34,14,1815.10,234.50,69.50,184.40,1.0000,-1,-1,-1
34,15,218.90,134.50,58.00,164.50,1.0000,-1,-1,-1
34,16,1664.90,272.30,77.00,201.10,1.0000,-1,-1,-1
34,17,538.80,115.20,59.30,173.70,1.0000,-1,-1,-1
34,18,747.50,590.90,82.20,255.80,1.0000,-1,-1,-1
34,19,244.90,900.70,80.70,180.30,1.0000,-1,-1,-1
34,21,1015.70,783.40,118.50,262.40,0.9990,-1,-1,-1
34,23,1596.30,589.50,71.70,239.20,1.0000,-1,-1,-1
34,25,416.00,47.40,50.40,179.60,0.9980,-1,-1,-1
34,29,358.70,108.40,52.60,171.60,1.0000,-1,-1,-1
34,30,1095.40,799.50,91.50,244.10,0.9870,-1,-1,-1
34,31,141.70,261.60,54.40,210.40,1.0000,-1,-1,-1
34,32,754.50,78.90,47.50,156.40,1.0000,-1,-1,-1
34,33,426.30,143.70,52.60,158.00,1.0000,-1,-1,-1
34,11,930.90,4.50,44.70,92.00,0.1780,-1,-1,-1
34,-1,1025.30,950.70,71.70,130.30,0.5540,-1,-1,-1
35,0,1221.30,30.20,62.20,120.10,1.0000,-1,-1,-1
35,1,1485.20,3.30,59.80,147.00,1.0000,-1,-1,-1
35,2,687.20,206.20,79.00,114.10,1.0000,-1,-1,-1
35,3,1720.50,453.90,81.20,212.00,1.0000,-1,-1,-1
35,4,376.50,226.40,64.90,193.20,1.0000,-1,-1,-1
35,5,1658.30,2.00,52.00,144.40,1.0000,-1,-1,-1
35,6,984.00,3.70,53.00,93.50,1.0000,-1,-1,-1
35,7,198.20,291.50,66.40,190.30,1.0000,-1,-1,-1
35,8,289.00,121.80,52.40,171.80,1.0000,-1,-1,-1
35,9,789.40,145.30,65.10,176.40,1.0000,-1,-1,-1
35,10,463.00,90.00,64.40,175.30,1.0000,-1,-1,-1
35,12,872.60,1.00,53.80,108.60,1.0000,-1,-1,-1
35,13,1581.70,3.70,55.50,140.00,1.0000,-1,-1,-1
35,14,1816.60,235.60,70.40,186.10,1.0000,-1,-1,-1
35,15,218.90,135.10,57.50,163.50,1.0000,-1,-1,-1
35,16,1663.50,270.50,77.80,203.60,1.0000,-1,-1,-1
35,17,540.10,115.70,59.50,173.10,1.0000,-1,-1,-1
35,18,745.70,590.00,80.80,252.40,1.0000,-1,-1,-1
35,19,245.10,903.10,78.80,177.90,1.0000,-1,-1,-1
35,21,1018.10,783.40,118.20,268.40,0.9990,-1,-1,-1
35,23,1598.00,588.50,69.80,237.80,1.0000,-1,-1,-1
35,25,417.30,49.20,49.70,174.60,0.9990,-1,-1,-1
35,29,358.50,108.20,52.20,171.60,1.0000,-1,-1,-1
35,30,1099.60,804.00,90.50,235.80,0.9930,-1,-1,-1
35,31,142.00,260.50,55.00,211.10,1.0000,-1,-1,-1
35,32,754.60,78.80,47.20,155.70,1.0000,-1,-1,-1
35,33,428.90,140.90,51.50,156.20,1.0000,-1,-1,-1
36,0,1221.00,30.70,62.10,119.20,1.0000,-1,-1,-1
36,1,1484.30,3.30,60.10,146.10,1.0000,-1,-1,-1
36,2,686.90,206.10,79.40,114.30,1.0000,-1,-1,-1
36,3,1721.70,453.20,79.80,212.80,1.0000,-1,-1,-1
36,4,376.80,229.50,64.50,190.80,1.0000,-1,-1,-1
36,5,1657.40,1.60,52.90,145.00,1.0000,-1,-1,-1
36,6,985.30,3.90,52.30,94.00,1.0000,-1,-1,-1
36,7,199.30,290.70,65.50,189.50,1.0000,-1,-1,-1
36,8,289.10,121.40,52.20,172.50,1.0000,-1,-1,-1
36,9,789.50,146.00,65.90,176.60,1.0000,-1,-1,-1
36,10,463.40,86.70,63.30,177.00,1.0000,-1,-1,-1
36,12,872.90,1.00,53.30,109.50,1.0000,-1,-1,-1
36,13,1579.20,1.30,56.40,141.40,1.0000,-1,-1,-1
36,14,1820.00,238.40,70.10,183.60,1.0000,-1,-1,-1
36,15,218.40,136.10,58.00,165.00,1.0000,-1,-1,-1
36,16,1663.80,269.70,77.20,203.30,1.0000,-1,-1,-1
36,17,541.50,116.60,57.20,170.20,1.0000,-1,-1,-1
36,18,743.00,590.00,80.70,249.40,1.0000,-1,-1,-1
36,19,245.30,909.20,77.90,171.80,0.9990,-1,-1,-1
36,21,1018.10,786.20,120.00,270.30,0.9990,-1,-1,-1
36,23,1597.90,589.20,70.40,237.50,1.0000,-1,-1,-1
36,25,417.20,49.80,49.20,170.90,0.9990,-1,-1,-1
36,29,358.70,108.50,51.90,171.20,1.0000,-1,-1,-1
36,30,1100.80,806.30,89.60,235.00,0.9970,-1,-1,-1
36,31,143.30,258.20,56.50,211.30,1.0000,-1,-1,-1
36,32,755.50,78.50,45.60,155.40,1.0000,-1,-1,-1
36,33,429.70,143.10,53.80,151.90,1.0000,-1,-1,-1
36,-1,1024.80,944.70,69.60,136.30,0.2170,-1,-1,-1
37,0,1220.80,30.30,62.70,119.80,1.0000,-1,-1,-1
37,1,1483.90,3.30,59.60,146.20,1.0000,-1,-1,-1
37,2,687.40,206.00,78.60,114.00,1.0000,-1,-1,-1
37,3,1721.90,453.20,79.70,211.90,1.0000,-1,-1,-1
37,4,377.20,232.10,64.00,190.10,1.0000,-1,-1,-1
37,5,1656.90,1.20,52.70,144.50,1.0000,-1,-1,-1
37,6,985.80,3.10,52.60,93.20,1.0000,-1,-1,-1
37,7,199.90,292.10,64.50,189.80,1.0000,-1,-1,-1
37,8,289.60,121.90,52.80,172.60,1.0000,-1,-1,-1
37,9,790.20,147.10,65.60,174.00,1.0000,-1,-1,-1
37,10,463.60,86.60,63.30,178.00,1.0000,-1,-1,-1
37,12,873.00,1.00,52.30,107.60,1.0000,-1,-1,-1
37,13,1578.00,1.00,57.30,141.20,1.0000,-1,-1,-1
37,14,1821.20,239.90,68.50,182.50,1.0000,-1,-1,-1
37,15,218.30,135.10,57.90,164.50,1.0000,-1,-1,-1
37,16,1664.60,268.60,75.10,204.30,1.0000,-1,-1,-1
37,17,542.60,117.00,57.90,169.80,1.0000,-1,-1,-1
37,18,737.60,587.90,83.20,252.60,1.0000,-1,-1,-1
37,19,246.00,913.70,78.00,167.30,0.9990,-1,-1,-1
37,21,1020.10,788.50,118.40,273.40,0.9990,-1,-1,-1
37,23,1594.80,590.20,73.70,234.90,1.0000,-1,-1,-1
37,25,417.30,49.00,50.60,170.20,1.0000,-1,-1,-1
37,29,359.00,108.10,51.00,175.50,1.0000,-1,-1,-1
37,30,1100.90,808.70,91.30,234.30,0.9970,-1,-1,-1
37,31,143.10,258.70,56.30,212.60,1.0000,-1,-1,-1
37,32,755.70,79.50,44.90,154.50,1.0000,-1,-1,-1
37,33,432.40,145.40,52.70,147.10,1.0000,-1,-1,-1
37,-1,1023.30,939.00,70.10,142.00,0.2650,-1,-1,-1
38,0,1221.10,30.20,62.00,119.80,1.0000,-1,-1,-1
38,1,1483.30,3.40,59.70,146.80,1.0000,-1,-1,-1
38,2,687.30,206.00,79.00,114.10,1.0000,-1,-1,-1
38,3,1721.40,454.40,79.10,211.00,1.0000,-1,-1,-1
38,4,377.60,232.50,65.00,192.60,1.0000,-1,-1,-1
38,5,1656.40,1.00,53.10,144.70,1.0000,-1,-1,-1
38,6,986.40,3.50,51.50,91.80,1.0000,-1,-1,-1
38,7,200.80,289.40,64.50,191.40,1.0000,-1,-1,-1
38,8,289.40,121.10,51.50,173.00,1.0000,-1,-1,-1
38,9,791.60,147.40,66.10,173.90,1.0000,-1,-1,-1
38,10,464.30,88.10,63.50,172.70,1.0000,-1,-1,-1
38,12,873.20,1.00,52.50,108.40,1.0000,-1,-1,-1
38,13,1577.10,1.30,56.50,140.10,1.0000,-1,-1,-1
38,14,1822.20,241.60,66.80,182.40,1.0000,-1,-1,-1
38,15,218.20,134.70,57.60,164.20,1.0000,-1,-1,-1
38,16,1665.10,267.80,73.00,203.50,1.0000,-1,-1,-1
38,17,543.60,117.50,56.60,169.10,1.0000,-1,-1,-1
38,18,737.40,586.80,81.10,256.40,1.0000,-1,-1,-1
38,19,246.60,914.60,78.20,166.40,0.9990,-1,-1,-1
38,21,1021.50,792.60,116.70,274.90,1.0000,-1,-1,-1
38,23,1593.70,590.20,75.40,234.90,1.0000,-1,-1,-1
38,25,417.20,49.90,49.40,170.30,0.9990,-1,-1,-1
38,29,358.30,107.30,51.50,178.20,1.0000,-1,-1,-1
38,30,1098.90,811.20,92.80,234.80,0.9980,-1,-1,-1
38,31,144.00,258.10,57.70,213.50,1.0000,-1,-1,-1
38,32,755.70,79.30,44.70,154.20,1.0000,-1,-1,-1
38,33,432.80,140.70,54.20,153.00,1.0000,-1,-1,-1
38,-1,1020.70,936.10,72.60,144.90,0.2970,-1,-1,-1
39,0,1221.20,30.60,62.20,119.70,1.0000,-1,-1,-1
39,1,1482.70,3.30,59.50,147.40,1.0000,-1,-1,-1
39,2,687.20,205.90,79.20,113.80,1.0000,-1,-1,-1
39,3,1718.90,454.30,82.80,212.10,1.0000,-1,-1,-1
39,4,377.50,232.60,65.10,195.10,1.0000,-1,-1,-1
39,5,1656.00,1.20,53.50,143.60,1.0000,-1,-1,-1
39,6,986.50,3.60,50.70,89.90,1.0000,-1,-1,-1
39,7,202.00,289.60,63.70,190.70,1.0000,-1,-1,-1
39,8,289.70,120.90,52.00,173.40,1.0000,-1,-1,-1
39,9,791.90,148.30,66.60,171.90,1.0000,-1,-1,-1
39,10,466.60,82.20,63.20,176.40,1.0000,-1,-1,-1
39,12,873.50,1.00,52.20,107.70,1.0000,-1,-1,-1
39,13,1576.20,1.10,56.90,138.60,1.0000,-1,-1,-1
39,14,1823.50,243.60,68.00,181.70,1.0000,-1,-1,-1
39,15,217.60,135.90,57.30,164.10,1.0000,-1,-1,-1
39,16,1664.90,267.50,72.50,203.90,1.0000,-1,-1,-1
39,17,545.20,117.90,55.40,167.60,1.0000,-1,-1,-1
39,18,734.90,587.20,81.40,253.90,1.0000,-1,-1,-1
39,19,246.80,914.30,80.20,166.70,0.9990,-1,-1,-1
39,21,1021.40,794.60,119.20,274.00,1.0000,-1,-1,-1
39,23,1593.00,591.30,75.70,231.50,1.0000,-1,-1,-1
39,25,419.10,49.00,47.10,174.30,0.9970,-1,-1,-1
39,29,359.50,109.00,50.50,174.40,1.0000,-1,-1,-1
39,30,1103.90,814.80,90.00,235.10,0.9980,-1,-1,-1
39,31,145.60,257.10,57.90,213.30,1.0000,-1,-1,-1
39,32,755.80,80.90,44.30,154.00,1.0000,-1,-1,-1
39,33,435.70,139.90,51.70,152.20,1.0000,-1,-1,-1
39,-1,1016.10,936.20,75.80,144.80,0.1400,-1,-1,-1
40,0,1221.30,30.60,61.80,119.30,1.0000,-1,-1,-1
40,1,1482.50,3.50,59.40,146.10,1.0000,-1,-1,-1
40,2,686.90,206.10,79.40,113.50,1.0000,-1,-1,-1
40,3,1718.10,453.50,83.00,213.70,1.0000,-1,-1,-1
40,4,377.60,233.50,65.40,195.10,1.0000,-1,-1,-1
40,5,1653.50,1.00,55.60,143.70,1.0000,-1,-1,-1
40,6,987.20,1.70,49.00,86.00,0.9990,-1,-1,-1
40,7,203.30,289.00,64.20,191.20,1.0000,-1,-1,-1
40,8,289.30,121.10,52.30,173.90,1.0000,-1,-1,-1
40,9,791.30,147.20,68.00,173.60,1.0000,-1,-1,-1
40,10,465.80,84.10,63.10,170.90,1.0000,-1,-1,-1
40,12,873.10,1.00,51.90,106.40,1.0000,-1,-1,-1
40,13,1575.60,2.20,55.90,137.40,1.0000,-1,-1,-1
40,14,1824.60,247.40,68.60,175.00,1.0000,-1,-1,-1
40,15,218.30,137.20,56.50,162.80,1.0000,-1,-1,-1
40,16,1665.30,267.50,69.90,201.40,1.0000,-1,-1,-1
40,17,545.50,117.40,54.80,168.10,1.0000,-1,-1,-1
40,18,733.70,588.30,83.30,250.40,1.0000,-1,-1,-1
40,19,246.80,911.60,83.70,169.40,0.9950,-1,-1,-1
40,21,1020.10,797.50,123.00,268.60,1.0000,-1,-1,-1
40,23,1591.70,591.00,76.70,230.80,1.0000,-1,-1,-1
40,25,418.60,47.10,50.40,179.20,0.9960,-1,-1,-1
40,29,359.50,110.40,50.80,174.10,1.0000,-1,-1,-1
40,30,1102.60,816.50,90.70,237.00,0.9900,-1,-1,-1
40,31,145.90,255.80,57.50,217.00,1.0000,-1,-1,-1
40,32,755.40,79.60,44.50,154.60,1.0000,-1,-1,-1
40,33,438.00,137.40,53.30,155.00,1.0000,-1,-1,-1
40,-1,1019.00,934.40,77.00,146.60,0.0830,-1,-1,-1
41,0,1221.10,30.50,62.10,119.90,1.0000,-1,-1,-1
41,1,1482.00,3.50,59.90,146.50,1.0000,-1,-1,-1
41,2,687.10,205.80,79.30,114.20,1.0000,-1,-1,-1
41,3,1716.30,453.20,84.50,213.30,1.0000,-1,-1,-1
41,4,378.00,233.20,65.90,197.40,1.0000,-1,-1,-1
41,5,1652.20,1.00,55.80,143.50,1.0000,-1,-1,-1
41,6,984.30,1.50,50.60,84.20,0.9090,-1,-1,-1
41,7,204.20,287.70,63.50,192.00,1.0000,-1,-1,-1
41,8,288.60,122.10,52.20,172.10,1.0000,-1,-1,-1
41,9,790.20,146.80,70.60,174.80,1.0000,-1,-1,-1
41,10,466.30,82.40,62.70,172.70,1.0000,-1,-1,-1
41,12,872.50,1.00,52.30,105.80,1.0000,-1,-1,-1
41,13,1574.90,2.80,54.40,135.90,1.0000,-1,-1,-1
41,14,1825.80,249.00,68.30,174.90,1.0000,-1,-1,-1
41,15,216.90,135.70,58.00,164.20,1.0000,-1,-1,-1
41,16,1665.90,266.10,68.30,202.20,1.0000,-1,-1,-1
41,17,547.00,117.70,53.60,167.00,1.0000,-1,-1,-1
41,18,729.90,586.50,85.10,252.00,1.0000,-1,-1,-1
41,19,247.90,913.50,82.10,167.50,0.9990,-1,-1,-1
41,21,1018.70,801.90,130.30,267.50,1.0000,-1,-1,-1
41,23,1589.90,591.50,78.10,233.50,1.0000,-1,-1,-1
41,25,419.80,48.40,49.30,179.40,0.9910,-1,-1,-1
41,29,358.60,109.90,53.20,177.00,1.0000,-1,-1,-1
41,30,1104.30,819.10,91.00,236.20,0.8760,-1,-1,-1
41,31,146.00,255.60,59.00,215.90,1.0000,-1,-1,-1
41,32,755.60,80.20,43.80,153.70,1.0000,-1,-1,-1
41,33,440.90,130.00,52.70,162.40,1.0000,-1,-1,-1
42,0,1221.30,30.20,61.70,119.50,1.0000,-1,-1,-1
42,1,1481.90,4.10,59.60,146.20,1.0000,-1,-1,-1
42,2,687.20,205.80,79.50,115.00,1.0000,-1,-1,-1
42,3,1714.80,453.60,85.60,212.80,1.0000,-1,-1,-1
42,4,379.10,234.50,65.70,196.00,1.0000,-1,-1,-1
42,5,1651.70,1.00,56.70,142.50,1.0000,-1,-1,-1
42,7,204.80,286.30,63.60,192.20,1.0000,-1,-1,-1
42,8,288.10,122.50,52.60,171.70,1.0000,-1,-1,-1
42,9,791.30,147.00,70.10,173.20,1.0000,-1,-1,-1
42,10,466.70,80.50,64.60,175.40,1.0000,-1,-1,-1
42,12,872.60,1.00,52.00,105.50,1.0000,-1,-1,-1
42,13,1574.60,2.80,54.90,134.90,1.0000,-1,-1,-1
42,14,1825.40,251.50,70.90,175.40,1.0000,-1,-1,-1
42,15,217.60,136.70,57.50,165.60,1.0000,-1,-1,-1
42,16,1664.90,265.70,68.80,201.00,1.0000,-1,-1,-1
42,17,549.50,119.40,51.90,165.80,1.0000,-1,-1,-1
42,18,727.00,586.20,88.90,250.10,1.0000,-1,-1,-1
42,19,249.00,912.40,82.00,168.60,0.9980,-1,-1,-1
42,21,1018.40,802.70,131.20,274.60,1.0000,-1,-1,-1
42,23,1590.10,591.50,78.20,234.40,1.0000,-1,-1,-1
42,25,420.60,50.50,46.50,176.30,0.9970,-1,-1,-1
42,29,359.10,110.20,53.30,177.50,1.0000,-1,-1,-1
42,31,146.60,257.20,59.70,212.60,1.0000,-1,-1,-1
42,32,755.00,79.60,44.70,155.40,1.0000,-1,-1,-1
42,33,441.80,135.10,53.20,157.40,1.0000,-1,-1,-1
42,6,983.00,1.80,52.00,80.90,0.4330,-1,-1,-1
42,30,1108.40,822.20,88.30,234.40,0.4870,-1,-1,-1
42,-1,1014.00,930.80,76.80,150.20,0.1350,-1,-1,-1
43,0,1221.30,30.20,61.40,119.30,1.0000,-1,-1,-1
43,1,1481.50,4.20,59.90,145.70,1.0000,-1,-1,-1
43,2,686.70,205.90,79.90,114.10,1.0000,-1,-1,-1
43,3,1713.50,453.50,87.70,212.20,1.0000,-1,-1,-1
43,4,379.00,234.30,66.40,198.00,1.0000,-1,-1,-1
43,5,1651.40,1.00,57.10,141.10,1.0000,-1,-1,-1
43,7,204.90,285.60,64.20,193.70,1.0000,-1,-1,-1
43,8,288.70,121.90,52.10,172.80,1.0000,-1,-1,-1
43,9,791.70,146.70,69.70,171.70,1.0000,-1,-1,-1
43,10,467.40,78.10,62.90,177.60,1.0000,-1,-1,-1
43,12,872.40,1.00,52.00,105.90,1.0000,-1,-1,-1
43,13,1574.40,4.10,53.40,133.70,1.0000,-1,-1,-1
43,14,1826.90,253.70,69.90,175.00,1.0000,-1,-1,-1
43,15,218.50,138.00,55.80,163.60,1.0000,-1,-1,-1
43,16,1664.50,265.20,67.10,200.60,1.0000,-1,-1,-1
43,17,549.90,117.50,52.30,167.10,1.0000,-1,-1,-1
43,18,726.00,585.90,89.10,251.40,1.0000,-1,-1,-1
43,19,250.30,913.00,81.60,168.00,0.9970,-1,-1,-1
43,21,1018.00,806.00,135.10,275.00,1.0000,-1,-1,-1
43,23,1589.30,590.40,78.50,234.50,1.0000,-1,-1,-1
43,25,420.10,53.90,48.60,177.50,0.9980,-1,-1,-1
43,29,358.40,109.90,53.70,176.90,1.0000,-1,-1,-1
43,31,146.40,257.50,60.80,211.60,1.0000,-1,-1,-1
43,32,755.20,79.60,43.80,155.00,1.0000,-1,-1,-1
43,33,443.60,130.10,52.20,161.90,1.0000,-1,-1,-1
43,6,982.00,2.30,51.90,80.00,0.2850,-1,-1,-1
43,30,1101.00,823.90,90.30,241.00,0.1020,-1,-1,-1
43,-1,1008.10,930.10,83.40,150.90,0.8780,-1,-1,-1
44,0,1221.30,30.20,62.30,119.30,1.0000,-1,-1,-1
44,1,1481.00,4.20,59.70,145.90,1.0000,-1,-1,-1
44,2,686.70,205.80,80.00,114.50,1.0000,-1,-1,-1
44,3,1712.20,452.20,88.50,214.30,1.0000,-1,-1,-1
44,4,379.10,235.60,65.60,195.90,1.0000,-1,-1,-1
44,5,1650.60,1.00,57.30,139.10,1.0000,-1,-1,-1
44,7,205.80,283.50,64.20,195.20,1.0000,-1,-1,-1
44,8,288.20,121.30,52.00,173.80,1.0000,-1,-1,-1
44,9,791.30,145.40,70.80,172.60,1.0000,-1,-1,-1
44,10,468.80,75.80,62.70,176.70,1.0000,-1,-1,-1
44,12,871.90,1.00,52.50,105.50,1.0000,-1,-1,-1
44,13,1573.40,3.50,52.90,132.50,1.0000,-1,-1,-1
44,14,1828.00,253.10,71.30,177.80,1.0000,-1,-1,-1
44,15,219.10,136.70,55.50,166.20,1.0000,-1,-1,-1
44,16,1664.00,263.40,67.70,202.70,1.0000,-1,-1,-1
44,17,549.50,116.20,52.90,169.70,1.0000,-1,-1,-1
44,18,724.40,584.10,85.30,255.30,1.0000,-1,-1,-1
44,19,251.10,913.40,80.90,167.60,0.9930,-1,-1,-1
44,21,1021.40,806.90,132.00,274.10,1.0000,-1,-1,-1
44,23,1589.10,590.50,79.00,235.20,1.0000,-1,-1,-1
44,25,421.00,57.60,47.70,172.20,0.9990,-1,-1,-1
44,29,358.90,109.70,52.90,177.10,1.0000,-1,-1,-1
44,31,147.00,256.50,61.20,212.00,1.0000,-1,-1,-1
44,32,754.80,79.60,44.20,155.50,1.0000,-1,-1,-1
44,33,444.20,130.20,51.90,161.10,1.0000,-1,-1,-1
44,6,982.70,2.00,52.30,79.50,0.2000,-1,-1,-1
44,34,1012.60,931.20,73.20,149.80,0.5020,-1,-1,-1
45,0,1221.20,30.10,62.20,119.60,1.0000,-1,-1,-1
45,1,1481.10,4.30,59.80,145.10,1.0000,-1,-1,-1
45,2,686.50,205.70,80.20,114.80,1.0000,-1,-1,-1
45,3,1713.20,452.30,88.70,214.10,1.0000,-1,-1,-1
45,4,378.80,235.80,66.50,197.80,1.0000,-1,-1,-1
45,5,1650.40,1.00,57.40,137.90,1.0000,-1,-1,-1
45,7,207.60,282.80,63.80,194.00,1.0000,-1,-1,-1
45,8,288.00,122.00,52.30,173.20,1.0000,-1,-1,-1
45,9,792.00,147.50,69.90,170.90,1.0000,-1,-1,-1
45,10,466.50,73.70,61.20,176.30,1.0000,-1,-1,-1
45,12,872.50,1.00,51.80,105.50,1.0000,-1,-1,-1
45,13,1572.10,3.50,51.70,132.10,0.9980,-1,-1,-1
45,14,1828.10,255.00,72.00,179.30,1.0000,-1,-1,-1
45,15,218.10,136.80,55.30,164.50,1.0000,-1,-1,-1
45,16,1662.20,260.80,68.70,204.60,1.0000,-1,-1,-1
45,17,551.40,116.70,51.60,169.60,1.0000,-1,-1,-1
45,18,722.50,584.40,85.50,252.50,1.0000,-1,-1,-1
45,19,250.80,915.00,82.30,166.00,0.9930,-1,-1,-1
45,21,1024.00,808.30,134.90,272.70,1.0000,-1,-1,-1
45,23,1584.80,591.00,83.20,234.60,1.0000,-1,-1,-1
45,25,421.50,60.40,48.00,169.50,0.9990,-1,-1,-1
45,29,359.30,109.00,52.70,177.40,1.0000,-1,-1,-1
45,31,147.20,257.50,62.90,211.30,1.0000,-1,-1,-1
45,32,754.40,78.80,44.00,156.20,1.0000,-1,-1,-1
45,33,447.50,128.30,51.40,163.30,1.0000,-1,-1,-1
45,34,1011.60,932.40,72.50,148.60,0.8180,-1,-1,-1
45,6,982.90,3.60,52.20,78.50,0.1220,-1,-1,-1
46,0,1221.30,30.20,62.10,119.40,1.0000,-1,-1,-1
46,1,1481.10,4.80,59.60,144.70,1.0000,-1,-1,-1
46,2,687.20,206.10,79.10,114.30,1.0000,-1,-1,-1
46,3,1713.80,454.20,87.90,211.80,1.0000,-1,-1,-1
46,4,378.20,236.70,67.50,195.70,1.0000,-1,-1,-1
46,5,1649.90,1.00,57.40,137.50,1.0000,-1,-1,-1
46,7,206.90,281.70,64.90,193.30,1.0000,-1,-1,-1
46,8,288.80,119.90,51.90,176.50,1.0000,-1,-1,-1
46,9,792.70,147.50,70.10,170.30,1.0000,-1,-1,-1
46,10,465.60,73.40,62.90,177.80,1.0000,-1,-1,-1
46,12,872.20,1.00,51.30,105.10,1.0000,-1,-1,-1
46,14,1829.70,254.60,70.20,178.70,1.0000,-1,-1,-1
46,15,218.80,134.70,54.20,163.70,1.0000,-1,-1,-1
46,16,1660.20,259.70,69.80,203.40,1.0000,-1,-1,-1
46,17,550.60,114.80,51.90,171.30,1.0000,-1,-1,-1
46,18,722.80,583.70,82.40,255.10,1.0000,-1,-1,-1
46,19,250.50,918.50,81.90,162.50,0.9930,-1,-1,-1
46,21,1025.40,811.10,136.40,269.90,1.0000,-1,-1,-1
46,23,1584.20,591.00,83.70,231.90,1.0000,-1,-1,-1
46,25,421.70,61.30,46.60,166.80,0.9990,-1,-1,-1
46,29,360.50,110.40,51.40,176.00,1.0000,-1,-1,-1
46,31,147.80,257.30,62.50,212.80,1.0000,-1,-1,-1
46,32,754.50,80.00,44.30,155.40,1.0000,-1,-1,-1
46,33,448.30,127.50,51.30,163.20,1.0000,-1,-1,-1
46,34,1009.80,929.70,72.30,151.30,0.6060,-1,-1,-1
46,6,982.10,3.40,54.10,77.60,0.0550,-1,-1,-1
46,13,1572.30,5.60,45.90,128.70,0.3200,-1,-1,-1
46,30,1104.60,827.20,100.10,245.90,0.0630,-1,-1,-1
47,0,1221.10,30.20,62.50,119.50,1.0000,-1,-1,-1
47,1,1481.00,4.90,59.50,144.40,1.0000,-1,-1,-1
47,2,686.90,205.80,79.50,114.30,1.0000,-1,-1,-1
47,3,1715.00,454.60,86.20,212.00,1.0000,-1,-1,-1
47,4,378.10,237.30,67.80,195.60,1.0000,-1,-1,-1
47,5,1650.40,1.00,56.80,136.20,1.0000,-1,-1,-1
47,7,208.80,281.90,63.20,192.30,1.0000,-1,-1,-1
47,8,288.30,120.50,52.50,175.80,1.0000,-1,-1,-1
47,9,793.20,146.20,69.60,171.60,1.0000,-1,-1,-1
47,10,465.20,75.00,61.00,173.40,0.9990,-1,-1,-1
47,12,872.60,1.00,52.10,104.50,1.0000,-1,-1,-1
47,14,1830.90,254.20,70.50,180.30,1.0000,-1,-1,-1
47,15,218.20,134.70,54.40,163.20,1.0000,-1,-1,-1
47,16,1658.00,258.20,70.80,202.40,1.0000,-1,-1,-1
47,17,550.90,115.60,51.40,170.50,1.0000,-1,-1,-1
47,18,720.00,583.70,84.10,253.40,1.0000,-1,-1,-1
47,19,250.50,921.20,81.50,159.80,0.9880,-1,-1,-1
47,21,1029.20,812.30,137.40,268.70,1.0000,-1,-1,-1
47,23,1582.90,590.40,85.20,231.30,1.0000,-1,-1,-1
47,25,422.60,58.10,46.60,169.10,0.9990,-1,-1,-1
47,29,360.30,108.40,52.20,174.70,1.0000,-1,-1,-1
47,31,148.60,256.50,62.40,213.70,1.0000,-1,-1,-1
47,32,754.70,79.80,43.20,154.90,1.0000,-1,-1,-1
47,33,448.90,128.50,51.10,162.20,1.0000,-1,-1,-1
47,34,1005.90,941.80,76.80,139.20,0.6880,-1,-1,-1
48,0,1221.00,30.00,62.60,120.30,1.0000,-1,-1,-1
48,1,1481.00,5.10,59.80,145.40,1.0000,-1,-1,-1
48,2,687.10,205.50,79.40,115.00,1.0000,-1,-1,-1
48,3,1715.10,455.40,85.70,210.90,1.0000,-1,-1,-1
48,4,377.90,237.80,67.60,197.30,1.0000,-1,-1,-1
48,5,1650.40,1.00,57.20,136.30,1.0000,-1,-1,-1
48,7,208.40,279.60,64.60,193.40,1.0000,-1,-1,-1
48,8,289.30,122.80,52.10,172.20,1.0000,-1,-1,-1
48,9,793.80,148.90,67.30,169.20,1.0000,-1,-1,-1
48,10,470.40,77.00,58.60,176.00,0.9500,-1,-1,-1
48,12,872.70,1.00,51.40,104.10,1.0000,-1,-1,-1
48,14,1831.80,254.50,71.10,180.90,1.0000,-1,-1,-1
48,15,219.70,135.30,51.50,161.80,1.0000,-1,-1,-1
48,16,1657.00,256.40,71.20,201.20,1.0000,-1,-1,-1
48,17,551.20,113.90,52.40,171.00,1.0000,-1,-1,-1
48,18,719.40,581.90,84.10,254.00,1.0000,-1,-1,-1
48,19,251.80,925.30,79.10,155.70,0.9680,-1,-1,-1
48,21,1032.70,814.00,136.40,267.00,1.0000,-1,-1,-1
48,23,1580.80,589.50,86.50,230.50,1.0000,-1,-1,-1
48,25,421.60,59.90,47.20,168.80,0.9990,-1,-1,-1
48,29,359.70,108.70,53.40,173.60,1.0000,-1,-1,-1
48,31,150.40,255.70,62.00,213.00,1.0000,-1,-1,-1
48,32,754.70,78.20,43.70,155.60,1.0000,-1,-1,-1
48,33,450.70,125.70,51.10,163.10,1.0000,-1,-1,-1
48,34,1010.80,935.50,68.30,145.50,0.8410,-1,-1,-1
48,-1,294.90,868.30,98.30,212.70,0.1720,-1,-1,-1
49,0,1221.50,30.00,61.70,119.50,1.0000,-1,-1,-1
49,1,1481.40,4.50,59.70,145.00,1.0000,-1,-1,-1
49,2,687.00,205.60,79.10,114.30,1.0000,-1,-1,-1
49,3,1715.90,453.50,85.30,213.00,1.0000,-1,-1,-1
49,4,377.40,238.30,68.10,198.40,1.0000,-1,-1,-1
49,5,1650.40,1.00,56.40,135.40,1.0000,-1,-1,-1
49,7,209.80,279.20,63.40,193.50,1.0000,-1,-1,-1
49,8,288.40,121.30,51.90,173.90,1.0000,-1,-1,-1
49,9,796.80,149.40,66.30,167.20,1.0000,-1,-1,-1
49,12,873.60,1.00,51.70,104.60,1.0000,-1,-1,-1
49,14,1833.80,255.80,71.10,181.40,1.0000,-1,-1,-1
49,15,219.60,133.90,51.60,160.90,1.0000,-1,-1,-1
49,16,1656.00,254.10,72.10,203.00,1.0000,-1,-1,-1
49,17,551.90,114.10,51.90,171.80,1.0000,-1,-1,-1
49,18,717.20,580.20,83.00,255.00,1.0000,-1,-1,-1
49,19,251.30,926.20,82.00,154.80,0.8300,-1,-1,-1
49,21,1036.10,815.50,133.90,265.50,1.0000,-1,-1,-1
49,23,1580.20,588.70,88.00,235.50,1.0000,-1,-1,-1
49,25,423.50,62.30,45.80,164.80,0.9980,-1,-1,-1
49,29,358.50,107.60,54.80,177.20,1.0000,-1,-1,-1
49,31,151.90,255.50,61.90,211.50,1.0000,-1,-1,-1
49,32,754.20,79.00,43.90,155.60,1.0000,-1,-1,-1
49,33,452.50,123.10,50.40,163.40,1.0000,-1,-1,-1
49,34,1005.60,939.10,75.00,141.90,0.7860,-1,-1,-1
49,30,1122.40,834.70,89.70,237.20,0.0550,-1,-1,-1
50,0,1221.00,30.10,62.30,120.00,1.0000,-1,-1,-1
50,1,1481.40,5.30,59.60,144.80,1.0000,-1,-1,-1
50,2,687.20,205.70,78.90,113.90,1.0000,-1,-1,-1
50,3,1715.90,453.20,84.60,213.70,1.0000,-1,-1,-1
50,4,377.00,240.00,68.60,198.80,1.0000,-1,-1,-1
50,5,1650.10,1.00,55.40,135.60,1.0000,-1,-1,-1
50,7,210.50,277.10,64.20,194.80,1.0000,-1,-1,-1
50,8,288.00,122.00,51.90,172.70,1.0000,-1,-1,-1
50,9,797.40,148.50,66.00,168.00,1.0000,-1,-1,-1
50,12,872.20,1.00,52.90,104.40,1.0000,-1,-1,-1
50,14,1836.20,255.40,69.30,181.10,1.0000,-1,-1,-1
50,15,219.00,134.50,51.70,160.70,1.0000,-1,-1,-1
50,16,1654.80,250.30,73.00,202.90,1.0000,-1,-1,-1
50,17,552.90,113.80,52.00,171.80,1.0000,-1,-1,-1
50,18,714.50,579.60,83.30,251.80,1.0000,-1,-1,-1
50,21,1039.70,818.40,127.90,262.60,1.0000,-1,-1,-1
50,23,1580.10,588.90,89.00,236.70,1.0000,-1,-1,-1
50,25,423.30,61.50,46.10,164.70,0.9980,-1,-1,-1
50,29,358.00,109.60,54.80,175.60,1.0000,-1,-1,-1
50,31,151.80,255.00,61.00,210.30,1.0000,-1,-1,-1
50,32,754.50,78.20,43.70,156.70,1.0000,-1,-1,-1
50,33,454.50,118.20,50.50,166.00,1.0000,-1,-1,-1
50,34,1010.10,933.30,65.50,147.70,0.7860,-1,-1,-1
50,19,250.90,925.70,83.90,155.30,0.4790,-1,-1,-1
50,30,1119.80,832.30,88.00,248.70,0.1660,-1,-1,-1
50,-1,296.60,870.40,95.90,210.60,0.0970,-1,-1,-1
51,0,1221.10,30.60,62.30,119.30,1.0000,-1,-1,-1
51,1,1480.80,5.00,60.30,144.60,1.0000,-1,-1,-1
51,2,686.40,205.90,80.30,113.50,1.0000,-1,-1,-1
51,3,1715.30,454.20,85.70,211.80,1.0000,-1,-1,-1
51,4,377.40,241.40,67.70,199.60,1.0000,-1,-1,-1
51,5,1649.60,1.00,55.00,135.20,1.0000,-1,-1,-1
51,7,211.30,275.40,63.90,196.90,1.0000,-1,-1,-1
51,8,288.80,124.40,51.70,170.30,1.0000,-1,-1,-1
51,9,799.40,147.50,63.70,168.20,1.0000,-1,-1,-1
51,12,873.40,1.00,51.90,104.10,1.0000,-1,-1,-1
51,14,1836.00,256.40,72.70,181.00,1.0000,-1,-1,-1
51,15,218.20,135.20,52.40,162.20,1.0000,-1,-1,-1
51,16,1653.50,248.30,75.40,203.20,1.0000,-1,-1,-1
51,17,554.00,113.00,51.90,172.40,1.0000,-1,-1,-1
51,18,712.20,577.90,83.40,252.70,1.0000,-1,-1,-1
51,21,1040.30,820.70,129.10,260.30,1.0000,-1,-1,-1
51,23,1577.90,588.20,91.50,236.00,1.0000,-1,-1,-1
51,25,422.40,60.60,47.20,166.20,0.9990,-1,-1,-1
51,29,358.20,110.60,53.90,175.10,1.0000,-1,-1,-1
51,31,152.60,253.70,60.90,209.20,1.0000,-1,-1,-1
51,32,754.00,78.40,44.10,156.00,1.0000,-1,-1,-1
51,33,454.70,120.00,49.70,163.00,1.0000,-1,-1,-1
51,34,1006.70,938.20,72.30,142.80,0.8760,-1,-1,-1
51,30,1119.20,830.10,91.80,250.00,0.3560,-1,-1,-1
52,0,1221.00,30.70,62.40,119.10,1.0000,-1,-1,-1
52,1,1480.90,4.90,60.30,144.20,1.0000,-1,-1,-1
52,2,686.50,205.60,79.70,113.70,1.0000,-1,-1,-1
52,3,1715.20,456.30,85.40,209.70,1.0000,-1,-1,-1
52,4,377.00,243.10,67.70,200.20,1.0000,-1,-1,-1
52,5,1649.10,1.00,55.30,134.90,1.0000,-1,-1,-1
52,7,213.00,274.40,62.20,195.30,1.0000,-1,-1,-1
52,8,289.20,124.10,51.70,170.00,1.0000,-1,-1,-1
52,9,800.30,146.20,62.10,170.20,1.0000,-1,-1,-1
52,12,874.70,2.00,51.40,102.30,1.0000,-1,-1,-1
52,14,1838.40,257.70,71.20,180.10,1.0000,-1,-1,-1
52,15,218.10,135.00,51.30,160.50,1.0000,-1,-1,-1
52,16,1652.80,246.80,75.70,204.00,1.0000,-1,-1,-1
52,17,554.80,112.80,51.70,172.50,1.0000,-1,-1,-1
52,18,710.80,576.80,84.10,252.00,1.0000,-1,-1,-1
52,21,1042.60,821.60,126.90,259.40,1.0000,-1,-1,-1
52,23,1576.00,588.80,92.60,234.40,1.0000,-1,-1,-1
52,25,422.70,58.30,47.30,168.80,0.9990,-1,-1,-1
52,29,358.10,109.40,53.10,175.10,1.0000,-1,-1,-1
52,31,155.50,252.50,61.60,212.10,1.0000,-1,-1,-1
52,32,754.30,79.00,43.90,156.20,1.0000,-1,-1,-1
52,33,455.90,118.10,49.80,159.80,1.0000,-1,-1,-1
52,34,1006.70,938.30,74.20,142.70,0.6960,-1,-1,-1
52,19,293.30,865.80,104.20,215.20,0.0620,-1,-1,-1
52,30,1128.00,834.40,84.60,246.60,0.2250,-1,-1,-1
53,0,1221.00,30.20,62.40,120.10,1.0000,-1,-1,-1
53,1,1480.80,5.50,60.30,143.90,1.0000,-1,-1,-1
53,2,686.50,205.60,79.80,113.90,1.0000,-1,-1,-1
53,3,1716.10,455.70,85.80,210.80,1.0000,-1,-1,-1
53,4,377.30,246.30,67.70,197.20,1.0000,-1,-1,-1
53,5,1648.40,1.00,54.90,134.10,1.0000,-1,-1,-1
53,7,212.90,272.70,63.70,195.60,1.0000,-1,-1,-1
53,8,288.90,124.80,52.00,169.30,1.0000,-1,-1,-1
53,9,800.20,146.30,63.40,171.10,1.0000,-1,-1,-1
53,12,874.40,1.90,51.90,101.50,1.0000,-1,-1,-1
53,14,1840.90,258.80,70.00,179.40,1.0000,-1,-1,-1
53,15,216.70,137.10,51.80,160.00,1.0000,-1,-1,-1
53,16,1651.60,245.90,77.50,206.00,1.0000,-1,-1,-1
53,17,555.20,111.70,52.00,175.60,1.0000,-1,-1,-1
53,18,707.00,575.20,84.50,248.90,1.0000,-1,-1,-1
53,21,1042.00,823.70,133.00,257.30,1.0000,-1,-1,-1
53,23,1574.80,587.90,93.20,234.70,1.0000,-1,-1,-1
53,25,422.90,58.10,46.50,168.50,0.9990,-1,-1,-1
53,29,357.90,108.50,54.00,176.90,1.0000,-1,-1,-1
53,31,155.10,251.60,61.40,210.20,1.0000,-1,-1,-1
53,32,754.50,79.60,44.00,155.80,1.0000,-1,-1,-1
53,33,457.60,119.40,50.10,154.40,1.0000,-1,-1,-1
53,30,1123.90,836.10,87.70,240.30,0.1840,-1,-1,-1
53,34,1006.10,938.20,78.50,142.80,0.2630,-1,-1,-1
54,0,1221.30,30.70,62.00,118.80,1.0000,-1,-1,-1
54,1,1480.80,5.50,60.40,144.10,1.0000,-1,-1,-1
54,2,686.70,205.60,79.50,114.20,1.0000,-1,-1,-1
54,3,1715.60,453.40,85.80,213.70,1.0000,-1,-1,-1
54,4,377.50,247.80,67.30,196.10,1.0000,-1,-1,-1
54,5,1647.20,1.00,54.60,131.80,1.0000,-1,-1,-1
54,7,214.30,273.60,63.00,192.60,1.0000,-1,-1,-1
54,8,288.30,125.20,52.70,169.60,1.0000,-1,-1,-1
54,9,800.00,146.10,63.60,172.40,1.0000,-1,-1,-1
54,12,874.60,2.80,51.20,101.00,1.0000,-1,-1,-1
54,14,1844.50,259.40,67.60,179.90,1.0000,-1,-1,-1
54,15,216.30,137.80,50.60,156.80,1.0000,-1,-1,-1
54,16,1650.90,245.50,78.90,203.30,1.0000,-1,-1,-1
54,17,556.90,113.60,52.20,173.60,1.0000,-1,-1,-1
54,18,706.50,574.80,81.40,252.00,1.0000,-1,-1,-1
54,21,1045.10,825.70,130.10,255.30,1.0000,-1,-1,-1
54,23,1574.50,588.60,93.60,233.60,1.0000,-1,-1,-1
54,25,423.90,58.50,46.10,170.80,0.9980,-1,-1,-1
54,29,358.40,109.60,53.10,175.20,1.0000,-1,-1,-1
54,31,155.00,252.70,61.70,209.90,1.0000,-1,-1,-1
54,32,754.40,79.80,44.00,155.50,1.0000,-1,-1,-1
54,33,457.90,119.40,50.60,153.70,1.0000,-1,-1,-1
54,30,1126.00,838.50,89.30,241.70,0.0510,-1,-1,-1
54,34,1011.00,932.30,67.60,148.70,0.2700,-1,-1,-1
55,0,1221.60,30.60,61.60,119.10,1.0000,-1,-1,-1
55,1,1481.10,5.30,60.20,143.50,1.0000,-1,-1,-1
55,2,686.80,205.70,79.60,114.60,1.0000,-1,-1,-1
55,3,1715.40,453.90,86.30,212.90,1.0000,-1,-1,-1
55,4,377.60,250.70,66.70,194.70,1.0000,-1,-1,-1
55,5,1646.90,1.00,55.40,130.90,1.0000,-1,-1,-1
55,7,215.10,274.80,65.60,192.30,1.0000,-1,-1,-1
55,8,288.20,124.80,52.50,169.50,1.0000,-1,-1,-1
55,9,800.20,145.00,62.90,172.70,1.0000,-1,-1,-1
55,12,875.30,2.50,50.30,101.40,1.0000,-1,-1,-1
55,14,1844.80,261.60,68.50,181.60,1.0000,-1,-1,-1
55,15,216.90,137.20,50.10,155.60,1.0000,-1,-1,-1
55,16,1650.30,245.20,79.10,202.40,1.0000,-1,-1,-1
55,17,557.90,113.10,51.70,172.30,1.0000,-1,-1,-1
55,18,702.60,572.20,84.50,254.00,0.9990,-1,-1,-1
55,21,1047.20,828.90,128.80,252.10,0.9990,-1,-1,-1
55,23,1574.40,587.60,94.10,234.90,1.0000,-1,-1,-1
55,25,424.90,57.80,45.90,170.30,0.9990,-1,-1,-1
55,29,359.20,108.50,53.30,176.60,1.0000,-1,-1,-1
55,31,155.60,250.30,60.10,214.10,1.0000,-1,-1,-1
55,32,754.00,79.40,44.20,156.20,1.0000,-1,-1,-1
55,33,459.20,116.50,50.90,158.60,1.0000,-1,-1,-1
55,30,1126.10,840.20,91.60,240.80,0.1470,-1,-1,-1
55,34,1007.60,928.00,67.30,153.00,0.1980,-1,-1,-1
56,0,1221.40,30.60,62.10,119.90,1.0000,-1,-1,-1
56,1,1480.90,5.30,60.50,144.10,1.0000,-1,-1,-1
56,2,686.90,205.80,79.60,113.70,1.0000,-1,-1,-1
56,3,1716.30,453.30,84.20,213.60,1.0000,-1,-1,-1
56,4,377.80,252.20,66.20,195.80,1.0000,-1,-1,-1
56,5,1646.60,1.00,55.80,130.10,1.0000,-1,-1,-1
56,7,217.20,275.00,64.20,191.00,1.0000,-1,-1,-1
56,8,288.30,123.60,52.80,171.40,1.0000,-1,-1,-1
56,9,801.30,143.60,62.60,175.60,1.0000,-1,-1,-1
56,12,873.90,2.90,50.80,99.70,1.0000,-1,-1,-1
56,14,1848.20,263.60,66.30,176.10,1.0000,-1,-1,-1
56,15,216.60,135.70,50.70,157.60,1.0000,-1,-1,-1
56,16,1648.30,244.40,81.20,203.40,1.0000,-1,-1,-1
56,17,559.00,113.50,50.10,174.40,1.0000,-1,-1,-1
56,18,701.10,569.70,82.00,258.00,0.9990,-1,-1,-1
56,21,1046.70,830.90,129.30,250.10,0.9990,-1,-1,-1
56,23,1574.90,587.80,92.90,234.70,1.0000,-1,-1,-1
56,25,425.20,59.00,45.90,169.00,0.9990,-1,-1,-1
56,29,358.80,110.00,53.00,176.50,1.0000,-1,-1,-1
56,31,155.60,253.50,62.00,211.80,1.0000,-1,-1,-1
56,32,754.30,79.80,43.40,155.80,1.0000,-1,-1,-1
56,33,459.40,117.20,52.30,158.30,1.0000,-1,-1,-1
56,30,1129.20,842.30,94.60,238.70,0.1190,-1,-1,-1
56,34,1004.10,926.70,69.90,154.30,0.1840,-1,-1,-1
57,0,1221.40,30.70,61.80,119.60,1.0000,-1,-1,-1
57,1,1480.80,4.70,60.40,144.50,1.0000,-1,-1,-1
57,2,687.00,206.10,79.60,113.50,1.0000,-1,-1,-1
57,3,1718.10,452.80,82.90,214.20,1.0000,-1,-1,-1
57,4,377.40,253.10,65.80,198.80,1.0000,-1,-1,-1
57,5,1646.60,1.00,55.30,129.10,1.0000,-1,-1,-1
57,7,217.10,275.20,64.10,190.90,1.0000,-1,-1,-1
57,8,288.50,123.80,52.60,173.10,1.0000,-1,-1,-1
57,9,801.30,143.70,62.80,175.00,1.0000,-1,-1,-1
57,12,873.90,2.70,50.30,100.90,1.0000,-1,-1,-1
57,14,1849.10,263.20,68.60,177.30,1.0000,-1,-1,-1
57,15,216.50,135.00,51.10,160.30,1.0000,-1,-1,-1
57,16,1650.40,245.10,79.60,201.30,1.0000,-1,-1,-1
57,17,558.90,112.60,51.20,175.10,1.0000,-1,-1,-1
57,18,696.80,569.00,85.30,256.40,0.9990,-1,-1,-1
57,21,1050.30,833.80,127.40,247.20,0.9990,-1,-1,-1
57,23,1576.10,588.70,92.10,234.50,1.0000,-1,-1,-1
57,25,426.70,61.90,44.70,169.00,0.9990,-1,-1,-1
57,29,358.20,109.00,53.50,176.60,1.0000,-1,-1,-1
57,31,157.40,253.20,60.50,209.50,1.0000,-1,-1,-1
57,32,754.00,80.00,44.10,155.50,1.0000,-1,-1,-1
57,33,460.60,117.50,51.30,158.20,1.0000,-1,-1,-1
57,30,1132.40,844.40,91.40,236.60,0.2440,-1,-1,-1
57,34,1004.20,926.90,70.80,154.10,0.0850,-1,-1,-1
58,0,1221.50,30.60,61.30,119.90,1.0000,-1,-1,-1
58,1,1480.90,4.20,60.70,145.20,1.0000,-1,-1,-1
58,2,686.80,206.10,79.50,113.10,1.0000,-1,-1,-1
58,3,1717.60,454.10,83.70,212.00,1.0000,-1,-1,-1
58,4,376.30,256.20,65.90,196.90,1.0000,-1,-1,-1
58,5,1645.90,1.00,55.30,127.30,1.0000,-1,-1,-1
58,7,219.10,276.00,63.80,190.30,1.0000,-1,-1,-1
58,8,288.60,124.30,52.20,171.00,1.0000,-1,-1,-1
58,9,801.20,147.10,63.00,171.30,1.0000,-1,-1,-1
58,12,874.40,3.50,49.70,99.10,1.0000,-1,-1,-1
58,14,1848.80,264.20,71.50,180.00,1.0000,-1,-1,-1
58,15,217.10,133.40,50.30,160.50,1.0000,-1,-1,-1
58,16,1649.00,245.30,80.40,200.20,1.0000,-1,-1,-1
58,17,559.90,113.50,50.80,175.30,1.0000,-1,-1,-1
58,18,694.90,566.90,88.00,254.30,0.9160,-1,-1,-1
58,21,1051.80,838.20,125.40,242.80,0.9990,-1,-1,-1
58,23,1576.20,588.90,91.90,235.00,1.0000,-1,-1,-1
58,25,427.70,59.60,45.10,172.30,0.9990,-1,-1,-1
58,29,358.20,107.90,54.70,176.90,1.0000,-1,-1,-1
58,30,1134.20,843.90,94.10,237.10,0.6690,-1,-1,-1
58,31,159.30,254.90,58.20,206.70,1.0000,-1,-1,-1
58,32,754.20,80.60,43.40,155.10,1.0000,-1,-1,-1
58,33,462.50,116.40,50.50,159.10,1.0000,-1,-1,-1
59,0,1221.50,30.60,61.40,119.50,1.0000,-1,-1,-1
59,1,1480.90,4.30,60.70,144.70,1.0000,-1,-1,-1
59,2,686.70,206.00,79.90,113.90,1.0000,-1,-1,-1
59,3,1719.60,453.50,81.30,214.50,1.0000,-1,-1,-1
59,4,375.60,256.40,65.70,197.50,1.0000,-1,-1,-1
59,5,1644.60,1.00,56.20,125.50,1.0000,-1,-1,-1
59,7,220.60,277.10,63.20,188.40,1.0000,-1,-1,-1
59,8,287.60,124.90,52.50,170.30,1.0000,-1,-1,-1
59,9,801.50,145.40,63.30,173.40,1.0000,-1,-1,-1
59,12,874.10,3.10,49.90,99.30,1.0000,-1,-1,-1
59,14,1850.30,266.00,70.70,178.50,1.0000,-1,-1,-1
59,15,215.40,134.80,51.80,160.50,1.0000,-1,-1,-1
59,16,1649.10,245.80,80.90,199.70,1.0000,-1,-1,-1
59,17,559.70,112.60,51.20,174.70,1.0000,-1,-1,-1
59,21,1052.40,840.00,126.70,241.00,0.9990,-1,-1,-1
59,23,1575.30,589.30,93.10,233.70,1.0000,-1,-1,-1
59,25,426.80,57.80,46.60,175.60,1.0000,-1,-1,-1
59,29,357.90,108.90,54.10,177.30,1.0000,-1,-1,-1
59,31,159.80,254.80,59.40,207.80,1.0000,-1,-1,-1
59,32,754.30,80.10,43.60,154.90,1.0000,-1,-1,-1
59,33,463.80,116.20,50.40,159.10,1.0000,-1,-1,-1
59,18,692.20,565.50,88.20,253.30,0.0730,-1,-1,-1
59,30,1138.40,845.60,91.20,235.40,0.0830,-1,-1,-1
60,0,1221.80,31.10,61.70,118.10,1.0000,-1,-1,-1
60,1,1481.30,4.20,60.20,144.40,1.0000,-1,-1,-1
60,2,687.10,205.90,79.40,113.60,1.0000,-1,-1,-1
60,3,1719.60,453.40,80.70,212.40,1.0000,-1,-1,-1
60,4,375.30,257.40,65.40,197.60,1.0000,-1,-1,-1
60,5,1643.70,1.00,55.80,124.00,1.0000,-1,-1,-1
60,7,220.20,277.10,64.50,189.00,1.0000,-1,-1,-1
60,8,287.60,125.90,52.20,168.40,1.0000,-1,-1,-1
60,9,801.70,148.00,62.80,170.80,1.0000,-1,-1,-1
60,12,873.30,2.60,50.10,100.30,1.0000,-1,-1,-1
60,14,1852.70,268.10,68.30,177.50,1.0000,-1,-1,-1
60,15,214.70,133.10,53.60,164.20,1.0000,-1,-1,-1
60,16,1649.80,245.60,80.30,201.40,1.0000,-1,-1,-1
60,17,560.20,113.70,50.40,175.30,1.0000,-1,-1,-1
60,21,1055.80,840.80,125.10,240.20,1.0000,-1,-1,-1
60,23,1575.70,588.80,92.60,234.90,1.0000,-1,-1,-1
60,25,427.40,62.20,45.50,172.90,1.0000,-1,-1,-1
60,29,358.30,110.00,53.60,175.90,1.0000,-1,-1,-1
60,31,161.00,254.50,59.30,206.50,1.0000,-1,-1,-1
60,32,754.10,80.20,42.80,154.60,1.0000,-1,-1,-1
60,33,465.70,113.80,49.70,162.50,1.0000,-1,-1,-1
60,30,1142.00,850.10,93.00,230.90,0.4750,-1,-1,-1
61,0,1221.90,31.40,61.10,118.50,1.0000,-1,-1,-1
61,1,1481.60,4.30,60.10,144.50,1.0000,-1,-1,-1
61,2,687.10,206.00,79.10,113.70,1.0000,-1,-1,-1
61,3,1720.20,455.30,81.10,212.30,1.0000,-1,-1,-1
61,4,374.20,257.50,64.90,197.40,1.0000,-1,-1,-1
61,5,1642.90,1.00,55.20,122.90,1.0000,-1,-1,-1
61,7,221.20,277.70,64.90,186.60,1.0000,-1,-1,-1
61,8,287.40,126.40,52.10,168.60,1.0000,-1,-1,-1
61,9,800.80,145.90,64.30,172.50,1.0000,-1,-1,-1
61,12,873.90,3.10,49.90,98.40,1.0000,-1,-1,-1
61,14,1853.30,269.80,67.70,176.90,1.0000,-1,-1,-1
61,15,214.10,131.60,54.20,166.20,1.0000,-1,-1,-1
61,16,1651.10,244.50,78.70,199.90,1.0000,-1,-1,-1
61,17,561.20,112.70,49.70,177.30,1.0000,-1,-1,-1
61,21,1058.60,842.90,125.60,238.10,1.0000,-1,-1,-1
61,23,1575.30,588.60,92.50,235.90,1.0000,-1,-1,-1
61,25,428.00,66.90,45.50,169.70,1.0000,-1,-1,-1
61,29,357.40,111.00,54.10,177.20,1.0000,-1,-1,-1
61,31,161.90,254.20,58.70,204.60,1.0000,-1,-1,-1
61,32,754.30,80.10,43.10,154.30,1.0000,-1,-1,-1
61,33,467.10,111.50,50.10,165.10,1.0000,-1,-1,-1
61,30,1147.10,850.60,90.20,230.40,0.5140,-1,-1,-1
62,0,1222.00,31.40,60.90,119.00,1.0000,-1,-1,-1
62,1,1481.60,4.70,60.10,144.20,1.0000,-1,-1,-1
62,2,687.30,206.10,78.70,113.50,1.0000,-1,-1,-1
62,3,1720.20,455.60,81.60,211.90,1.0000,-1,-1,-1
62,4,374.00,258.30,64.60,197.40,1.0000,-1,-1,-1
62,5,1642.00,1.00,55.30,122.30,1.0000,-1,-1,-1
62,7,223.10,277.20,64.50,187.00,1.0000,-1,-1,-1
62,8,287.70,126.90,52.30,168.90,1.0000,-1,-1,-1
62,9,800.50,145.90,65.20,172.20,1.0000,-1,-1,-1
62,12,873.00,3.00,50.20,97.70,1.0000,-1,-1,-1
62,14,1854.80,266.70,66.20,179.00,1.0000,-1,-1,-1
62,15,214.60,133.00,54.00,165.30,1.0000,-1,-1,-1
62,16,1652.20,242.50,78.20,200.40,1.0000,-1,-1,-1
62,17,560.90,113.00,49.70,176.70,1.0000,-1,-1,-1
62,21,1060.30,844.10,123.70,236.90,1.0000,-1,-1,-1
62,23,1575.30,588.30,93.40,235.90,1.0000,-1,-1,-1
62,25,428.40,67.00,45.60,172.30,1.0000,-1,-1,-1
62,29,358.10,113.00,53.30,173.80,1.0000,-1,-1,-1
62,31,160.60,252.90,60.40,206.00,1.0000,-1,-1,-1
62,32,754.40,81.20,42.70,153.30,1.0000,-1,-1,-1
62,33,469.60,111.60,50.20,163.40,1.0000,-1,-1,-1
62,30,1147.80,850.00,91.20,231.00,0.5750,-1,-1,-1
63,0,1221.50,30.70,61.60,119.40,1.0000,-1,-1,-1
63,1,1481.40,4.40,60.50,144.40,1.0000,-1,-1,-1
63,2,687.40,206.10,78.50,113.50,1.0000,-1,-1,-1
63,3,1719.70,455.70,81.90,211.00,1.0000,-1,-1,-1
63,4,372.40,258.50,65.00,196.70,1.0000,-1,-1,-1
63,5,1642.20,1.00,55.40,121.90,1.0000,-1,-1,-1
63,7,224.60,276.50,63.50,187.30,1.0000,-1,-1,-1
63,8,288.00,126.80,52.20,169.10,1.0000,-1,-1,-1
63,9,801.20,142.90,65.30,175.60,1.0000,-1,-1,-1
63,12,872.80,2.90,50.80,98.30,1.0000,-1,-1,-1
63,14,1855.80,266.20,65.20,178.40,0.9990,-1,-1,-1
63,15,213.90,134.50,54.00,164.00,1.0000,-1,-1,-1
63,16,1651.50,241.70,78.50,202.30,1.0000,-1,-1,-1
63,17,561.10,112.60,50.30,175.90,1.0000,-1,-1,-1
63,21,1063.30,846.30,122.90,234.70,1.0000,-1,-1,-1
63,23,1575.40,589.50,93.50,236.40,1.0000,-1,-1,-1
63,25,428.20,65.20,45.50,173.70,1.0000,-1,-1,-1
63,29,358.10,110.80,53.50,175.20,1.0000,-1,-1,-1
63,31,161.20,252.20,60.40,206.80,1.0000,-1,-1,-1
63,32,754.30,82.10,43.10,152.90,1.0000,-1,-1,-1
63,33,469.30,111.40,50.90,162.70,1.0000,-1,-1,-1
63,30,1156.60,854.70,87.30,226.30,0.5900,-1,-1,-1
63,-1,291.00,891.20,110.50,189.80,0.0570,-1,-1,-1
64,0,1221.80,31.30,60.80,119.30,1.0000,-1,-1,-1
64,1,1481.00,4.60,60.80,144.30,1.0000,-1,-1,-1
64,2,687.20,206.00,79.30,113.90,1.0000,-1,-1,-1
64,3,1719.60,455.60,82.30,212.20,1.0000,-1,-1,-1
64,4,371.00,257.80,66.20,197.40,1.0000,-1,-1,-1
64,5,1640.80,1.00,55.60,121.00,1.0000,-1,-1,-1
64,7,225.00,275.40,63.30,185.70,1.0000,-1,-1,-1
64,8,288.70,125.60,52.00,170.20,1.0000,-1,-1,-1
64,9,800.40,144.10,65.80,173.70,1.0000,-1,-1,-1
64,12,872.10,1.80,50.80,99.20,1.0000,-1,-1,-1
64,14,1857.20,270.60,63.80,171.40,1.0000,-1,-1,-1
64,15,214.30,134.30,54.90,164.30,1.0000,-1,-1,-1
64,16,1651.30,238.40,78.90,205.00,1.0000,-1,-1,-1
64,17,560.50,113.20,50.30,174.20,1.0000,-1,-1,-1
64,21,1065.10,847.80,122.30,233.20,1.0000,-1,-1,-1
64,23,1574.60,589.20,94.60,234.50,1.0000,-1,-1,-1
64,25,428.40,63.60,45.70,176.30,1.0000,-1,-1,-1
64,29,359.50,111.00,53.10,173.70,1.0000,-1,-1,-1
64,31,163.60,251.70,59.00,206.90,1.0000,-1,-1,-1
64,32,754.00,81.90,43.40,152.90,1.0000,-1,-1,-1
64,33,471.70,110.40,49.80,163.70,1.0000,-1,-1,-1
64,30,1157.40,856.10,87.40,224.90,0.4120,-1,-1,-1
65,0,1221.70,30.70,60.80,119.00,1.0000,-1,-1,-1
65,1,1481.50,4.90,60.70,144.20,1.0000,-1,-1,-1
65,2,687.00,205.90,79.20,113.40,1.0000,-1,-1,-1
65,3,1719.60,455.70,81.10,211.00,1.0000,-1,-1,-1
65,4,369.60,258.90,67.00,195.90,1.0000,-1,-1,-1
65,5,1639.50,1.00,54.80,120.30,1.0000,-1,-1,-1
65,7,226.10,274.50,63.40,185.40,1.0000,-1,-1,-1
65,8,288.20,126.10,52.20,170.90,1.0000,-1,-1,-1
65,9,800.70,142.70,63.70,176.80,1.0000,-1,-1,-1
65,12,871.40,2.60,52.20,95.70,1.0000,-1,-1,-1
65,14,1858.60,270.90,62.40,171.70,0.9990,-1,-1,-1
65,15,214.10,134.00,55.60,164.60,1.0000,-1,-1,-1
65,16,1651.20,237.80,80.00,203.80,1.0000,-1,-1,-1
65,17,561.20,112.40,50.50,175.40,1.0000,-1,-1,-1
65,21,1067.60,848.00,119.00,233.00,1.0000,-1,-1,-1
65,23,1574.40,589.30,94.10,234.50,1.0000,-1,-1,-1
65,25,428.20,65.30,46.40,173.50,1.0000,-1,-1,-1
65,29,359.90,111.70,51.60,171.40,1.0000,-1,-1,-1
65,30,1158.50,856.60,85.80,224.40,0.8480,-1,-1,-1
65,31,163.80,251.60,58.70,204.40,1.0000,-1,-1,-1
65,32,753.80,82.20,43.50,152.30,1.0000,-1,-1,-1
65,33,473.50,108.70,50.30,161.80,1.0000,-1,-1,-1
65,-1,303.80,899.70,100.10,181.30,0.7820,-1,-1,-1
66,0,1221.60,30.50,61.20,118.90,1.0000,-1,-1,-1
66,1,1481.70,5.00,60.50,143.80,1.0000,-1,-1,-1
66,2,687.00,206.10,79.60,113.70,1.0000,-1,-1,-1
66,3,1718.90,455.40,81.10,210.60,1.0000,-1,-1,-1
66,4,368.80,259.80,66.80,194.00,1.0000,-1,-1,-1
66,5,1638.70,1.00,55.30,119.90,1.0000,-1,-1,-1
66,7,227.80,273.00,62.70,186.20,1.0000,-1,-1,-1
66,8,288.30,126.70,51.90,170.30,1.0000,-1,-1,-1
66,9,800.30,143.00,64.30,175.30,1.0000,-1,-1,-1
66,12,871.20,2.00,53.90,96.10,0.9990,-1,-1,-1
66,14,1863.60,274.40,57.40,168.50,0.9950,-1,-1,-1
66,15,213.70,135.70,55.30,163.40,1.0000,-1,-1,-1
66,16,1652.60,237.20,77.60,201.70,1.0000,-1,-1,-1
66,17,561.80,112.70,49.30,175.00,1.0000,-1,-1,-1
66,21,1066.40,849.90,121.40,231.10,1.0000,-1,-1,-1
66,23,1575.20,589.80,94.00,234.20,1.0000,-1,-1,-1
66,25,428.00,67.30,49.70,171.60,1.0000,-1,-1,-1
66,29,359.80,110.80,51.70,171.40,1.0000,-1,-1,-1
66,30,1158.40,859.00,89.50,222.00,0.8930,-1,-1,-1
66,31,164.40,250.80,58.20,203.50,1.0000,-1,-1,-1
66,32,753.80,82.30,43.50,151.80,1.0000,-1,-1,-1
66,33,476.30,104.00,49.20,163.30,1.0000,-1,-1,-1
66,35,306.30,903.80,98.80,177.20,0.9540,-1,-1,-1
67,0,1221.60,30.60,61.30,119.20,1.0000,-1,-1,-1
67,1,1481.80,4.50,60.10,144.50,1.0000,-1,-1,-1
67,2,686.90,206.20,79.30,112.80,1.0000,-1,-1,-1
67,3,1719.70,454.30,80.10,212.90,1.0000,-1,-1,-1
67,4,367.60,261.10,67.60,195.00,1.0000,-1,-1,-1
67,5,1637.60,1.00,55.00,119.00,1.0000,-1,-1,-1
67,7,227.40,270.70,62.90,187.50,1.0000,-1,-1,-1
67,8,288.10,126.00,51.90,171.50,1.0000,-1,-1,-1
67,9,801.60,142.30,62.10,177.00,1.0000,-1,-1,-1
67,12,871.80,3.60,54.10,90.90,0.9660,-1,-1,-1
67,14,1865.30,273.10,55.70,170.40,0.9900,-1,-1,-1
67,15,212.90,137.10,57.40,161.80,1.0000,-1,-1,-1
67,16,1654.00,235.00,76.10,199.20,1.0000,-1,-1,-1
67,17,561.80,112.90,49.00,175.70,1.0000,-1,-1,-1
67,21,1070.50,852.20,119.60,228.80,1.0000,-1,-1,-1
67,23,1574.30,590.10,95.30,233.00,1.0000,-1,-1,-1
67,25,427.70,66.20,51.00,172.90,1.0000,-1,-1,-1
67,29,359.60,109.60,51.90,171.60,1.0000,-1,-1,-1
67,30,1156.80,862.20,89.90,218.80,0.8740,-1,-1,-1
67,31,165.00,250.10,57.70,204.40,1.0000,-1,-1,-1
67,32,753.70,83.70,43.40,150.40,1.0000,-1,-1,-1
67,33,477.10,104.70,50.70,159.70,1.0000,-1,-1,-1
67,35,308.40,907.00,97.00,174.00,0.5900,-1,-1,-1
68,0,1221.90,30.50,61.10,119.10,1.0000,-1,-1,-1
68,1,1481.20,4.40,60.40,144.50,1.0000,-1,-1,-1
68,2,687.50,206.10,78.50,113.60,1.0000,-1,-1,-1
68,3,1719.20,456.20,80.70,211.20,1.0000,-1,-1,-1
68,4,366.80,259.90,68.00,199.20,1.0000,-1,-1,-1
68,5,1635.50,1.00,54.50,117.50,1.0000,-1,-1,-1
68,7,228.50,269.90,64.80,186.60,1.0000,-1,-1,-1
68,8,287.70,126.50,51.90,170.10,1.0000,-1,-1,-1
68,9,801.00,142.40,63.10,176.30,1.0000,-1,-1,-1
68,14,1867.10,272.50,53.90,172.40,0.9920,-1,-1,-1
68,15,212.80,136.80,57.90,161.60,1.0000,-1,-1,-1
68,16,1654.60,233.30,75.70,200.20,1.0000,-1,-1,-1
68,17,562.30,112.10,49.30,174.70,1.0000,-1,-1,-1
68,21,1072.00,852.60,121.50,228.40,1.0000,-1,-1,-1
68,23,1575.30,590.10,93.10,232.30,1.0000,-1,-1,-1
68,25,428.80,68.70,50.60,170.30,1.0000,-1,-1,-1
68,29,360.00,110.10,53.30,170.70,1.0000,-1,-1,-1
68,30,1155.60,861.70,90.90,219.30,0.6950,-1,-1,-1
68,31,164.70,249.80,58.80,203.60,1.0000,-1,-1,-1
68,32,753.80,83.10,43.40,152.40,1.0000,-1,-1,-1
68,33,478.30,105.60,50.10,157.80,1.0000,-1,-1,-1
68,12,871.70,4.00,54.40,87.40,0.3250,-1,-1,-1
68,34,995.10,928.10,70.90,152.90,0.0650,-1,-1,-1
68,35,309.10,909.20,98.90,171.80,0.5370,-1,-1,-1
69,0,1221.80,30.50,61.00,119.20,1.0000,-1,-1,-1
69,1,1480.90,3.60,60.70,144.30,1.0000,-1,-1,-1
69,2,687.00,206.00,79.50,113.60,1.0000,-1,-1,-1
69,3,1717.90,456.00,82.50,210.10,1.0000,-1,-1,-1
69,4,366.90,261.10,67.00,203.00,1.0000,-1,-1,-1
69,5,1633.80,1.00,54.70,116.50,1.0000,-1,-1,-1
69,7,231.40,269.70,62.90,184.70,1.0000,-1,-1,-1
69,8,287.40,126.20,52.00,172.00,1.0000,-1,-1,-1
69,9,801.70,143.90,61.80,174.10,1.0000,-1,-1,-1
69,14,1868.30,269.90,52.70,179.10,0.9670,-1,-1,-1
69,15,213.70,137.80,56.70,162.50,1.0000,-1,-1,-1
69,16,1654.80,232.30,73.50,199.50,1.0000,-1,-1,-1
69,17,562.00,112.60,49.20,175.10,1.0000,-1,-1,-1
69,21,1073.50,855.10,119.20,225.90,0.9990,-1,-1,-1
69,23,1574.50,588.90,94.10,233.20,1.0000,-1,-1,-1
69,25,429.00,67.60,50.80,171.70,1.0000,-1,-1,-1
69,29,359.50,109.60,53.30,174.50,1.0000,-1,-1,-1
69,30,1157.40,866.90,91.70,214.10,0.9320,-1,-1,-1
69,31,164.40,249.00,60.50,205.10,1.0000,-1,-1,-1
69,32,753.70,82.50,43.60,152.10,1.0000,-1,-1,-1
69,33,479.80,103.60,49.90,160.20,1.0000,-1,-1,-1
69,34,993.70,928.70,72.00,152.30,0.0830,-1,-1,-1
69,35,308.10,908.10,103.30,172.90,0.0820,-1,-1,-1
70,0,1221.60,30.70,60.70,118.90,1.0000,-1,-1,-1
70,1,1480.60,3.70,60.90,144.50,1.0000,-1,-1,-1
70,2,687.40,206.00,78.50,113.40,1.0000,-1,-1,-1
70,3,1716.70,457.00,84.90,209.60,1.0000,-1,-1,-1
70,4,367.10,261.80,66.20,203.10,1.0000,-1,-1,-1
70,5,1633.00,1.00,54.30,116.70,1.0000,-1,-1,-1
70,7,232.80,268.80,62.80,185.80,1.0000,-1,-1,-1
70,8,287.70,126.90,52.00,170.90,1.0000,-1,-1,-1
70,9,800.80,143.20,64.40,175.50,1.0000,-1,-1,-1
70,14,1869.60,272.40,51.40,180.20,0.9440,-1,-1,-1
70,15,215.90,138.00,55.70,161.20,1.0000,-1,-1,-1
70,16,1654.40,230.10,73.30,200.60,1.0000,-1,-1,-1
70,17,562.80,113.10,48.80,174.10,1.0000,-1,-1,-1
70,21,1074.60,857.10,118.40,223.90,0.9990,-1,-1,-1
70,23,1574.70,589.50,93.80,230.30,1.0000,-1,-1,-1
70,25,429.30,66.70,50.60,174.50,1.0000,-1,-1,-1
70,29,358.90,110.00,53.10,174.90,1.0000,-1,-1,-1
70,30,1164.50,870.30,84.30,210.70,0.9830,-1,-1,-1
70,31,164.40,248.30,60.20,205.30,1.0000,-1,-1,-1
70,32,753.30,81.20,44.30,153.40,1.0000,-1,-1,-1
70,33,479.80,104.30,50.20,159.10,1.0000,-1,-1,-1
70,35,307.20,907.40,109.60,173.60,0.1200,-1,-1,-1
71,0,1221.80,31.00,61.10,119.00,1.0000,-1,-1,-1
71,1,1481.10,4.10,61.10,144.60,1.0000,-1,-1,-1
71,2,686.70,206.20,80.10,113.40,1.0000,-1,-1,-1
71,3,1715.50,455.80,84.20,209.80,1.0000,-1,-1,-1
71,4,367.50,263.70,65.30,202.10,1.0000,-1,-1,-1
71,5,1631.30,1.00,54.80,115.90,1.0000,-1,-1,-1
71,7,232.90,268.50,62.30,185.90,1.0000,-1,-1,-1
71,8,287.10,127.30,52.10,170.40,1.0000,-1,-1,-1
71,9,801.30,143.80,63.70,173.50,1.0000,-1,-1,-1
71,14,1870.40,272.40,50.60,180.50,0.9370,-1,-1,-1
71,15,216.10,137.00,55.80,160.90,1.0000,-1,-1,-1
71,16,1653.50,229.30,73.50,200.30,1.0000,-1,-1,-1
71,17,563.10,112.70,49.30,175.30,1.0000,-1,-1,-1
71,21,1072.40,859.80,122.00,221.20,0.9990,-1,-1,-1
71,23,1574.10,589.10,95.80,233.10,1.0000,-1,-1,-1
71,25,429.60,66.80,49.80,174.90,1.0000,-1,-1,-1
71,29,358.50,109.80,53.40,175.70,1.0000,-1,-1,-1
71,30,1161.90,873.40,87.60,207.60,0.9720,-1,-1,-1
71,31,165.40,248.00,59.80,206.90,1.0000,-1,-1,-1
71,32,752.80,80.90,44.30,153.00,1.0000,-1,-1,-1
71,33,481.50,103.10,49.10,158.00,1.0000,-1,-1,-1
71,35,305.50,908.90,113.30,172.10,0.1390,-1,-1,-1
71,-1,393.80,95.50,34.60,138.80,0.0780,-1,-1,-1
72,0,1221.40,31.00,62.60,119.40,1.0000,-1,-1,-1
72,1,1481.00,3.60,61.60,145.20,1.0000,-1,-1,-1
72,2,686.90,205.90,79.70,113.90,1.0000,-1,-1,-1
72,3,1714.40,455.50,86.90,210.20,1.0000,-1,-1,-1
72,4,368.30,266.00,63.80,200.10,1.0000,-1,-1,-1
72,5,1630.10,1.30,54.20,114.20,1.0000,-1,-1,-1
72,7,233.10,266.90,62.30,186.00,1.0000,-1,-1,-1
72,8,286.80,127.30,52.30,170.70,1.0000,-1,-1,-1
72,9,801.40,144.50,63.40,173.80,1.0000,-1,-1,-1
72,14,1872.70,275.70,48.30,181.80,0.9290,-1,-1,-1
72,15,216.40,138.20,54.70,158.90,1.0000,-1,-1,-1
72,16,1654.30,228.00,72.10,203.00,1.0000,-1,-1,-1
72,17,561.70,110.90,51.30,178.30,1.0000,-1,-1,-1
72,21,1073.60,861.80,123.50,219.20,1.0000,-1,-1,-1
72,23,1573.20,589.40,96.90,233.50,1.0000,-1,-1,-1
72,25,429.50,69.30,48.80,173.20,1.0000,-1,-1,-1
72,29,358.60,109.50,53.80,179.90,1.0000,-1,-1,-1
72,30,1159.30,876.60,91.80,204.40,0.8480,-1,-1,-1
72,31,165.40,246.30,60.80,207.00,1.0000,-1,-1,-1
72,32,752.80,79.20,44.00,154.50,1.0000,-1,-1,-1
72,33,482.10,100.50,49.10,160.30,1.0000,-1,-1,-1
72,35,307.40,909.40,113.70,171.60,0.1060,-1,-1,-1
72,-1,394.60,96.60,34.10,140.90,0.1240,-1,-1,-1
73,0,1221.50,30.90,61.40,119.20,1.0000,-1,-1,-1
73,1,1481.20,3.60,61.50,145.00,1.0000,-1,-1,-1
73,2,686.90,205.70,79.50,113.40,1.0000,-1,-1,-1
73,3,1714.70,454.60,86.30,212.70,1.0000,-1,-1,-1
73,4,368.20,268.50,63.30,198.60,1.0000,-1,-1,-1
73,5,1630.00,1.00,53.50,115.00,1.0000,-1,-1,-1
73,7,234.10,267.20,62.00,184.90,1.0000,-1,-1,-1
73,8,286.90,126.10,52.40,170.70,1.0000,-1,-1,-1
73,9,801.10,143.20,64.10,174.80,1.0000,-1,-1,-1
73,14,1874.80,277.30,46.20,182.10,0.7980,-1,-1,-1
73,15,216.30,138.20,55.10,157.20,1.0000,-1,-1,-1
73,16,1652.80,227.00,72.80,203.10,1.0000,-1,-1,-1
73,17,562.40,111.00,50.40,179.70,1.0000,-1,-1,-1
73,21,1072.40,864.50,125.80,216.50,1.0000,-1,-1,-1
73,23,1574.30,589.60,97.50,234.40,1.0000,-1,-1,-1
73,25,431.20,72.90,46.70,168.70,1.0000,-1,-1,-1
73,29,360.00,108.70,52.70,177.80,1.0000,-1,-1,-1
73,31,164.60,246.20,62.10,207.80,1.0000,-1,-1,-1
73,32,752.40,79.90,44.40,154.40,1.0000,-1,-1,-1
73,33,482.50,100.90,49.30,160.30,1.0000,-1,-1,-1
73,30,1159.00,881.30,89.10,199.70,0.3610,-1,-1,-1
73,35,307.10,909.10,117.20,171.90,0.0620,-1,-1,-1
73,-1,393.70,96.90,35.60,145.50,0.7250,-1,-1,-1
74,0,1221.20,30.80,62.10,120.00,1.0000,-1,-1,-1
74,1,1480.80,3.70,61.40,144.40,1.0000,-1,-1,-1
74,2,687.00,205.70,79.10,113.20,1.0000,-1,-1,-1
74,3,1710.70,455.40,92.10,212.00,1.0000,-1,-1,-1
74,4,367.50,271.20,63.20,196.40,1.0000,-1,-1,-1
74,5,1627.50,1.40,54.90,113.50,1.0000,-1,-1,-1
74,7,235.10,266.60,63.30,186.40,1.0000,-1,-1,-1
74,8,286.60,126.40,52.30,170.70,1.0000,-1,-1,-1
74,9,801.80,143.90,63.20,172.80,1.0000,-1,-1,-1
74,14,1876.50,278.60,44.50,184.20,0.6340,-1,-1,-1
74,15,216.40,138.50,54.80,157.00,1.0000,-1,-1,-1
74,16,1652.10,226.00,73.40,200.90,1.0000,-1,-1,-1
74,17,561.90,111.10,50.50,180.40,1.0000,-1,-1,-1
74,21,1076.80,868.10,123.60,212.90,1.0000,-1,-1,-1
74,23,1574.90,589.30,96.70,235.00,1.0000,-1,-1,-1
74,25,430.70,72.60,47.40,169.30,1.0000,-1,-1,-1
74,29,360.20,107.90,52.40,178.50,1.0000,-1,-1,-1
74,31,165.90,245.10,61.10,208.70,1.0000,-1,-1,-1
74,32,752.70,80.00,44.40,154.40,1.0000,-1,-1,-1
74,33,483.90,103.30,48.30,155.80,1.0000,-1,-1,-1
74,36,395.80,95.40,36.90,147.80,0.8730,-1,-1,-1
74,30,1167.70,885.50,84.70,195.50,0.2360,-1,-1,-1
75,0,1221.70,30.70,61.60,119.40,1.0000,-1,-1,-1
75,1,1480.50,3.60,61.20,145.50,1.0000,-1,-1,-1
75,2,687.70,205.50,78.00,113.90,1.0000,-1,-1,-1
75,3,1711.00,456.80,91.90,209.00,1.0000,-1,-1,-1
75,4,366.50,273.50,63.40,196.40,1.0000,-1,-1,-1
75,5,1626.20,1.50,54.40,113.10,1.0000,-1,-1,-1
75,7,235.00,265.10,64.60,188.80,1.0000,-1,-1,-1
75,8,287.00,126.90,51.30,169.50,1.0000,-1,-1,-1
75,9,801.30,143.10,63.70,174.90,1.0000,-1,-1,-1
75,15,216.40,138.00,55.70,158.50,1.0000,-1,-1,-1
75,16,1651.10,226.90,71.80,200.10,1.0000,-1,-1,-1
75,17,563.80,110.10,49.30,180.40,1.0000,-1,-1,-1
75,21,1080.10,871.60,120.00,209.40,0.9990,-1,-1,-1
75,23,1574.10,588.70,97.90,235.90,1.0000,-1,-1,-1
75,25,431.50,72.90,47.40,167.80,1.0000,-1,-1,-1
75,29,361.80,110.70,51.30,178.70,1.0000,-1,-1,-1
75,31,166.80,245.00,61.90,208.90,1.0000,-1,-1,-1
75,32,752.10,79.20,44.90,156.30,1.0000,-1,-1,-1
75,33,484.20,99.40,47.60,159.40,1.0000,-1,-1,-1
75,36,395.80,91.20,43.60,156.70,0.9310,-1,-1,-1
75,14,1876.90,282.90,44.10,180.30,0.5540,-1,-1,-1
75,30,1160.60,883.80,96.00,197.20,0.2310,-1,-1,-1
76,0,1221.70,30.70,61.50,119.40,1.0000,-1,-1,-1
76,1,1480.70,3.40,61.50,146.00,1.0000,-1,-1,-1
76,2,687.40,205.40,78.80,114.70,1.0000,-1,-1,-1
76,3,1709.90,457.30,93.50,210.90,1.0000,-1,-1,-1
76,4,366.30,273.70,63.70,197.60,1.0000,-1,-1,-1
76,5,1624.50,2.30,55.30,111.00,1.0000,-1,-1,-1
76,7,236.30,265.60,63.70,187.80,1.0000,-1,-1,-1
76,8,286.80,126.40,51.80,171.40,1.0000,-1,-1,-1
76,9,800.70,144.70,65.00,174.10,1.0000,-1,-1,-1
76,15,217.50,138.00,54.30,159.10,1.0000,-1,-1,-1
76,16,1649.90,227.20,71.40,199.90,1.0000,-1,-1,-1
76,17,562.20,110.70,49.80,178.90,1.0000,-1,-1,-1
76,21,1081.90,875.70,118.10,205.30,1.0000,-1,-1,-1
76,23,1572.90,588.30,100.60,237.20,1.0000,-1,-1,-1
76,25,432.50,69.30,48.60,171.30,1.0000,-1,-1,-1
76,29,362.60,110.50,51.10,176.90,1.0000,-1,-1,-1
76,31,166.80,242.80,63.70,211.30,1.0000,-1,-1,-1
76,32,752.10,80.00,44.20,154.40,1.0000,-1,-1,-1
76,33,484.90,98.70,47.70,160.70,1.0000,-1,-1,-1
76,36,394.40,92.00,44.50,157.90,0.9270,-1,-1,-1
76,14,1879.30,280.80,41.70,183.50,0.3550,-1,-1,-1
77,0,1221.70,30.90,61.30,119.50,1.0000,-1,-1,-1
77,1,1480.60,3.60,61.20,145.80,1.0000,-1,-1,-1
77,2,687.60,205.40,78.40,114.80,1.0000,-1,-1,-1
77,3,1709.30,457.00,94.70,210.00,1.0000,-1,-1,-1
77,4,365.70,275.60,64.10,197.00,1.0000,-1,-1,-1
77,5,1622.50,2.70,55.00,108.60,1.0000,-1,-1,-1
77,7,237.40,265.30,63.70,187.40,1.0000,-1,-1,-1
77,8,287.20,126.10,51.90,172.80,1.0000,-1,-1,-1
77,9,800.40,143.60,65.20,175.30,1.0000,-1,-1,-1
77,15,217.60,137.20,54.60,159.60,1.0000,-1,-1,-1
77,16,1649.60,227.10,70.50,199.50,1.0000,-1,-1,-1
77,17,562.70,110.50,49.20,180.30,1.0000,-1,-1,-1
77,21,1080.30,878.00,122.00,203.00,1.0000,-1,-1,-1
77,23,1573.60,588.80,98.30,235.60,1.0000,-1,-1,-1
77,25,432.70,71.40,49.30,172.20,1.0000,-1,-1,-1
77,29,362.40,113.50,49.90,174.60,1.0000,-1,-1,-1
77,31,168.30,242.60,61.40,210.20,1.0000,-1,-1,-1
77,32,752.00,79.70,45.10,155.10,1.0000,-1,-1,-1
77,33,487.10,97.10,46.20,161.60,1.0000,-1,-1,-1
77,36,394.60,92.70,46.90,157.30,0.9440,-1,-1,-1
78,0,1221.50,30.30,61.20,119.70,1.0000,-1,-1,-1
78,1,1480.40,3.80,60.80,144.70,1.0000,-1,-1,-1
78,2,687.20,205.80,79.10,113.80,1.0000,-1,-1,-1
78,3,1707.80,457.60,95.40,208.90,1.0000,-1,-1,-1
78,4,364.50,276.30,65.50,196.70,1.0000,-1,-1,-1
78,5,1621.30,2.70,55.10,107.40,1.0000,-1,-1,-1
78,7,237.40,263.30,63.20,189.60,1.0000,-1,-1,-1
78,8,286.90,126.20,51.90,172.40,1.0000,-1,-1,-1
78,9,800.70,143.50,65.40,173.90,1.0000,-1,-1,-1
78,15,219.10,137.10,53.80,159.40,1.0000,-1,-1,-1
78,16,1648.70,226.40,70.30,199.40,1.0000,-1,-1,-1
78,17,561.90,111.50,50.90,177.40,1.0000,-1,-1,-1
78,21,1080.90,878.40,125.00,202.60,1.0000,-1,-1,-1
78,23,1574.30,588.90,97.50,235.00,1.0000,-1,-1,-1
78,25,432.80,72.20,49.30,169.60,1.0000,-1,-1,-1
78,29,360.30,114.50,50.40,173.60,1.0000,-1,-1,-1
78,31,169.30,244.30,59.00,208.50,1.0000,-1,-1,-1
78,32,752.40,79.60,44.20,155.50,1.0000,-1,-1,-1
78,33,488.20,96.00,46.00,160.60,1.0000,-1,-1,-1
78,36,395.60,91.30,50.40,159.40,0.9710,-1,-1,-1
78,18,622.70,553.50,91.10,250.40,0.0540,-1,-1,-1
79,0,1221.60,30.50,61.50,119.50,1.0000,-1,-1,-1
79,1,1480.90,3.60,61.00,145.40,1.0000,-1,-1,-1
79,2,687.10,205.80,79.20,114.00,1.0000,-1,-1,-1
79,3,1709.30,457.60,94.90,208.90,1.0000,-1,-1,-1
79,4,363.70,275.60,66.20,198.00,1.0000,-1,-1,-1
79,5,1619.50,2.50,55.80,107.60,1.0000,-1,-1,-1
79,7,237.70,263.80,63.40,188.20,1.0000,-1,-1,-1
79,8,287.20,126.40,52.00,173.10,1.0000,-1,-1,-1
79,9,801.10,145.70,64.50,170.10,1.0000,-1,-1,-1
79,15,219.40,137.00,54.40,160.10,1.0000,-1,-1,-1
79,16,1646.80,226.30,69.70,197.20,1.0000,-1,-1,-1
79,17,561.50,111.90,51.50,176.70,1.0000,-1,-1,-1
79,21,1084.60,879.90,123.40,201.10,1.0000,-1,-1,-1
79,23,1573.90,588.60,97.70,235.80,1.0000,-1,-1,-1
79,25,433.30,71.70,50.20,170.10,1.0000,-1,-1,-1
79,29,359.30,113.10,51.80,175.70,1.0000,-1,-1,-1
79,31,169.60,244.30,59.50,205.50,1.0000,-1,-1,-1
79,32,752.60,80.40,43.70,156.20,1.0000,-1,-1,-1
79,33,488.80,93.40,45.90,161.50,1.0000,-1,-1,-1
79,36,395.10,90.70,50.90,160.50,0.9570,-1,-1,-1
79,18,619.40,551.80,96.70,256.10,0.2200,-1,-1,-1
80,0,1221.50,30.80,61.40,119.60,1.0000,-1,-1,-1
80,1,1481.10,3.60,60.50,145.00,1.0000,-1,-1,-1
80,2,687.30,206.00,78.70,114.60,1.0000,-1,-1,-1
80,3,1709.50,456.40,93.70,211.50,1.0000,-1,-1,-1
80,4,363.60,276.10,66.50,198.40,1.0000,-1,-1,-1
80,5,1617.60,3.00,55.30,105.60,1.0000,-1,-1,-1
80,7,238.40,263.10,62.60,187.80,1.0000,-1,-1,-1
80,8,287.50,125.40,51.20,172.80,1.0000,-1,-1,-1
80,9,800.60,146.20,66.20,170.20,1.0000,-1,-1,-1
80,15,220.00,135.00,54.80,161.20,1.0000,-1,-1,-1
80,16,1645.30,226.90,70.00,195.30,1.0000,-1,-1,-1
80,17,560.80,112.10,51.90,176.80,1.0000,-1,-1,-1
80,18,612.40,551.20,94.10,249.50,0.8540,-1,-1,-1
80,21,1086.90,881.70,124.20,199.30,1.0000,-1,-1,-1
80,23,1573.20,588.70,98.20,234.50,1.0000,-1,-1,-1
80,25,435.00,75.00,48.10,165.80,1.0000,-1,-1,-1
80,29,359.40,112.50,51.50,174.30,1.0000,-1,-1,-1
80,31,170.70,245.50,58.80,201.70,1.0000,-1,-1,-1
80,32,751.90,81.30,44.80,155.50,1.0000,-1,-1,-1
80,33,490.90,91.00,44.70,159.70,1.0000,-1,-1,-1
80,36,392.80,90.60,54.00,160.50,0.9750,-1,-1,-1
81,0,1221.50,31.10,62.10,119.30,1.0000,-1,-1,-1
81,1,1481.10,3.10,60.40,145.50,1.0000,-1,-1,-1
81,2,686.90,205.90,79.50,114.00,1.0000,-1,-1,-1
81,3,1708.70,457.10,93.70,209.80,1.0000,-1,-1,-1
81,4,364.20,276.00,66.10,199.70,1.0000,-1,-1,-1
81,5,1615.00,3.40,54.40,105.50,1.0000,-1,-1,-1
81,7,239.20,262.10,62.30,186.00,1.0000,-1,-1,-1
81,8,286.80,125.60,51.80,174.30,1.0000,-1,-1,-1
81,9,801.00,146.80,65.60,171.10,1.0000,-1,-1,-1
81,15,219.90,134.70,55.70,162.50,1.0000,-1,-1,-1
81,16,1644.30,225.90,69.10,195.50,1.0000,-1,-1,-1
81,17,561.20,111.80,50.80,177.80,1.0000,-1,-1,-1
81,18,607.30,549.50,89.80,251.30,0.9990,-1,-1,-1
81,21,1091.40,883.30,123.00,197.70,1.0000,-1,-1,-1
81,23,1574.10,589.80,97.20,233.40,1.0000,-1,-1,-1
81,25,435.90,74.40,47.90,166.90,1.0000,-1,-1,-1
81,29,359.90,110.30,49.90,179.90,1.0000,-1,-1,-1
81,31,171.20,244.80,59.80,201.20,1.0000,-1,-1,-1
81,32,752.90,83.80,43.10,154.00,1.0000,-1,-1,-1
81,33,491.70,91.50,45.00,157.80,1.0000,-1,-1,-1
81,36,394.10,89.00,53.30,164.50,0.9860,-1,-1,-1
82,0,1221.60,31.00,61.40,119.60,1.0000,-1,-1,-1
82,1,1481.40,3.30,59.80,145.00,1.0000,-1,-1,-1
82,2,686.90,205.80,79.40,113.60,1.0000,-1,-1,-1
82,3,1707.60,456.90,95.40,208.70,1.0000,-1,-1,-1
82,4,363.60,277.60,67.30,197.40,1.0000,-1,-1,-1
82,5,1613.40,3.10,54.50,104.70,1.0000,-1,-1,-1
82,7,239.90,262.50,61.50,183.90,1.0000,-1,-1,-1
82,8,288.10,125.40,51.30,172.80,1.0000,-1,-1,-1
82,9,800.90,146.50,66.40,169.90,1.0000,-1,-1,-1
82,15,220.50,136.20,56.50,160.50,1.0000,-1,-1,-1
82,16,1642.60,224.20,69.70,198.00,1.0000,-1,-1,-1
82,17,561.00,110.30,49.80,179.20,1.0000,-1,-1,-1
82,18,603.00,551.70,87.60,243.60,1.0000,-1,-1,-1
82,21,1093.00,884.30,123.10,196.70,1.0000,-1,-1,-1
82,23,1574.10,591.10,97.70,232.40,1.0000,-1,-1,-1
82,25,437.90,76.60,48.40,165.70,1.0000,-1,-1,-1
82,29,357.70,110.20,51.30,178.80,1.0000,-1,-1,-1
82,31,172.00,244.10,58.90,199.50,1.0000,-1,-1,-1
82,32,753.00,82.50,43.20,154.50,1.0000,-1,-1,-1
82,33,492.60,90.70,43.20,156.50,1.0000,-1,-1,-1
82,36,395.60,89.40,52.20,161.60,0.9870,-1,-1,-1
83,0,1221.40,30.70,62.00,118.90,1.0000,-1,-1,-1
83,1,1481.30,3.80,60.10,144.50,1.0000,-1,-1,-1
83,2,686.90,205.70,79.00,113.80,1.0000,-1,-1,-1
83,3,1707.40,457.30,95.70,209.90,1.0000,-1,-1,-1
83,4,363.20,278.20,66.70,198.40,1.0000,-1,-1,-1
83,5,1613.20,2.70,54.10,103.50,1.0000,-1,-1,-1
83,7,241.00,261.90,61.30,183.30,1.0000,-1,-1,-1
83,8,288.00,125.80,51.10,172.50,1.0000,-1,-1,-1
83,9,801.30,146.20,65.30,169.30,1.0000,-1,-1,-1
83,15,220.60,137.10,56.60,159.90,1.0000,-1,-1,-1
83,16,1641.00,221.30,71.50,198.50,1.0000,-1,-1,-1
83,17,560.60,109.30,50.80,179.10,1.0000,-1,-1,-1
83,18,594.90,556.70,97.60,228.40,1.0000,-1,-1,-1
83,21,1092.40,885.20,124.90,195.80,1.0000,-1,-1,-1
83,23,1573.70,589.90,98.70,235.90,1.0000,-1,-1,-1
83,25,437.70,77.70,49.50,164.80,1.0000,-1,-1,-1
83,29,358.70,111.70,51.90,175.90,1.0000,-1,-1,-1
83,31,172.30,243.80,59.50,198.80,1.0000,-1,-1,-1
83,32,753.10,82.70,43.20,154.00,1.0000,-1,-1,-1
83,33,492.00,93.00,44.90,155.50,1.0000,-1,-1,-1
83,36,394.80,88.90,53.60,161.50,0.9860,-1,-1,-1
84,0,1221.30,30.50,62.20,119.50,1.0000,-1,-1,-1
84,1,1481.20,3.50,60.10,145.10,1.0000,-1,-1,-1
84,2,687.20,205.70,78.60,113.90,1.0000,-1,-1,-1
84,3,1709.10,456.20,93.80,210.70,1.0000,-1,-1,-1
84,4,361.10,279.50,69.50,198.30,1.0000,-1,-1,-1
84,5,1611.60,2.10,54.80,103.80,1.0000,-1,-1,-1
84,7,242.40,262.70,60.80,181.00,1.0000,-1,-1,-1
84,8,288.40,126.20,51.00,172.20,1.0000,-1,-1,-1
84,9,801.50,146.70,65.50,167.90,1.0000,-1,-1,-1
84,15,220.60,136.50,56.20,162.70,1.0000,-1,-1,-1
84,16,1640.10,220.40,70.20,196.00,1.0000,-1,-1,-1
84,17,559.60,109.10,51.60,179.30,1.0000,-1,-1,-1
84,18,587.60,555.30,104.40,229.00,1.0000,-1,-1,-1
84,21,1094.80,886.70,120.60,194.30,1.0000,-1,-1,-1
84,23,1573.80,589.70,97.50,234.60,1.0000,-1,-1,-1
84,25,439.50,79.90,47.20,162.40,1.0000,-1,-1,-1
84,29,358.00,109.30,51.80,178.90,1.0000,-1,-1,-1
84,31,172.10,242.50,60.90,199.20,1.0000,-1,-1,-1
84,32,753.90,82.60,42.80,152.40,1.0000,-1,-1,-1
84,33,491.70,89.40,46.50,158.50,1.0000,-1,-1,-1
84,36,395.70,89.20,52.90,161.40,0.9880,-1,-1,-1
85,0,1221.20,31.40,61.30,119.00,1.0000,-1,-1,-1
85,1,1480.90,4.50,59.70,144.50,1.0000,-1,-1,-1
85,2,687.50,205.80,78.00,113.80,1.0000,-1,-1,-1
85,3,1709.20,456.90,93.70,210.00,1.0000,-1,-1,-1
85,4,361.50,279.90,69.10,200.00,1.0000,-1,-1,-1
85,5,1610.50,1.60,55.10,103.20,1.0000,-1,-1,-1
85,7,243.40,262.70,60.60,180.80,1.0000,-1,-1,-1
85,8,288.60,126.80,50.70,170.00,1.0000,-1,-1,-1
85,9,801.70,146.40,66.20,168.70,1.0000,-1,-1,-1
85,15,221.70,138.20,55.90,160.20,1.0000,-1,-1,-1
85,16,1639.40,217.10,69.90,195.90,1.0000,-1,-1,-1
85,17,559.40,108.80,52.10,181.20,1.0000,-1,-1,-1
85,18,585.60,553.80,102.00,230.70,1.0000,-1,-1,-1
85,21,1097.50,887.20,115.90,193.80,1.0000,-1,-1,-1
85,23,1574.00,590.10,97.80,233.70,1.0000,-1,-1,-1
85,25,441.70,80.20,47.80,162.10,1.0000,-1,-1,-1
85,29,357.60,111.60,52.10,178.00,1.0000,-1,-1,-1
85,31,171.80,243.30,63.10,198.50,1.0000,-1,-1,-1
85,32,753.80,83.20,42.70,152.00,1.0000,-1,-1,-1
85,33,493.00,88.00,47.50,159.90,1.0000,-1,-1,-1
85,36,396.60,88.70,53.30,163.40,0.9950,-1,-1,-1
86,0,1221.40,31.90,60.60,117.70,1.0000,-1,-1,-1
86,1,1480.40,5.10,59.70,144.10,1.0000,-1,-1,-1
86,2,687.50,205.90,78.10,113.10,1.0000,-1,-1,-1
86,3,1709.60,456.40,94.20,210.90,1.0000,-1,-1,-1
86,4,361.10,281.60,68.40,201.00,1.0000,-1,-1,-1
86,5,1610.10,1.00,54.90,103.80,1.0000,-1,-1,-1
86,7,243.70,260.90,61.00,182.20,1.0000,-1,-1,-1
86,8,288.30,126.50,51.10,170.10,1.0000,-1,-1,-1
86,9,801.70,145.40,66.90,170.00,1.0000,-1,-1,-1
86,15,222.60,138.00,55.00,159.40,1.0000,-1,-1,-1
86,16,1638.20,214.90,70.20,195.60,1.0000,-1,-1,-1
86,17,558.10,108.50,52.80,182.20,1.0000,-1,-1,-1
86,18,582.50,554.60,98.80,229.40,1.0000,-1,-1,-1
86,21,1098.80,888.20,117.30,192.80,1.0000,-1,-1,-1
86,23,1574.30,590.00,97.30,234.90,1.0000,-1,-1,-1
86,25,444.10,80.50,46.40,162.30,1.0000,-1,-1,-1
86,29,357.20,113.30,51.50,172.40,1.0000,-1,-1,-1
86,31,172.30,242.90,64.40,200.60,1.0000,-1,-1,-1
86,32,754.00,81.40,43.00,153.70,1.0000,-1,-1,-1
86,33,493.20,88.00,47.90,159.80,1.0000,-1,-1,-1
86,36,399.80,91.10,51.40,162.10,0.9980,-1,-1,-1
87,0,1221.80,31.50,60.60,118.10,1.0000,-1,-1,-1
87,1,1480.70,5.40,60.00,144.80,1.0000,-1,-1,-1
87,2,687.40,205.50,78.10,113.40,1.0000,-1,-1,-1
87,3,1710.30,456.90,92.60,209.90,1.0000,-1,-1,-1
87,4,361.30,283.70,67.80,201.90,1.0000,-1,-1,-1
87,5,1608.70,1.20,54.00,103.00,1.0000,-1,-1,-1
87,7,244.50,260.10,60.00,182.30,1.0000,-1,-1,-1
87,8,288.30,127.40,51.00,168.40,1.0000,-1,-1,-1
87,9,802.20,145.40,65.90,169.10,1.0000,-1,-1,-1
87,15,223.40,137.00,54.60,158.80,1.0000,-1,-1,-1
87,16,1637.10,212.30,69.80,197.40,1.0000,-1,-1,-1
87,17,558.00,110.00,52.60,180.20,1.0000,-1,-1,-1
87,18,581.00,554.60,94.60,228.40,1.0000,-1,-1,-1
87,21,1099.30,889.60,119.40,191.40,0.9990,-1,-1,-1
87,23,1574.30,589.50,97.30,234.70,1.0000,-1,-1,-1
87,25,444.20,82.20,47.30,161.20,1.0000,-1,-1,-1
87,29,357.00,112.20,52.10,172.50,1.0000,-1,-1,-1
87,31,173.00,243.30,64.90,198.40,1.0000,-1,-1,-1
87,32,754.00,82.00,42.60,153.80,1.0000,-1,-1,-1
87,33,494.20,90.70,48.70,157.10,1.0000,-1,-1,-1
87,36,398.30,91.50,52.90,162.30,0.9980,-1,-1,-1
87,-1,355.10,1.50,51.80,118.70,0.2060,-1,-1,-1
88,0,1221.30,31.20,62.20,119.30,1.0000,-1,-1,-1
88,1,1480.20,4.80,60.60,145.30,1.0000,-1,-1,-1
88,2,687.00,206.10,78.80,113.40,1.0000,-1,-1,-1
88,3,1711.40,457.30,91.60,210.00,1.0000,-1,-1,-1
88,4,360.00,283.90,67.20,203.00,1.0000,-1,-1,-1
88,5,1607.20,1.00,53.70,103.00,1.0000,-1,-1,-1
88,7,244.20,258.10,61.40,185.10,1.0000,-1,-1,-1
88,8,287.90,127.20,51.00,168.90,1.0000,-1,-1,-1
88,9,801.20,143.30,67.60,172.10,1.0000,-1,-1,-1
88,15,224.00,136.70,54.00,159.40,1.0000,-1,-1,-1
88,16,1635.30,210.60,71.30,194.30,1.0000,-1,-1,-1
88,17,558.20,107.60,53.40,180.70,1.0000,-1,-1,-1
88,18,579.50,551.30,88.80,234.80,1.0000,-1,-1,-1
88,21,1101.20,894.00,117.20,187.00,1.0000,-1,-1,-1
88,23,1574.90,589.30,96.80,233.70,1.0000,-1,-1,-1
88,25,442.80,81.20,48.70,163.60,1.0000,-1,-1,-1
88,29,356.30,113.10,54.30,174.90,1.0000,-1,-1,-1
88,31,172.80,241.20,66.10,199.90,1.0000,-1,-1,-1
88,32,754.30,83.00,42.50,152.70,1.0000,-1,-1,-1
88,33,491.80,90.10,51.70,158.20,1.0000,-1,-1,-1
88,36,398.10,91.50,52.90,162.40,0.9970,-1,-1,-1
88,-1,354.50,5.90,51.20,111.20,0.1410,-1,-1,-1
89,0,1221.50,30.80,62.10,119.10,1.0000,-1,-1,-1
89,1,1479.90,4.80,60.40,145.00,1.0000,-1,-1,-1
89,2,687.20,205.90,78.90,113.80,1.0000,-1,-1,-1
89,3,1710.50,456.90,92.70,210.30,1.0000,-1,-1,-1
89,4,359.20,286.30,66.50,200.50,1.0000,-1,-1,-1
89,5,1606.80,1.00,51.90,99.70,1.0000,-1,-1,-1
89,7,245.20,258.50,59.60,183.80,1.0000,-1,-1,-1
89,8,288.20,127.20,50.80,169.10,1.0000,-1,-1,-1
89,9,801.30,144.70,66.70,171.00,1.0000,-1,-1,-1
89,15,224.10,136.80,53.90,159.70,1.0000,-1,-1,-1
89,16,1633.50,209.00,72.80,194.90,1.0000,-1,-1,-1
89,17,556.00,111.80,54.80,177.50,1.0000,-1,-1,-1
89,18,579.00,549.40,87.60,236.20,1.0000,-1,-1,-1
89,21,1101.70,897.00,115.50,184.00,1.0000,-1,-1,-1
89,23,1574.80,589.30,97.00,235.00,1.0000,-1,-1,-1
89,25,444.80,80.80,47.30,164.50,1.0000,-1,-1,-1
89,29,358.00,115.50,51.90,175.40,1.0000,-1,-1,-1
89,31,173.40,242.30,66.80,200.20,1.0000,-1,-1,-1
89,32,754.10,82.50,43.10,152.80,1.0000,-1,-1,-1
89,33,495.10,91.30,47.70,155.60,1.0000,-1,-1,-1
89,36,398.30,93.20,54.00,164.80,0.9990,-1,-1,-1
89,30,1196.80,910.80,74.90,170.20,0.0760,-1,-1,-1
89,-1,354.20,3.40,52.60,114.80,0.8250,-1,-1,-1
90,0,1221.00,30.30,62.80,120.00,1.0000,-1,-1,-1
90,1,1480.10,4.30,60.30,144.10,1.0000,-1,-1,-1
90,2,687.30,205.90,78.40,113.40,1.0000,-1,-1,-1
90,3,1710.80,456.50,92.00,209.80,1.0000,-1,-1,-1
90,4,358.20,288.90,65.80,199.00,1.0000,-1,-1,-1
90,5,1605.70,1.30,52.60,98.50,1.0000,-1,-1,-1
90,7,245.00,257.10,60.30,183.80,1.0000,-1,-1,-1
90,8,288.00,128.20,51.30,169.60,1.0000,-1,-1,-1
90,9,800.80,145.40,67.70,170.20,1.0000,-1,-1,-1
90,15,224.90,136.30,53.40,161.40,1.0000,-1,-1,-1
90,16,1631.60,208.70,75.40,194.20,1.0000,-1,-1,-1
90,17,556.80,113.10,53.40,174.90,1.0000,-1,-1,-1
90,18,575.80,548.90,84.60,236.20,1.0000,-1,-1,-1
90,21,1103.90,899.10,111.00,181.90,0.9990,-1,-1,-1
90,23,1575.60,589.00,95.30,235.90,1.0000,-1,-1,-1
90,25,443.50,79.70,48.40,167.50,1.0000,-1,-1,-1
90,29,358.20,115.70,52.30,173.20,1.0000,-1,-1,-1
90,31,174.10,240.10,67.50,204.30,1.0000,-1,-1,-1
90,32,753.90,82.00,43.40,152.90,1.0000,-1,-1,-1
90,33,495.30,92.00,46.60,156.00,1.0000,-1,-1,-1
90,36,400.80,93.00,52.50,166.20,0.9980,-1,-1,-1
90,37,354.10,2.10,51.60,115.90,0.9970,-1,-1,-1
91,0,1221.40,30.50,63.00,119.30,1.0000,-1,-1,-1
91,1,1480.50,4.50,60.30,143.90,1.0000,-1,-1,-1
91,2,687.10,206.00,79.30,113.30,1.0000,-1,-1,-1
91,3,1709.60,457.50,93.10,209.00,1.0000,-1,-1,-1
91,4,357.70,292.50,64.90,196.40,1.0000,-1,-1,-1
91,5,1605.90,1.40,51.90,98.50,1.0000,-1,-1,-1
91,7,243.70,255.90,61.90,184.90,1.0000,-1,-1,-1
91,8,288.80,129.10,51.00,168.30,1.0000,-1,-1,-1
91,9,801.60,145.00,66.20,172.10,1.0000,-1,-1,-1
91,15,225.70,137.70,52.90,159.90,1.0000,-1,-1,-1
91,16,1629.80,208.30,76.50,194.50,1.0000,-1,-1,-1
91,17,555.60,112.00,53.60,175.20,1.0000,-1,-1,-1
91,18,575.60,544.60,80.30,241.30,1.0000,-1,-1,-1
91,21,1108.80,902.10,105.70,178.90,0.9990,-1,-1,-1
91,23,1574.60,589.30,96.70,235.20,1.0000,-1,-1,-1
91,25,442.40,79.40,48.10,168.60,1.0000,-1,-1,-1
91,29,357.90,114.00,53.10,175.30,1.0000,-1,-1,-1
91,31,173.70,240.30,69.20,202.90,1.0000,-1,-1,-1
91,32,753.80,80.90,44.80,153.60,1.0000,-1,-1,-1
91,33,494.90,92.00,47.20,156.50,1.0000,-1,-1,-1
91,36,401.60,94.90,54.00,165.60,0.9990,-1,-1,-1
91,37,354.60,1.30,51.70,117.00,0.9990,-1,-1,-1
92,0,1221.80,29.40,62.10,120.00,1.0000,-1,-1,-1
92,1,1480.70,4.90,60.20,143.40,1.0000,-1,-1,-1
92,2,687.20,206.20,78.90,112.90,1.0000,-1,-1,-1
92,3,1710.10,457.50,92.90,207.50,1.0000,-1,-1,-1
92,4,357.30,293.90,65.30,197.20,1.0000,-1,-1,-1
92,5,1605.10,1.00,53.80,97.10,1.0000,-1,-1,-1
92,7,243.60,254.30,62.50,185.80,1.0000,-1,-1,-1
92,8,288.70,129.10,51.20,168.20,1.0000,-1,-1,-1
92,9,801.40,145.60,66.30,171.30,1.0000,-1,-1,-1
92,15,225.70,137.10,53.30,159.80,1.0000,-1,-1,-1
92,16,1628.90,210.10,76.30,191.90,1.0000,-1,-1,-1
92,17,556.00,113.00,54.20,174.80,1.0000,-1,-1,-1
92,18,573.50,545.00,78.80,241.30,1.0000,-1,-1,-1
92,21,1110.20,905.90,107.70,175.10,0.9990,-1,-1,-1
92,23,1575.70,590.10,95.50,235.00,1.0000,-1,-1,-1
92,25,443.70,81.20,45.30,166.60,0.9990,-1,-1,-1
92,29,357.90,113.60,52.90,174.00,1.0000,-1,-1,-1
92,31,174.40,238.70,70.70,207.10,1.0000,-1,-1,-1
92,32,753.90,80.80,43.40,153.30,1.0000,-1,-1,-1
92,33,495.70,91.60,48.30,156.90,1.0000,-1,-1,-1
92,36,403.30,98.00,53.90,163.80,0.9990,-1,-1,-1
92,37,354.20,1.30,52.30,117.20,1.0000,-1,-1,-1
93,0,1221.90,29.20,62.20,119.50,1.0000,-1,-1,-1
93,1,1480.80,4.40,60.10,143.70,1.0000,-1,-1,-1
93,2,687.20,206.20,78.80,113.50,1.0000,-1,-1,-1
93,3,1710.80,457.40,93.20,208.30,1.0000,-1,-1,-1
93,4,355.70,293.40,65.80,199.50,1.0000,-1,-1,-1
93,5,1603.60,1.10,51.60,94.90,1.0000,-1,-1,-1
93,7,243.10,251.70,63.60,188.20,1.0000,-1,-1,-1
93,8,288.80,128.30,51.20,168.20,1.0000,-1,-1,-1
93,9,801.80,144.50,66.20,172.00,1.0000,-1,-1,-1
93,15,226.40,135.90,53.50,162.20,1.0000,-1,-1,-1
93,16,1627.50,208.60,77.20,194.00,1.0000,-1,-1,-1
93,17,555.50,113.20,54.40,175.40,1.0000,-1,-1,-1
93,18,571.70,543.20,78.00,241.90,1.0000,-1,-1,-1
93,21,1109.40,909.30,108.10,171.70,0.9970,-1,-1,-1
93,23,1575.00,589.00,95.70,236.60,1.0000,-1,-1,-1
93,25,443.10,81.70,47.30,168.70,0.9990,-1,-1,-1
93,29,358.50,114.70,53.40,174.00,1.0000,-1,-1,-1
93,31,174.00,239.20,72.40,203.30,1.0000,-1,-1,-1
93,32,753.80,81.00,44.10,152.50,1.0000,-1,-1,-1
93,33,495.90,88.80,47.60,159.20,1.0000,-1,-1,-1
93,36,404.80,96.50,52.60,162.80,0.9980,-1,-1,-1
93,37,354.20,1.00,52.60,118.80,1.0000,-1,-1,-1
93,30,1192.00,921.00,85.80,160.00,0.1550,-1,-1,-1
94,0,1221.40,29.80,62.70,118.50,1.0000,-1,-1,-1
94,1,1481.00,4.50,60.50,143.50,1.0000,-1,-1,-1
94,2,687.10,206.00,79.20,113.10,1.0000,-1,-1,-1
94,3,1709.50,456.70,94.30,207.50,1.0000,-1,-1,-1
94,4,354.50,294.50,66.50,200.40,1.0000,-1,-1,-1
94,5,1599.90,1.50,52.70,94.50,1.0000,-1,-1,-1
94,7,244.50,249.80,62.70,190.40,1.0000,-1,-1,-1
94,8,288.70,127.90,51.00,167.40,1.0000,-1,-1,-1
94,9,801.20,145.40,66.00,171.50,1.0000,-1,-1,-1
94,15,227.40,134.20,53.00,163.50,1.0000,-1,-1,-1
94,16,1625.50,209.10,79.40,196.80,1.0000,-1,-1,-1
94,17,556.30,111.70,54.00,175.90,1.0000,-1,-1,-1
94,18,570.10,542.10,73.80,241.50,1.0000,-1,-1,-1
94,21,1112.80,911.20,102.30,169.80,0.9960,-1,-1,-1
94,23,1573.90,589.30,97.30,236.60,1.0000,-1,-1,-1
94,25,444.70,82.20,46.60,166.50,0.9990,-1,-1,-1
94,29,358.70,114.50,51.50,172.80,1.0000,-1,-1,-1
94,31,174.20,237.80,74.30,204.50,1.0000,-1,-1,-1
94,32,754.30,81.20,42.40,151.90,1.0000,-1,-1,-1
94,33,496.50,88.60,46.50,158.50,1.0000,-1,-1,-1
94,36,406.30,98.00,51.30,162.90,0.9990,-1,-1,-1
94,37,353.60,1.00,53.20,120.30,1.0000,-1,-1,-1
94,30,1191.80,922.70,82.00,158.30,0.0740,-1,-1,-1
95,0,1221.70,30.10,62.20,118.70,1.0000,-1,-1,-1
95,1,1480.90,5.20,60.50,143.50,1.0000,-1,-1,-1
95,2,686.90,206.10,80.10,113.30,1.0000,-1,-1,-1
95,3,1710.80,456.70,92.90,209.70,1.0000,-1,-1,-1
95,4,353.00,294.00,67.40,201.60,1.0000,-1,-1,-1
95,5,1598.10,1.40,52.50,94.50,1.0000,-1,-1,-1
95,7,246.20,250.10,61.60,189.90,1.0000,-1,-1,-1
95,8,288.60,127.40,51.40,168.20,1.0000,-1,-1,-1
95,9,801.30,146.00,65.90,170.00,1.0000,-1,-1,-1
95,15,229.30,134.00,51.70,162.80,1.0000,-1,-1,-1
95,16,1624.20,209.80,79.30,193.00,1.0000,-1,-1,-1
95,17,556.50,111.30,53.80,176.40,1.0000,-1,-1,-1
95,18,566.50,541.90,73.10,240.50,1.0000,-1,-1,-1
95,21,1113.30,914.60,101.50,166.40,0.9950,-1,-1,-1
95,23,1573.90,589.00,97.30,236.40,1.0000,-1,-1,-1
95,25,445.40,82.40,47.60,166.80,0.9990,-1,-1,-1
95,29,358.00,115.90,52.20,171.30,1.0000,-1,-1,-1
95,31,174.70,238.00,75.40,203.80,1.0000,-1,-1,-1
95,32,754.40,82.10,42.20,152.60,1.0000,-1,-1,-1
95,33,497.20,88.00,47.20,158.30,1.0000,-1,-1,-1
95,36,405.80,99.80,52.10,161.70,0.9990,-1,-1,-1
95,37,352.60,1.00,53.90,120.80,1.0000,-1,-1,-1
96,0,1221.20,28.80,62.40,120.20,1.0000,-1,-1,-1
96,1,1480.90,5.40,61.10,144.50,1.0000,-1,-1,-1
96,2,686.80,205.80,79.90,113.20,1.0000,-1,-1,-1
96,3,1712.30,457.00,90.30,208.80,1.0000,-1,-1,-1
96,4,351.10,294.20,67.90,201.70,1.0000,-1,-1,-1
96,5,1595.70,1.30,53.50,95.10,1.0000,-1,-1,-1
96,7,246.60,249.10,61.60,189.10,1.0000,-1,-1,-1
96,8,288.30,127.80,51.50,167.70,1.0000,-1,-1,-1
96,9,800.00,146.20,67.20,170.20,1.0000,-1,-1,-1
96,15,230.80,134.20,51.10,164.80,1.0000,-1,-1,-1
96,16,1623.30,208.90,80.90,194.30,1.0000,-1,-1,-1
96,17,554.70,112.40,54.20,174.60,1.0000,-1,-1,-1
96,18,560.60,541.60,76.30,242.50,1.0000,-1,-1,-1
96,21,1114.30,916.20,99.20,164.80,0.9910,-1,-1,-1
96,23,1574.10,588.70,96.40,236.10,1.0000,-1,-1,-1
96,25,446.80,83.10,46.50,167.20,0.9980,-1,-1,-1
96,29,358.30,114.40,53.00,173.60,1.0000,-1,-1,-1
96,31,176.90,237.80,75.80,202.50,1.0000,-1,-1,-1
96,32,753.20,82.60,43.40,150.90,1.0000,-1,-1,-1
96,33,496.40,83.00,46.80,160.90,1.0000,-1,-1,-1
96,36,406.80,100.40,52.90,159.70,0.9980,-1,-1,-1
96,37,352.20,1.00,53.40,121.50,1.0000,-1,-1,-1
97,0,1221.50,29.30,61.80,118.90,1.0000,-1,-1,-1
97,1,1481.40,5.90,60.60,143.40,1.0000,-1,-1,-1
97,2,687.00,206.00,79.70,113.20,1.0000,-1,-1,-1
97,3,1711.80,456.10,90.90,208.80,1.0000,-1,-1,-1
97,4,350.30,295.30,67.00,201.40,1.0000,-1,-1,-1
97,5,1594.20,1.00,52.90,94.20,1.0000,-1,-1,-1
97,7,248.40,247.50,61.50,190.20,1.0000,-1,-1,-1
97,8,288.70,127.60,51.50,167.90,1.0000,-1,-1,-1
97,9,800.80,144.60,65.40,171.80,1.0000,-1,-1,-1
97,15,231.60,134.80,50.50,162.30,1.0000,-1,-1,-1
97,16,1621.90,207.40,82.00,197.00,1.0000,-1,-1,-1
97,17,553.00,112.30,56.60,174.30,1.0000,-1,-1,-1
97,18,556.20,546.30,78.70,239.00,1.0000,-1,-1,-1
97,21,1113.30,919.00,98.20,162.00,0.9970,-1,-1,-1
97,23,1574.30,589.20,96.70,235.30,1.0000,-1,-1,-1
97,25,446.40,83.50,48.00,169.30,0.9980,-1,-1,-1
97,29,358.60,114.50,52.50,172.40,1.0000,-1,-1,-1
97,31,177.70,236.00,74.40,206.70,1.0000,-1,-1,-1
97,32,753.60,82.30,43.90,150.50,1.0000,-1,-1,-1
97,33,498.00,83.10,46.00,157.50,1.0000,-1,-1,-1
97,36,409.90,102.80,50.80,158.50,0.9990,-1,-1,-1
97,37,351.90,1.00,54.20,122.60,1.0000,-1,-1,-1
97,30,1204.70,943.70,64.50,137.30,0.0590,-1,-1,-1
98,0,1221.50,29.00,62.10,118.10,1.0000,-1,-1,-1
98,1,1480.90,5.20,60.50,143.20,1.0000,-1,-1,-1
98,2,686.90,206.10,79.70,112.90,1.0000,-1,-1,-1
98,3,1711.50,456.90,91.20,210.30,1.0000,-1,-1,-1
98,4,347.90,294.90,68.50,203.30,1.0000,-1,-1,-1
98,5,1593.00,1.00,52.90,92.40,1.0000,-1,-1,-1
98,7,248.90,247.60,61.10,189.80,1.0000,-1,-1,-1
98,8,288.20,127.20,52.30,168.40,1.0000,-1,-1,-1
98,9,801.10,144.70,65.70,171.70,1.0000,-1,-1,-1
98,15,233.30,134.30,49.00,163.20,1.0000,-1,-1,-1
98,16,1623.30,207.20,79.90,197.10,1.0000,-1,-1,-1
98,17,552.30,111.50,57.30,176.40,1.0000,-1,-1,-1
98,18,550.20,537.50,81.90,253.30,1.0000,-1,-1,-1
98,21,1112.60,920.50,98.70,160.50,0.9970,-1,-1,-1
98,23,1574.30,588.70,96.60,236.90,1.0000,-1,-1,-1
98,25,448.60,83.50,49.40,169.90,0.9990,-1,-1,-1
98,29,358.40,114.80,53.10,171.50,1.0000,-1,-1,-1
98,31,181.20,236.40,70.50,203.30,1.0000,-1,-1,-1
98,32,754.00,80.70,43.70,151.80,1.0000,-1,-1,-1
98,33,498.00,83.60,45.60,154.60,1.0000,-1,-1,-1
98,36,409.10,102.50,52.80,157.20,0.9990,-1,-1,-1
98,37,352.50,1.00,54.20,123.80,1.0000,-1,-1,-1
98,30,1204.80,947.10,69.30,133.90,0.0800,-1,-1,-1
98,-1,423.30,3.30,58.90,126.50,0.4530,-1,-1,-1
99,0,1221.70,29.30,62.50,118.10,1.0000,-1,-1,-1
99,1,1481.30,5.70,60.20,142.70,1.0000,-1,-1,-1
99,2,687.20,206.00,79.20,113.00,1.0000,-1,-1,-1
99,3,1711.50,454.70,92.90,210.00,1.0000,-1,-1,-1
99,4,347.40,295.70,67.80,201.80,1.0000,-1,-1,-1
99,5,1590.70,1.00,53.40,93.70,1.0000,-1,-1,-1
99,7,249.70,248.00,59.30,187.50,1.0000,-1,-1,-1
99,8,288.10,127.20,52.40,169.10,1.0000,-1,-1,-1
99,9,802.40,145.60,63.70,170.50,1.0000,-1,-1,-1
99,15,233.70,133.70,49.20,163.10,1.0000,-1,-1,-1
99,16,1624.00,205.80,78.50,196.20,1.0000,-1,-1,-1
99,17,552.30,110.90,57.70,175.60,1.0000,-1,-1,-1
99,18,545.00,542.20,84.30,243.60,1.0000,-1,-1,-1
99,21,1113.70,921.60,98.40,159.40,0.9960,-1,-1,-1
99,23,1573.90,588.50,97.30,236.00,1.0000,-1,-1,-1
99,25,450.40,83.90,47.30,170.90,0.9990,-1,-1,-1
99,29,357.50,113.70,53.30,172.50,1.0000,-1,-1,-1
99,31,182.20,234.60,72.50,205.30,1.0000,-1,-1,-1
99,32,753.90,79.70,43.20,153.20,1.0000,-1,-1,-1
99,33,497.20,80.70,46.50,155.80,1.0000,-1,-1,-1
99,36,409.80,105.20,51.40,156.70,1.0000,-1,-1,-1
99,37,352.70,1.00,54.10,122.50,1.0000,-1,-1,-1
99,30,1200.80,944.20,70.60,136.80,0.0630,-1,-1,-1
99,-1,421.90,3.10,60.30,121.60,0.9430,-1,-1,-1
100,0,1221.30,28.80,63.20,118.80,1.0000,-1,-1,-1
100,1,1480.80,6.60,60.40,142.60,1.0000,-1,-1,-1
100,2,687.20,205.90,79.30,113.10,1.0000,-1,-1,-1
100,3,1712.10,455.90,92.00,208.60,1.0000,-1,-1,-1
100,4,346.20,295.00,68.60,203.80,1.0000,-1,-1,-1
100,5,1589.20,1.00,54.20,93.20,1.0000,-1,-1,-1
100,7,251.30,248.80,58.60,184.70,1.0000,-1,-1,-1
100,8,288.00,126.30,52.50,169.60,1.0000,-1,-1,-1
100,9,800.40,144.30,66.90,172.20,1.0000,-1,-1,-1
100,15,233.60,133.70,48.80,162.20,1.0000,-1,-1,-1
100,16,1624.00,203.80,78.40,194.80,1.0000,-1,-1,-1
100,17,550.90,111.70,58.90,175.80,1.0000,-1,-1,-1
100,18,540.20,541.50,85.00,243.60,1.0000,-1,-1,-1
100,21,1111.60,921.40,101.10,159.60,0.9940,-1,-1,-1
100,23,1573.50,588.10,99.00,236.40,1.0000,-1,-1,-1
100,25,450.90,84.30,46.80,172.00,0.9990,-1,-1,-1
100,29,357.30,114.00,53.60,172.40,1.0000,-1,-1,-1
100,31,184.90,239.70,71.50,201.60,1.0000,-1,-1,-1
100,32,753.50,78.60,44.50,153.00,1.0000,-1,-1,-1
100,33,498.20,78.60,47.10,158.10,1.0000,-1,-1,-1
100,36,411.30,105.00,50.90,156.20,0.9990,-1,-1,-1
100,37,352.00,1.50,54.90,122.00,1.0000,-1,-1,-1
100,38,421.20,2.80,60.30,122.30,0.9990,-1,-1,-1
101,0,1221.60,29.10,62.80,118.80,1.0000,-1,-1,-1
101,1,1480.80,6.00,60.40,142.80,1.0000,-1,-1,-1
101,2,687.20,206.20,79.20,112.90,1.0000,-1,-1,-1
101,3,1711.90,455.90,92.40,209.70,1.0000,-1,-1,-1
101,4,344.80,294.10,69.20,205.90,1.0000,-1,-1,-1
101,5,1587.10,1.00,55.60,92.60,0.9990,-1,-1,-1
101,7,252.30,248.40,59.40,185.00,1.0000,-1,-1,-1
101,8,287.40,126.10,53.10,168.80,1.0000,-1,-1,-1
101,9,800.20,144.10,66.90,173.20,1.0000,-1,-1,-1
101,15,234.20,134.00,48.70,161.30,0.9990,-1,-1,-1
101,16,1623.90,201.60,77.40,199.10,1.0000,-1,-1,-1
101,17,549.20,110.90,60.50,176.20,1.0000,-1,-1,-1
101,18,533.20,543.60,92.50,239.60,1.0000,-1,-1,-1
101,21,1111.60,921.20,100.60,159.80,0.9940,-1,-1,-1
101,23,1574.30,588.10,97.10,236.20,1.0000,-1,-1,-1
101,25,451.90,85.30,46.90,172.30,0.9990,-1,-1,-1
101,29,356.50,113.90,53.40,171.80,1.0000,-1,-1,-1
101,31,184.50,232.20,72.20,207.20,1.0000,-1,-1,-1
101,32,754.10,79.60,44.60,152.80,1.0000,-1,-1,-1
101,33,500.30,76.30,46.00,155.70,1.0000,-1,-1,-1
101,36,413.30,105.80,50.40,154.60,1.0000,-1,-1,-1
101,37,351.80,1.00,55.40,124.20,1.0000,-1,-1,-1
101,38,421.00,1.90,59.70,124.40,1.0000,-1,-1,-1
101,-1,955.30,936.70,70.60,144.30,0.0960,-1,-1,-1
102,0,1221.00,28.10,63.60,120.50,1.0000,-1,-1,-1
102,1,1480.20,5.90,60.40,143.10,1.0000,-1,-1,-1
102,2,687.00,206.00,79.50,113.20,1.0000,-1,-1,-1
102,3,1711.60,456.30,91.90,208.30,1.0000,-1,-1,-1
102,4,343.50,294.70,69.10,205.10,1.0000,-1,-1,-1
102,5,1585.30,1.00,55.70,92.20,0.9990,-1,-1,-1
102,7,251.70,247.70,60.10,184.70,1.0000,-1,-1,-1
102,8,287.30,126.10,53.20,168.20,1.0000,-1,-1,-1
102,9,800.40,144.60,66.30,171.50,1.0000,-1,-1,-1
102,15,234.50,133.80,48.30,161.20,1.0000,-1,-1,-1
102,16,1624.00,200.40,76.10,198.70,1.0000,-1,-1,-1
102,17,548.30,111.50,61.30,175.90,1.0000,-1,-1,-1
102,18,520.70,539.60,103.70,243.40,1.0000,-1,-1,-1
102,21,1110.00,922.20,103.00,158.80,0.9930,-1,-1,-1
102,23,1574.20,588.40,97.10,235.70,1.0000,-1,-1,-1
102,25,451.30,84.70,47.10,171.20,0.9990,-1,-1,-1
102,29,357.60,114.50,52.40,169.90,1.0000,-1,-1,-1
102,31,186.60,233.10,71.00,205.00,1.0000,-1,-1,-1
102,32,754.40,78.60,44.90,154.60,1.0000,-1,-1,-1
102,33,500.50,79.30,47.60,151.60,1.0000,-1,-1,-1
102,36,413.70,105.10,52.40,155.90,1.0000,-1,-1,-1
102,37,352.50,1.00,55.20,123.50,1.0000,-1,-1,-1
102,38,420.10,1.00,60.20,125.10,1.0000,-1,-1,-1
102,30,1194.30,933.30,80.10,147.70,0.2420,-1,-1,-1
102,-1,953.90,933.40,69.60,147.60,0.2820,-1,-1,-1
103,0,1221.50,29.80,62.70,118.80,1.0000,-1,-1,-1
103,1,1480.00,5.80,61.10,143.50,1.0000,-1,-1,-1
103,2,686.80,206.00,79.40,113.70,1.0000,-1,-1,-1
103,3,1712.40,453.60,92.60,210.90,1.0000,-1,-1,-1
103,4,343.20,296.40,68.50,203.70,1.0000,-1,-1,-1
103,5,1584.70,1.00,57.10,91.20,0.9930,-1,-1,-1
103,7,252.00,248.20,61.20,185.40,1.0000,-1,-1,-1
103,8,286.60,123.80,53.40,169.70,1.0000,-1,-1,-1
103,9,800.80,144.60,65.70,171.90,1.0000,-1,-1,-1
103,15,235.00,133.50,48.00,160.70,0.9990,-1,-1,-1
103,16,1624.70,198.80,75.10,197.10,1.0000,-1,-1,-1
103,17,548.00,111.70,61.30,175.50,1.0000,-1,-1,-1
103,18,513.30,540.50,107.00,241.80,1.0000,-1,-1,-1
103,21,1110.10,922.50,106.90,158.50,0.9800,-1,-1,-1
103,23,1573.90,588.30,98.40,236.40,1.0000,-1,-1,-1
103,25,449.60,84.50,49.90,173.20,0.9990,-1,-1,-1
103,29,358.40,111.80,52.30,172.90,1.0000,-1,-1,-1
103,31,188.10,233.30,70.50,203.50,1.0000,-1,-1,-1
103,32,754.00,79.90,45.10,154.00,1.0000,-1,-1,-1
103,33,501.40,78.30,47.40,151.10,1.0000,-1,-1,-1
103,36,414.50,105.20,53.40,156.00,1.0000,-1,-1,-1
103,37,352.20,1.10,54.70,124.40,1.0000,-1,-1,-1
103,38,419.80,1.00,59.30,126.60,1.0000,-1,-1,-1
103,30,1192.90,935.60,82.60,145.40,0.0750,-1,-1,-1
104,0,1221.80,30.50,62.50,118.00,1.0000,-1,-1,-1
104,1,1480.20,5.90,61.10,143.20,1.0000,-1,-1,-1
104,2,687.00,206.00,79.30,112.70,1.0000,-1,-1,-1
104,3,1713.50,452.30,91.50,212.60,1.0000,-1,-1,-1
104,4,342.30,296.90,68.90,205.30,1.0000,-1,-1,-1
104,5,1582.10,1.00,58.30,88.50,0.8560,-1,-1,-1
104,7,253.50,246.60,61.20,186.70,1.0000,-1,-1,-1
104,8,286.90,124.00,52.50,169.00,1.0000,-1,-1,-1
104,9,800.80,145.00,66.60,172.00,1.0000,-1,-1,-1
104,15,235.20,133.70,48.40,161.60,0.9990,-1,-1,-1
104,16,1625.60,198.20,74.50,195.50,1.0000,-1,-1,-1
104,17,547.20,111.80,62.60,174.90,1.0000,-1,-1,-1
104,18,508.20,538.50,113.00,244.70,1.0000,-1,-1,-1
104,21,1110.90,924.50,106.70,156.50,0.9760,-1,-1,-1
104,23,1574.30,588.60,96.90,236.00,1.0000,-1,-1,-1
104,25,454.00,85.70,49.00,172.80,0.9990,-1,-1,-1
104,29,358.80,112.90,52.00,171.40,1.0000,-1,-1,-1
104,31,190.30,234.10,69.60,201.30,1.0000,-1,-1,-1
104,32,754.40,78.10,44.80,156.30,1.0000,-1,-1,-1
104,33,500.60,76.10,45.10,152.80,1.0000,-1,-1,-1
104,36,414.80,105.70,53.80,155.80,1.0000,-1,-1,-1
104,37,352.90,1.00,54.50,128.00,1.0000,-1,-1,-1
104,38,420.40,1.10,58.80,127.90,1.0000,-1,-1,-1
104,-1,948.90,929.10,70.40,151.90,0.0550,-1,-1,-1
105,0,1221.70,29.70,62.40,118.50,1.0000,-1,-1,-1
105,1,1480.80,6.50,60.60,143.10,1.0000,-1,-1,-1
105,2,687.10,205.80,79.00,113.60,1.0000,-1,-1,-1
105,3,1712.70,453.60,93.40,210.40,1.0000,-1,-1,-1
105,4,341.00,295.60,70.20,209.50,1.0000,-1,-1,-1
105,5,1581.20,1.00,56.10,86.20,0.8730,-1,-1,-1
105,7,254.20,246.70,59.90,185.30,1.0000,-1,-1,-1
105,8,287.00,124.40,52.80,169.20,1.0000,-1,-1,-1
105,9,800.60,145.00,66.80,170.60,1.0000,-1,-1,-1
105,15,235.30,133.30,48.40,161.40,0.9980,-1,-1,-1
105,16,1626.80,197.10,72.90,191.10,1.0000,-1,-1,-1
105,17,548.50,113.20,60.60,173.40,1.0000,-1,-1,-1
105,18,507.40,538.30,109.90,245.20,1.0000,-1,-1,-1
105,21,1112.60,925.90,104.70,155.10,0.8130,-1,-1,-1
105,23,1573.80,588.40,97.80,235.90,1.0000,-1,-1,-1
105,25,456.40,85.30,47.90,174.30,0.9990,-1,-1,-1
105,29,358.70,113.00,52.90,172.70,1.0000,-1,-1,-1
105,31,193.40,231.00,70.00,201.90,1.0000,-1,-1,-1
105,32,753.60,82.10,44.60,151.80,1.0000,-1,-1,-1
105,33,500.70,76.70,46.10,153.10,1.0000,-1,-1,-1
105,36,417.50,105.00,52.20,155.90,1.0000,-1,-1,-1
105,37,351.70,1.00,55.40,127.70,1.0000,-1,-1,-1
105,38,419.70,1.00,59.50,129.90,1.0000,-1,-1,-1
105,-1,945.70,926.30,69.00,154.70,0.0540,-1,-1,-1
106,0,1221.70,30.30,61.50,117.90,1.0000,-1,-1,-1
106,1,1480.60,6.70,60.10,143.20,1.0000,-1,-1,-1
106,2,687.40,205.90,79.00,112.60,1.0000,-1,-1,-1
106,3,1710.80,455.50,94.40,209.30,1.0000,-1,-1,-1
106,4,341.60,298.50,68.50,208.00,1.0000,-1,-1,-1
106,7,255.00,245.80,59.90,186.90,1.0000,-1,-1,-1
106,8,286.80,122.80,52.80,169.90,1.0000,-1,-1,-1
106,9,800.60,145.20,66.60,170.60,1.0000,-1,-1,-1
106,15,235.90,133.40,47.20,162.00,0.9960,-1,-1,-1
106,16,1627.10,197.30,71.40,186.90,1.0000,-1,-1,-1
106,17,546.20,113.30,62.60,173.60,1.0000,-1,-1,-1
106,18,503.60,538.20,111.00,245.30,1.0000,-1,-1,-1
106,23,1574.00,589.10,97.20,236.10,1.0000,-1,-1,-1
106,25,457.80,88.10,47.60,173.50,0.9980,-1,-1,-1
106,29,358.30,112.60,53.10,172.50,1.0000,-1,-1,-1
106,31,195.50,227.80,69.70,205.90,1.0000,-1,-1,-1
106,32,753.50,83.20,44.50,150.90,1.0000,-1,-1,-1
106,33,500.40,77.60,45.30,150.00,1.0000,-1,-1,-1
106,36,418.70,103.30,50.60,157.30,1.0000,-1,-1,-1
106,37,351.40,1.00,55.90,127.80,1.0000,-1,-1,-1
106,38,419.80,1.00,59.20,130.40,1.0000,-1,-1,-1
106,5,1580.20,1.40,55.00,83.60,0.3290,-1,-1,-1
106,21,1113.90,927.70,103.70,153.30,0.4930,-1,-1,-1
107,0,1221.80,30.80,61.70,117.80,1.0000,-1,-1,-1
107,1,1480.90,6.60,60.10,143.20,1.0000,-1,-1,-1
107,2,687.10,205.70,79.50,113.20,1.0000,-1,-1,-1
107,3,1712.50,453.20,94.40,210.40,1.0000,-1,-1,-1
107,4,341.90,300.60,68.10,207.80,1.0000,-1,-1,-1
107,5,1583.90,2.40,50.40,81.70,0.9630,-1,-1,-1
107,7,255.70,245.10,59.30,188.20,1.0000,-1,-1,-1
107,8,287.00,123.30,52.80,170.10,1.0000,-1,-1,-1
107,9,799.90,146.00,66.80,170.60,1.0000,-1,-1,-1
107,15,235.90,133.00,47.10,162.30,0.9940,-1,-1,-1
107,16,1626.30,195.50,72.40,189.10,1.0000,-1,-1,-1
107,17,547.50,113.00,61.80,174.10,1.0000,-1,-1,-1
107,18,501.20,539.10,111.30,242.90,1.0000,-1,-1,-1
107,23,1574.70,588.90,96.70,236.60,1.0000,-1,-1,-1
107,25,458.40,87.20,48.00,175.80,0.9990,-1,-1,-1
107,29,359.00,111.50,51.90,173.70,1.0000,-1,-1,-1
107,31,197.40,226.80,68.50,207.40,1.0000,-1,-1,-1
107,32,752.50,84.10,44.20,150.80,1.0000,-1,-1,-1
107,33,499.40,74.40,47.30,151.70,1.0000,-1,-1,-1
107,36,417.20,104.60,52.30,159.20,1.0000,-1,-1,-1
107,37,352.20,1.00,55.50,126.50,1.0000,-1,-1,-1
107,38,420.90,1.00,57.80,133.60,1.0000,-1,-1,-1
107,21,1113.40,929.60,107.50,151.40,0.3640,-1,-1,-1
107,-1,945.70,926.60,61.50,154.40,0.0960,-1,-1,-1
108,0,1221.00,30.40,61.90,118.30,1.0000,-1,-1,-1
108,1,1481.40,7.20,59.80,142.70,1.0000,-1,-1,-1
108,2,687.00,205.80,79.70,112.70,1.0000,-1,-1,-1
108,3,1711.20,453.90,96.30,210.30,1.0000,-1,-1,-1
108,4,342.00,303.40,67.20,206.60,1.0000,-1,-1,-1
108,7,255.70,245.90,60.90,186.30,1.0000,-1,-1,-1
108,8,287.00,122.80,52.30,170.80,1.0000,-1,-1,-1
108,9,800.70,145.70,66.60,170.10,1.0000,-1,-1,-1
108,15,234.70,135.40,47.70,160.80,0.9920,-1,-1,-1
108,16,1626.20,194.90,70.90,189.00,1.0000,-1,-1,-1
108,17,547.00,113.00,62.50,173.10,1.0000,-1,-1,-1
108,18,499.20,539.00,109.30,243.30,1.0000,-1,-1,-1
108,23,1574.40,588.50,96.70,235.90,1.0000,-1,-1,-1
108,25,458.80,89.90,49.20,174.60,0.9990,-1,-1,-1
108,29,358.80,109.80,51.30,175.20,1.0000,-1,-1,-1
108,31,198.50,228.00,66.60,206.70,1.0000,-1,-1,-1
108,32,751.90,84.30,44.80,149.40,1.0000,-1,-1,-1
108,33,498.60,73.90,45.80,149.60,0.9990,-1,-1,-1
108,36,416.30,106.50,53.00,159.70,1.0000,-1,-1,-1
108,37,351.40,1.00,56.50,126.90,1.0000,-1,-1,-1
108,38,420.70,1.00,57.30,132.90,1.0000,-1,-1,-1
108,5,1580.40,2.00,52.50,82.60,0.5710,-1,-1,-1
108,21,1125.30,937.40,89.90,143.60,0.1890,-1,-1,-1
109,0,1221.10,30.40,63.20,118.10,1.0000,-1,-1,-1
109,1,1481.40,6.10,60.40,143.00,1.0000,-1,-1,-1
109,2,687.30,205.80,78.80,113.60,1.0000,-1,-1,-1
109,3,1709.70,455.90,99.60,210.40,1.0000,-1,-1,-1
109,4,341.20,306.20,68.30,206.50,1.0000,-1,-1,-1
109,7,257.90,245.10,60.50,185.70,1.0000,-1,-1,-1
109,8,288.10,124.50,51.40,169.30,1.0000,-1,-1,-1
109,9,801.10,145.10,65.90,171.20,1.0000,-1,-1,-1
109,15,234.70,136.00,48.20,159.70,0.9940,-1,-1,-1
109,16,1625.30,197.90,70.30,186.70,1.0000,-1,-1,-1
109,17,546.50,114.30,63.00,172.20,1.0000,-1,-1,-1
109,18,499.00,539.20,104.90,242.60,1.0000,-1,-1,-1
109,23,1574.20,589.40,96.80,234.60,1.0000,-1,-1,-1
109,25,460.00,92.50,49.50,170.20,0.9990,-1,-1,-1
109,29,358.90,111.20,51.10,172.80,1.0000,-1,-1,-1
109,31,199.80,228.60,65.60,203.50,1.0000,-1,-1,-1
109,32,752.20,83.70,44.20,151.50,1.0000,-1,-1,-1
109,33,496.70,68.10,45.30,152.60,0.9990,-1,-1,-1
109,36,417.30,109.10,53.30,157.40,1.0000,-1,-1,-1
109,37,351.90,1.00,56.90,127.00,0.9990,-1,-1,-1
109,38,419.80,1.00,58.50,134.90,1.0000,-1,-1,-1
109,5,1580.70,4.00,48.90,79.30,0.0800,-1,-1,-1
109,21,1122.10,935.60,95.20,145.40,0.3800,-1,-1,-1
110,0,1221.10,31.50,61.90,116.70,1.0000,-1,-1,-1
110,1,1481.10,6.00,60.60,142.60,1.0000,-1,-1,-1
110,2,687.40,206.10,78.90,113.50,1.0000,-1,-1,-1
110,3,1708.40,457.00,100.10,208.40,1.0000,-1,-1,-1
110,4,340.60,308.40,68.90,206.80,1.0000,-1,-1,-1
110,7,259.10,243.40,60.90,187.50,1.0000,-1,-1,-1
110,8,287.10,125.00,51.50,168.90,1.0000,-1,-1,-1
110,9,800.50,145.70,65.80,170.40,1.0000,-1,-1,-1
110,15,234.10,138.10,47.30,159.50,0.9890,-1,-1,-1
110,16,1624.30,196.20,68.80,185.70,1.0000,-1,-1,-1
110,17,546.70,113.80,63.10,173.70,1.0000,-1,-1,-1
110,18,497.40,537.90,104.10,243.60,1.0000,-1,-1,-1
110,23,1574.80,588.80,96.30,234.40,1.0000,-1,-1,-1
110,25,459.10,98.00,50.80,167.60,0.9990,-1,-1,-1
110,29,358.70,111.20,52.00,173.10,1.0000,-1,-1,-1
110,31,202.60,228.70,62.60,202.40,1.0000,-1,-1,-1
110,32,752.30,84.50,44.60,151.10,1.0000,-1,-1,-1
110,33,494.30,63.20,47.20,160.50,0.9980,-1,-1,-1
110,36,417.70,112.30,52.90,155.00,1.0000,-1,-1,-1
110,37,352.60,1.00,56.00,127.80,0.9990,-1,-1,-1
110,38,420.40,2.20,56.30,139.00,1.0000,-1,-1,-1
110,21,1121.60,939.40,97.70,141.60,0.0820,-1,-1,-1
110,-1,936.40,925.40,67.80,155.60,0.0580,-1,-1,-1
111,0,1221.80,31.50,62.20,116.70,1.0000,-1,-1,-1
111,1,1481.80,5.20,60.40,144.30,1.0000,-1,-1,-1
111,2,687.50,206.00,78.60,113.90,1.0000,-1,-1,-1
111,3,1709.30,456.50,97.50,208.80,1.0000,-1,-1,-1
111,4,341.00,311.00,67.80,205.70,1.0000,-1,-1,-1
111,7,259.40,242.20,60.70,189.40,1.0000,-1,-1,-1
111,8,287.50,124.90,51.60,170.30,1.0000,-1,-1,-1
111,9,801.20,145.20,65.50,172.40,1.0000,-1,-1,-1
111,15,234.70,136.30,46.70,162.10,0.9910,-1,-1,-1
111,16,1622.50,195.70,68.90,186.80,1.0000,-1,-1,-1
111,17,546.20,113.70,63.70,173.10,1.0000,-1,-1,-1
111,18,496.30,538.20,103.30,242.60,1.0000,-1,-1,-1
111,23,1575.20,588.20,96.10,236.50,1.0000,-1,-1,-1
111,25,461.20,94.10,47.90,169.60,0.9990,-1,-1,-1
111,29,359.30,110.50,51.20,173.00,1.0000,-1,-1,-1
111,31,203.30,229.80,62.20,201.10,1.0000,-1,-1,-1
111,32,752.20,85.20,45.40,151.30,1.0000,-1,-1,-1
111,33,493.30,71.00,46.00,147.40,0.9990,-1,-1,-1
111,36,417.40,112.70,54.80,156.40,1.0000,-1,-1,-1
111,37,353.30,1.00,55.50,129.80,0.9980,-1,-1,-1
111,38,419.60,3.00,56.30,138.50,1.0000,-1,-1,-1
111,-1,1509.10,968.20,74.50,112.80,0.0500,-1,-1,-1
112,0,1220.90,31.00,62.90,118.20,1.0000,-1,-1,-1
112,1,1481.60,4.90,60.00,143.80,1.0000,-1,-1,-1
112,2,687.20,205.90,79.30,114.00,1.0000,-1,-1,-1
112,3,1708.70,454.30,99.00,213.30,1.0000,-1,-1,-1
112,4,340.50,312.20,67.50,205.80,1.0000,-1,-1,-1
112,7,261.50,240.30,59.20,191.00,1.0000,-1,-1,-1
112,8,287.90,126.20,50.60,170.00,1.0000,-1,-1,-1
112,9,800.90,145.60,64.60,170.00,1.0000,-1,-1,-1
112,15,234.70,138.00,45.60,162.70,0.9830,-1,-1,-1
112,16,1622.30,193.20,70.70,188.20,1.0000,-1,-1,-1
112,17,547.10,113.80,62.90,173.70,1.0000,-1,-1,-1
112,18,494.50,537.40,100.70,244.60,1.0000,-1,-1,-1
112,23,1575.30,589.00,95.80,236.20,1.0000,-1,-1,-1
112,25,462.90,91.10,47.80,174.10,0.9990,-1,-1,-1
112,29,359.20,110.90,51.20,173.60,1.0000,-1,-1,-1
112,31,205.10,230.20,61.40,199.70,1.0000,-1,-1,-1
112,32,751.80,82.10,46.20,155.30,1.0000,-1,-1,-1
112,33,494.50,66.80,45.70,147.00,0.9980,-1,-1,-1
112,36,418.10,115.70,55.30,154.90,1.0000,-1,-1,-1
112,37,354.00,1.00,55.50,129.50,0.9970,-1,-1,-1
112,38,417.40,2.80,59.10,141.70,1.0000,-1,-1,-1
112,-1,1504.70,964.20,79.50,116.80,0.0590,-1,-1,-1
113,0,1220.70,31.90,62.30,117.50,1.0000,-1,-1,-1
113,1,1481.30,5.30,60.20,143.40,1.0000,-1,-1,-1
113,2,687.70,205.90,78.50,114.20,1.0000,-1,-1,-1
113,3,1708.10,454.90,100.20,213.80,1.0000,-1,-1,-1
113,4,340.70,314.30,67.00,203.50,1.0000,-1,-1,-1
113,7,262.80,241.80,58.30,188.70,1.0000,-1,-1,-1
113,8,287.50,126.40,50.60,170.50,1.0000,-1,-1,-1
113,9,801.00,145.00,64.50,172.90,1.0000,-1,-1,-1
113,15,236.50,135.20,43.00,165.90,0.9510,-1,-1,-1
113,16,1622.20,195.10,68.90,187.20,1.0000,-1,-1,-1
113,17,546.40,114.40,63.50,172.40,1.0000,-1,-1,-1
113,18,494.20,538.50,96.00,244.60,1.0000,-1,-1,-1
113,23,1574.40,589.10,95.80,235.30,1.0000,-1,-1,-1
113,25,460.50,92.20,50.20,178.10,0.9990,-1,-1,-1
113,29,359.10,110.10,51.80,174.80,1.0000,-1,-1,-1
113,31,206.20,229.30,61.40,200.20,1.0000,-1,-1,-1
113,32,752.50,81.70,44.70,155.20,1.0000,-1,-1,-1
113,33,489.80,57.70,47.10,162.10,0.9940,-1,-1,-1
113,36,419.50,115.80,55.50,156.50,1.0000,-1,-1,-1
113,37,354.60,1.00,56.30,131.70,0.9990,-1,-1,-1
113,38,417.30,2.00,59.90,146.10,1.0000,-1,-1,-1
113,-1,1504.60,960.90,78.10,120.10,0.2460,-1,-1,-1
114,0,1220.80,32.10,62.20,116.80,1.0000,-1,-1,-1
114,1,1481.50,4.90,60.50,144.70,1.0000,-1,-1,-1
114,2,687.20,206.20,79.70,113.60,1.0000,-1,-1,-1
114,3,1708.30,454.80,100.30,214.20,1.0000,-1,-1,-1
114,4,340.20,313.80,67.90,207.50,1.0000,-1,-1,-1
114,7,264.30,241.80,57.60,187.50,1.0000,-1,-1,-1
114,8,287.60,127.50,50.50,169.90,1.0000,-1,-1,-1
114,9,801.50,145.30,63.50,172.10,1.0000,-1,-1,-1
114,15,237.50,134.10,41.50,161.60,0.9000,-1,-1,-1
114,16,1622.20,193.90,67.90,187.70,1.0000,-1,-1,-1
114,17,544.90,113.40,65.50,173.50,1.0000,-1,-1,-1
114,18,491.10,537.70,95.30,245.90,1.0000,-1,-1,-1
114,23,1574.10,588.30,96.90,237.50,1.0000,-1,-1,-1
114,25,461.00,95.50,50.50,176.00,0.9990,-1,-1,-1
114,29,359.10,109.30,51.70,175.60,1.0000,-1,-1,-1
114,31,206.80,227.50,62.60,203.10,1.0000,-1,-1,-1
114,32,751.90,81.90,45.00,155.50,1.0000,-1,-1,-1
114,33,491.20,60.00,44.40,161.60,0.9910,-1,-1,-1
114,36,417.00,119.20,57.80,152.10,1.0000,-1,-1,-1
114,37,353.60,1.00,55.00,130.70,0.9950,-1,-1,-1
114,38,415.80,1.90,60.70,143.40,1.0000,-1,-1,-1
114,-1,1498.20,959.70,83.30,121.30,0.4870,-1,-1,-1
115,0,1221.00,32.60,62.60,116.70,1.0000,-1,-1,-1
115,1,1481.80,4.50,60.20,145.40,1.0000,-1,-1,-1
115,2,687.00,206.30,79.80,114.00,1.0000,-1,-1,-1
115,3,1709.30,455.30,98.40,213.00,1.0000,-1,-1,-1
115,4,339.40,315.20,68.00,207.50,1.0000,-1,-1,-1
115,7,265.00,241.70,56.70,185.50,1.0000,-1,-1,-1
115,8,287.30,127.80,50.70,168.40,1.0000,-1,-1,-1
115,9,801.90,145.60,63.80,172.60,1.0000,-1,-1,-1
115,16,1622.10,192.40,67.30,189.80,1.0000,-1,-1,-1
115,17,546.10,113.20,63.80,173.90,1.0000,-1,-1,-1
115,18,491.70,536.00,87.30,243.30,1.0000,-1,-1,-1
115,23,1574.00,588.60,97.30,235.80,1.0000,-1,-1,-1
115,25,461.70,95.30,50.40,177.30,1.0000,-1,-1,-1
115,29,359.20,109.90,51.60,175.50,1.0000,-1,-1,-1
115,31,207.70,227.10,62.20,201.70,1.0000,-1,-1,-1
115,32,751.80,80.50,45.00,156.90,1.0000,-1,-1,-1
115,33,490.40,64.10,43.00,158.30,0.9740,-1,-1,-1
115,36,420.00,117.50,55.00,155.20,1.0000,-1,-1,-1
115,37,354.20,1.00,52.80,132.60,0.9970,-1,-1,-1
115,38,415.20,1.70,61.00,147.40,1.0000,-1,-1,-1
115,15,237.80,135.10,43.30,162.50,0.5120,-1,-1,-1
115,-1,1493.20,956.60,87.30,124.40,0.1690,-1,-1,-1
116,0,1221.20,32.50,62.40,116.10,1.0000,-1,-1,-1
116,1,1481.70,4.30,60.40,145.30,1.0000,-1,-1,-1
116,2,687.30,206.20,79.10,113.70,1.0000,-1,-1,-1
116,3,1708.70,454.90,99.00,213.60,1.0000,-1,-1,-1
116,4,339.20,315.70,67.90,207.60,1.0000,-1,-1,-1
116,7,265.30,241.40,57.60,185.30,1.0000,-1,-1,-1
116,8,287.50,127.90,50.90,166.70,1.0000,-1,-1,-1
116,9,800.50,145.70,66.00,171.80,1.0000,-1,-1,-1
116,16,1622.20,192.80,66.30,189.70,1.0000,-1,-1,-1
116,17,546.20,112.80,64.30,174.00,1.0000,-1,-1,-1
116,18,488.10,538.70,87.40,243.20,1.0000,-1,-1,-1
116,23,1574.50,589.60,98.00,235.60,1.0000,-1,-1,-1
116,25,463.70,97.90,50.80,175.40,1.0000,-1,-1,-1
116,29,359.20,111.30,52.60,173.80,1.0000,-1,-1,-1
116,31,207.90,226.50,62.90,201.80,1.0000,-1,-1,-1
116,32,751.40,78.70,45.80,158.60,1.0000,-1,-1,-1
116,33,492.70,50.60,45.20,166.60,0.7950,-1,-1,-1
116,36,420.00,118.50,55.10,154.50,1.0000,-1,-1,-1
116,37,353.80,1.00,52.40,131.00,0.9880,-1,-1,-1
116,38,414.90,1.40,60.60,149.90,1.0000,-1,-1,-1
116,15,236.60,143.10,45.10,174.10,0.0920,-1,-1,-1
117,0,1220.50,31.50,62.70,117.50,1.0000,-1,-1,-1
117,1,1481.50,4.10,60.50,145.70,1.0000,-1,-1,-1
117,2,687.00,206.30,79.60,113.80,1.0000,-1,-1,-1
117,3,1710.00,454.80,98.60,213.80,1.0000,-1,-1,-1
117,4,339.20,318.60,67.70,204.70,1.0000,-1,-1,-1
117,7,265.80,241.50,57.00,182.80,1.0000,-1,-1,-1
117,8,287.60,128.50,50.80,166.90,1.0000,-1,-1,-1
117,9,801.90,145.60,63.20,171.70,1.0000,-1,-1,-1
117,16,1621.70,189.60,66.10,193.20,1.0000,-1,-1,-1
117,17,547.20,113.00,63.70,174.80,1.0000,-1,-1,-1
117,18,484.40,537.30,85.00,243.20,1.0000,-1,-1,-1
117,23,1573.60,589.50,98.40,236.00,1.0000,-1,-1,-1
117,25,465.50,98.70,49.00,177.40,1.0000,-1,-1,-1
117,29,359.40,111.50,52.60,173.10,1.0000,-1,-1,-1
117,31,210.00,226.20,61.20,202.40,1.0000,-1,-1,-1
117,32,751.90,79.80,44.30,157.60,1.0000,-1,-1,-1
117,33,489.20,49.30,47.40,173.40,0.8000,-1,-1,-1
117,36,420.70,119.50,54.40,154.80,1.0000,-1,-1,-1
117,37,354.10,1.00,53.10,129.10,0.7590,-1,-1,-1
117,38,414.40,1.80,59.90,150.00,1.0000,-1,-1,-1
117,-1,1488.80,952.20,82.50,128.80,0.1660,-1,-1,-1
118,0,1220.60,31.10,62.40,118.10,1.0000,-1,-1,-1
118,1,1481.30,4.50,60.40,145.10,1.0000,-1,-1,-1
118,2,687.10,206.60,79.60,113.40,1.0000,-1,-1,-1
118,3,1709.20,454.10,99.90,214.50,1.0000,-1,-1,-1
118,4,338.60,318.50,68.90,205.20,1.0000,-1,-1,-1
118,7,267.40,241.70,56.80,181.80,1.0000,-1,-1,-1
118,8,287.80,127.90,50.50,167.40,1.0000,-1,-1,-1
118,9,800.90,145.00,65.40,173.60,1.0000,-1,-1,-1
118,16,1621.00,189.10,65.70,191.10,1.0000,-1,-1,-1
118,17,548.10,113.10,62.30,174.40,1.0000,-1,-1,-1
118,18,481.50,538.70,83.80,241.10,1.0000,-1,-1,-1
118,23,1573.50,590.10,98.80,235.60,1.0000,-1,-1,-1
118,25,466.60,100.50,49.80,176.40,1.0000,-1,-1,-1
118,29,359.30,112.70,51.70,172.10,1.0000,-1,-1,-1
118,31,211.20,226.30,59.80,200.70,1.0000,-1,-1,-1
118,32,751.70,79.90,44.80,157.00,1.0000,-1,-1,-1
118,36,421.10,118.90,54.90,156.30,1.0000,-1,-1,-1
118,38,413.90,1.10,58.90,149.70,1.0000,-1,-1,-1
118,15,238.80,140.60,41.50,170.00,0.1780,-1,-1,-1
118,33,488.80,50.50,46.90,167.30,0.1590,-1,-1,-1
118,37,356.60,1.70,50.60,129.30,0.1630,-1,-1,-1
118,-1,1487.70,949.70,78.80,131.30,0.3980,-1,-1,-1
118,-1,923.40,924.40,70.90,156.60,0.0600,-1,-1,-1
119,0,1221.10,29.70,62.40,120.80,1.0000,-1,-1,-1
119,1,1481.40,4.50,60.20,145.50,1.0000,-1,-1,-1
119,2,687.30,206.50,79.30,113.00,1.0000,-1,-1,-1
119,3,1710.80,455.50,96.40,209.90,1.0000,-1,-1,-1
119,4,338.30,319.50,68.50,203.40,1.0000,-1,-1,-1
119,7,267.50,239.80,57.20,183.90,1.0000,-1,-1,-1
119,8,287.90,126.20,50.80,171.00,1.0000,-1,-1,-1
119,9,801.30,144.90,65.20,172.80,1.0000,-1,-1,-1
119,16,1620.20,187.40,66.20,191.30,1.0000,-1,-1,-1
119,17,546.60,112.20,63.70,175.00,1.0000,-1,-1,-1
119,18,478.30,540.10,83.90,242.40,1.0000,-1,-1,-1
119,23,1574.80,590.40,97.20,236.30,1.0000,-1,-1,-1
119,25,466.20,100.30,49.10,176.20,1.0000,-1,-1,-1
119,29,359.20,111.70,52.40,173.20,1.0000,-1,-1,-1
119,31,211.50,225.30,59.70,201.00,1.0000,-1,-1,-1
119,32,751.60,78.80,45.30,157.90,1.0000,-1,-1,-1
119,36,422.60,117.70,53.90,158.70,1.0000,-1,-1,-1
119,38,413.40,1.00,58.40,146.00,1.0000,-1,-1,-1
119,15,239.20,148.50,41.20,178.70,0.0610,-1,-1,-1
119,37,357.90,3.20,48.60,127.10,0.1680,-1,-1,-1
119,-1,1487.30,948.00,73.20,133.00,0.5410,-1,-1,-1
120,0,1221.30,31.70,62.50,119.90,1.0000,-1,-1,-1
120,1,1481.60,4.20,60.00,145.70,1.0000,-1,-1,-1
120,2,687.30,206.30,79.20,113.50,1.0000,-1,-1,-1
120,3,1709.00,454.70,99.00,214.10,1.0000,-1,-1,-1
120,4,338.20,319.80,69.10,204.90,1.0000,-1,-1,-1
120,7,267.40,239.70,57.80,182.80,1.0000,-1,-1,-1
120,8,287.50,127.80,51.60,167.60,1.0000,-1,-1,-1
120,9,801.70,145.10,65.50,172.30,1.0000,-1,-1,-1
120,16,1619.10,186.60,67.10,189.60,1.0000,-1,-1,-1
120,17,547.30,112.50,63.10,175.00,1.0000,-1,-1,-1
120,18,472.80,538.00,84.20,244.10,1.0000,-1,-1,-1
120,23,1574.60,589.20,97.30,236.60,1.0000,-1,-1,-1
120,25,467.30,102.40,49.20,175.40,1.0000,-1,-1,-1
120,29,359.10,110.90,52.20,173.90,1.0000,-1,-1,-1
120,31,212.60,224.20,59.90,202.60,1.0000,-1,-1,-1
120,32,751.60,85.20,44.20,150.50,1.0000,-1,-1,-1
120,36,423.00,116.10,55.50,161.30,1.0000,-1,-1,-1
120,38,412.80,1.00,58.90,146.60,1.0000,-1,-1,-1
120,-1,1490.80,948.70,64.80,132.30,0.9770,-1,-1,-1
121,0,1221.00,30.40,63.40,122.60,1.0000,-1,-1,-1
121,1,1481.70,5.20,59.50,144.80,1.0000,-1,-1,-1
121,2,687.40,206.60,78.90,113.20,1.0000,-1,-1,-1
121,3,1710.00,454.10,99.10,214.60,1.0000,-1,-1,-1
121,4,338.10,322.50,69.10,202.50,1.0000,-1,-1,-1
121,7,267.60,238.80,59.10,182.90,1.0000,-1,-1,-1
121,8,287.40,125.90,51.70,170.10,1.0000,-1,-1,-1
121,9,802.10,144.60,64.50,172.70,1.0000,-1,-1,-1
121,16,1617.30,185.40,67.70,188.90,1.0000,-1,-1,-1
121,17,546.20,112.40,64.10,173.60,1.0000,-1,-1,-1
121,18,469.10,535.70,85.80,246.70,1.0000,-1,-1,-1
121,23,1575.10,588.70,96.20,236.10,1.0000,-1,-1,-1
121,25,467.50,102.70,49.30,173.80,1.0000,-1,-1,-1
121,29,359.20,111.10,52.30,173.60,1.0000,-1,-1,-1
121,31,213.50,223.50,59.50,200.80,1.0000,-1,-1,-1
121,32,752.00,84.20,44.60,152.00,1.0000,-1,-1,-1
121,36,423.80,116.50,56.10,159.60,1.0000,-1,-1,-1
121,38,412.00,1.00,59.00,146.90,1.0000,-1,-1,-1
121,39,1481.30,945.30,71.20,135.70,0.9150,-1,-1,-1
121,-1,1186.10,12.70,56.10,111.70,0.1200,-1,-1,-1
122,0,1219.00,30.50,64.30,121.40,1.0000,-1,-1,-1
122,1,1481.60,5.20,59.90,144.70,1.0000,-1,-1,-1
122,2,687.10,206.50,79.40,113.00,1.0000,-1,-1,-1
122,3,1708.80,454.90,99.90,213.70,1.0000,-1,-1,-1
122,4,336.80,321.80,68.90,205.90,1.0000,-1,-1,-1
122,7,267.50,238.50,59.10,183.20,1.0000,-1,-1,-1
122,8,287.60,126.70,51.70,168.20,1.0000,-1,-1,-1
122,9,801.20,145.00,65.50,172.40,1.0000,-1,-1,-1
122,16,1616.40,182.90,68.70,188.50,1.0000,-1,-1,-1
122,17,546.70,112.30,64.10,174.50,1.0000,-1,-1,-1
122,18,463.80,532.70,86.10,244.70,1.0000,-1,-1,-1
122,23,1574.60,588.10,97.50,237.40,1.0000,-1,-1,-1
122,25,468.00,105.80,48.80,171.30,1.0000,-1,-1,-1
122,29,359.50,109.90,52.20,175.50,1.0000,-1,-1,-1
122,31,215.20,224.20,57.70,197.10,1.0000,-1,-1,-1
122,32,752.10,80.90,45.00,154.40,1.0000,-1,-1,-1
122,36,424.00,116.30,55.30,160.10,1.0000,-1,-1,-1
122,38,411.80,1.00,59.00,149.20,1.0000,-1,-1,-1
122,39,1475.40,942.30,72.40,138.70,0.7900,-1,-1,-1
122,-1,1185.20,7.90,63.50,118.80,0.9280,-1,-1,-1
123,0,1221.90,31.70,62.50,118.90,1.0000,-1,-1,-1
123,1,1481.40,5.50,60.00,144.50,1.0000,-1,-1,-1
123,2,687.20,206.40,79.20,113.30,1.0000,-1,-1,-1
123,3,1709.90,453.80,99.70,215.50,1.0000,-1,-1,-1
123,4,336.10,323.90,68.50,206.40,1.0000,-1,-1,-1
123,7,268.20,238.90,58.90,180.90,1.0000,-1,-1,-1
123,8,288.40,125.80,50.80,172.00,1.0000,-1,-1,-1
123,9,802.30,145.30,64.80,172.00,1.0000,-1,-1,-1
123,16,1616.40,180.90,68.20,187.30,1.0000,-1,-1,-1
123,17,545.90,112.20,64.90,174.40,1.0000,-1,-1,-1
123,18,460.60,536.00,86.20,244.10,1.0000,-1,-1,-1
123,23,1573.50,589.20,98.10,236.00,1.0000,-1,-1,-1
123,25,467.90,104.10,47.40,172.70,1.0000,-1,-1,-1
123,29,360.00,110.90,50.60,173.80,1.0000,-1,-1,-1
123,31,216.00,223.60,57.20,197.10,1.0000,-1,-1,-1
123,32,751.30,80.00,45.40,156.00,1.0000,-1,-1,-1
123,36,424.30,116.30,55.60,159.40,1.0000,-1,-1,-1
123,38,411.30,1.00,59.30,150.30,1.0000,-1,-1,-1
123,39,1469.00,937.80,78.40,143.20,0.7480,-1,-1,-1
123,40,1183.10,9.50,63.40,112.20,0.9410,-1,-1,-1
123,37,358.40,4.40,46.80,140.60,0.0800,-1,-1,-1
123,-1,1386.60,952.20,84.20,128.80,0.1420,-1,-1,-1
124,0,1220.50,32.00,63.40,119.60,1.0000,-1,-1,-1
124,1,1481.10,4.60,60.30,145.30,1.0000,-1,-1,-1
124,2,687.40,206.60,78.90,113.00,1.0000,-1,-1,-1
124,3,1711.40,454.50,96.90,214.40,1.0000,-1,-1,-1
124,4,334.40,324.90,69.40,207.80,1.0000,-1,-1,-1
124,7,268.10,236.80,60.00,182.80,1.0000,-1,-1,-1
124,8,288.50,125.00,50.50,172.30,1.0000,-1,-1,-1
124,9,802.10,146.10,64.50,171.30,1.0000,-1,-1,-1
124,16,1615.70,178.30,68.70,187.10,1.0000,-1,-1,-1
124,17,546.10,113.60,64.30,172.80,1.0000,-1,-1,-1
124,18,456.20,536.60,89.00,242.90,1.0000,-1,-1,-1
124,23,1574.50,588.10,98.50,239.00,1.0000,-1,-1,-1
124,25,468.90,103.50,47.40,172.20,1.0000,-1,-1,-1
124,29,359.70,111.20,51.20,173.70,1.0000,-1,-1,-1
124,31,217.10,222.00,56.40,198.90,1.0000,-1,-1,-1
124,32,751.30,78.30,46.20,156.60,1.0000,-1,-1,-1
124,36,424.70,116.30,55.20,160.20,1.0000,-1,-1,-1
124,38,411.00,1.00,58.80,151.10,1.0000,-1,-1,-1
124,39,1465.20,931.30,78.30,149.70,0.8590,-1,-1,-1
124,40,1177.50,4.40,73.10,118.90,0.9960,-1,-1,-1
124,-1,1381.40,948.50,85.90,132.50,0.5520,-1,-1,-1
125,0,1221.10,30.80,62.30,120.30,1.0000,-1,-1,-1
125,1,1480.30,3.30,61.00,146.20,1.0000,-1,-1,-1
125,2,687.30,206.60,79.10,112.50,1.0000,-1,-1,-1
125,3,1710.50,456.40,97.10,209.70,1.0000,-1,-1,-1
125,4,334.10,326.60,69.60,207.50,1.0000,-1,-1,-1
125,7,268.40,236.50,59.80,184.40,1.0000,-1,-1,-1
125,8,287.40,125.10,52.00,173.40,1.0000,-1,-1,-1
125,9,801.30,145.50,65.50,172.10,1.0000,-1,-1,-1
125,16,1616.20,176.00,68.50,187.10,1.0000,-1,-1,-1
125,17,547.20,112.60,62.80,174.10,1.0000,-1,-1,-1
125,18,454.10,537.50,89.00,242.80,1.0000,-1,-1,-1
125,23,1575.80,588.30,96.40,237.50,1.0000,-1,-1,-1
125,25,469.80,102.80,47.70,174.40,1.0000,-1,-1,-1
125,29,359.40,110.20,51.50,175.10,1.0000,-1,-1,-1
125,31,216.80,221.30,56.40,201.00,1.0000,-1,-1,-1
125,32,751.60,77.60,45.70,157.60,1.0000,-1,-1,-1
125,36,424.10,117.20,55.30,159.90,1.0000,-1,-1,-1
125,38,411.00,1.00,58.80,151.50,1.0000,-1,-1,-1
125,39,1459.70,926.00,81.90,155.00,0.8600,-1,-1,-1
125,40,1176.30,1.00,70.00,122.10,0.9990,-1,-1,-1
126,0,1221.40,30.60,62.70,121.30,1.0000,-1,-1,-1
126,1,1480.50,3.50,60.20,146.10,1.0000,-1,-1,-1
126,2,686.90,206.60,79.70,113.40,1.0000,-1,-1,-1
126,3,1710.10,455.50,98.20,212.90,1.0000,-1,-1,-1
126,4,333.90,327.90,69.40,206.20,1.0000,-1,-1,-1
126,7,268.40,235.50,60.50,183.90,1.0000,-1,-1,-1
126,8,288.30,126.60,51.40,170.20,0.9990,-1,-1,-1
126,9,800.10,145.40,66.30,173.20,1.0000,-1,-1,-1
126,16,1615.70,175.30,69.50,186.10,1.0000,-1,-1,-1
126,17,547.30,112.50,62.80,174.70,1.0000,-1,-1,-1
126,18,451.60,536.70,89.00,243.60,1.0000,-1,-1,-1
126,23,1576.60,587.60,95.10,238.70,1.0000,-1,-1,-1
126,25,469.90,101.50,47.10,177.30,1.0000,-1,-1,-1
126,29,359.70,111.50,50.20,173.10,1.0000,-1,-1,-1
126,31,216.50,220.30,57.80,202.10,1.0000,-1,-1,-1
126,32,751.60,82.50,45.10,151.60,1.0000,-1,-1,-1
126,36,423.70,118.20,57.50,160.60,1.0000,-1,-1,-1
126,38,410.60,1.00,58.60,153.10,1.0000,-1,-1,-1
126,39,1454.10,922.60,86.20,158.40,0.9670,-1,-1,-1
126,40,1174.10,1.00,67.10,120.00,0.9990,-1,-1,-1
126,37,360.10,6.40,41.70,135.50,0.0750,-1,-1,-1
126,-1,1373.30,938.10,89.10,142.90,0.0840,-1,-1,-1
127,0,1221.10,29.70,63.30,122.10,1.0000,-1,-1,-1
127,1,1480.00,2.80,61.00,146.20,1.0000,-1,-1,-1
127,2,687.40,206.70,78.90,113.10,1.0000,-1,-1,-1
127,3,1711.80,456.30,95.20,209.90,1.0000,-1,-1,-1
127,4,333.30,329.40,68.70,205.50,1.0000,-1,-1,-1
127,7,269.20,236.40,61.00,182.50,1.0000,-1,-1,-1
127,8,287.50,125.90,51.90,170.80,0.9990,-1,-1,-1
127,9,801.20,144.10,65.90,174.20,1.0000,-1,-1,-1
127,16,1614.60,172.90,71.70,187.00,1.0000,-1,-1,-1
127,17,546.70,111.60,63.90,175.50,1.0000,-1,-1,-1
127,18,450.50,535.70,87.30,244.20,1.0000,-1,-1,-1
127,23,1576.60,588.50,95.10,237.30,1.0000,-1,-1,-1
127,25,471.40,104.80,47.10,173.90,1.0000,-1,-1,-1
127,29,359.70,112.20,50.70,172.50,1.0000,-1,-1,-1
127,31,217.40,220.40,56.10,202.90,1.0000,-1,-1,-1
127,32,751.60,83.00,46.00,151.40,1.0000,-1,-1,-1
127,36,424.20,118.50,56.20,160.10,1.0000,-1,-1,-1
127,37,354.60,2.20,48.10,137.20,0.8730,-1,-1,-1
127,38,409.40,1.00,59.50,155.30,1.0000,-1,-1,-1
127,39,1449.60,921.40,88.40,159.60,0.9960,-1,-1,-1
127,40,1171.50,1.00,69.80,123.20,1.0000,-1,-1,-1
127,-1,1367.00,937.80,90.80,143.20,0.1020,-1,-1,-1
128,0,1221.40,29.00,63.00,122.20,1.0000,-1,-1,-1
128,1,1480.40,3.40,60.80,146.10,1.0000,-1,-1,-1
128,2,687.30,206.40,78.90,113.60,1.0000,-1,-1,-1
128,3,1711.30,456.00,95.60,210.50,1.0000,-1,-1,-1
128,4,332.70,330.30,68.20,205.90,1.0000,-1,-1,-1
128,7,269.20,235.50,61.50,181.80,1.0000,-1,-1,-1
128,8,288.50,125.70,51.20,168.20,0.9990,-1,-1,-1
128,9,801.00,144.50,65.60,173.00,1.0000,-1,-1,-1
128,16,1613.90,171.20,72.60,187.50,1.0000,-1,-1,-1
128,17,547.80,111.30,62.80,174.70,1.0000,-1,-1,-1
128,18,449.40,535.30,86.50,244.80,1.0000,-1,-1,-1
128,23,1577.40,589.40,94.50,235.60,1.0000,-1,-1,-1
128,25,472.40,105.20,47.10,174.90,1.0000,-1,-1,-1
128,29,359.60,111.30,50.80,172.10,1.0000,-1,-1,-1
128,31,218.10,218.90,56.30,204.40,1.0000,-1,-1,-1
128,32,751.40,80.40,46.60,155.70,1.0000,-1,-1,-1
128,36,423.50,120.00,57.30,159.40,1.0000,-1,-1,-1
128,37,353.90,1.00,52.30,145.10,0.9270,-1,-1,-1
128,38,409.10,1.00,60.20,156.50,1.0000,-1,-1,-1
128,39,1449.50,914.50,83.40,166.50,0.9710,-1,-1,-1
128,40,1169.50,1.40,67.50,121.30,1.0000,-1,-1,-1
128,-1,1365.50,936.10,87.70,144.90,0.2810,-1,-1,-1
129,0,1222.20,27.70,62.30,124.10,1.0000,-1,-1,-1
129,1,1481.00,3.30,60.40,145.90,1.0000,-1,-1,-1
129,2,687.20,206.50,79.30,112.70,1.0000,-1,-1,-1
129,3,1710.30,456.20,98.00,208.90,1.0000,-1,-1,-1
129,4,330.90,331.80,69.00,206.90,1.0000,-1,-1,-1
129,7,271.10,236.90,60.00,178.90,1.0000,-1,-1,-1
129,8,288.40,125.50,51.90,169.30,0.9990,-1,-1,-1
129,9,801.60,144.40,65.20,173.60,1.0000,-1,-1,-1
129,16,1614.00,171.60,72.70,187.10,1.0000,-1,-1,-1
129,17,547.60,111.70,62.50,174.10,1.0000,-1,-1,-1
129,18,448.80,533.50,84.60,246.30,1.0000,-1,-1,-1
129,23,1576.20,589.20,96.00,236.60,1.0000,-1,-1,-1
129,25,471.20,105.20,47.50,175.90,1.0000,-1,-1,-1
129,29,359.00,113.80,51.30,170.20,1.0000,-1,-1,-1
129,31,218.70,219.20,56.50,203.50,1.0000,-1,-1,-1
129,32,751.60,79.60,46.40,156.30,1.0000,-1,-1,-1
129,36,425.70,118.70,54.90,161.20,1.0000,-1,-1,-1
129,37,353.10,1.00,53.30,144.30,0.9920,-1,-1,-1
129,38,410.00,1.00,58.20,156.90,1.0000,-1,-1,-1
129,39,1442.60,910.90,88.10,170.10,0.9950,-1,-1,-1
129,40,1161.80,1.00,69.40,122.60,1.0000,-1,-1,-1
129,-1,893.70,930.20,70.60,150.80,0.0540,-1,-1,-1
130,0,1222.30,28.50,62.40,122.70,1.0000,-1,-1,-1
130,1,1481.00,4.50,60.00,144.70,1.0000,-1,-1,-1
130,2,687.10,206.60,79.40,113.20,1.0000,-1,-1,-1
130,3,1713.40,459.90,93.50,202.90,1.0000,-1,-1,-1
130,4,330.40,332.50,68.70,207.10,1.0000,-1,-1,-1
130,7,271.70,236.80,60.60,178.20,1.0000,-1,-1,-1
130,8,287.40,124.60,52.00,171.10,0.9990,-1,-1,-1
130,9,801.70,145.60,64.50,170.70,1.0000,-1,-1,-1
130,16,1613.10,171.40,75.40,187.30,1.0000,-1,-1,-1
130,17,548.90,110.70,61.60,174.50,1.0000,-1,-1,-1
130,18,448.80,536.50,81.20,241.80,1.0000,-1,-1,-1
130,23,1575.60,588.00,96.70,236.30,1.0000,-1,-1,-1
130,25,472.20,106.70,47.50,175.80,1.0000,-1,-1,-1
130,29,359.30,114.30,50.90,170.30,1.0000,-1,-1,-1
130,31,220.90,218.90,55.20,201.90,1.0000,-1,-1,-1
130,32,751.80,80.20,46.00,155.60,1.0000,-1,-1,-1
130,36,424.60,119.50,57.80,162.00,1.0000,-1,-1,-1
130,37,352.40,1.00,53.50,143.00,0.9980,-1,-1,-1
130,38,409.20,1.00,58.30,155.20,1.0000,-1,-1,-1
130,39,1439.30,909.40,93.40,171.60,0.9990,-1,-1,-1
130,40,1158.00,1.00,69.30,119.20,1.0000,-1,-1,-1
130,-1,1360.80,934.50,85.70,146.50,0.9310,-1,-1,-1
131,0,1220.50,28.20,64.10,122.20,1.0000,-1,-1,-1
131,1,1480.80,4.30,60.20,143.30,1.0000,-1,-1,-1
131,2,687.70,206.00,78.60,113.90,1.0000,-1,-1,-1
131,3,1711.70,455.10,96.40,210.40,1.0000,-1,-1,-1
131,4,328.80,332.50,69.50,208.40,1.0000,-1,-1,-1
131,7,272.00,236.10,59.40,178.10,1.0000,-1,-1,-1
131,8,286.90,123.50,52.50,173.50,0.9990,-1,-1,-1
131,9,800.80,144.90,65.40,172.70,1.0000,-1,-1,-1
131,16,1612.90,170.60,75.10,186.60,1.0000,-1,-1,-1
131,17,551.00,111.10,60.10,174.50,1.0000,-1,-1,-1
131,18,446.40,532.50,84.70,247.30,1.0000,-1,-1,-1
131,23,1576.20,588.80,96.10,234.80,1.0000,-1,-1,-1
131,25,472.00,108.10,48.10,176.20,1.0000,-1,-1,-1
131,29,359.50,114.50,50.50,170.10,1.0000,-1,-1,-1
131,31,220.00,217.40,56.90,203.90,1.0000,-1,-1,-1
131,32,751.50,80.90,46.30,154.50,1.0000,-1,-1,-1
131,36,425.50,119.90,56.80,161.30,1.0000,-1,-1,-1
131,37,352.30,1.00,54.00,143.90,0.9990,-1,-1,-1
131,38,408.80,1.00,57.50,153.50,1.0000,-1,-1,-1
131,39,1433.40,908.70,97.40,172.30,0.9990,-1,-1,-1
131,40,1155.40,1.00,68.90,117.20,1.0000,-1,-1,-1
131,41,1357.10,932.30,88.10,148.70,0.9600,-1,-1,-1
132,0,1220.10,28.80,63.90,120.90,1.0000,-1,-1,-1
132,1,1481.00,4.70,60.30,143.40,1.0000,-1,-1,-1
132,2,687.20,206.10,79.40,113.80,1.0000,-1,-1,-1
132,3,1711.90,455.50,96.30,209.80,1.0000,-1,-1,-1
132,4,327.80,333.00,70.30,208.10,1.0000,-1,-1,-1
132,7,271.70,235.70,58.60,176.90,1.0000,-1,-1,-1
132,8,286.90,124.80,53.70,172.20,1.0000,-1,-1,-1
132,9,801.90,144.90,64.90,171.60,1.0000,-1,-1,-1
132,16,1613.10,170.70,76.40,186.70,1.0000,-1,-1,-1
132,17,551.10,111.10,59.70,175.70,1.0000,-1,-1,-1
132,18,445.80,530.00,80.10,249.20,1.0000,-1,-1,-1
132,23,1574.80,587.80,96.90,235.90,1.0000,-1,-1,-1
132,25,472.80,109.40,47.80,174.90,1.0000,-1,-1,-1
132,29,359.50,114.20,50.10,169.60,1.0000,-1,-1,-1
132,31,221.20,218.40,56.90,201.40,1.0000,-1,-1,-1
132,32,751.50,80.00,46.40,155.20,1.0000,-1,-1,-1
132,36,424.70,120.40,59.10,162.40,1.0000,-1,-1,-1
132,37,352.30,1.00,53.10,142.90,0.9990,-1,-1,-1
132,38,409.20,1.00,57.00,152.10,1.0000,-1,-1,-1
132,39,1430.20,908.50,97.30,172.50,0.9990,-1,-1,-1
132,40,1152.50,2.10,68.90,116.20,1.0000,-1,-1,-1
132,41,1353.70,930.60,89.40,150.40,0.9640,-1,-1,-1
133,0,1220.70,28.60,62.90,121.10,1.0000,-1,-1,-1
133,1,1481.20,4.70,60.60,144.30,1.0000,-1,-1,-1
133,2,687.40,206.20,79.30,113.80,1.0000,-1,-1,-1
133,3,1710.90,455.70,97.20,209.40,1.0000,-1,-1,-1
133,4,326.40,332.10,70.70,209.30,1.0000,-1,-1,-1
133,7,273.70,232.20,58.10,181.40,1.0000,-1,-1,-1
133,8,287.30,123.40,53.10,174.40,0.9990,-1,-1,-1
133,9,801.70,145.10,64.60,172.80,1.0000,-1,-1,-1
133,16,1612.60,170.80,78.10,185.30,1.0000,-1,-1,-1
133,17,550.30,111.40,61.00,176.00,1.0000,-1,-1,-1
133,18,444.10,529.00,79.30,250.20,1.0000,-1,-1,-1
133,23,1575.50,588.70,96.60,236.00,1.0000,-1,-1,-1
133,25,474.90,108.90,47.10,177.10,1.0000,-1,-1,-1
133,29,359.20,114.60,50.10,168.80,1.0000,-1,-1,-1
133,31,222.60,215.60,58.10,202.90,1.0000,-1,-1,-1
133,32,751.30,80.50,46.50,154.80,1.0000,-1,-1,-1
133,36,425.60,122.40,59.10,161.00,1.0000,-1,-1,-1
133,37,352.70,1.00,53.60,143.90,1.0000,-1,-1,-1
133,38,409.00,1.50,57.20,153.90,1.0000,-1,-1,-1
133,39,1428.00,907.40,93.70,173.60,1.0000,-1,-1,-1
133,40,1148.40,2.90,71.40,114.70,1.0000,-1,-1,-1
133,41,1354.60,927.40,83.60,153.60,0.9770,-1,-1,-1
134,0,1220.50,28.60,62.80,121.10,1.0000,-1,-1,-1
134,1,1481.60,5.20,60.60,143.40,1.0000,-1,-1,-1
134,2,687.00,206.20,79.80,113.10,1.0000,-1,-1,-1
134,3,1710.80,456.40,96.10,208.50,1.0000,-1,-1,-1
134,4,325.60,332.50,69.80,209.50,1.0000,-1,-1,-1
134,7,275.10,231.50,58.00,181.90,1.0000,-1,-1,-1
134,8,287.60,123.20,53.00,173.70,0.9990,-1,-1,-1
134,9,802.50,144.40,63.50,172.20,1.0000,-1,-1,-1
134,16,1612.90,170.80,78.40,184.20,1.0000,-1,-1,-1
134,17,550.90,111.20,60.50,177.50,1.0000,-1,-1,-1
134,18,440.90,529.60,78.90,245.60,1.0000,-1,-1,-1
134,23,1575.60,588.20,96.60,234.30,1.0000,-1,-1,-1
134,25,475.00,110.20,48.00,175.90,1.0000,-1,-1,-1
134,29,359.30,114.70,50.80,168.90,1.0000,-1,-1,-1
134,31,223.10,214.10,56.70,202.80,1.0000,-1,-1,-1
134,32,751.20,80.90,46.30,154.30,1.0000,-1,-1,-1
134,36,426.20,124.80,59.90,159.10,1.0000,-1,-1,-1
134,37,354.50,1.30,52.20,142.90,0.9990,-1,-1,-1
134,38,408.40,1.00,57.70,155.20,1.0000,-1,-1,-1
134,39,1424.50,906.10,97.40,174.90,1.0000,-1,-1,-1
134,40,1145.80,2.80,71.80,112.20,1.0000,-1,-1,-1
134,41,1352.70,926.10,81.20,154.90,0.9890,-1,-1,-1
134,-1,1503.10,169.00,46.10,169.50,0.1760,-1,-1,-1
135,0,1221.20,29.50,61.80,119.70,1.0000,-1,-1,-1
135,1,1481.50,4.10,60.80,144.70,1.0000,-1,-1,-1
135,2,686.80,205.90,80.00,113.80,1.0000,-1,-1,-1
135,3,1711.30,456.20,95.70,208.20,1.0000,-1,-1,-1
135,4,324.20,331.90,69.30,211.30,1.0000,-1,-1,-1
135,7,275.90,230.10,57.60,182.30,1.0000,-1,-1,-1
135,8,286.80,122.60,54.00,172.20,0.9990,-1,-1,-1
135,9,801.30,144.00,64.20,172.50,1.0000,-1,-1,-1
135,16,1614.70,169.90,77.70,184.10,1.0000,-1,-1,-1
135,17,551.60,110.00,59.80,178.30,1.0000,-1,-1,-1
135,18,440.60,529.20,76.00,247.20,1.0000,-1,-1,-1
135,23,1575.70,588.70,96.40,233.90,1.0000,-1,-1,-1
135,25,476.50,111.60,47.40,177.00,1.0000,-1,-1,-1
135,29,359.50,114.00,50.70,169.20,1.0000,-1,-1,-1
135,31,224.60,208.60,55.70,206.80,1.0000,-1,-1,-1
135,32,751.20,78.70,46.60,155.90,1.0000,-1,-1,-1
135,36,424.90,124.10,59.90,160.00,1.0000,-1,-1,-1
135,37,354.60,1.30,51.60,143.40,0.9990,-1,-1,-1
135,38,408.10,1.00,57.50,153.50,1.0000,-1,-1,-1
135,39,1420.50,904.90,102.60,176.10,1.0000,-1,-1,-1
135,40,1140.90,1.80,72.80,113.50,1.0000,-1,-1,-1
135,41,1349.60,923.60,81.70,157.40,0.9890,-1,-1,-1
135,-1,1502.10,170.50,47.00,168.50,0.0530,-1,-1,-1
136,0,1220.70,29.50,61.80,119.60,1.0000,-1,-1,-1
136,1,1481.10,4.30,60.90,144.00,1.0000,-1,-1,-1
136,2,686.80,205.90,80.00,114.00,1.0000,-1,-1,-1
136,3,1711.20,456.20,96.00,208.20,1.0000,-1,-1,-1
136,4,323.10,333.40,70.10,208.40,1.0000,-1,-1,-1
136,7,276.70,229.90,55.90,180.30,1.0000,-1,-1,-1
136,8,288.40,123.10,52.40,170.80,0.9990,-1,-1,-1
136,9,801.50,144.60,64.40,172.70,1.0000,-1,-1,-1
136,16,1614.90,169.10,77.70,184.40,1.0000,-1,-1,-1
136,17,554.30,111.10,57.00,176.60,1.0000,-1,-1,-1
136,18,438.30,528.20,74.70,245.60,1.0000,-1,-1,-1
136,23,1574.80,587.60,99.00,237.50,1.0000,-1,-1,-1
136,25,475.90,110.70,48.00,179.70,1.0000,-1,-1,-1
136,29,360.00,113.70,49.80,169.30,1.0000,-1,-1,-1
136,31,223.60,212.00,58.90,202.80,1.0000,-1,-1,-1
136,32,750.90,77.50,47.10,158.40,1.0000,-1,-1,-1
136,36,424.30,124.80,61.20,159.20,1.0000,-1,-1,-1
136,37,353.10,2.30,53.50,146.40,0.9990,-1,-1,-1
136,38,408.00,1.00,57.60,155.30,1.0000,-1,-1,-1
136,39,1420.30,902.60,101.70,178.40,1.0000,-1,-1,-1
136,40,1137.90,2.20,73.10,114.00,1.0000,-1,-1,-1
136,41,1343.90,919.30,83.70,161.70,0.9930,-1,-1,-1
136,-1,1502.60,163.60,47.40,175.30,0.7410,-1,-1,-1
137,0,1220.80,29.40,61.80,119.70,1.0000,-1,-1,-1
137,1,1480.60,3.70,61.10,143.90,1.0000,-1,-1,-1
137,2,686.90,205.60,79.90,114.00,1.0000,-1,-1,-1
137,3,1711.50,457.00,94.40,207.00,1.0000,-1,-1,-1
137,4,321.90,332.80,70.50,211.90,1.0000,-1,-1,-1
137,7,277.60,228.60,55.10,181.30,1.0000,-1,-1,-1
137,8,287.60,123.80,53.40,171.50,1.0000,-1,-1,-1
137,9,801.50,144.40,63.30,172.20,1.0000,-1,-1,-1
137,16,1616.50,167.80,76.90,183.80,1.0000,-1,-1,-1
137,17,554.10,110.00,58.10,177.90,1.0000,-1,-1,-1
137,18,434.10,527.80,76.90,244.80,1.0000,-1,-1,-1
137,23,1575.40,587.70,97.50,235.00,1.0000,-1,-1,-1
137,25,476.90,111.40,47.90,179.70,1.0000,-1,-1,-1
137,29,360.00,114.10,49.00,168.20,1.0000,-1,-1,-1
137,31,224.40,212.40,58.70,200.10,1.0000,-1,-1,-1
137,32,750.70,77.90,47.20,158.30,1.0000,-1,-1,-1
137,36,421.70,122.60,64.20,160.80,1.0000,-1,-1,-1
137,37,352.20,1.80,54.10,147.80,0.9990,-1,-1,-1
137,38,407.50,1.00,57.50,154.70,1.0000,-1,-1,-1
137,39,1420.10,897.80,101.10,183.20,1.0000,-1,-1,-1
137,40,1136.10,1.50,68.90,112.10,1.0000,-1,-1,-1
137,41,1342.00,914.80,86.40,166.20,0.9960,-1,-1,-1
137,42,1501.40,163.30,50.00,171.00,0.9680,-1,-1,-1
138,0,1220.50,29.60,61.90,120.00,1.0000,-1,-1,-1
138,1,1480.80,3.20,61.10,144.30,1.0000,-1,-1,-1
138,2,686.70,205.70,80.20,113.40,1.0000,-1,-1,-1
138,3,1711.10,456.30,98.20,208.60,1.0000,-1,-1,-1
138,4,320.40,334.20,70.70,211.30,1.0000,-1,-1,-1
138,7,277.20,226.80,56.30,183.30,1.0000,-1,-1,-1
138,8,287.30,123.70,53.00,171.00,0.9990,-1,-1,-1
138,9,801.80,143.70,64.00,173.00,1.0000,-1,-1,-1
138,16,1616.60,167.20,77.60,184.70,1.0000,-1,-1,-1
138,17,557.80,111.20,53.30,177.00,1.0000,-1,-1,-1
138,18,431.10,528.10,76.50,244.60,1.0000,-1,-1,-1
138,23,1576.20,587.70,97.00,236.20,1.0000,-1,-1,-1
138,25,478.50,112.20,46.50,178.40,1.0000,-1,-1,-1
138,29,360.60,114.30,48.90,167.10,1.0000,-1,-1,-1
138,31,224.80,210.90,58.40,197.10,1.0000,-1,-1,-1
138,32,750.60,79.90,47.20,155.50,1.0000,-1,-1,-1
138,36,421.30,121.80,65.40,161.10,1.0000,-1,-1,-1
138,37,353.00,2.40,53.70,148.40,0.9990,-1,-1,-1
138,38,407.70,1.00,57.20,156.10,1.0000,-1,-1,-1
138,39,1418.00,896.30,102.10,184.70,1.0000,-1,-1,-1
138,40,1134.70,1.90,65.90,111.20,1.0000,-1,-1,-1
138,41,1341.70,909.30,83.20,171.70,0.9960,-1,-1,-1
138,42,1499.70,159.00,49.30,177.90,0.9980,-1,-1,-1
138,-1,869.70,929.20,72.30,151.80,0.0560,-1,-1,-1
139,0,1220.80,29.60,61.80,119.10,1.0000,-1,-1,-1
139,1,1480.70,3.60,61.50,144.60,1.0000,-1,-1,-1
139,2,686.50,205.80,80.60,113.70,1.0000,-1,-1,-1
139,3,1711.70,456.90,96.20,207.80,1.0000,-1,-1,-1
139,4,318.50,336.80,72.50,207.80,1.0000,-1,-1,-1
139,7,277.40,225.40,56.20,183.00,1.0000,-1,-1,-1
139,8,288.60,123.40,51.50,171.60,0.9990,-1,-1,-1
139,9,802.10,143.80,63.40,173.30,1.0000,-1,-1,-1
139,16,1617.70,165.90,77.70,185.60,1.0000,-1,-1,-1
139,17,557.40,111.70,53.00,176.80,1.0000,-1,-1,-1
139,18,426.90,525.60,77.10,249.50,1.0000,-1,-1,-1
139,23,1575.40,587.40,96.90,234.60,1.0000,-1,-1,-1
139,25,479.80,114.20,44.20,174.80,1.0000,-1,-1,-1
139,29,360.90,112.70,49.00,168.00,1.0000,-1,-1,-1
139,31,225.40,210.60,59.90,197.80,1.0000,-1,-1,-1
139,32,750.80,79.00,47.10,156.70,1.0000,-1,-1,-1
139,36,419.70,122.10,69.60,161.90,1.0000,-1,-1,-1
139,37,353.60,3.60,53.80,148.70,0.9990,-1,-1,-1
139,38,408.50,1.00,56.10,154.20,1.0000,-1,-1,-1
139,39,1414.30,891.30,101.70,189.70,1.0000,-1,-1,-1
139,40,1131.20,1.00,66.90,112.50,1.0000,-1,-1,-1
139,41,1337.00,909.10,83.20,171.90,0.9980,-1,-1,-1
139,42,1498.10,164.70,53.20,168.90,1.0000,-1,-1,-1
139,-1,867.00,926.60,73.50,154.40,0.1160,-1,-1,-1
140,0,1220.80,29.60,61.80,119.10,1.0000,-1,-1,-1
140,1,1480.80,5.10,61.10,142.40,1.0000,-1,-1,-1
140,2,687.10,206.00,79.50,113.10,1.0000,-1,-1,-1
140,3,1711.00,457.60,97.50,206.70,1.0000,-1,-1,-1
140,4,319.00,339.70,71.40,206.20,1.0000,-1,-1,-1
140,7,278.00,225.80,56.80,184.20,1.0000,-1,-1,-1
140,8,288.20,122.10,52.20,172.10,0.9990,-1,-1,-1
140,9,802.40,143.80,63.50,172.80,1.0000,-1,-1,-1
140,16,1618.80,164.80,77.10,185.50,1.0000,-1,-1,-1
140,17,558.90,111.30,52.70,176.70,1.0000,-1,-1,-1
140,18,423.90,525.10,78.30,254.80,1.0000,-1,-1,-1
140,23,1574.50,587.20,98.10,236.30,1.0000,-1,-1,-1
140,25,480.20,115.30,45.00,174.30,1.0000,-1,-1,-1
140,29,360.40,113.50,49.20,167.10,1.0000,-1,-1,-1
140,31,224.40,209.00,60.60,201.70,1.0000,-1,-1,-1
140,32,750.80,79.70,47.20,156.50,1.0000,-1,-1,-1
140,36,419.20,122.50,70.40,161.30,1.0000,-1,-1,-1
140,37,354.00,4.00,53.20,150.90,0.9990,-1,-1,-1
140,38,409.60,1.40,55.20,155.30,1.0000,-1,-1,-1
140,39,1407.90,887.60,104.90,193.40,1.0000,-1,-1,-1
140,40,1128.00,1.00,67.40,111.10,1.0000,-1,-1,-1
140,41,1334.10,907.60,81.60,173.40,1.0000,-1,-1,-1
140,42,1494.90,164.00,56.10,175.50,1.0000,-1,-1,-1
140,-1,867.70,929.10,71.10,151.90,0.1400,-1,-1,-1
140,-1,299.60,5.60,46.40,128.20,0.0780,-1,-1,-1
141,0,1220.90,29.60,62.00,119.40,1.0000,-1,-1,-1
141,1,1480.80,6.70,60.60,140.50,1.0000,-1,-1,-1
141,2,686.80,206.00,79.50,113.10,1.0000,-1,-1,-1
141,3,1709.70,458.10,97.80,205.60,1.0000,-1,-1,-1
141,4,317.80,341.50,71.30,205.80,1.0000,-1,-1,-1
141,7,277.60,223.20,55.70,186.90,1.0000,-1,-1,-1
141,8,289.20,123.70,50.60,170.30,0.9990,-1,-1,-1
141,9,801.20,144.40,64.10,171.40,1.0000,-1,-1,-1
141,16,1619.90,163.00,76.20,184.90,1.0000,-1,-1,-1
141,17,559.90,109.70,51.40,177.30,1.0000,-1,-1,-1
141,18,420.10,526.10,77.90,251.10,1.0000,-1,-1,-1
141,23,1574.80,588.40,97.90,235.30,1.0000,-1,-1,-1
141,25,481.60,114.30,46.10,175.10,1.0000,-1,-1,-1
141,29,360.50,115.30,49.20,166.10,1.0000,-1,-1,-1
141,31,225.70,208.70,60.60,203.10,1.0000,-1,-1,-1
141,32,750.80,79.90,47.80,155.80,1.0000,-1,-1,-1
141,36,417.10,122.90,72.80,161.70,1.0000,-1,-1,-1
141,37,353.20,4.20,53.60,150.80,0.9990,-1,-1,-1
141,38,409.00,2.30,54.90,156.90,1.0000,-1,-1,-1
141,39,1405.90,884.50,104.30,196.50,1.0000,-1,-1,-1
141,40,1125.30,1.00,67.70,109.20,1.0000,-1,-1,-1
141,41,1331.80,905.00,82.50,176.00,1.0000,-1,-1,-1
141,42,1494.10,164.50,56.00,176.70,1.0000,-1,-1,-1
141,-1,864.60,929.40,72.70,151.60,0.1600,-1,-1,-1
141,-1,305.80,8.10,37.20,127.20,0.0630,-1,-1,-1
142,0,1221.30,29.30,61.60,119.60,1.0000,-1,-1,-1
142,1,1480.90,5.60,60.70,142.40,1.0000,-1,-1,-1
142,2,687.00,206.10,79.50,112.90,1.0000,-1,-1,-1
142,3,1710.90,457.10,97.00,207.20,1.0000,-1,-1,-1
142,4,316.40,343.50,71.50,207.50,1.0000,-1,-1,-1
142,7,278.10,222.90,55.20,186.30,1.0000,-1,-1,-1
142,8,289.20,124.70,50.60,169.10,0.9990,-1,-1,-1
142,9,801.70,144.30,63.50,171.80,1.0000,-1,-1,-1
142,16,1621.00,160.90,76.30,185.10,1.0000,-1,-1,-1
142,17,559.10,109.70,52.20,176.90,1.0000,-1,-1,-1
142,18,416.90,524.90,79.30,253.80,1.0000,-1,-1,-1
142,23,1574.70,588.90,98.00,235.40,1.0000,-1,-1,-1
142,25,481.50,114.30,47.70,175.20,1.0000,-1,-1,-1
142,29,360.50,116.60,49.20,165.20,1.0000,-1,-1,-1
142,31,226.40,209.30,60.80,203.60,1.0000,-1,-1,-1
142,32,752.00,80.50,46.40,154.60,1.0000,-1,-1,-1
142,36,415.80,124.70,73.90,160.00,1.0000,-1,-1,-1
142,37,353.60,4.30,53.00,150.90,0.9990,-1,-1,-1
142,38,408.70,2.60,55.90,156.50,1.0000,-1,-1,-1
142,39,1405.80,881.70,101.70,199.30,1.0000,-1,-1,-1
142,40,1123.00,1.00,65.30,108.00,1.0000,-1,-1,-1
142,41,1328.90,903.20,82.80,177.80,1.0000,-1,-1,-1
142,42,1493.10,165.70,56.70,172.50,1.0000,-1,-1,-1
142,-1,863.50,930.40,71.20,150.60,0.1440,-1,-1,-1
142,-1,307.80,9.60,34.30,123.60,0.0990,-1,-1,-1
143,0,1221.40,29.20,61.70,119.00,1.0000,-1,-1,-1
143,1,1481.40,6.00,60.20,142.50,1.0000,-1,-1,-1
143,2,687.00,205.90,79.50,113.70,1.0000,-1,-1,-1
143,3,1709.80,457.70,98.50,206.40,1.0000,-1,-1,-1
143,4,315.70,343.70,71.10,209.20,1.0000,-1,-1,-1
143,7,277.10,222.40,56.30,186.70,1.0000,-1,-1,-1
143,8,290.20,123.80,49.60,168.80,0.9970,-1,-1,-1
143,9,801.10,144.20,64.00,173.10,1.0000,-1,-1,-1
143,16,1622.80,158.90,76.00,188.00,1.0000,-1,-1,-1
143,17,557.90,109.60,53.10,178.60,1.0000,-1,-1,-1
143,18,413.00,523.90,83.20,254.90,1.0000,-1,-1,-1
143,23,1574.50,588.20,97.70,235.60,1.0000,-1,-1,-1
143,25,480.50,114.10,48.50,177.60,1.0000,-1,-1,-1
143,29,359.80,117.90,49.40,164.80,1.0000,-1,-1,-1
143,31,226.00,207.50,62.10,204.10,1.0000,-1,-1,-1
143,32,751.70,80.00,47.20,155.00,1.0000,-1,-1,-1
143,36,415.50,125.70,74.50,161.20,1.0000,-1,-1,-1
143,37,352.70,3.90,53.60,152.60,0.9990,-1,-1,-1
143,38,408.90,4.10,55.50,155.20,1.0000,-1,-1,-1
143,39,1405.40,877.70,98.80,203.30,1.0000,-1,-1,-1
143,40,1121.70,1.00,63.00,108.00,1.0000,-1,-1,-1
143,41,1328.50,901.80,81.70,179.20,1.0000,-1,-1,-1
143,42,1493.10,163.30,57.20,175.20,1.0000,-1,-1,-1
143,-1,864.70,931.40,69.10,149.60,0.1840,-1,-1,-1
143,-1,300.90,5.40,45.30,131.60,0.1330,-1,-1,-1
144,0,1221.40,29.50,61.60,119.60,1.0000,-1,-1,-1
144,1,1481.50,5.90,59.90,142.60,1.0000,-1,-1,-1
144,2,687.00,206.10,79.20,113.60,1.0000,-1,-1,-1
144,3,1709.90,455.90,100.50,211.30,1.0000,-1,-1,-1
144,4,315.60,345.90,70.30,208.80,1.0000,-1,-1,-1
144,7,277.60,222.70,55.70,184.10,1.0000,-1,-1,-1
144,8,289.90,122.70,49.80,172.20,0.9910,-1,-1,-1
144,9,801.90,145.30,62.90,171.80,1.0000,-1,-1,-1
144,16,1623.50,158.00,76.20,188.80,1.0000,-1,-1,-1
144,17,559.30,110.60,53.20,175.70,1.0000,-1,-1,-1
144,18,406.20,528.20,87.60,249.00,1.0000,-1,-1,-1
144,23,1575.30,588.40,96.70,235.60,1.0000,-1,-1,-1
144,25,481.00,116.40,48.40,175.00,1.0000,-1,-1,-1
144,29,359.60,116.60,49.60,166.80,1.0000,-1,-1,-1
144,31,227.10,209.10,63.30,201.90,1.0000,-1,-1,-1
144,32,751.40,79.00,47.50,157.00,1.0000,-1,-1,-1
144,36,415.00,127.60,74.30,161.40,1.0000,-1,-1,-1
144,37,353.90,4.00,52.90,150.90,0.9990,-1,-1,-1
144,38,407.90,3.70,56.50,156.60,1.0000,-1,-1,-1
144,39,1402.60,873.90,99.50,207.10,1.0000,-1,-1,-1
144,40,1119.60,1.70,60.90,105.20,1.0000,-1,-1,-1
144,41,1325.00,903.20,81.70,177.80,1.0000,-1,-1,-1
144,42,1491.20,163.00,56.90,177.60,1.0000,-1,-1,-1
144,-1,300.00,6.40,46.40,130.40,0.3580,-1,-1,-1
144,-1,863.00,931.40,69.40,149.60,0.0850,-1,-1,-1
145,0,1221.80,29.50,61.20,118.90,1.0000,-1,-1,-1
145,1,1481.90,6.80,59.40,142.20,1.0000,-1,-1,-1
145,2,687.20,206.20,79.00,113.40,1.0000,-1,-1,-1
145,3,1710.20,456.80,98.60,207.50,1.0000,-1,-1,-1
145,4,315.70,348.50,70.40,208.40,1.0000,-1,-1,-1
145,7,281.50,223.00,53.80,180.60,1.0000,-1,-1,-1
145,8,289.90,121.30,50.00,174.70,0.9890,-1,-1,-1
145,9,801.70,144.80,63.80,172.80,1.0000,-1,-1,-1
145,16,1623.70,156.20,77.10,190.70,1.0000,-1,-1,-1
145,17,559.30,111.30,53.10,176.80,1.0000,-1,-1,-1
145,18,402.20,528.90,90.10,248.90,1.0000,-1,-1,-1
145,23,1575.10,587.60,97.30,236.50,1.0000,-1,-1,-1
145,25,480.90,118.20,48.00,173.70,1.0000,-1,-1,-1
145,29,359.70,116.90,49.10,165.50,1.0000,-1,-1,-1
145,31,227.50,208.90,64.30,200.00,1.0000,-1,-1,-1
145,32,751.40,80.10,47.40,155.10,1.0000,-1,-1,-1
145,36,415.50,128.30,73.80,162.50,1.0000,-1,-1,-1
145,37,353.90,3.60,52.80,151.10,0.9990,-1,-1,-1
145,38,407.90,4.30,56.00,155.40,1.0000,-1,-1,-1
145,39,1400.50,870.30,97.80,210.70,1.0000,-1,-1,-1
145,40,1118.00,1.90,58.90,104.50,1.0000,-1,-1,-1
145,41,1319.20,902.10,83.50,178.90,1.0000,-1,-1,-1
145,42,1491.20,161.20,56.10,177.80,1.0000,-1,-1,-1
145,-1,860.40,929.70,71.30,151.30,0.1030,-1,-1,-1
145,-1,301.20,3.00,44.80,135.10,0.7630,-1,-1,-1
146,0,1221.50,29.40,61.40,119.20,1.0000,-1,-1,-1
146,1,1481.70,6.00,60.20,142.70,1.0000,-1,-1,-1
146,2,687.20,206.20,79.10,113.50,1.0000,-1,-1,-1
146,3,1710.80,454.50,99.20,212.40,1.0000,-1,-1,-1
146,4,315.70,351.90,69.20,207.60,1.0000,-1,-1,-1
146,7,282.80,225.20,55.10,174.60,1.0000,-1,-1,-1
146,8,290.30,118.80,49.30,178.20,0.8900,-1,-1,-1
146,9,800.20,144.10,65.10,174.20,1.0000,-1,-1,-1
146,16,1624.10,155.80,75.90,189.40,1.0000,-1,-1,-1
146,17,560.90,111.70,51.90,176.00,1.0000,-1,-1,-1
146,18,400.50,525.30,90.70,255.30,1.0000,-1,-1,-1
146,23,1574.60,588.70,97.20,234.30,1.0000,-1,-1,-1
146,25,481.10,120.90,47.30,171.30,1.0000,-1,-1,-1
146,29,359.70,116.10,49.30,165.50,1.0000,-1,-1,-1
146,31,227.90,210.30,62.60,196.90,1.0000,-1,-1,-1
146,32,750.80,79.60,48.20,155.80,1.0000,-1,-1,-1
146,36,414.70,129.10,74.60,163.70,1.0000,-1,-1,-1
146,37,354.50,2.40,51.60,151.00,0.9990,-1,-1,-1
146,38,407.60,5.60,55.80,154.60,1.0000,-1,-1,-1
146,39,1398.70,868.60,97.10,212.40,1.0000,-1,-1,-1
146,40,1115.10,1.00,59.70,104.10,1.0000,-1,-1,-1
146,41,1314.90,900.30,86.10,180.70,1.0000,-1,-1,-1
146,42,1492.30,160.30,53.80,176.60,1.0000,-1,-1,-1
146,43,296.40,1.00,52.40,133.90,0.9950,-1,-1,-1
147,0,1221.80,29.00,61.20,119.30,1.0000,-1,-1,-1
147,1,1481.70,6.90,59.70,141.70,1.0000,-1,-1,-1
147,2,687.50,206.80,78.90,113.10,1.0000,-1,-1,-1
147,3,1709.30,456.10,100.70,208.70,1.0000,-1,-1,-1
147,4,315.50,353.10,68.60,208.60,1.0000,-1,-1,-1
147,7,282.00,222.30,54.50,179.80,1.0000,-1,-1,-1
147,8,290.20,121.50,49.30,173.60,0.9520,-1,-1,-1
147,9,800.60,144.70,64.50,174.10,1.0000,-1,-1,-1
147,16,1624.20,154.30,75.20,189.90,1.0000,-1,-1,-1
147,17,562.40,111.60,51.80,176.40,1.0000,-1,-1,-1
147,18,395.20,526.80,93.80,253.00,1.0000,-1,-1,-1
147,23,1574.50,589.00,97.80,235.00,1.0000,-1,-1,-1
147,25,482.20,123.10,45.30,172.00,1.0000,-1,-1,-1
147,29,359.90,116.60,49.20,165.20,1.0000,-1,-1,-1
147,31,229.00,210.80,61.40,198.70,1.0000,-1,-1,-1
147,32,750.70,79.10,48.60,156.60,1.0000,-1,-1,-1
147,36,414.80,131.10,74.70,162.90,1.0000,-1,-1,-1
147,37,353.80,4.70,52.70,150.50,0.9990,-1,-1,-1
147,38,407.00,6.50,56.10,154.40,1.0000,-1,-1,-1
147,39,1396.20,866.90,95.20,214.10,1.0000,-1,-1,-1
147,40,1112.40,1.00,59.80,105.70,1.0000,-1,-1,-1
147,41,1311.80,896.30,86.10,184.70,1.0000,-1,-1,-1
147,42,1493.00,161.90,53.50,175.50,1.0000,-1,-1,-1
147,43,295.60,1.00,53.20,132.30,0.9960,-1,-1,-1
148,0,1222.20,29.00,60.80,120.10,1.0000,-1,-1,-1
148,1,1481.60,6.50,59.90,142.50,1.0000,-1,-1,-1
148,2,687.10,206.40,79.70,113.60,1.0000,-1,-1,-1
148,3,1710.40,455.70,98.60,209.60,1.0000,-1,-1,-1
148,4,315.20,353.50,69.40,210.90,1.0000,-1,-1,-1
148,7,283.70,222.30,54.90,181.10,1.0000,-1,-1,-1
148,9,801.30,144.20,64.10,174.60,1.0000,-1,-1,-1
148,16,1623.10,155.10,75.90,189.00,1.0000,-1,-1,-1
148,17,563.80,110.70,50.20,177.30,1.0000,-1,-1,-1
148,18,391.30,528.20,94.10,251.90,1.0000,-1,-1,-1
148,23,1573.80,589.10,98.90,234.80,1.0000,-1,-1,-1
148,25,481.60,124.40,47.90,173.50,1.0000,-1,-1,-1
148,29,360.60,116.30,48.90,164.40,1.0000,-1,-1,-1
148,31,229.10,211.10,63.80,198.10,1.0000,-1,-1,-1
148,32,750.80,79.60,48.60,156.50,1.0000,-1,-1,-1
148,36,415.70,134.40,74.00,163.40,1.0000,-1,-1,-1
148,37,353.80,6.10,53.10,151.70,0.9990,-1,-1,-1
148,38,406.40,5.80,56.30,155.90,1.0000,-1,-1,-1
148,39,1392.20,866.10,96.90,214.90,1.0000,-1,-1,-1
148,40,1108.50,1.10,60.30,104.20,1.0000,-1,-1,-1
148,41,1305.00,894.10,89.70,186.90,1.0000,-1,-1,-1
148,42,1493.30,161.20,53.40,174.40,1.0000,-1,-1,-1
148,43,296.70,1.00,53.60,135.20,0.9970,-1,-1,-1
148,8,290.10,119.40,48.60,172.50,0.1740,-1,-1,-1
149,0,1222.20,29.70,61.00,119.80,1.0000,-1,-1,-1
149,1,1481.00,5.70,60.20,143.80,1.0000,-1,-1,-1
149,2,687.50,206.60,79.20,113.60,1.0000,-1,-1,-1
149,3,1709.70,455.00,100.80,213.40,1.0000,-1,-1,-1
149,4,315.10,354.30,69.70,210.30,1.0000,-1,-1,-1
149,7,284.70,224.50,55.90,174.60,1.0000,-1,-1,-1
149,9,801.90,144.80,63.20,173.40,1.0000,-1,-1,-1
149,16,1622.70,154.40,75.90,190.90,1.0000,-1,-1,-1
149,17,564.60,111.10,49.60,178.10,1.0000,-1,-1,-1
149,18,388.40,529.00,96.00,252.60,1.0000,-1,-1,-1
149,23,1574.60,589.50,98.10,234.40,1.0000,-1,-1,-1
149,25,482.20,126.10,47.70,173.80,1.0000,-1,-1,-1
149,29,360.70,116.20,49.30,164.90,1.0000,-1,-1,-1
149,31,230.40,211.60,64.30,197.20,1.0000,-1,-1,-1
149,32,750.70,79.90,48.50,156.10,1.0000,-1,-1,-1
149,36,416.50,136.80,72.40,161.80,1.0000,-1,-1,-1
149,37,352.80,7.00,53.20,151.70,0.9980,-1,-1,-1
149,38,406.60,6.40,56.10,156.50,1.0000,-1,-1,-1
149,39,1388.40,864.70,97.00,216.30,1.0000,-1,-1,-1
149,40,1103.30,1.10,62.70,104.60,1.0000,-1,-1,-1
149,41,1301.40,890.70,87.00,190.30,1.0000,-1,-1,-1
149,42,1492.40,161.10,53.30,174.20,1.0000,-1,-1,-1
149,43,296.60,1.00,53.90,134.60,0.9990,-1,-1,-1
149,8,290.70,118.70,48.50,173.50,0.1910,-1,-1,-1
149,-1,850.70,924.70,64.60,156.30,0.2080,-1,-1,-1
150,0,1222.20,29.40,61.30,120.50,1.0000,-1,-1,-1
150,1,1481.00,4.90,60.30,144.80,1.0000,-1,-1,-1
150,2,687.40,206.80,78.90,113.80,1.0000,-1,-1,-1
150,3,1711.30,456.50,95.90,208.70,1.0000,-1,-1,-1
150,4,315.40,355.40,69.20,209.50,1.0000,-1,-1,-1
150,7,285.80,224.20,55.80,176.00,1.0000,-1,-1,-1
150,9,801.70,146.40,62.80,170.40,1.0000,-1,-1,-1
150,16,1622.90,153.50,74.70,192.70,1.0000,-1,-1,-1
150,17,564.40,110.70,49.30,177.30,1.0000,-1,-1,-1
150,18,384.60,528.30,99.00,254.00,1.0000,-1,-1,-1
150,23,1575.20,589.10,97.00,236.40,1.0000,-1,-1,-1
150,25,483.10,129.50,45.90,171.40,1.0000,-1,-1,-1
150,29,359.50,115.90,50.10,166.00,1.0000,-1,-1,-1
150,31,232.20,212.40,62.70,195.50,1.0000,-1,-1,-1
150,32,750.00,78.70,49.40,158.40,1.0000,-1,-1,-1
150,36,417.00,138.50,71.60,160.80,1.0000,-1,-1,-1
150,37,352.20,7.90,54.60,154.70,0.9900,-1,-1,-1
150,38,405.90,6.80,57.20,158.60,1.0000,-1,-1,-1
150,39,1385.20,865.50,95.90,215.50,1.0000,-1,-1,-1
150,40,1097.70,1.40,64.80,104.60,1.0000,-1,-1,-1
150,41,1300.80,885.30,84.70,195.70,1.0000,-1,-1,-1
150,42,1493.00,159.70,51.90,173.80,1.0000,-1,-1,-1
150,43,297.20,1.00,54.60,135.60,1.0000,-1,-1,-1
150,8,292.50,119.90,48.40,170.00,0.0800,-1,-1,-1
150,-1,845.30,923.90,67.40,157.10,0.4100,-1,-1,-1
151,0,1221.20,29.50,61.90,122.10,1.0000,-1,-1,-1
151,1,1481.10,5.30,60.80,144.60,1.0000,-1,-1,-1
151,2,687.60,206.70,78.50,113.90,1.0000,-1,-1,-1
151,3,1710.20,456.10,97.40,210.10,1.0000,-1,-1,-1
151,4,315.30,355.40,68.80,211.30,1.0000,-1,-1,-1
151,7,286.40,223.80,56.30,177.00,1.0000,-1,-1,-1
151,9,801.40,145.00,63.90,172.90,1.0000,-1,-1,-1
151,16,1622.00,153.00,74.30,191.80,1.0000,-1,-1,-1
151,17,563.70,111.30,50.00,177.90,1.0000,-1,-1,-1
151,18,380.50,528.80,103.30,253.80,1.0000,-1,-1,-1
151,23,1575.30,590.30,97.10,235.00,1.0000,-1,-1,-1
151,25,483.30,129.70,46.20,172.30,1.0000,-1,-1,-1
151,29,360.30,115.30,50.80,167.90,1.0000,-1,-1,-1
151,31,232.00,212.20,63.40,195.90,1.0000,-1,-1,-1
151,32,750.10,79.80,49.50,157.00,1.0000,-1,-1,-1
151,36,416.70,139.20,71.40,162.20,1.0000,-1,-1,-1
151,37,350.70,9.60,54.20,150.80,0.9830,-1,-1,-1
151,38,405.60,7.00,57.30,161.30,1.0000,-1,-1,-1
151,39,1380.80,863.70,99.80,217.30,1.0000,-1,-1,-1
151,40,1095.10,1.00,65.40,103.30,1.0000,-1,-1,-1
151,41,1297.90,882.60,84.40,198.40,1.0000,-1,-1,-1
151,42,1492.90,159.30,51.50,176.00,1.0000,-1,-1,-1
151,43,299.10,1.00,53.50,134.80,1.0000,-1,-1,-1
151,-1,843.00,924.10,68.90,156.90,0.4990,-1,-1,-1
152,0,1221.40,29.70,61.50,121.80,1.0000,-1,-1,-1
152,1,1480.90,4.50,60.90,145.30,1.0000,-1,-1,-1
152,2,687.50,206.60,78.60,113.60,1.0000,-1,-1,-1
152,3,1711.00,456.20,97.70,212.00,1.0000,-1,-1,-1
152,4,314.90,356.20,68.40,212.30,1.0000,-1,-1,-1
152,7,286.90,222.70,58.50,179.70,1.0000,-1,-1,-1
152,9,801.00,145.30,63.50,172.70,1.0000,-1,-1,-1
152,16,1621.00,152.80,74.10,193.00,1.0000,-1,-1,-1
152,17,563.80,111.60,49.60,178.80,1.0000,-1,-1,-1
152,18,375.00,526.00,106.10,253.80,1.0000,-1,-1,-1
152,23,1574.90,589.30,96.80,234.60,1.0000,-1,-1,-1
152,25,484.20,131.40,45.20,170.70,1.0000,-1,-1,-1
152,29,360.40,115.40,49.90,167.60,1.0000,-1,-1,-1
152,31,234.10,212.20,62.50,194.50,1.0000,-1,-1,-1
152,32,749.60,78.80,50.30,158.30,1.0000,-1,-1,-1
152,36,416.20,139.10,72.00,160.90,1.0000,-1,-1,-1
152,37,349.60,12.00,54.60,151.10,0.9720,-1,-1,-1
152,38,405.00,7.20,57.40,163.10,1.0000,-1,-1,-1
152,39,1374.80,862.90,102.00,218.10,1.0000,-1,-1,-1
152,40,1088.80,1.00,68.70,102.40,1.0000,-1,-1,-1
152,41,1291.00,879.80,90.60,201.20,1.0000,-1,-1,-1
152,42,1491.80,157.80,52.20,175.70,1.0000,-1,-1,-1
152,43,299.20,1.00,54.70,135.80,1.0000,-1,-1,-1
153,0,1222.00,29.50,61.50,121.70,1.0000,-1,-1,-1
153,1,1481.50,4.50,60.20,146.10,1.0000,-1,-1,-1
153,2,687.30,206.80,79.10,113.50,1.0000,-1,-1,-1
153,3,1709.30,458.10,97.90,207.30,1.0000,-1,-1,-1
153,4,314.70,355.90,68.40,214.60,1.0000,-1,-1,-1
153,7,288.50,223.00,58.20,176.10,1.0000,-1,-1,-1
153,9,801.30,145.60,63.00,172.30,1.0000,-1,-1,-1
153,16,1621.90,153.00,72.00,189.00,1.0000,-1,-1,-1
153,17,563.70,111.50,49.50,178.30,1.0000,-1,-1,-1
153,18,370.00,530.30,110.00,251.70,1.0000,-1,-1,-1
153,23,1575.30,589.60,97.30,235.00,1.0000,-1,-1,-1
153,25,485.10,131.20,46.30,172.00,1.0000,-1,-1,-1
153,29,360.20,114.40,49.50,169.40,1.0000,-1,-1,-1
153,31,232.90,211.90,64.20,196.20,1.0000,-1,-1,-1
153,32,750.10,79.70,49.20,157.10,1.0000,-1,-1,-1
153,36,416.70,140.10,71.30,160.90,1.0000,-1,-1,-1
153,38,403.60,8.70,59.30,162.00,1.0000,-1,-1,-1
153,39,1372.80,863.00,99.60,218.00,1.0000,-1,-1,-1
153,40,1083.60,1.00,73.80,101.40,1.0000,-1,-1,-1
153,41,1288.70,879.50,87.00,201.50,1.0000,-1,-1,-1
153,42,1492.30,157.70,51.10,173.00,1.0000,-1,-1,-1
153,43,299.40,1.00,54.80,135.00,0.9990,-1,-1,-1
153,37,353.70,14.60,49.40,146.00,0.5440,-1,-1,-1
153,-1,840.90,926.40,71.00,154.60,0.9220,-1,-1,-1
153,-1,482.80,45.50,43.00,134.10,0.8460,-1,-1,-1
154,0,1221.70,29.20,61.30,122.30,1.0000,-1,-1,-1
154,1,1481.30,4.00,60.60,147.30,1.0000,-1,-1,-1
154,2,687.30,206.80,79.20,113.30,1.0000,-1,-1,-1
154,3,1708.30,457.80,100.10,206.80,1.0000,-1,-1,-1
154,4,314.60,356.50,69.00,215.10,1.0000,-1,-1,-1
154,7,290.10,222.70,58.50,174.90,1.0000,-1,-1,-1
154,9,801.10,145.70,61.20,173.50,1.0000,-1,-1,-1
154,16,1620.70,153.40,72.20,188.00,1.0000,-1,-1,-1
154,17,563.60,111.80,49.10,179.60,1.0000,-1,-1,-1
154,18,368.30,529.80,109.30,253.10,1.0000,-1,-1,-1
154,23,1575.60,589.20,96.50,235.80,1.0000,-1,-1,-1
154,25,486.50,132.50,45.10,173.10,1.0000,-1,-1,-1
154,29,360.60,114.20,49.90,169.50,1.0000,-1,-1,-1
154,31,233.80,209.80,65.10,196.70,1.0000,-1,-1,-1
154,32,750.30,80.00,49.10,157.50,1.0000,-1,-1,-1
154,36,416.20,141.20,71.20,159.90,1.0000,-1,-1,-1
154,38,402.60,10.10,59.60,163.40,1.0000,-1,-1,-1
154,39,1369.20,860.30,101.00,220.70,1.0000,-1,-1,-1
154,40,1079.20,1.00,77.30,102.00,1.0000,-1,-1,-1
154,41,1285.10,875.20,86.40,205.80,1.0000,-1,-1,-1
154,42,1490.80,156.90,52.00,175.70,1.0000,-1,-1,-1
154,43,296.40,1.40,58.10,136.50,0.9520,-1,-1,-1
154,44,839.30,926.70,70.90,154.30,0.9740,-1,-1,-1
154,45,480.80,40.60,46.70,148.00,0.9890,-1,-1,-1
155,0,1221.50,29.60,62.20,122.20,1.0000,-1,-1,-1
155,1,1480.60,4.20,60.80,147.10,1.0000,-1,-1,-1
155,2,686.60,206.90,80.60,113.40,1.0000,-1,-1,-1
155,3,1709.70,457.70,97.60,207.30,1.0000,-1,-1,-1
155,4,314.00,356.80,69.20,215.40,1.0000,-1,-1,-1
155,7,291.80,222.80,58.40,172.20,1.0000,-1,-1,-1
155,9,803.90,144.60,59.50,175.70,1.0000,-1,-1,-1
155,16,1619.80,153.30,72.10,186.30,1.0000,-1,-1,-1
155,17,563.90,111.80,50.00,177.00,1.0000,-1,-1,-1
155,18,365.50,529.80,110.70,252.00,1.0000,-1,-1,-1
155,23,1575.00,589.10,96.90,236.40,1.0000,-1,-1,-1
155,25,485.90,132.40,46.10,174.20,1.0000,-1,-1,-1
155,29,360.60,114.60,50.00,169.10,1.0000,-1,-1,-1
155,31,235.20,210.10,64.20,193.90,1.0000,-1,-1,-1
155,32,750.00,80.00,49.70,156.90,1.0000,-1,-1,-1
155,36,416.20,141.70,70.10,160.50,1.0000,-1,-1,-1
155,38,402.90,9.60,59.20,163.90,1.0000,-1,-1,-1
155,39,1368.40,858.00,96.50,223.00,1.0000,-1,-1,-1
155,40,1078.60,1.00,78.40,102.80,1.0000,-1,-1,-1
155,41,1279.00,872.10,92.00,208.90,1.0000,-1,-1,-1
155,42,1490.10,156.60,52.40,174.60,1.0000,-1,-1,-1
155,44,837.80,925.10,71.40,155.90,0.9560,-1,-1,-1
155,45,480.70,39.10,46.60,143.20,0.9950,-1,-1,-1
155,43,299.00,1.00,57.80,138.30,0.2670,-1,-1,-1
156,0,1221.60,29.40,61.70,121.60,1.0000,-1,-1,-1
156,1,1480.90,4.30,60.60,146.80,1.0000,-1,-1,-1
156,2,687.00,207.00,79.80,113.30,1.0000,-1,-1,-1
156,3,1709.90,456.10,98.10,210.80,1.0000,-1,-1,-1
156,4,314.30,357.40,69.50,213.30,1.0000,-1,-1,-1
156,7,291.70,220.80,59.40,176.40,1.0000,-1,-1,-1
156,9,804.20,145.40,58.80,173.90,1.0000,-1,-1,-1
156,16,1619.10,152.70,72.20,187.70,1.0000,-1,-1,-1
156,17,563.30,112.70,50.00,177.10,1.0000,-1,-1,-1
156,18,366.50,532.40,109.30,249.70,1.0000,-1,-1,-1
156,23,1574.40,589.70,97.20,233.30,1.0000,-1,-1,-1
156,25,485.30,131.80,46.10,174.70,1.0000,-1,-1,-1
156,29,360.70,115.50,49.50,168.80,1.0000,-1,-1,-1
156,31,237.10,206.60,64.20,198.60,1.0000,-1,-1,-1
156,32,750.00,80.10,49.80,156.90,1.0000,-1,-1,-1
156,36,417.40,141.20,67.70,161.80,1.0000,-1,-1,-1
156,38,403.10,12.30,58.70,161.80,1.0000,-1,-1,-1
156,39,1364.70,855.10,97.10,225.90,1.0000,-1,-1,-1
156,40,1072.80,1.00,80.90,102.20,1.0000,-1,-1,-1
156,41,1277.40,870.40,91.20,210.60,1.0000,-1,-1,-1
156,42,1488.60,155.00,53.30,175.70,1.0000,-1,-1,-1
156,44,835.10,924.60,73.50,156.40,0.9380,-1,-1,-1
156,45,480.10,38.90,48.20,141.40,0.9990,-1,-1,-1
156,43,294.30,1.00,62.60,134.80,0.1860,-1,-1,-1
156,-1,225.60,137.90,48.00,167.30,0.1030,-1,-1,-1
157,0,1221.70,30.00,61.80,121.00,1.0000,-1,-1,-1
157,1,1480.60,4.90,60.70,146.90,1.0000,-1,-1,-1
157,2,686.80,206.80,80.30,113.20,1.0000,-1,-1,-1
157,3,1708.20,456.90,101.40,208.90,1.0000,-1,-1,-1
157,4,312.90,357.50,70.10,214.70,1.0000,-1,-1,-1
157,7,293.60,220.40,58.40,176.20,1.0000,-1,-1,-1
157,9,804.20,145.20,57.90,173.70,1.0000,-1,-1,-1
157,16,1618.10,151.40,73.10,190.80,1.0000,-1,-1,-1
157,17,562.90,112.90,50.50,177.60,1.0000,-1,-1,-1
157,18,364.20,530.70,111.80,250.90,1.0000,-1,-1,-1
157,23,1574.40,590.00,96.70,234.30,1.0000,-1,-1,-1
157,25,486.30,130.60,45.40,177.30,1.0000,-1,-1,-1
157,29,361.00,114.00,49.80,171.30,1.0000,-1,-1,-1
157,31,238.30,205.10,64.00,199.20,1.0000,-1,-1,-1
157,32,750.60,79.30,49.20,158.00,1.0000,-1,-1,-1
157,36,417.20,141.20,67.70,163.10,1.0000,-1,-1,-1
157,38,404.60,14.40,56.40,160.60,1.0000,-1,-1,-1
157,39,1361.90,848.50,95.40,232.50,1.0000,-1,-1,-1
157,40,1070.40,1.00,79.90,100.10,1.0000,-1,-1,-1
157,41,1273.80,868.60,90.70,212.40,1.0000,-1,-1,-1
157,42,1489.30,156.00,53.00,170.00,1.0000,-1,-1,-1
157,44,833.80,924.60,74.90,156.40,0.9550,-1,-1,-1
157,45,481.50,37.50,47.80,144.50,1.0000,-1,-1,-1
157,-1,225.30,133.40,48.30,163.40,0.1480,-1,-1,-1
158,0,1222.10,29.50,61.60,120.90,1.0000,-1,-1,-1
158,1,1480.60,5.00,60.70,146.80,1.0000,-1,-1,-1
158,2,687.00,206.80,79.70,113.30,1.0000,-1,-1,-1
158,3,1708.90,457.10,99.80,208.90,1.0000,-1,-1,-1
158,4,312.10,358.20,70.20,216.70,1.0000,-1,-1,-1
158,7,294.90,219.30,59.00,178.50,1.0000,-1,-1,-1
158,9,803.40,145.90,58.40,173.50,1.0000,-1,-1,-1
158,16,1617.60,150.40,72.90,190.80,1.0000,-1,-1,-1
158,17,563.40,112.80,51.00,177.50,1.0000,-1,-1,-1
158,18,364.50,530.20,107.70,251.00,1.0000,-1,-1,-1
158,23,1574.10,589.50,97.60,234.60,1.0000,-1,-1,-1
158,25,486.90,131.60,45.70,176.30,1.0000,-1,-1,-1
158,29,360.70,113.30,49.90,172.50,1.0000,-1,-1,-1
158,31,239.60,203.90,62.60,199.00,1.0000,-1,-1,-1
158,32,750.10,79.50,49.60,158.10,1.0000,-1,-1,-1
158,36,417.10,139.90,67.10,165.00,1.0000,-1,-1,-1
158,38,404.40,15.40,56.00,158.50,1.0000,-1,-1,-1
158,39,1359.80,844.90,94.30,236.10,1.0000,-1,-1,-1
158,40,1069.10,1.00,74.80,99.10,1.0000,-1,-1,-1
158,41,1270.10,867.20,91.80,213.80,1.0000,-1,-1,-1
158,42,1489.40,154.30,52.50,171.30,1.0000,-1,-1,-1
158,44,832.30,922.10,75.80,158.90,0.9430,-1,-1,-1
158,45,482.90,38.20,46.80,142.30,1.0000,-1,-1,-1
158,-1,226.70,129.40,45.90,168.10,0.8650,-1,-1,-1
159,0,1221.90,29.80,62.20,120.90,1.0000,-1,-1,-1
159,1,1481.00,5.50,60.40,147.20,1.0000,-1,-1,-1
159,2,687.20,207.20,79.50,112.80,1.0000,-1,-1,-1
159,3,1708.60,456.80,100.10,209.30,1.0000,-1,-1,-1
159,4,311.80,360.80,69.70,216.40,1.0000,-1,-1,-1
159,7,295.40,220.10,57.80,177.70,1.0000,-1,-1,-1
159,9,804.80,146.40,56.50,171.20,1.0000,-1,-1,-1
159,16,1617.40,149.40,71.30,189.70,1.0000,-1,-1,-1
159,17,563.50,112.40,50.10,177.80,1.0000,-1,-1,-1
159,18,360.90,530.00,111.20,251.30,1.0000,-1,-1,-1
159,23,1573.90,589.40,97.60,235.30,1.0000,-1,-1,-1
159,25,486.00,131.80,46.90,176.60,1.0000,-1,-1,-1
159,29,360.60,116.30,48.80,168.50,1.0000,-1,-1,-1
159,31,240.30,204.10,62.60,200.30,1.0000,-1,-1,-1
159,32,750.60,80.00,48.60,158.10,1.0000,-1,-1,-1
159,36,418.10,139.90,66.10,164.30,1.0000,-1,-1,-1
159,38,404.40,14.60,56.40,161.40,1.0000,-1,-1,-1
159,39,1359.60,840.30,92.90,240.70,1.0000,-1,-1,-1
159,40,1067.70,1.20,68.40,95.40,1.0000,-1,-1,-1
159,41,1266.80,864.20,92.70,216.80,1.0000,-1,-1,-1
159,42,1489.10,150.80,52.80,174.40,1.0000,-1,-1,-1
159,44,828.30,921.20,80.60,159.80,0.9160,-1,-1,-1
159,45,483.70,36.60,45.30,145.20,1.0000,-1,-1,-1
159,46,223.60,127.00,50.60,166.20,0.9940,-1,-1,-1
160,0,1221.80,29.80,62.10,120.70,1.0000,-1,-1,-1
160,1,1481.10,6.40,60.40,146.20,1.0000,-1,-1,-1
160,2,687.00,207.00,79.70,112.80,1.0000,-1,-1,-1
160,3,1710.30,454.60,98.60,213.10,1.0000,-1,-1,-1
160,4,312.00,362.60,68.80,216.10,1.0000,-1,-1,-1
160,7,295.90,218.90,58.60,177.50,1.0000,-1,-1,-1
160,9,803.90,147.90,55.80,168.20,1.0000,-1,-1,-1
160,16,1616.00,148.30,71.20,190.30,1.0000,-1,-1,-1
160,17,563.10,111.10,51.60,178.20,1.0000,-1,-1,-1
160,18,360.40,529.90,108.70,250.80,1.0000,-1,-1,-1
160,23,1574.30,589.20,97.80,237.00,1.0000,-1,-1,-1
160,25,485.60,130.80,47.50,180.10,1.0000,-1,-1,-1
160,29,360.20,115.60,48.70,169.90,1.0000,-1,-1,-1
160,31,242.10,202.70,62.00,200.50,1.0000,-1,-1,-1
160,32,749.90,79.50,49.90,159.20,1.0000,-1,-1,-1
160,36,418.70,140.20,65.80,165.60,1.0000,-1,-1,-1
160,38,405.10,18.60,55.20,160.30,1.0000,-1,-1,-1
160,39,1356.20,836.00,93.50,245.00,1.0000,-1,-1,-1
160,40,1066.20,1.10,64.50,96.60,1.0000,-1,-1,-1
160,41,1263.40,861.50,95.10,219.50,1.0000,-1,-1,-1
160,42,1488.60,148.20,52.60,175.10,1.0000,-1,-1,-1
160,44,825.90,921.00,82.60,160.00,0.8980,-1,-1,-1
160,45,482.60,35.10,46.10,143.80,1.0000,-1,-1,-1
160,46,223.70,129.00,49.70,165.00,0.9980,-1,-1,-1
161,0,1222.00,29.60,62.00,120.50,1.0000,-1,-1,-1
161,1,1481.00,6.30,60.30,146.20,1.0000,-1,-1,-1
161,2,687.60,206.80,78.80,112.80,1.0000,-1,-1,-1
161,3,1710.30,455.70,98.20,212.40,1.0000,-1,-1,-1
161,4,311.40,364.00,69.40,216.20,1.0000,-1,-1,-1
161,7,295.90,217.80,60.40,178.00,1.0000,-1,-1,-1
161,9,804.10,146.40,55.90,169.80,1.0000,-1,-1,-1
161,16,1615.50,148.20,69.50,187.30,1.0000,-1,-1,-1
161,17,561.90,111.60,52.30,178.10,1.0000,-1,-1,-1
161,18,360.80,529.30,104.40,251.70,1.0000,-1,-1,-1
161,23,1574.10,588.50,97.90,238.90,1.0000,-1,-1,-1
161,25,485.50,131.40,47.50,180.90,1.0000,-1,-1,-1
161,29,360.10,115.90,48.30,169.60,1.0000,-1,-1,-1
161,31,242.30,199.50,62.30,200.30,1.0000,-1,-1,-1
161,32,750.10,80.10,50.00,158.50,1.0000,-1,-1,-1
161,36,420.70,141.10,63.30,164.10,1.0000,-1,-1,-1
161,38,405.60,19.90,54.60,163.20,1.0000,-1,-1,-1
161,39,1351.40,830.20,93.60,250.80,1.0000,-1,-1,-1
161,40,1063.00,1.00,63.20,98.30,1.0000,-1,-1,-1
161,41,1262.60,859.20,92.50,221.80,1.0000,-1,-1,-1
161,42,1489.30,142.80,52.10,178.20,1.0000,-1,-1,-1
161,44,823.00,920.60,85.20,160.40,0.8830,-1,-1,-1
161,45,481.90,35.20,47.50,146.00,1.0000,-1,-1,-1
161,46,224.30,125.30,51.80,173.60,0.9980,-1,-1,-1
162,0,1221.60,30.00,62.40,120.00,1.0000,-1,-1,-1
162,1,1480.80,6.00,60.20,145.60,1.0000,-1,-1,-1
162,2,687.60,206.60,78.60,113.20,1.0000,-1,-1,-1
162,3,1709.60,456.00,97.80,209.50,1.0000,-1,-1,-1
162,4,311.50,367.80,68.30,212.20,1.0000,-1,-1,-1
162,7,297.90,216.30,59.10,177.60,1.0000,-1,-1,-1
162,9,803.50,146.70,56.50,170.20,1.0000,-1,-1,-1
162,16,1613.30,147.20,70.40,185.60,1.0000,-1,-1,-1
162,17,562.80,111.40,52.10,178.80,1.0000,-1,-1,-1
162,18,361.10,529.80,101.90,250.80,1.0000,-1,-1,-1
162,23,1575.20,588.40,97.60,238.50,1.0000,-1,-1,-1
162,25,487.10,130.50,46.40,180.50,1.0000,-1,-1,-1
162,29,360.10,114.50,47.30,170.90,1.0000,-1,-1,-1
162,31,244.70,200.50,61.30,197.30,1.0000,-1,-1,-1
162,32,750.10,79.30,50.50,158.60,1.0000,-1,-1,-1
162,36,421.30,142.60,63.70,162.80,1.0000,-1,-1,-1
162,38,406.30,21.80,54.20,162.70,1.0000,-1,-1,-1
162,39,1347.00,834.40,95.20,246.60,1.0000,-1,-1,-1
162,40,1059.20,1.00,61.80,98.20,1.0000,-1,-1,-1
162,41,1260.10,856.10,90.00,224.90,1.0000,-1,-1,-1
162,42,1489.20,139.60,53.30,180.50,1.0000,-1,-1,-1
162,44,823.40,919.40,83.30,161.60,0.7560,-1,-1,-1
162,45,481.60,36.20,48.00,145.00,1.0000,-1,-1,-1
162,46,224.10,128.70,51.20,167.00,0.9990,-1,-1,-1
163,0,1222.00,30.00,62.20,119.60,1.0000,-1,-1,-1
163,1,1481.00,5.30,59.40,145.60,1.0000,-1,-1,-1
163,2,687.70,206.60,78.40,112.90,1.0000,-1,-1,-1
163,3,1708.40,457.90,100.20,206.60,1.0000,-1,-1,-1
163,4,310.20,370.20,68.20,210.60,1.0000,-1,-1,-1
163,7,298.70,217.50,58.50,177.20,1.0000,-1,-1,-1
163,9,803.50,145.90,55.90,170.90,1.0000,-1,-1,-1
163,16,1613.60,145.60,68.40,185.00,1.0000,-1,-1,-1
163,17,562.70,111.70,52.20,178.30,1.0000,-1,-1,-1
163,18,363.80,529.90,98.20,251.20,1.0000,-1,-1,-1
163,23,1575.20,588.50,96.70,237.40,1.0000,-1,-1,-1
163,25,487.80,129.50,45.80,181.00,1.0000,-1,-1,-1
163,29,360.50,113.90,49.00,171.60,1.0000,-1,-1,-1
163,31,246.20,201.10,60.50,196.30,1.0000,-1,-1,-1
163,32,749.50,79.40,50.90,158.70,1.0000,-1,-1,-1
163,36,421.90,144.10,62.90,163.40,1.0000,-1,-1,-1
163,38,406.10,22.20,53.60,162.40,1.0000,-1,-1,-1
163,39,1342.30,831.30,98.50,249.70,1.0000,-1,-1,-1
163,40,1054.90,1.00,61.60,99.20,1.0000,-1,-1,-1
163,41,1257.90,854.30,89.70,226.70,1.0000,-1,-1,-1
163,42,1488.40,138.40,52.90,177.30,1.0000,-1,-1,-1
163,44,823.30,921.10,82.00,159.90,0.7380,-1,-1,-1
163,45,481.70,35.90,47.70,147.20,1.0000,-1,-1,-1
163,46,224.30,130.40,52.10,167.20,1.0000,-1,-1,-1
164,0,1222.00,30.10,61.90,119.10,1.0000,-1,-1,-1
164,1,1481.60,5.50,59.40,146.30,1.0000,-1,-1,-1
164,2,687.90,206.70,78.40,112.50,1.0000,-1,-1,-1
164,3,1709.40,457.00,98.70,207.70,1.0000,-1,-1,-1
164,4,310.40,373.40,66.30,207.60,1.0000,-1,-1,-1
164,7,300.50,216.50,57.50,177.50,1.0000,-1,-1,-1
164,9,803.30,145.10,55.20,171.20,1.0000,-1,-1,-1
164,16,1613.40,145.10,68.30,183.70,1.0000,-1,-1,-1
164,17,563.10,111.60,51.90,177.90,1.0000,-1,-1,-1
164,18,366.30,531.60,95.80,251.70,1.0000,-1,-1,-1
164,23,1576.00,589.80,95.80,235.80,1.0000,-1,-1,-1
164,25,488.20,132.20,46.70,179.70,1.0000,-1,-1,-1
164,29,361.10,114.50,49.10,170.40,1.0000,-1,-1,-1
164,31,247.00,201.40,60.20,195.70,1.0000,-1,-1,-1
164,32,749.50,78.90,51.10,159.00,1.0000,-1,-1,-1
164,36,422.40,145.40,62.60,164.30,1.0000,-1,-1,-1
164,38,406.10,22.10,54.70,163.10,1.0000,-1,-1,-1
164,39,1336.70,825.90,102.80,255.10,1.0000,-1,-1,-1
164,40,1051.50,1.00,61.70,99.90,1.0000,-1,-1,-1
164,41,1255.70,853.00,87.80,228.00,1.0000,-1,-1,-1
164,42,1488.90,134.90,53.10,178.70,1.0000,-1,-1,-1
164,44,822.40,922.70,82.90,158.30,0.7100,-1,-1,-1
164,45,481.40,35.90,48.40,145.50,1.0000,-1,-1,-1
164,46,224.90,132.40,51.90,165.20,1.0000,-1,-1,-1
165,0,1221.40,29.30,62.40,120.00,1.0000,-1,-1,-1
165,1,1481.50,5.50,59.20,147.00,1.0000,-1,-1,-1
165,2,687.00,206.70,79.40,112.80,1.0000,-1,-1,-1
165,3,1711.20,454.90,97.60,213.20,1.0000,-1,-1,-1
165,4,309.10,376.90,67.40,206.10,1.0000,-1,-1,-1
165,7,300.40,214.70,59.20,180.40,1.0000,-1,-1,-1
165,9,803.70,145.70,53.80,170.20,1.0000,-1,-1,-1
165,16,1612.20,144.70,69.30,182.80,1.0000,-1,-1,-1
165,17,563.20,112.10,51.40,177.80,1.0000,-1,-1,-1
165,18,370.60,531.80,92.00,251.00,1.0000,-1,-1,-1
165,23,1575.80,589.50,96.20,235.30,1.0000,-1,-1,-1
165,25,487.50,132.10,46.60,181.60,1.0000,-1,-1,-1
165,29,361.00,113.90,49.70,172.60,1.0000,-1,-1,-1
165,31,248.60,201.20,59.40,197.90,1.0000,-1,-1,-1
165,32,749.70,79.40,50.20,158.10,1.0000,-1,-1,-1
165,36,421.70,144.90,63.70,166.70,1.0000,-1,-1,-1
165,38,406.20,21.10,55.80,161.40,1.0000,-1,-1,-1
165,39,1332.00,821.40,101.90,259.60,1.0000,-1,-1,-1
165,40,1049.50,1.00,61.50,99.50,1.0000,-1,-1,-1
165,41,1254.70,851.40,86.50,229.60,1.0000,-1,-1,-1
165,42,1486.90,135.90,54.10,179.00,1.0000,-1,-1,-1
165,45,480.20,32.00,48.10,144.10,1.0000,-1,-1,-1
165,46,224.00,134.40,53.30,162.10,1.0000,-1,-1,-1
165,44,820.80,924.40,83.10,156.60,0.4980,-1,-1,-1
166,0,1221.50,30.00,62.00,119.80,1.0000,-1,-1,-1
166,1,1481.80,6.10,59.40,146.10,1.0000,-1,-1,-1
166,2,687.30,206.50,78.90,112.50,1.0000,-1,-1,-1
166,3,1710.00,457.10,99.00,207.80,1.0000,-1,-1,-1
166,4,308.30,377.20,68.40,208.50,1.0000,-1,-1,-1
166,7,301.00,213.70,58.40,180.80,1.0000,-1,-1,-1
166,9,803.50,144.90,53.60,171.50,1.0000,-1,-1,-1
166,16,1611.00,143.90,70.50,182.00,1.0000,-1,-1,-1
166,17,562.10,111.40,53.30,178.00,1.0000,-1,-1,-1
166,18,373.60,531.50,88.20,253.70,1.0000,-1,-1,-1
166,23,1574.60,588.70,96.90,235.20,1.0000,-1,-1,-1
166,25,487.60,132.00,47.60,184.80,1.0000,-1,-1,-1
166,29,360.70,115.50,49.70,171.50,1.0000,-1,-1,-1
166,31,248.20,201.10,61.70,198.00,1.0000,-1,-1,-1
166,32,749.00,78.90,51.60,158.10,1.0000,-1,-1,-1
166,36,422.00,146.30,63.60,165.70,1.0000,-1,-1,-1
166,38,406.40,19.70,56.20,164.20,1.0000,-1,-1,-1
166,39,1329.10,820.60,99.80,260.40,1.0000,-1,-1,-1
166,40,1045.90,1.00,62.90,95.00,1.0000,-1,-1,-1
166,41,1251.50,847.40,88.10,233.60,1.0000,-1,-1,-1
166,42,1485.50,136.50,53.00,178.40,1.0000,-1,-1,-1
166,44,825.20,923.30,78.60,157.70,0.7110,-1,-1,-1
166,45,480.50,30.30,47.90,140.50,1.0000,-1,-1,-1
166,46,224.40,133.30,54.30,165.10,1.0000,-1,-1,-1
167,0,1221.20,30.00,62.40,118.90,1.0000,-1,-1,-1
167,1,1481.70,6.90,59.20,145.30,1.0000,-1,-1,-1
167,2,687.50,206.60,78.40,112.90,1.0000,-1,-1,-1
167,3,1711.90,454.10,97.50,212.60,1.0000,-1,-1,-1
167,4,305.80,376.70,70.60,212.00,1.0000,-1,-1,-1
167,7,300.90,212.10,59.00,181.20,1.0000,-1,-1,-1
167,9,803.70,145.40,52.60,172.10,1.0000,-1,-1,-1
167,16,1610.10,141.90,69.70,181.90,1.0000,-1,-1,-1
167,17,562.70,111.20,53.30,178.40,1.0000,-1,-1,-1
167,18,374.80,531.80,87.50,257.50,1.0000,-1,-1,-1
167,23,1575.50,590.00,95.70,233.40,1.0000,-1,-1,-1
167,25,486.70,134.90,48.50,183.00,1.0000,-1,-1,-1
167,29,360.90,112.00,50.00,174.80,1.0000,-1,-1,-1
167,31,249.70,198.70,61.20,201.00,1.0000,-1,-1,-1
167,32,749.40,79.00,50.80,157.30,1.0000,-1,-1,-1
167,36,422.40,148.70,62.60,164.70,1.0000,-1,-1,-1
167,38,407.30,20.60,56.20,165.70,1.0000,-1,-1,-1
167,39,1327.10,817.70,98.80,263.30,1.0000,-1,-1,-1
167,40,1042.50,1.40,64.10,94.30,1.0000,-1,-1,-1
167,41,1250.20,837.70,87.10,243.30,1.0000,-1,-1,-1
167,42,1483.90,134.70,54.50,179.90,1.0000,-1,-1,-1
167,45,480.30,30.70,48.10,138.70,1.0000,-1,-1,-1
167,46,224.90,133.10,54.10,165.20,1.0000,-1,-1,-1
167,44,825.30,924.40,78.80,156.60,0.4460,-1,-1,-1
168,0,1221.50,30.30,62.10,117.60,1.0000,-1,-1,-1
168,1,1481.60,6.90,59.10,145.30,1.0000,-1,-1,-1
168,2,687.00,206.40,79.60,113.10,1.0000,-1,-1,-1
168,3,1710.30,456.80,98.40,208.20,1.0000,-1,-1,-1
168,4,304.40,377.50,71.20,212.40,1.0000,-1,-1,-1
168,7,300.70,211.80,59.10,181.30,1.0000,-1,-1,-1
168,9,802.70,145.00,52.40,173.40,1.0000,-1,-1,-1
168,16,1609.20,140.90,69.50,183.30,1.0000,-1,-1,-1
168,17,563.10,111.20,52.70,179.40,1.0000,-1,-1,-1
168,18,377.50,534.70,82.80,250.50,1.0000,-1,-1,-1
168,23,1575.60,589.10,95.40,233.80,1.0000,-1,-1,-1
168,25,487.40,135.50,49.50,183.20,1.0000,-1,-1,-1
168,29,360.10,114.40,50.20,172.40,1.0000,-1,-1,-1
168,31,251.10,200.30,60.00,197.70,1.0000,-1,-1,-1
168,32,749.70,79.90,50.60,155.50,1.0000,-1,-1,-1
168,36,422.40,150.00,62.00,164.20,1.0000,-1,-1,-1
168,38,407.10,19.80,57.20,166.70,1.0000,-1,-1,-1
168,39,1320.20,816.90,102.30,264.10,1.0000,-1,-1,-1
168,40,1038.50,2.00,65.90,93.80,1.0000,-1,-1,-1
168,41,1248.00,840.20,85.30,240.80,1.0000,-1,-1,-1
168,42,1483.70,132.60,54.40,181.80,1.0000,-1,-1,-1
168,44,824.90,924.50,80.30,156.50,0.6220,-1,-1,-1
168,45,479.70,30.10,47.20,137.10,1.0000,-1,-1,-1
168,46,225.50,134.90,54.10,161.60,1.0000,-1,-1,-1
169,0,1221.60,29.90,62.00,118.80,1.0000,-1,-1,-1
169,1,1481.60,6.20,59.60,144.80,1.0000,-1,-1,-1
169,2,686.80,206.40,79.70,113.50,1.0000,-1,-1,-1
169,3,1710.20,454.60,100.40,212.40,1.0000,-1,-1,-1
169,4,303.50,377.20,71.20,213.30,1.0000,-1,-1,-1
169,7,302.70,212.80,58.60,179.50,1.0000,-1,-1,-1
169,9,802.70,144.30,52.80,174.50,1.0000,-1,-1,-1
169,16,1608.20,141.60,69.80,180.60,1.0000,-1,-1,-1
169,17,562.10,112.20,53.50,178.00,1.0000,-1,-1,-1
169,18,378.90,535.30,79.70,249.20,1.0000,-1,-1,-1
169,23,1574.80,589.50,96.60,233.70,1.0000,-1,-1,-1
169,25,488.10,134.40,47.60,184.40,1.0000,-1,-1,-1
169,29,360.40,112.50,50.40,172.50,1.0000,-1,-1,-1
169,31,250.20,198.00,61.80,197.80,1.0000,-1,-1,-1
169,32,749.50,79.40,50.40,156.40,1.0000,-1,-1,-1
169,36,422.30,151.20,62.90,164.00,1.0000,-1,-1,-1
169,38,407.70,18.60,57.00,165.50,1.0000,-1,-1,-1
169,39,1321.30,813.80,102.60,267.20,1.0000,-1,-1,-1
169,40,1036.00,1.90,65.50,92.90,1.0000,-1,-1,-1
169,41,1246.00,839.90,83.80,241.10,1.0000,-1,-1,-1
169,42,1482.00,132.80,54.40,181.30,1.0000,-1,-1,-1
169,44,826.90,925.40,78.50,155.60,0.6980,-1,-1,-1
169,45,480.70,29.00,44.10,136.10,1.0000,-1,-1,-1
169,46,226.40,133.90,53.70,163.70,1.0000,-1,-1,-1
170,0,1221.40,29.80,62.10,118.60,1.0000,-1,-1,-1
170,1,1481.50,5.90,59.60,145.40,1.0000,-1,-1,-1
170,2,687.00,206.60,79.70,112.50,1.0000,-1,-1,-1
170,3,1711.50,454.70,98.50,212.80,1.0000,-1,-1,-1
170,4,302.30,377.20,71.20,214.70,1.0000,-1,-1,-1
170,7,303.50,212.60,57.70,180.50,1.0000,-1,-1,-1
170,9,802.60,142.70,52.00,175.60,1.0000,-1,-1,-1
170,16,1607.20,140.80,69.80,181.00,1.0000,-1,-1,-1
170,17,561.20,111.30,54.60,178.20,1.0000,-1,-1,-1
170,18,380.90,536.00,77.30,247.80,1.0000,-1,-1,-1
170,23,1574.90,589.60,97.40,235.20,1.0000,-1,-1,-1
170,25,488.10,135.10,47.20,184.00,1.0000,-1,-1,-1
170,29,360.20,112.20,50.20,173.30,1.0000,-1,-1,-1
170,31,250.80,198.50,62.50,198.80,1.0000,-1,-1,-1
170,32,750.10,80.20,49.70,155.60,1.0000,-1,-1,-1
170,36,421.80,150.50,64.00,165.00,1.0000,-1,-1,-1
170,38,408.10,19.50,56.40,161.80,1.0000,-1,-1,-1
170,39,1316.60,807.80,105.60,273.20,1.0000,-1,-1,-1
170,40,1034.00,2.60,65.80,91.30,1.0000,-1,-1,-1
170,41,1243.70,831.20,86.60,249.80,1.0000,-1,-1,-1
170,42,1481.00,135.60,53.00,176.90,1.0000,-1,-1,-1
170,45,480.40,27.70,44.90,136.20,1.0000,-1,-1,-1
170,46,227.00,133.70,52.90,164.30,1.0000,-1,-1,-1
170,44,827.40,926.30,80.00,154.70,0.5820,-1,-1,-1
171,0,1221.40,29.90,62.20,118.60,1.0000,-1,-1,-1
171,1,1481.80,6.40,58.90,143.90,1.0000,-1,-1,-1
171,2,687.20,206.60,79.10,113.40,1.0000,-1,-1,-1
171,3,1710.70,455.90,96.90,209.50,1.0000,-1,-1,-1
171,4,301.00,378.00,71.70,214.10,1.0000,-1,-1,-1
171,7,304.20,212.00,58.30,181.60,1.0000,-1,-1,-1
171,9,802.60,142.00,51.60,177.50,1.0000,-1,-1,-1
171,16,1606.60,140.10,70.70,182.30,1.0000,-1,-1,-1
171,17,561.50,111.40,53.90,177.60,1.0000,-1,-1,-1
171,18,381.80,536.00,76.20,249.70,1.0000,-1,-1,-1
171,23,1573.80,588.80,98.50,236.20,1.0000,-1,-1,-1
171,25,487.90,134.70,46.40,185.90,1.0000,-1,-1,-1
171,29,360.40,112.40,49.20,172.50,1.0000,-1,-1,-1
171,31,251.70,198.40,62.50,198.40,1.0000,-1,-1,-1
171,32,750.40,80.70,49.20,154.80,1.0000,-1,-1,-1
171,36,421.00,149.20,65.50,165.90,1.0000,-1,-1,-1
171,38,409.10,21.70,56.60,159.10,1.0000,-1,-1,-1
171,39,1319.40,815.00,98.00,266.00,1.0000,-1,-1,-1
171,40,1031.60,2.40,66.20,91.90,1.0000,-1,-1,-1
171,41,1240.50,835.70,85.20,245.30,1.0000,-1,-1,-1
171,42,1480.10,135.30,52.70,177.60,1.0000,-1,-1,-1
171,45,479.20,26.50,46.50,139.30,1.0000,-1,-1,-1
171,46,226.70,134.40,53.20,163.60,1.0000,-1,-1,-1
171,44,828.20,929.10,81.50,151.90,0.5290,-1,-1,-1
172,0,1221.50,30.20,62.40,118.10,1.0000,-1,-1,-1
172,1,1482.00,6.00,59.00,145.30,1.0000,-1,-1,-1
172,2,687.20,206.40,79.20,113.20,1.0000,-1,-1,-1
172,3,1711.80,457.00,95.70,207.50,1.0000,-1,-1,-1
172,4,300.30,378.60,71.90,214.40,1.0000,-1,-1,-1
172,7,303.90,211.70,59.10,181.80,1.0000,-1,-1,-1
172,9,801.70,140.50,51.20,177.40,1.0000,-1,-1,-1
172,16,1606.20,139.40,70.20,182.40,1.0000,-1,-1,-1
172,17,561.40,112.20,53.30,177.40,1.0000,-1,-1,-1
172,18,382.20,534.80,76.00,253.70,1.0000,-1,-1,-1
172,23,1575.10,588.90,96.50,235.70,1.0000,-1,-1,-1
172,25,486.80,137.70,47.80,184.70,1.0000,-1,-1,-1
172,29,360.50,112.50,48.90,172.70,1.0000,-1,-1,-1
172,31,252.50,199.70,62.60,196.90,1.0000,-1,-1,-1
172,32,750.20,80.40,49.90,155.30,1.0000,-1,-1,-1
172,36,421.00,148.30,65.80,166.50,1.0000,-1,-1,-1
172,38,408.40,21.90,57.40,161.50,1.0000,-1,-1,-1
172,39,1314.90,804.30,102.80,276.70,1.0000,-1,-1,-1
172,40,1029.90,2.00,66.70,91.40,1.0000,-1,-1,-1
172,41,1238.50,822.20,86.30,258.80,1.0000,-1,-1,-1
172,42,1479.50,135.80,52.80,173.50,1.0000,-1,-1,-1
172,44,827.40,928.00,83.60,153.00,0.6450,-1,-1,-1
172,45,479.70,26.90,45.90,141.80,1.0000,-1,-1,-1
172,46,227.70,134.10,52.00,162.00,1.0000,-1,-1,-1
173,0,1221.90,30.00,61.70,118.60,1.0000,-1,-1,-1
173,1,1482.10,6.20,59.10,145.00,1.0000,-1,-1,-1
173,2,687.30,206.50,79.00,113.10,1.0000,-1,-1,-1
173,3,1711.30,454.80,99.40,211.40,1.0000,-1,-1,-1
173,4,299.30,378.40,72.90,215.70,1.0000,-1,-1,-1
173,7,305.00,212.90,58.10,179.90,1.0000,-1,-1,-1
173,9,803.40,139.90,48.60,178.90,1.0000,-1,-1,-1
173,16,1604.40,140.30,70.00,184.10,1.0000,-1,-1,-1
173,17,562.20,111.30,52.90,177.00,1.0000,-1,-1,-1
173,18,382.50,535.90,74.10,252.90,1.0000,-1,-1,-1
173,23,1574.70,588.10,97.20,236.00,1.0000,-1,-1,-1
173,25,485.70,138.30,48.60,183.70,1.0000,-1,-1,-1
173,29,360.40,111.20,49.90,173.20,1.0000,-1,-1,-1
173,31,254.10,199.40,61.00,197.00,1.0000,-1,-1,-1
173,32,750.20,79.80,50.30,155.90,1.0000,-1,-1,-1
173,36,419.90,148.90,67.20,165.60,1.0000,-1,-1,-1
173,38,408.40,22.20,57.20,161.80,1.0000,-1,-1,-1
173,39,1315.80,807.00,94.40,274.00,1.0000,-1,-1,-1
173,40,1026.90,1.30,67.00,91.40,1.0000,-1,-1,-1
173,41,1233.60,823.60,88.90,257.40,1.0000,-1,-1,-1
173,42,1479.10,134.80,53.40,174.30,1.0000,-1,-1,-1
173,44,828.90,927.90,83.10,153.10,0.6290,-1,-1,-1
173,45,479.50,26.20,43.90,136.90,1.0000,-1,-1,-1
173,46,227.10,134.40,52.30,163.80,1.0000,-1,-1,-1
174,0,1221.60,30.30,61.90,118.00,1.0000,-1,-1,-1
174,1,1482.40,6.30,58.60,146.10,1.0000,-1,-1,-1
174,2,687.20,206.40,79.20,113.70,1.0000,-1,-1,-1
174,3,1710.60,457.50,98.20,206.00,1.0000,-1,-1,-1
174,4,299.40,378.90,73.90,215.40,1.0000,-1,-1,-1
174,7,304.80,212.10,57.20,180.40,1.0000,-1,-1,-1
174,9,802.90,139.30,48.40,180.30,1.0000,-1,-1,-1
174,16,1604.00,140.90,70.90,182.70,1.0000,-1,-1,-1
174,17,561.90,110.30,53.60,178.70,1.0000,-1,-1,-1
174,18,383.70,536.70,72.80,253.20,1.0000,-1,-1,-1
174,23,1574.90,588.80,97.70,236.60,1.0000,-1,-1,-1
174,25,485.60,137.60,48.00,184.20,1.0000,-1,-1,-1
174,29,360.30,109.10,49.70,175.30,1.0000,-1,-1,-1
174,31,254.90,199.40,60.10,195.70,1.0000,-1,-1,-1
174,32,749.80,78.50,50.40,157.70,1.0000,-1,-1,-1
174,36,417.30,150.00,71.10,164.50,1.0000,-1,-1,-1
174,38,408.60,23.10,57.10,161.20,1.0000,-1,-1,-1
174,39,1315.80,803.20,92.60,271.20,1.0000,-1,-1,-1
174,40,1022.60,1.70,65.40,90.70,1.0000,-1,-1,-1
174,41,1232.10,822.00,87.60,259.00,1.0000,-1,-1,-1
174,42,1477.80,135.30,52.00,171.90,1.0000,-1,-1,-1
174,44,831.40,928.50,81.90,152.50,0.7260,-1,-1,-1
174,45,477.40,26.00,45.40,141.50,1.0000,-1,-1,-1
174,46,226.70,134.20,53.00,163.80,1.0000,-1,-1,-1
175,0,1221.70,30.10,61.80,118.30,1.0000,-1,-1,-1
175,1,1482.00,6.50,58.60,145.80,1.0000,-1,-1,-1
175,2,687.10,206.50,79.30,113.40,1.0000,-1,-1,-1
175,3,1711.20,456.10,96.90,208.50,1.0000,-1,-1,-1
175,4,299.70,380.10,73.20,214.30,1.0000,-1,-1,-1
175,7,305.40,212.20,57.80,180.20,1.0000,-1,-1,-1
175,9,802.70,140.00,48.30,177.10,1.0000,-1,-1,-1
175,16,1604.10,140.50,70.90,182.70,1.0000,-1,-1,-1
175,17,562.20,110.00,52.80,178.80,1.0000,-1,-1,-1
175,18,384.10,537.60,70.20,251.40,1.0000,-1,-1,-1
175,23,1575.10,587.60,96.90,235.20,1.0000,-1,-1,-1
175,25,485.80,138.90,47.90,182.50,1.0000,-1,-1,-1
175,29,360.50,109.50,49.80,174.10,1.0000,-1,-1,-1
175,31,254.60,199.30,60.80,195.80,1.0000,-1,-1,-1
175,32,749.90,80.20,50.40,155.80,1.0000,-1,-1,-1
175,36,414.70,150.20,74.60,164.20,1.0000,-1,-1,-1
175,38,408.40,22.40,58.40,163.00,1.0000,-1,-1,-1
175,39,1312.80,800.50,94.60,268.10,1.0000,-1,-1,-1
175,40,1021.50,2.30,62.00,88.40,1.0000,-1,-1,-1
175,41,1230.20,821.50,87.90,259.50,1.0000,-1,-1,-1
175,42,1476.90,134.20,53.10,173.40,1.0000,-1,-1,-1
175,45,476.10,24.90,46.40,142.10,1.0000,-1,-1,-1
175,46,227.40,133.40,52.80,165.20,1.0000,-1,-1,-1
175,44,831.10,929.00,83.80,152.00,0.4860,-1,-1,-1
176,0,1221.60,29.90,62.00,118.00,1.0000,-1,-1,-1
176,1,1481.70,7.20,58.90,146.20,1.0000,-1,-1,-1
176,2,687.20,206.30,79.10,113.20,1.0000,-1,-1,-1
176,3,1711.70,456.50,95.40,208.00,1.0000,-1,-1,-1
176,4,297.80,380.60,74.40,214.40,1.0000,-1,-1,-1
176,7,306.20,211.40,57.20,180.90,1.0000,-1,-1,-1
176,9,802.40,139.40,46.80,177.30,1.0000,-1,-1,-1
176,16,1604.10,140.40,70.20,182.50,1.0000,-1,-1,-1
176,17,562.20,109.70,53.60,178.60,1.0000,-1,-1,-1
176,18,384.30,538.10,68.90,250.30,1.0000,-1,-1,-1
176,23,1574.40,587.90,97.90,236.30,1.0000,-1,-1,-1
176,25,485.80,138.70,47.30,182.80,1.0000,-1,-1,-1
176,29,360.40,111.50,49.60,171.80,1.0000,-1,-1,-1
176,31,254.20,199.10,60.40,195.60,1.0000,-1,-1,-1
176,32,750.00,79.50,50.40,156.60,1.0000,-1,-1,-1
176,36,415.40,151.20,73.30,163.40,1.0000,-1,-1,-1
176,38,408.90,23.90,57.50,164.70,1.0000,-1,-1,-1
176,39,1308.90,792.10,95.60,275.00,1.0000,-1,-1,-1
176,40,1016.90,1.60,62.70,89.70,1.0000,-1,-1,-1
176,41,1227.70,819.70,90.60,261.30,1.0000,-1,-1,-1
176,42,1477.70,132.10,52.00,175.20,1.0000,-1,-1,-1
176,45,475.50,23.70,46.50,144.50,1.0000,-1,-1,-1
176,46,227.30,132.50,52.90,167.00,1.0000,-1,-1,-1
176,44,833.20,928.10,81.60,152.90,0.2310,-1,-1,-1
177,0,1222.00,30.50,61.50,117.50,1.0000,-1,-1,-1
177,1,1482.30,6.10,58.50,148.10,1.0000,-1,-1,-1
177,2,686.80,206.40,79.70,113.00,1.0000,-1,-1,-1
177,3,1712.10,456.80,95.10,206.70,1.0000,-1,-1,-1
177,4,296.90,381.50,75.10,215.10,1.0000,-1,-1,-1
177,7,304.50,209.70,58.50,184.10,1.0000,-1,-1,-1
177,9,802.70,139.20,47.20,176.70,1.0000,-1,-1,-1
177,16,1603.40,140.20,69.40,182.40,1.0000,-1,-1,-1
177,17,562.40,108.10,53.80,180.20,1.0000,-1,-1,-1
177,18,385.30,542.40,68.00,246.00,1.0000,-1,-1,-1
177,23,1574.20,587.80,97.00,235.80,1.0000,-1,-1,-1
177,25,484.80,140.90,47.60,182.10,1.0000,-1,-1,-1
177,29,359.70,108.90,50.60,174.20,1.0000,-1,-1,-1
177,31,256.20,199.10,59.00,196.20,1.0000,-1,-1,-1
177,32,750.20,81.00,50.10,155.10,1.0000,-1,-1,-1
177,36,414.80,151.10,74.20,165.30,1.0000,-1,-1,-1
177,38,408.80,24.60,58.20,164.00,1.0000,-1,-1,-1
177,39,1308.90,789.60,92.00,271.00,1.0000,-1,-1,-1
177,40,1014.00,1.00,61.70,88.40,1.0000,-1,-1,-1
177,41,1223.60,817.70,92.30,261.50,1.0000,-1,-1,-1
177,42,1476.40,130.60,51.30,174.90,1.0000,-1,-1,-1
177,45,476.10,23.70,44.60,140.10,1.0000,-1,-1,-1
177,46,227.80,133.70,52.70,166.10,1.0000,-1,-1,-1
177,44,837.70,929.70,77.50,151.30,0.4270,-1,-1,-1
178,0,1221.60,30.30,62.00,118.00,1.0000,-1,-1,-1
178,1,1481.80,6.00,58.30,147.30,1.0000,-1,-1,-1
178,2,687.00,206.50,79.80,113.80,1.0000,-1,-1,-1
178,3,1710.90,456.40,97.10,207.40,1.0000,-1,-1,-1
178,4,296.00,382.80,75.40,215.30,1.0000,-1,-1,-1
178,7,305.40,210.50,57.80,179.80,1.0000,-1,-1,-1
178,9,803.20,139.20,47.40,175.30,1.0000,-1,-1,-1
178,16,1603.60,139.30,68.80,182.70,1.0000,-1,-1,-1
178,17,561.80,108.90,53.20,179.50,1.0000,-1,-1,-1
178,18,386.60,545.10,67.60,242.80,1.0000,-1,-1,-1
178,23,1573.80,587.50,98.30,235.40,1.0000,-1,-1,-1
178,25,485.10,140.40,47.60,182.50,1.0000,-1,-1,-1
178,29,359.50,109.20,50.60,173.50,1.0000,-1,-1,-1
178,31,256.90,199.40,58.70,194.60,1.0000,-1,-1,-1
178,32,750.00,81.30,50.10,155.40,1.0000,-1,-1,-1
178,36,413.40,154.30,75.50,164.00,1.0000,-1,-1,-1
178,38,409.00,25.60,58.90,162.20,1.0000,-1,-1,-1
178,39,1306.40,787.20,91.50,267.90,1.0000,-1,-1,-1
178,40,1009.00,1.00,62.80,87.00,1.0000,-1,-1,-1
178,41,1223.30,820.00,88.60,254.00,1.0000,-1,-1,-1
178,42,1476.70,128.70,50.10,177.00,1.0000,-1,-1,-1
178,45,475.20,21.00,44.80,142.60,1.0000,-1,-1,-1
178,46,228.60,134.20,52.00,164.00,1.0000,-1,-1,-1
178,44,840.40,931.00,76.00,150.00,0.3680,-1,-1,-1
179,0,1221.60,30.20,61.60,117.60,1.0000,-1,-1,-1
179,1,1482.00,6.60,58.00,147.10,1.0000,-1,-1,-1
179,2,686.70,206.50,80.20,112.70,1.0000,-1,-1,-1
179,3,1711.30,456.60,97.70,208.20,1.0000,-1,-1,-1
179,4,294.70,383.80,76.20,217.50,1.0000,-1,-1,-1
179,7,304.80,208.70,59.20,180.80,1.0000,-1,-1,-1
179,9,802.50,138.60,47.40,174.80,1.0000,-1,-1,-1
179,16,1604.20,137.20,66.70,183.20,1.0000,-1,-1,-1
179,17,562.30,108.10,54.40,181.10,1.0000,-1,-1,-1
179,18,387.10,546.10,68.00,242.50,1.0000,-1,-1,-1
179,23,1573.10,587.50,99.00,235.70,1.0000,-1,-1,-1
179,25,484.50,141.80,46.90,180.40,1.0000,-1,-1,-1
179,29,359.60,109.80,50.50,172.50,1.0000,-1,-1,-1
179,31,257.90,198.20,58.50,197.20,1.0000,-1,-1,-1
179,32,749.90,81.00,50.00,155.40,1.0000,-1,-1,-1
179,36,412.40,155.50,76.50,164.00,1.0000,-1,-1,-1
179,38,409.40,27.60,58.30,161.60,1.0000,-1,-1,-1
179,39,1305.60,784.90,87.70,266.40,1.0000,-1,-1,-1
179,40,1005.60,1.00,66.80,89.10,1.0000,-1,-1,-1
179,41,1219.10,818.20,91.40,258.20,1.0000,-1,-1,-1
179,42,1475.70,129.90,51.40,174.20,1.0000,-1,-1,-1
179,45,474.30,22.10,45.00,140.50,1.0000,-1,-1,-1
179,46,229.10,133.70,51.10,163.20,1.0000,-1,-1,-1
179,44,844.60,932.60,72.40,148.40,0.5170,-1,-1,-1
180,0,1221.20,30.00,62.40,118.30,1.0000,-1,-1,-1
180,1,1481.90,5.90,57.90,147.80,1.0000,-1,-1,-1
180,2,687.20,206.20,79.30,113.90,1.0000,-1,-1,-1
180,3,1711.50,455.90,95.40,209.20,1.0000,-1,-1,-1
180,4,295.00,385.80,75.20,219.00,1.0000,-1,-1,-1
180,7,306.40,208.60,58.10,179.80,1.0000,-1,-1,-1
180,9,801.10,139.10,47.70,175.00,1.0000,-1,-1,-1
180,16,1602.60,135.50,67.20,183.80,1.0000,-1,-1,-1
180,17,561.60,109.70,54.00,179.10,1.0000,-1,-1,-1
180,18,387.40,545.10,68.50,244.00,1.0000,-1,-1,-1
180,23,1574.00,588.00,98.70,235.20,1.0000,-1,-1,-1
180,25,483.40,144.10,49.20,179.80,1.0000,-1,-1,-1
180,29,359.60,108.70,50.30,173.70,1.0000,-1,-1,-1
180,31,257.70,197.30,58.60,196.00,1.0000,-1,-1,-1
180,32,749.60,79.90,50.70,155.40,1.0000,-1,-1,-1
180,36,411.30,156.90,78.00,165.10,1.0000,-1,-1,-1
180,38,410.60,28.80,59.70,162.20,1.0000,-1,-1,-1
180,39,1302.40,785.00,86.80,276.80,1.0000,-1,-1,-1
180,40,1004.30,1.00,66.40,89.70,1.0000,-1,-1,-1
180,41,1213.40,816.80,92.10,257.70,1.0000,-1,-1,-1
180,42,1475.20,128.20,51.20,174.20,1.0000,-1,-1,-1
180,45,473.20,23.90,44.40,138.10,1.0000,-1,-1,-1
180,46,228.90,133.20,51.70,165.10,0.9990,-1,-1,-1
180,44,847.80,934.50,72.50,146.50,0.2850,-1,-1,-1
181,0,1221.40,29.80,61.80,118.60,1.0000,-1,-1,-1
181,1,1482.00,5.70,57.30,147.60,1.0000,-1,-1,-1
181,2,686.70,206.30,80.10,113.90,1.0000,-1,-1,-1
181,3,1710.60,456.50,95.60,207.30,1.0000,-1,-1,-1
181,4,295.10,388.30,74.30,217.20,1.0000,-1,-1,-1
181,7,306.60,210.00,58.40,176.40,1.0000,-1,-1,-1
181,9,801.30,139.50,48.10,173.90,1.0000,-1,-1,-1
181,16,1602.80,132.00,66.10,185.00,1.0000,-1,-1,-1
181,17,561.10,110.00,54.80,178.40,1.0000,-1,-1,-1
181,18,389.50,544.80,65.50,245.10,1.0000,-1,-1,-1
181,23,1574.50,588.30,99.00,236.00,1.0000,-1,-1,-1
181,25,482.50,147.30,49.40,178.70,1.0000,-1,-1,-1
181,29,359.20,108.00,50.60,173.90,1.0000,-1,-1,-1
181,31,258.90,196.30,57.70,196.80,1.0000,-1,-1,-1
181,32,750.00,81.30,49.40,153.70,1.0000,-1,-1,-1
181,36,411.80,158.10,77.70,166.70,1.0000,-1,-1,-1
181,38,410.80,27.90,59.50,160.60,1.0000,-1,-1,-1
181,39,1298.00,782.00,89.10,278.60,1.0000,-1,-1,-1
181,40,1001.10,1.80,67.40,89.70,1.0000,-1,-1,-1
181,41,1211.60,811.10,89.60,266.50,1.0000,-1,-1,-1
181,42,1475.00,125.30,52.20,175.50,1.0000,-1,-1,-1
181,45,473.40,24.80,45.50,135.20,1.0000,-1,-1,-1
181,46,229.10,134.90,52.40,164.50,0.9990,-1,-1,-1
181,44,848.20,933.30,76.80,147.70,0.1010,-1,-1,-1
182,0,1221.60,30.10,61.80,118.60,1.0000,-1,-1,-1
182,1,1481.60,6.30,57.30,146.30,1.0000,-1,-1,-1
182,2,686.40,206.60,80.50,113.20,1.0000,-1,-1,-1
182,3,1710.20,456.10,97.50,207.90,1.0000,-1,-1,-1
182,4,295.10,390.90,74.20,215.80,1.0000,-1,-1,-1
182,7,306.00,208.80,58.80,177.90,1.0000,-1,-1,-1
182,9,801.60,138.70,47.10,174.80,1.0000,-1,-1,-1
182,16,1603.20,131.30,67.60,180.90,1.0000,-1,-1,-1
182,17,560.90,111.10,55.40,178.20,1.0000,-1,-1,-1
182,18,390.50,542.80,66.10,246.60,1.0000,-1,-1,-1
182,23,1574.50,588.80,98.30,235.30,1.0000,-1,-1,-1
182,25,482.20,146.60,49.60,180.80,1.0000,-1,-1,-1
182,29,359.80,109.80,50.80,172.30,1.0000,-1,-1,-1
182,31,258.20,196.10,58.00,197.60,1.0000,-1,-1,-1
182,32,750.10,81.60,49.30,154.00,1.0000,-1,-1,-1
182,36,410.90,159.60,78.20,166.70,1.0000,-1,-1,-1
182,38,410.50,27.60,60.00,160.90,1.0000,-1,-1,-1
182,39,1290.90,781.40,95.30,272.30,1.0000,-1,-1,-1
182,40,999.50,2.50,64.80,89.30,1.0000,-1,-1,-1
182,41,1206.00,804.10,91.80,271.30,1.0000,-1,-1,-1
182,42,1475.30,123.00,52.10,178.70,1.0000,-1,-1,-1
182,45,472.90,25.10,46.30,135.20,1.0000,-1,-1,-1
182,46,229.90,134.00,51.10,165.40,0.9990,-1,-1,-1
182,44,849.40,933.70,77.00,147.30,0.0690,-1,-1,-1
183,0,1221.90,30.10,61.60,118.90,1.0000,-1,-1,-1
183,1,1481.20,6.80,57.40,145.70,1.0000,-1,-1,-1
183,2,686.80,206.10,79.90,113.60,1.0000,-1,-1,-1
183,3,1710.90,455.00,97.00,210.30,1.0000,-1,-1,-1
183,4,295.30,393.30,74.60,215.10,1.0000,-1,-1,-1
183,7,306.30,208.10,59.10,177.80,1.0000,-1,-1,-1
183,9,800.70,139.10,47.60,172.50,1.0000,-1,-1,-1
183,16,1602.10,128.40,68.00,180.90,1.0000,-1,-1,-1
183,17,559.40,110.80,56.20,177.40,1.0000,-1,-1,-1
183,18,391.20,544.60,66.70,244.90,1.0000,-1,-1,-1
183,23,1574.60,587.60,99.40,236.60,1.0000,-1,-1,-1
183,25,481.60,146.90,50.40,181.90,1.0000,-1,-1,-1
183,29,360.00,109.70,49.80,172.70,1.0000,-1,-1,-1
183,31,259.70,197.20,56.10,195.30,1.0000,-1,-1,-1
183,32,749.60,80.50,50.10,154.90,1.0000,-1,-1,-1
183,36,411.50,160.30,77.00,166.80,1.0000,-1,-1,-1
183,38,411.60,28.80,61.10,159.30,1.0000,-1,-1,-1
183,39,1290.30,778.90,92.40,274.90,1.0000,-1,-1,-1
183,40,996.20,2.60,66.10,87.40,1.0000,-1,-1,-1
183,41,1203.30,801.40,90.40,270.80,1.0000,-1,-1,-1
183,42,1475.00,119.90,53.50,179.70,1.0000,-1,-1,-1
183,45,472.10,24.70,44.60,134.70,1.0000,-1,-1,-1
183,46,230.30,133.80,51.60,165.00,1.0000,-1,-1,-1
183,44,849.10,934.20,78.00,146.80,0.0660,-1,-1,-1
184,0,1221.40,30.40,62.50,118.50,1.0000,-1,-1,-1
184,1,1481.00,6.30,57.20,145.50,1.0000,-1,-1,-1
184,2,687.00,206.20,79.40,114.10,1.0000,-1,-1,-1
184,3,1712.10,456.70,94.80,206.80,1.0000,-1,-1,-1
184,4,294.90,394.20,75.40,217.10,1.0000,-1,-1,-1
184,7,306.50,206.20,59.20,179.60,1.0000,-1,-1,-1
184,9,800.80,139.60,47.00,172.20,1.0000,-1,-1,-1
184,16,1601.30,127.30,69.20,182.30,1.0000,-1,-1,-1
184,17,558.60,110.60,56.70,178.20,1.0000,-1,-1,-1
184,18,391.00,544.10,71.10,244.50,1.0000,-1,-1,-1
184,23,1574.20,588.90,100.60,236.50,1.0000,-1,-1,-1
184,25,481.00,151.20,50.30,180.30,1.0000,-1,-1,-1
184,29,360.50,108.70,49.80,175.80,1.0000,-1,-1,-1
184,31,260.70,195.90,56.40,196.70,1.0000,-1,-1,-1
184,32,750.20,81.40,49.30,154.20,1.0000,-1,-1,-1
184,36,412.20,164.30,74.90,163.90,1.0000,-1,-1,-1
184,38,411.90,30.10,61.90,160.20,1.0000,-1,-1,-1
184,39,1289.10,776.40,89.80,276.00,1.0000,-1,-1,-1
184,40,984.00,2.20,77.30,88.10,1.0000,-1,-1,-1
184,41,1203.50,797.30,89.80,270.10,1.0000,-1,-1,-1
184,42,1474.60,121.50,54.40,177.40,1.0000,-1,-1,-1
184,45,471.50,22.90,44.90,137.40,1.0000,-1,-1,-1
184,46,231.10,135.00,51.30,163.70,1.0000,-1,-1,-1
185,0,1221.50,30.30,62.30,118.70,1.0000,-1,-1,-1
185,1,1481.10,6.70,57.20,145.00,1.0000,-1,-1,-1
185,2,687.00,206.30,79.50,113.30,1.0000,-1,-1,-1
185,3,1712.10,455.40,95.80,208.60,1.0000,-1,-1,-1
185,4,294.70,396.60,76.70,218.90,1.0000,-1,-1,-1
185,7,307.00,207.60,59.00,176.20,1.0000,-1,-1,-1
185,9,800.20,138.60,47.30,172.20,1.0000,-1,-1,-1
185,16,1601.00,125.10,68.90,184.10,1.0000,-1,-1,-1
185,17,556.40,111.00,58.20,178.00,1.0000,-1,-1,-1
185,18,391.30,546.20,72.50,240.10,1.0000,-1,-1,-1
185,23,1573.20,587.90,101.80,237.40,1.0000,-1,-1,-1
185,25,481.30,151.30,50.20,179.30,1.0000,-1,-1,-1
185,29,360.10,110.40,50.70,174.00,1.0000,-1,-1,-1
185,31,260.30,194.80,56.20,198.00,1.0000,-1,-1,-1
185,32,749.70,80.30,49.70,156.10,1.0000,-1,-1,-1
185,36,411.20,165.10,76.50,166.50,1.0000,-1,-1,-1
185,38,412.20,30.50,61.80,162.00,1.0000,-1,-1,-1
185,39,1287.30,772.90,89.60,279.30,1.0000,-1,-1,-1
185,40,981.90,2.60,80.10,84.70,0.9980,-1,-1,-1
185,41,1197.70,797.00,92.70,265.80,1.0000,-1,-1,-1
185,42,1474.90,119.50,53.30,180.00,1.0000,-1,-1,-1
185,45,471.30,21.90,45.30,145.50,1.0000,-1,-1,-1
185,46,231.60,133.70,50.90,167.00,1.0000,-1,-1,-1
186,0,1221.70,30.00,61.60,119.00,1.0000,-1,-1,-1
186,1,1480.90,7.50,57.50,144.60,1.0000,-1,-1,-1
186,2,686.60,206.10,80.10,113.40,1.0000,-1,-1,-1
186,3,1712.10,454.70,96.10,210.90,1.0000,-1,-1,-1
186,4,295.80,397.60,76.80,218.70,1.0000,-1,-1,-1
186,7,307.10,207.20,59.40,177.00,1.0000,-1,-1,-1
186,9,800.50,138.40,46.60,171.00,1.0000,-1,-1,-1
186,16,1600.90,123.20,67.50,184.40,1.0000,-1,-1,-1
186,17,554.60,111.50,59.40,178.10,1.0000,-1,-1,-1
186,18,391.10,546.20,74.70,241.00,1.0000,-1,-1,-1
186,23,1573.60,589.30,101.90,237.40,1.0000,-1,-1,-1
186,25,481.60,156.80,50.20,177.40,1.0000,-1,-1,-1
186,29,360.40,110.40,50.00,174.00,1.0000,-1,-1,-1
186,31,259.60,195.60,56.70,195.90,1.0000,-1,-1,-1
186,32,749.70,80.60,49.80,155.50,1.0000,-1,-1,-1
186,36,412.10,166.90,74.20,163.50,1.0000,-1,-1,-1
186,38,412.20,32.40,62.70,161.70,1.0000,-1,-1,-1
186,39,1284.60,772.90,89.60,274.40,1.0000,-1,-1,-1
186,40,982.10,2.80,78.70,82.40,0.8630,-1,-1,-1
186,41,1197.20,795.90,86.50,261.60,1.0000,-1,-1,-1
186,42,1475.40,121.30,52.60,179.10,1.0000,-1,-1,-1
186,45,471.80,21.90,46.00,144.20,1.0000,-1,-1,-1
186,46,233.20,134.30,50.20,165.80,0.9990,-1,-1,-1
187,0,1221.70,30.00,61.70,118.90,1.0000,-1,-1,-1
187,1,1480.90,8.10,57.60,144.50,1.0000,-1,-1,-1
187,2,686.80,206.20,79.50,113.50,1.0000,-1,-1,-1
187,3,1712.00,455.80,95.80,209.10,1.0000,-1,-1,-1
187,4,296.30,399.90,76.00,215.00,1.0000,-1,-1,-1
187,7,308.00,206.90,58.60,177.00,1.0000,-1,-1,-1
187,9,800.10,137.30,46.50,171.90,1.0000,-1,-1,-1
187,16,1601.60,121.80,65.80,184.80,1.0000,-1,-1,-1
187,17,554.50,110.50,59.30,178.80,1.0000,-1,-1,-1
187,18,391.90,546.00,76.70,242.60,1.0000,-1,-1,-1
187,23,1573.60,588.70,101.30,237.60,1.0000,-1,-1,-1
187,25,480.70,157.80,50.30,178.30,1.0000,-1,-1,-1
187,29,360.60,107.70,49.90,177.90,1.0000,-1,-1,-1
187,31,259.80,195.10,57.20,197.30,1.0000,-1,-1,-1
187,32,750.10,80.70,49.60,155.70,1.0000,-1,-1,-1
187,36,412.20,167.40,73.50,163.70,1.0000,-1,-1,-1
187,38,412.30,31.40,62.20,164.90,1.0000,-1,-1,-1
187,39,1281.00,772.60,91.30,270.90,1.0000,-1,-1,-1
187,41,1192.80,792.10,89.30,261.70,1.0000,-1,-1,-1
187,42,1475.30,121.20,51.40,179.10,1.0000,-1,-1,-1
187,45,471.00,19.90,46.30,145.10,1.0000,-1,-1,-1
187,46,233.10,133.40,50.40,167.00,0.9990,-1,-1,-1
187,40,979.60,1.00,78.70,81.90,0.5990,-1,-1,-1
188,0,1221.50,30.10,62.30,118.90,1.0000,-1,-1,-1
188,1,1480.70,7.80,58.00,144.70,1.0000,-1,-1,-1
188,2,687.00,206.60,79.60,112.60,1.0000,-1,-1,-1
188,3,1711.90,455.30,95.20,209.40,1.0000,-1,-1,-1
188,4,297.70,400.20,75.60,216.00,1.0000,-1,-1,-1
188,7,309.10,206.10,59.40,179.20,1.0000,-1,-1,-1
188,9,799.30,135.70,46.60,174.20,1.0000,-1,-1,-1
188,16,1602.00,120.60,64.60,183.60,1.0000,-1,-1,-1
188,17,553.80,111.60,59.30,177.40,1.0000,-1,-1,-1
188,18,390.40,546.80,81.10,241.70,1.0000,-1,-1,-1
188,23,1575.40,590.50,99.50,236.30,1.0000,-1,-1,-1
188,25,479.80,157.20,51.90,180.50,1.0000,-1,-1,-1
188,29,359.60,109.30,50.50,175.90,1.0000,-1,-1,-1
188,31,259.60,194.30,57.20,198.60,1.0000,-1,-1,-1
188,32,749.90,80.50,49.60,156.50,1.0000,-1,-1,-1
188,36,412.10,168.20,72.30,163.00,1.0000,-1,-1,-1
188,38,412.90,31.50,61.90,166.80,1.0000,-1,-1,-1
188,39,1275.20,770.40,93.10,270.30,1.0000,-1,-1,-1
188,41,1189.40,789.00,92.40,262.80,1.0000,-1,-1,-1
188,42,1474.10,122.20,51.80,176.00,1.0000,-1,-1,-1
188,45,470.60,19.60,45.80,142.90,1.0000,-1,-1,-1
188,46,233.70,133.40,50.30,167.20,0.9990,-1,-1,-1
188,40,975.50,1.00,80.10,81.00,0.1250,-1,-1,-1
188,44,856.60,933.50,78.30,147.50,0.0510,-1,-1,-1
189,0,1221.70,30.10,61.30,118.60,1.0000,-1,-1,-1
189,1,1480.80,8.20,57.60,144.20,1.0000,-1,-1,-1
189,2,686.60,206.30,79.90,113.40,1.0000,-1,-1,-1
189,3,1709.90,456.80,98.80,207.60,1.0000,-1,-1,-1
189,4,298.30,400.70,75.90,217.60,1.0000,-1,-1,-1
189,7,309.30,205.50,59.80,179.50,1.0000,-1,-1,-1
189,9,798.50,136.80,45.20,175.40,1.0000,-1,-1,-1
189,16,1601.50,120.60,65.30,183.90,1.0000,-1,-1,-1
189,17,554.90,112.00,58.40,176.30,1.0000,-1,-1,-1
189,18,391.50,549.00,84.00,241.50,1.0000,-1,-1,-1
189,23,1576.30,589.10,98.30,236.20,1.0000,-1,-1,-1
189,25,479.90,156.30,51.60,182.20,1.0000,-1,-1,-1
189,29,360.00,109.80,50.40,175.80,1.0000,-1,-1,-1
189,31,260.80,194.20,56.00,198.80,1.0000,-1,-1,-1
189,32,750.30,80.30,49.30,156.70,1.0000,-1,-1,-1
189,36,413.90,168.00,69.50,162.90,1.0000,-1,-1,-1
189,38,413.00,32.80,61.50,163.50,1.0000,-1,-1,-1
189,39,1275.50,773.70,89.50,260.70,1.0000,-1,-1,-1
189,41,1185.90,787.60,93.40,263.00,1.0000,-1,-1,-1
189,42,1473.30,121.80,52.70,175.80,1.0000,-1,-1,-1
189,45,469.70,19.20,47.50,141.60,1.0000,-1,-1,-1
189,46,233.30,133.70,50.90,164.50,1.0000,-1,-1,-1
189,44,860.40,935.80,74.80,145.20,0.0960,-1,-1,-1
190,0,1221.80,30.30,62.00,118.00,1.0000,-1,-1,-1
190,1,1480.30,7.90,58.00,144.30,1.0000,-1,-1,-1
190,2,686.90,206.00,79.10,113.70,1.0000,-1,-1,-1
190,3,1711.10,457.60,95.40,206.70,1.0000,-1,-1,-1
190,4,299.00,402.90,74.90,214.00,1.0000,-1,-1,-1
190,7,311.00,205.10,60.10,178.80,1.0000,-1,-1,-1
190,9,795.60,136.90,47.80,175.90,1.0000,-1,-1,-1
190,16,1600.40,120.20,65.10,183.70,1.0000,-1,-1,-1
190,17,553.30,112.90,59.80,176.50,1.0000,-1,-1,-1
190,18,390.00,547.20,87.20,243.50,1.0000,-1,-1,-1
190,23,1575.50,590.30,98.10,235.30,1.0000,-1,-1,-1
190,25,479.70,158.50,51.10,181.10,1.0000,-1,-1,-1
190,29,359.60,108.40,51.40,177.10,1.0000,-1,-1,-1
190,31,260.00,193.20,56.80,199.30,1.0000,-1,-1,-1
190,32,750.10,82.10,49.20,154.30,1.0000,-1,-1,-1
190,36,413.80,169.40,68.90,164.00,1.0000,-1,-1,-1
190,38,413.60,34.50,59.30,161.50,1.0000,-1,-1,-1
190,39,1273.00,765.50,89.60,263.70,1.0000,-1,-1,-1
190,41,1183.50,782.80,92.90,264.80,1.0000,-1,-1,-1
190,42,1474.00,121.90,53.00,175.70,1.0000,-1,-1,-1
190,45,469.10,16.80,48.10,141.80,1.0000,-1,-1,-1
190,46,234.60,132.30,50.30,168.50,0.9990,-1,-1,-1
190,44,861.60,937.30,74.50,143.70,0.0730,-1,-1,-1
191,0,1221.50,30.10,61.70,118.60,1.0000,-1,-1,-1
191,1,1479.70,7.70,59.00,145.30,1.0000,-1,-1,-1
191,2,687.00,206.00,79.20,113.30,1.0000,-1,-1,-1
191,3,1710.90,457.70,96.00,206.40,1.0000,-1,-1,-1
191,4,299.20,403.00,75.20,215.50,1.0000,-1,-1,-1
191,7,311.50,207.20,62.40,175.70,1.0000,-1,-1,-1
191,9,794.50,135.80,48.30,178.90,1.0000,-1,-1,-1
191,16,1599.00,120.00,66.10,184.20,1.0000,-1,-1,-1
191,17,553.20,113.50,60.40,177.30,1.0000,-1,-1,-1
191,18,390.00,548.30,91.10,241.80,1.0000,-1,-1,-1
191,23,1575.10,590.10,98.60,236.30,1.0000,-1,-1,-1
191,25,479.40,158.20,51.20,181.50,1.0000,-1,-1,-1
191,29,360.20,111.00,51.00,172.80,1.0000,-1,-1,-1
191,31,260.70,191.00,56.00,201.00,1.0000,-1,-1,-1
191,32,750.00,81.60,49.00,154.80,1.0000,-1,-1,-1
191,36,413.30,171.20,68.30,161.60,1.0000,-1,-1,-1
191,38,414.60,35.90,59.70,160.80,1.0000,-1,-1,-1
191,39,1267.80,761.10,92.40,269.00,1.0000,-1,-1,-1
191,41,1183.50,781.30,88.20,267.60,1.0000,-1,-1,-1
191,42,1474.30,119.70,51.70,179.70,1.0000,-1,-1,-1
191,45,468.80,18.40,46.90,139.10,1.0000,-1,-1,-1
191,46,234.40,132.40,50.10,169.50,0.9990,-1,-1,-1
192,0,1221.50,29.90,61.90,118.40,1.0000,-1,-1,-1
192,1,1479.90,7.90,58.30,145.20,1.0000,-1,-1,-1
192,2,686.80,206.00,79.50,113.40,1.0000,-1,-1,-1
192,3,1711.70,456.60,95.20,207.10,1.0000,-1,-1,-1
192,4,299.30,402.60,75.20,216.70,1.0000,-1,-1,-1
192,7,312.00,206.20,62.20,175.70,1.0000,-1,-1,-1
192,9,792.80,136.10,47.80,178.30,1.0000,-1,-1,-1
192,16,1598.80,120.40,64.20,183.70,1.0000,-1,-1,-1
192,17,553.30,113.10,59.20,177.50,1.0000,-1,-1,-1
192,18,391.20,548.30,92.20,243.20,1.0000,-1,-1,-1
192,23,1575.20,590.20,98.80,234.80,1.0000,-1,-1,-1
192,25,479.00,160.50,52.50,181.80,1.0000,-1,-1,-1
192,29,360.20,113.70,49.60,168.60,1.0000,-1,-1,-1
192,31,261.30,192.50,56.50,198.60,1.0000,-1,-1,-1
192,32,750.10,82.00,49.20,153.30,1.0000,-1,-1,-1
192,36,413.20,170.00,67.50,163.40,1.0000,-1,-1,-1
192,38,415.40,34.70,60.80,164.80,1.0000,-1,-1,-1
192,39,1265.60,757.90,90.90,267.70,1.0000,-1,-1,-1
192,41,1183.80,780.90,84.30,266.40,1.0000,-1,-1,-1
192,42,1474.50,115.00,52.40,182.70,1.0000,-1,-1,-1
192,45,468.30,18.30,46.50,138.30,1.0000,-1,-1,-1
192,46,235.40,133.70,49.80,167.90,0.9990,-1,-1,-1
192,40,966.50,1.00,73.80,78.80,0.0960,-1,-1,-1
193,0,1221.70,30.50,61.50,118.30,1.0000,-1,-1,-1
193,1,1479.80,7.70,58.60,144.80,1.0000,-1,-1,-1
193,2,687.00,205.90,79.20,113.80,1.0000,-1,-1,-1
193,3,1712.80,457.50,94.10,206.00,1.0000,-1,-1,-1
193,4,299.10,402.40,75.20,219.20,1.0000,-1,-1,-1
193,7,311.80,204.70,63.90,177.80,1.0000,-1,-1,-1
193,9,791.30,137.50,48.20,178.60,1.0000,-1,-1,-1
193,16,1599.00,120.80,63.30,181.40,1.0000,-1,-1,-1
193,17,551.80,114.10,60.80,177.10,1.0000,-1,-1,-1
193,18,390.10,547.80,95.70,244.60,1.0000,-1,-1,-1
193,23,1574.30,589.70,99.90,235.40,1.0000,-1,-1,-1
193,25,479.90,161.00,50.60,181.40,1.0000,-1,-1,-1
193,29,360.80,109.70,48.70,172.70,1.0000,-1,-1,-1
193,31,261.00,192.40,55.20,197.90,1.0000,-1,-1,-1
193,32,749.90,82.30,49.40,153.70,1.0000,-1,-1,-1
193,36,412.20,171.70,70.00,163.40,1.0000,-1,-1,-1
193,38,415.70,36.10,61.60,165.70,1.0000,-1,-1,-1
193,39,1263.20,755.40,90.50,264.10,1.0000,-1,-1,-1
193,41,1183.90,779.80,83.00,268.50,1.0000,-1,-1,-1
193,42,1475.10,115.20,52.60,181.20,1.0000,-1,-1,-1
193,45,466.80,16.40,48.00,141.00,1.0000,-1,-1,-1
193,46,236.10,133.40,49.30,169.70,0.9990,-1,-1,-1
193,40,961.70,1.00,76.60,79.40,0.1690,-1,-1,-1
194,0,1221.60,30.00,62.00,118.70,1.0000,-1,-1,-1
194,1,1480.20,8.40,58.90,143.70,1.0000,-1,-1,-1
194,2,686.60,205.90,80.10,113.10,1.0000,-1,-1,-1
194,3,1710.20,457.40,98.20,205.70,1.0000,-1,-1,-1
194,4,300.30,404.70,73.80,219.20,1.0000,-1,-1,-1
194,7,312.70,202.40,63.90,178.10,1.0000,-1,-1,-1
194,9,789.30,136.80,49.40,180.50,1.0000,-1,-1,-1
194,16,1600.20,121.50,60.90,178.60,1.0000,-1,-1,-1
194,17,551.40,114.10,59.90,176.20,1.0000,-1,-1,-1
194,18,390.10,549.00,97.10,244.30,1.0000,-1,-1,-1
194,23,1574.50,590.80,99.00,231.40,1.0000,-1,-1,-1
194,25,479.50,161.60,50.50,180.00,1.0000,-1,-1,-1
194,29,361.00,111.70,47.50,168.10,1.0000,-1,-1,-1
194,31,261.30,192.80,56.90,197.40,1.0000,-1,-1,-1
194,32,749.90,82.90,49.10,151.80,1.0000,-1,-1,-1
194,36,413.00,173.10,68.20,162.60,1.0000,-1,-1,-1
194,38,416.30,37.90,62.40,166.90,1.0000,-1,-1,-1
194,39,1258.10,750.90,90.10,269.80,1.0000,-1,-1,-1
194,41,1179.30,778.80,85.50,266.20,1.0000,-1,-1,-1
194,42,1475.00,114.10,52.00,178.50,1.0000,-1,-1,-1
194,45,466.70,17.50,48.00,138.50,1.0000,-1,-1,-1
194,46,236.60,131.60,49.40,172.10,0.9980,-1,-1,-1
194,40,961.60,2.40,65.00,74.80,0.2760,-1,-1,-1
195,0,1221.80,30.30,62.20,118.90,1.0000,-1,-1,-1
195,1,1480.20,7.80,58.90,145.70,1.0000,-1,-1,-1
195,2,686.40,206.10,80.50,113.40,1.0000,-1,-1,-1
195,3,1711.00,456.30,96.40,207.40,1.0000,-1,-1,-1
195,4,299.90,405.20,75.10,222.20,1.0000,-1,-1,-1
195,7,312.30,201.40,66.10,181.60,1.0000,-1,-1,-1
195,9,787.80,137.80,49.80,178.70,1.0000,-1,-1,-1
195,16,1600.10,121.10,60.10,178.40,1.0000,-1,-1,-1
195,17,551.50,113.20,59.60,176.40,1.0000,-1,-1,-1
195,18,390.20,548.20,99.30,247.00,1.0000,-1,-1,-1
195,23,1572.60,589.80,101.90,232.40,1.0000,-1,-1,-1
195,25,479.40,161.10,49.40,180.70,1.0000,-1,-1,-1
195,29,360.40,109.30,47.40,170.90,1.0000,-1,-1,-1
195,31,260.90,192.50,55.80,198.60,1.0000,-1,-1,-1
195,32,750.30,82.20,48.80,153.20,1.0000,-1,-1,-1
195,36,412.50,172.80,68.20,162.50,1.0000,-1,-1,-1
195,38,416.80,37.40,62.30,168.60,1.0000,-1,-1,-1
195,39,1253.10,746.50,95.30,274.70,1.0000,-1,-1,-1
195,41,1177.30,775.90,84.20,265.00,1.0000,-1,-1,-1
195,42,1474.70,112.90,52.70,174.30,1.0000,-1,-1,-1
195,45,464.90,15.70,48.30,141.50,1.0000,-1,-1,-1
195,46,236.50,132.70,50.00,170.60,0.9980,-1,-1,-1
196,0,1221.80,30.20,62.10,118.10,1.0000,-1,-1,-1
196,1,1480.70,7.30,59.00,145.30,1.0000,-1,-1,-1
196,2,687.10,205.90,79.60,113.80,1.0000,-1,-1,-1
196,3,1711.40,455.40,96.40,209.40,1.0000,-1,-1,-1
196,4,300.30,408.30,74.90,220.30,1.0000,-1,-1,-1
196,7,313.70,201.20,64.80,180.20,1.0000,-1,-1,-1
196,9,786.50,136.10,51.50,180.50,1.0000,-1,-1,-1
196,16,1600.00,119.80,59.40,178.40,1.0000,-1,-1,-1
196,17,551.70,113.50,59.10,176.30,1.0000,-1,-1,-1
196,18,391.60,548.20,98.70,248.70,1.0000,-1,-1,-1
196,23,1573.70,590.70,100.60,233.90,1.0000,-1,-1,-1
196,25,478.70,160.90,49.80,181.40,1.0000,-1,-1,-1
196,29,361.30,109.10,46.90,170.70,1.0000,-1,-1,-1
196,31,261.30,192.20,56.50,198.90,1.0000,-1,-1,-1
196,32,749.90,82.20,49.40,151.80,1.0000,-1,-1,-1
196,36,412.30,174.00,69.20,164.00,1.0000,-1,-1,-1
196,38,417.20,40.00,63.00,167.50,1.0000,-1,-1,-1
196,39,1250.10,749.40,95.60,269.60,1.0000,-1,-1,-1
196,41,1172.90,773.70,87.20,273.60,1.0000,-1,-1,-1
196,42,1475.40,112.60,52.00,173.80,1.0000,-1,-1,-1
196,45,465.80,14.20,46.90,139.80,1.0000,-1,-1,-1
196,46,236.10,134.00,50.60,169.00,0.9980,-1,-1,-1
197,0,1221.80,29.90,61.90,118.60,1.0000,-1,-1,-1
197,1,1480.30,7.20,59.00,145.90,1.0000,-1,-1,-1
197,2,687.00,206.00,79.90,113.50,1.0000,-1,-1,-1
197,3,1710.90,454.90,96.40,208.80,1.0000,-1,-1,-1
197,4,300.60,408.10,75.50,222.90,1.0000,-1,-1,-1
197,7,314.10,201.70,63.80,179.40,1.0000,-1,-1,-1
197,9,786.90,137.10,50.20,178.80,1.0000,-1,-1,-1
197,16,1599.70,119.10,59.70,178.00,1.0000,-1,-1,-1
197,17,550.70,111.80,59.90,177.70,1.0000,-1,-1,-1
197,18,394.50,549.00,97.50,249.30,1.0000,-1,-1,-1
197,23,1574.60,591.00,99.10,233.40,1.0000,-1,-1,-1
197,25,478.00,159.20,49.30,183.10,1.0000,-1,-1,-1
197,29,361.60,108.90,46.80,171.20,1.0000,-1,-1,-1
197,31,261.90,192.80,56.00,198.20,1.0000,-1,-1,-1
197,32,749.70,81.90,49.70,152.40,1.0000,-1,-1,-1
197,36,412.90,175.70,68.50,163.40,1.0000,-1,-1,-1
197,38,418.10,42.60,64.10,163.20,1.0000,-1,-1,-1
197,39,1246.40,750.40,97.30,264.30,1.0000,-1,-1,-1
197,41,1169.70,771.90,87.00,264.60,1.0000,-1,-1,-1
197,42,1474.80,111.00,52.10,175.60,1.0000,-1,-1,-1
197,45,466.20,13.20,45.60,139.60,0.9990,-1,-1,-1
197,46,235.30,133.70,51.40,167.00,0.9990,-1,-1,-1
197,-1,320.00,1.40,52.90,132.50,0.3260,-1,-1,-1
198,0,1221.60,29.80,62.30,119.60,1.0000,-1,-1,-1
198,1,1480.70,6.30,58.90,145.80,1.0000,-1,-1,-1
198,2,686.50,206.00,80.40,113.60,1.0000,-1,-1,-1
198,3,1711.80,455.50,95.90,208.90,1.0000,-1,-1,-1
198,4,300.10,410.50,75.60,222.80,1.0000,-1,-1,-1
198,7,315.70,201.60,63.20,179.40,1.0000,-1,-1,-1
198,9,786.20,138.80,51.50,176.00,1.0000,-1,-1,-1
198,16,1599.30,117.40,58.40,179.60,1.0000,-1,-1,-1
198,17,549.80,111.60,61.30,178.60,1.0000,-1,-1,-1
198,18,395.80,550.70,97.20,248.30,1.0000,-1,-1,-1
198,23,1574.00,589.90,99.40,234.30,1.0000,-1,-1,-1
198,25,478.50,158.70,49.10,184.10,1.0000,-1,-1,-1
198,29,360.90,107.70,46.70,174.20,1.0000,-1,-1,-1
198,31,262.00,192.60,54.90,198.60,1.0000,-1,-1,-1
198,32,749.70,83.00,49.40,150.60,1.0000,-1,-1,-1
198,36,413.20,175.20,69.20,166.40,1.0000,-1,-1,-1
198,38,419.50,38.40,62.50,168.10,1.0000,-1,-1,-1
198,39,1244.10,751.60,96.00,260.50,1.0000,-1,-1,-1
198,41,1167.80,771.10,87.10,253.40,1.0000,-1,-1,-1
198,42,1474.50,110.60,51.90,175.50,1.0000,-1,-1,-1
198,45,467.40,11.30,43.50,142.20,0.9980,-1,-1,-1
198,46,235.60,135.00,50.90,165.20,0.9990,-1,-1,-1
198,-1,320.00,1.00,52.90,132.60,0.7400,-1,-1,-1
199,0,1221.30,29.40,62.30,119.10,1.0000,-1,-1,-1
199,1,1480.00,8.10,58.90,143.60,1.0000,-1,-1,-1
199,2,686.60,205.70,80.30,114.20,1.0000,-1,-1,-1
199,3,1712.00,455.00,95.90,208.60,1.0000,-1,-1,-1
199,4,301.10,413.60,73.70,219.30,1.0000,-1,-1,-1
199,7,316.00,200.70,63.90,180.00,1.0000,-1,-1,-1
199,9,786.80,139.40,50.40,177.10,1.0000,-1,-1,-1
199,16,1599.40,115.10,58.80,180.60,1.0000,-1,-1,-1
199,17,550.30,113.30,60.50,177.30,1.0000,-1,-1,-1
199,18,397.70,553.90,95.10,245.30,1.0000,-1,-1,-1
199,23,1574.50,590.30,99.00,232.80,1.0000,-1,-1,-1
199,25,478.20,158.40,49.30,184.30,1.0000,-1,-1,-1
199,29,361.10,107.80,47.80,173.80,1.0000,-1,-1,-1
199,31,261.80,191.00,54.90,200.10,1.0000,-1,-1,-1
199,32,749.60,81.80,50.10,152.10,1.0000,-1,-1,-1
199,36,414.20,178.50,66.80,165.00,1.0000,-1,-1,-1
199,38,420.60,41.70,61.40,162.70,1.0000,-1,-1,-1
199,39,1236.20,741.70,100.90,272.40,1.0000,-1,-1,-1
199,41,1168.40,771.40,82.10,251.50,1.0000,-1,-1,-1
199,42,1472.90,110.80,52.00,172.20,1.0000,-1,-1,-1
199,45,466.30,10.90,45.30,141.80,0.9990,-1,-1,-1
199,46,236.30,135.40,51.80,166.50,0.9990,-1,-1,-1
199,47,321.10,1.00,50.90,134.80,0.9950,-1,-1,-1
200,0,1221.70,30.40,62.30,118.10,1.0000,-1,-1,-1
200,1,1479.90,8.30,58.70,143.50,1.0000,-1,-1,-1
200,2,687.20,205.80,79.00,114.20,1.0000,-1,-1,-1
200,3,1710.70,456.10,96.60,207.60,1.0000,-1,-1,-1
200,4,301.60,415.90,72.50,220.80,1.0000,-1,-1,-1
200,7,317.30,199.30,63.40,180.50,1.0000,-1,-1,-1
200,9,787.00,140.20,50.00,176.80,1.0000,-1,-1,-1
200,16,1598.20,113.90,59.50,182.30,1.0000,-1,-1,-1
200,17,550.60,112.30,59.80,176.80,1.0000,-1,-1,-1
200,18,400.40,552.50,96.40,247.40,1.0000,-1,-1,-1
200,23,1574.20,590.90,99.70,232.00,1.0000,-1,-1,-1
200,25,477.20,160.30,51.80,184.30,1.0000,-1,-1,-1
200,29,360.10,106.40,47.80,177.90,1.0000,-1,-1,-1
200,31,260.40,188.80,56.90,202.50,1.0000,-1,-1,-1
200,32,749.20,81.20,50.50,153.20,1.0000,-1,-1,-1
200,36,414.10,178.60,65.30,165.20,1.0000,-1,-1,-1
200,38,422.90,38.90,59.50,168.20,1.0000,-1,-1,-1
200,39,1237.90,738.60,99.80,267.80,1.0000,-1,-1,-1
200,41,1168.00,768.10,79.10,250.70,1.0000,-1,-1,-1
200,42,1471.60,111.20,52.80,169.80,1.0000,-1,-1,-1
200,45,464.60,8.40,46.80,143.80,0.9990,-1,-1,-1
200,46,237.30,134.40,52.10,171.70,0.9980,-1,-1,-1
200,47,320.80,1.00,50.50,133.00,0.9980,-1,-1,-1
201,0,1221.50,29.90,62.60,118.60,1.0000,-1,-1,-1
201,1,1479.80,7.80,58.70,143.60,1.0000,-1,-1,-1
201,2,686.90,206.00,79.60,114.30,1.0000,-1,-1,-1
201,3,1712.30,454.80,96.90,210.70,1.0000,-1,-1,-1
201,4,300.70,417.60,72.50,220.40,1.0000,-1,-1,-1
201,7,317.60,199.30,63.20,181.30,1.0000,-1,-1,-1
201,9,786.20,138.50,51.30,177.00,1.0000,-1,-1,-1
201,16,1597.70,112.60,59.40,181.90,1.0000,-1,-1,-1
201,17,551.50,111.40,59.40,178.30,1.0000,-1,-1,-1
201,18,402.20,552.00,96.30,249.10,1.0000,-1,-1,-1
201,23,1574.00,590.50,99.00,234.00,1.0000,-1,-1,-1
201,25,477.40,162.40,52.20,186.80,1.0000,-1,-1,-1
201,29,359.30,107.20,48.90,180.40,1.0000,-1,-1,-1
201,31,260.80,186.10,56.30,204.20,1.0000,-1,-1,-1
201,32,749.80,80.80,50.50,154.40,1.0000,-1,-1,-1
201,36,413.90,180.10,66.10,166.30,1.0000,-1,-1,-1
201,38,424.50,41.80,57.20,167.10,0.9990,-1,-1,-1
201,39,1237.50,741.70,98.90,271.10,1.0000,-1,-1,-1
201,41,1165.10,762.60,80.60,255.00,1.0000,-1,-1,-1
201,42,1470.60,111.10,54.00,171.00,1.0000,-1,-1,-1
201,45,465.30,8.60,46.60,142.60,0.9990,-1,-1,-1
201,46,236.60,136.60,54.20,170.00,0.9970,-1,-1,-1
201,47,320.20,1.00,51.00,133.70,0.9990,-1,-1,-1
201,-1,260.70,5.10,45.50,117.90,0.0670,-1,-1,-1
202,0,1221.30,29.80,62.60,118.90,1.0000,-1,-1,-1
202,1,1479.70,8.40,58.60,142.50,1.0000,-1,-1,-1
202,2,687.00,205.70,79.30,114.30,1.0000,-1,-1,-1
202,3,1711.20,456.50,96.00,207.70,1.0000,-1,-1,-1
202,4,299.60,419.50,73.40,221.70,1.0000,-1,-1,-1
202,7,318.30,198.10,63.50,181.60,1.0000,-1,-1,-1
202,9,785.40,138.30,52.70,177.30,1.0000,-1,-1,-1
202,16,1597.00,110.30,59.60,183.10,1.0000,-1,-1,-1
202,17,552.40,112.80,58.60,177.20,1.0000,-1,-1,-1
202,18,405.60,551.60,95.80,250.30,1.0000,-1,-1,-1
202,23,1574.50,590.10,99.20,234.00,1.0000,-1,-1,-1
202,25,476.80,162.90,52.50,187.70,1.0000,-1,-1,-1
202,29,361.10,108.10,46.80,179.00,1.0000,-1,-1,-1
202,31,261.20,188.10,54.70,202.40,1.0000,-1,-1,-1
202,32,750.00,82.10,50.20,152.60,1.0000,-1,-1,-1
202,36,412.70,183.60,65.70,164.40,1.0000,-1,-1,-1
202,38,425.20,40.80,58.00,166.40,1.0000,-1,-1,-1
202,39,1235.70,743.70,92.20,264.80,1.0000,-1,-1,-1
202,41,1164.20,761.10,80.00,257.50,1.0000,-1,-1,-1
202,42,1470.60,113.30,52.30,168.20,1.0000,-1,-1,-1
202,45,466.40,4.50,45.30,144.40,0.9980,-1,-1,-1
202,46,236.40,136.70,53.40,168.00,0.9980,-1,-1,-1
202,47,320.10,1.00,51.20,132.40,0.9990,-1,-1,-1
203,0,1221.40,29.50,62.10,119.50,1.0000,-1,-1,-1
203,1,1479.30,8.20,58.80,142.40,1.0000,-1,-1,-1
203,2,687.00,205.80,79.20,114.10,1.0000,-1,-1,-1
203,3,1711.40,456.10,96.70,207.90,1.0000,-1,-1,-1
203,4,299.50,420.40,74.20,223.90,1.0000,-1,-1,-1
203,7,319.50,198.50,62.50,180.30,1.0000,-1,-1,-1
203,9,784.80,138.70,53.00,175.40,1.0000,-1,-1,-1
203,16,1597.20,108.00,59.00,183.80,1.0000,-1,-1,-1
203,17,552.20,112.30,58.70,178.90,1.0000,-1,-1,-1
203,18,406.60,553.00,96.50,249.10,1.0000,-1,-1,-1
203,23,1573.60,590.00,99.40,234.00,1.0000,-1,-1,-1
203,25,477.60,166.30,51.00,184.10,1.0000,-1,-1,-1
203,29,361.70,109.80,46.90,175.50,1.0000,-1,-1,-1
203,31,260.50,189.10,55.10,201.10,1.0000,-1,-1,-1
203,32,751.00,84.50,49.90,150.10,1.0000,-1,-1,-1
203,36,412.00,185.60,66.40,162.90,1.0000,-1,-1,-1
203,38,426.10,40.40,59.00,168.10,1.0000,-1,-1,-1
203,39,1234.50,742.60,90.70,264.60,1.0000,-1,-1,-1
203,41,1160.80,760.40,82.80,255.70,1.0000,-1,-1,-1
203,42,1471.40,110.90,52.40,169.90,1.0000,-1,-1,-1
203,45,464.60,6.70,46.60,144.10,0.9900,-1,-1,-1
203,46,236.50,138.00,53.60,165.50,0.9980,-1,-1,-1
203,47,319.80,1.00,50.70,131.70,0.9990,-1,-1,-1
204,0,1221.30,30.10,62.00,119.10,1.0000,-1,-1,-1
204,1,1479.00,7.30,59.90,144.90,1.0000,-1,-1,-1
204,2,686.70,205.50,79.50,114.90,1.0000,-1,-1,-1
204,3,1710.80,457.70,96.70,205.70,1.0000,-1,-1,-1
204,4,299.30,421.80,74.50,224.10,1.0000,-1,-1,-1
204,7,320.40,197.80,62.30,180.60,1.0000,-1,-1,-1
204,9,784.30,136.30,54.20,177.40,1.0000,-1,-1,-1
204,16,1597.40,107.70,58.70,181.30,1.0000,-1,-1,-1
204,17,552.20,113.00,58.70,178.50,1.0000,-1,-1,-1
204,18,409.60,552.80,94.80,249.00,1.0000,-1,-1,-1
204,23,1573.90,589.50,99.70,233.60,1.0000,-1,-1,-1
204,25,476.70,166.80,50.70,182.90,1.0000,-1,-1,-1
204,29,362.10,111.40,47.30,173.50,1.0000,-1,-1,-1
204,31,259.70,188.60,55.70,201.00,1.0000,-1,-1,-1
204,32,750.60,82.80,50.30,151.40,1.0000,-1,-1,-1
204,36,411.30,187.90,66.90,161.60,1.0000,-1,-1,-1
204,38,426.60,40.90,59.90,170.00,1.0000,-1,-1,-1
204,39,1226.00,736.30,100.40,268.60,1.0000,-1,-1,-1
204,41,1159.60,753.00,80.80,260.50,1.0000,-1,-1,-1
204,42,1470.20,110.30,52.20,169.50,1.0000,-1,-1,-1
204,46,236.90,139.50,53.30,165.40,0.9960,-1,-1,-1
204,47,320.10,1.00,49.60,132.10,0.9990,-1,-1,-1
204,45,465.50,7.50,43.80,134.20,0.3500,-1,-1,-1
205,0,1221.50,30.20,62.10,118.90,1.0000,-1,-1,-1
205,1,1479.70,5.70,59.60,148.20,1.0000,-1,-1,-1
205,2,687.10,205.60,78.90,114.50,1.0000,-1,-1,-1
205,3,1710.40,457.40,97.10,206.60,1.0000,-1,-1,-1
205,4,298.80,422.40,75.20,223.30,1.0000,-1,-1,-1
205,7,321.10,197.80,61.90,180.30,1.0000,-1,-1,-1
205,9,783.60,138.00,55.00,176.30,1.0000,-1,-1,-1
205,16,1597.70,106.60,58.60,181.00,1.0000,-1,-1,-1
205,17,551.70,112.80,59.60,181.00,1.0000,-1,-1,-1
205,18,412.20,552.90,93.10,249.80,1.0000,-1,-1,-1
205,23,1574.00,589.30,99.50,234.10,1.0000,-1,-1,-1
205,25,476.00,166.80,50.20,183.90,1.0000,-1,-1,-1
205,29,361.50,108.60,47.20,176.40,1.0000,-1,-1,-1
205,31,259.00,188.40,56.70,201.60,1.0000,-1,-1,-1
205,32,749.60,83.20,51.00,151.50,1.0000,-1,-1,-1
205,36,408.80,186.70,69.60,163.20,1.0000,-1,-1,-1
205,38,428.50,42.50,58.60,166.50,1.0000,-1,-1,-1
205,39,1225.70,735.00,96.30,269.20,1.0000,-1,-1,-1
205,41,1154.40,752.00,82.30,259.40,0.9990,-1,-1,-1
205,42,1470.40,111.40,52.30,167.70,1.0000,-1,-1,-1
205,46,237.20,139.50,53.70,164.80,0.9940,-1,-1,-1
205,47,319.20,1.00,49.70,133.00,0.9990,-1,-1,-1
206,0,1221.60,29.70,62.00,119.30,1.0000,-1,-1,-1
206,1,1479.60,5.60,59.90,148.40,1.0000,-1,-1,-1
206,2,686.80,205.70,79.10,114.60,1.0000,-1,-1,-1
206,3,1711.30,455.40,96.90,208.60,1.0000,-1,-1,-1
206,4,297.80,423.20,76.10,223.30,1.0000,-1,-1,-1
206,7,322.10,197.00,61.50,181.60,1.0000,-1,-1,-1
206,9,783.80,137.30,55.00,177.70,1.0000,-1,-1,-1
206,16,1597.90,104.70,58.80,181.60,1.0000,-1,-1,-1
206,17,551.70,111.90,58.90,181.30,1.0000,-1,-1,-1
206,18,415.90,553.30,92.40,250.30,1.0000,-1,-1,-1
206,23,1574.90,589.60,98.50,234.80,1.0000,-1,-1,-1
206,25,476.80,167.50,49.20,182.90,1.0000,-1,-1,-1
206,29,360.60,108.70,48.30,174.90,1.0000,-1,-1,-1
206,31,257.80,185.50,58.00,203.70,1.0000,-1,-1,-1
206,32,750.40,83.50,50.60,151.50,1.0000,-1,-1,-1
206,36,406.10,187.60,73.50,162.00,1.0000,-1,-1,-1
206,38,429.30,41.80,59.60,171.40,1.0000,-1,-1,-1
206,39,1226.80,731.90,94.30,271.50,1.0000,-1,-1,-1
206,41,1152.50,750.80,82.20,261.70,1.0000,-1,-1,-1
206,42,1470.90,111.20,51.50,166.70,1.0000,-1,-1,-1
206,46,239.00,142.60,54.30,173.30,0.9600,-1,-1,-1
206,47,318.40,1.00,50.50,131.60,0.9990,-1,-1,-1
207,0,1221.30,30.00,62.60,118.60,1.0000,-1,-1,-1
207,1,1480.10,7.10,59.90,147.80,1.0000,-1,-1,-1
207,2,687.10,205.50,78.40,114.90,1.0000,-1,-1,-1
207,3,1712.10,456.40,95.00,207.60,1.0000,-1,-1,-1
207,4,297.50,423.10,76.50,223.10,1.0000,-1,-1,-1
207,7,323.40,197.40,60.60,181.00,1.0000,-1,-1,-1
207,9,783.60,137.20,54.30,178.00,1.0000,-1,-1,-1
207,16,1597.20,103.80,59.40,181.40,1.0000,-1,-1,-1
207,17,552.10,112.20,58.70,180.40,1.0000,-1,-1,-1
207,18,419.60,554.70,89.30,249.60,1.0000,-1,-1,-1
207,23,1574.90,589.40,99.10,235.20,1.0000,-1,-1,-1
207,25,477.10,169.20,48.70,182.70,1.0000,-1,-1,-1
207,29,359.90,107.60,50.00,175.10,1.0000,-1,-1,-1
207,31,258.00,186.90,58.50,199.50,1.0000,-1,-1,-1
207,32,751.10,84.80,50.10,150.30,1.0000,-1,-1,-1
207,36,405.20,185.40,74.30,164.60,1.0000,-1,-1,-1
207,38,430.50,42.10,59.30,171.50,1.0000,-1,-1,-1
207,39,1222.00,721.80,96.50,275.10,1.0000,-1,-1,-1
207,41,1148.80,748.80,83.20,259.30,1.0000,-1,-1,-1
207,42,1471.20,111.60,51.00,165.70,1.0000,-1,-1,-1
207,46,236.40,140.30,53.30,160.20,0.9600,-1,-1,-1
207,47,318.60,1.00,48.80,131.90,0.9990,-1,-1,-1
208,0,1221.00,29.70,62.60,119.10,1.0000,-1,-1,-1
208,1,1480.30,7.90,60.20,147.40,1.0000,-1,-1,-1
208,2,686.90,205.70,79.00,114.60,1.0000,-1,-1,-1
208,3,1711.00,456.80,96.10,207.00,1.0000,-1,-1,-1
208,4,297.60,422.60,75.70,226.00,1.0000,-1,-1,-1
208,7,325.50,198.00,60.40,181.00,1.0000,-1,-1,-1
208,9,782.70,137.00,54.40,178.30,1.0000,-1,-1,-1
208,16,1598.00,102.50,59.00,181.20,1.0000,-1,-1,-1
208,17,551.90,111.90,59.30,181.00,1.0000,-1,-1,-1
208,18,421.70,555.60,88.70,248.10,1.0000,-1,-1,-1
208,23,1575.10,590.40,98.90,232.60,1.0000,-1,-1,-1
208,25,476.30,171.40,48.10,181.10,1.0000,-1,-1,-1
208,29,360.20,109.40,51.20,177.10,1.0000,-1,-1,-1
208,31,257.80,188.90,57.90,195.30,1.0000,-1,-1,-1
208,32,750.40,84.30,51.00,150.30,1.0000,-1,-1,-1
208,36,404.80,185.70,75.40,163.60,1.0000,-1,-1,-1
208,38,431.60,44.20,57.80,169.20,1.0000,-1,-1,-1
208,39,1223.10,721.30,92.70,265.70,1.0000,-1,-1,-1
208,41,1149.00,747.70,84.30,260.50,1.0000,-1,-1,-1
208,42,1469.70,108.80,51.60,168.70,1.0000,-1,-1,-1
208,46,237.70,141.50,52.80,164.30,0.9730,-1,-1,-1
208,47,318.80,1.00,48.40,133.00,0.9970,-1,-1,-1
208,-1,290.70,135.70,42.50,163.90,0.3210,-1,-1,-1
209,0,1221.70,30.00,62.00,118.90,1.0000,-1,-1,-1
209,1,1481.10,9.90,60.30,144.40,1.0000,-1,-1,-1
209,2,686.70,205.60,79.40,115.10,1.0000,-1,-1,-1
209,3,1712.10,455.80,95.60,210.70,1.0000,-1,-1,-1
209,4,297.00,423.60,76.10,224.30,1.0000,-1,-1,-1
209,7,326.30,196.90,59.70,180.90,1.0000,-1,-1,-1
209,9,781.60,138.70,54.40,176.80,1.0000,-1,-1,-1
209,16,1598.40,103.40,58.40,179.70,1.0000,-1,-1,-1
209,17,552.30,111.80,58.40,181.00,1.0000,-1,-1,-1
209,18,424.50,555.70,87.80,248.00,1.0000,-1,-1,-1
209,23,1574.90,591.70,99.80,232.60,1.0000,-1,-1,-1
209,25,475.90,170.20,48.50,182.20,1.0000,-1,-1,-1
209,29,360.10,108.20,50.70,175.50,1.0000,-1,-1,-1
209,31,257.70,189.50,59.40,194.20,1.0000,-1,-1,-1
209,32,750.90,85.00,50.00,148.70,1.0000,-1,-1,-1
209,36,403.20,185.90,75.40,163.70,1.0000,-1,-1,-1
209,38,432.90,45.20,57.70,168.40,1.0000,-1,-1,-1
209,39,1222.50,725.40,88.30,250.10,1.0000,-1,-1,-1
209,41,1146.00,746.70,83.70,260.40,1.0000,-1,-1,-1
209,42,1469.50,107.90,52.40,170.10,1.0000,-1,-1,-1
209,46,240.40,147.80,53.10,164.30,0.7750,-1,-1,-1
209,47,319.30,1.20,47.40,131.50,0.9910,-1,-1,-1
210,0,1221.30,29.90,62.70,119.40,1.0000,-1,-1,-1
210,1,1480.90,9.20,60.50,143.70,1.0000,-1,-1,-1
210,2,686.80,205.60,79.20,114.90,1.0000,-1,-1,-1
210,3,1713.80,455.10,92.30,208.40,1.0000,-1,-1,-1
210,4,296.40,424.80,76.70,223.40,1.0000,-1,-1,-1
210,7,327.10,196.30,58.10,180.60,1.0000,-1,-1,-1
210,9,780.60,138.00,55.30,178.20,1.0000,-1,-1,-1
210,16,1599.30,103.40,58.70,178.80,1.0000,-1,-1,-1
210,17,552.20,113.10,58.50,179.60,1.0000,-1,-1,-1
210,18,428.80,554.20,85.60,248.90,1.0000,-1,-1,-1
210,23,1575.00,591.60,99.30,232.60,1.0000,-1,-1,-1
210,25,475.20,169.60,50.00,183.90,1.0000,-1,-1,-1
210,29,359.90,109.40,48.60,176.20,1.0000,-1,-1,-1
210,31,256.70,188.70,59.50,194.90,1.0000,-1,-1,-1
210,32,751.00,85.90,49.60,148.50,1.0000,-1,-1,-1
210,36,401.40,184.70,76.70,163.90,1.0000,-1,-1,-1
210,38,434.20,48.00,56.40,166.90,1.0000,-1,-1,-1
210,39,1220.70,720.00,87.90,252.70,1.0000,-1,-1,-1
210,41,1144.50,746.00,82.60,257.00,1.0000,-1,-1,-1
210,42,1467.30,109.30,53.10,167.70,1.0000,-1,-1,-1
210,47,316.40,1.00,48.70,133.60,0.9380,-1,-1,-1
210,-1,290.40,130.60,46.20,160.10,0.8740,-1,-1,-1
211,0,1221.70,30.20,62.00,118.30,1.0000,-1,-1,-1
211,1,1480.90,8.60,61.20,145.10,1.0000,-1,-1,-1
211,2,686.80,205.90,79.00,114.30,1.0000,-1,-1,-1
211,3,1713.10,456.40,94.30,209.60,1.0000,-1,-1,-1
211,4,295.80,426.40,76.80,220.40,1.0000,-1,-1,-1
211,7,328.20,197.70,58.40,178.90,1.0000,-1,-1,-1
211,9,781.10,137.60,55.20,177.20,1.0000,-1,-1,-1
211,16,1600.10,103.40,58.70,179.40,1.0000,-1,-1,-1
211,17,551.60,111.70,59.30,178.80,1.0000,-1,-1,-1
211,18,432.40,554.90,83.90,248.10,1.0000,-1,-1,-1
211,23,1575.50,589.60,99.30,235.40,1.0000,-1,-1,-1
211,25,476.00,170.00,49.30,183.10,1.0000,-1,-1,-1
211,29,359.70,109.70,49.80,174.50,1.0000,-1,-1,-1
211,31,256.80,189.80,58.40,191.90,1.0000,-1,-1,-1
211,32,750.40,84.40,50.70,149.50,1.0000,-1,-1,-1
211,36,401.50,186.90,76.40,162.40,1.0000,-1,-1,-1
211,38,433.90,47.20,58.20,168.60,1.0000,-1,-1,-1
211,39,1218.00,714.70,85.30,263.40,1.0000,-1,-1,-1
211,41,1138.30,741.80,86.10,261.70,1.0000,-1,-1,-1
211,42,1465.50,109.60,53.00,168.10,1.0000,-1,-1,-1
211,48,290.70,130.60,46.70,162.10,0.9450,-1,-1,-1
211,47,316.60,2.70,46.20,129.80,0.3670,-1,-1,-1
212,0,1221.30,29.80,62.60,119.50,1.0000,-1,-1,-1
212,1,1481.60,8.00,60.60,146.00,1.0000,-1,-1,-1
212,2,686.50,205.90,79.40,114.20,1.0000,-1,-1,-1
212,3,1713.20,456.30,93.20,209.40,1.0000,-1,-1,-1
212,4,295.80,426.70,77.60,222.10,1.0000,-1,-1,-1
212,7,329.20,198.00,58.10,177.90,1.0000,-1,-1,-1
212,9,781.90,137.50,54.20,177.40,1.0000,-1,-1,-1
212,16,1599.90,103.80,58.90,177.90,1.0000,-1,-1,-1
212,17,550.50,111.80,60.80,178.60,1.0000,-1,-1,-1
212,18,435.30,557.10,83.60,246.50,1.0000,-1,-1,-1
212,23,1575.30,590.90,99.50,234.20,1.0000,-1,-1,-1
212,25,476.10,169.50,48.30,185.80,1.0000,-1,-1,-1
212,29,360.20,110.00,48.80,171.90,1.0000,-1,-1,-1
212,31,255.90,187.00,59.70,197.20,1.0000,-1,-1,-1
212,32,750.20,83.20,50.40,151.60,1.0000,-1,-1,-1
212,36,401.60,188.20,75.50,162.70,1.0000,-1,-1,-1
212,38,434.20,51.60,57.30,165.60,1.0000,-1,-1,-1
212,39,1216.00,712.90,87.50,266.80,1.0000,-1,-1,-1
212,41,1134.90,736.40,89.30,268.00,1.0000,-1,-1,-1
212,42,1465.30,106.50,53.90,169.50,1.0000,-1,-1,-1
212,48,291.60,130.50,46.20,161.50,0.9680,-1,-1,-1
212,47,316.90,3.50,45.40,135.50,0.0550,-1,-1,-1
213,0,1221.40,30.30,62.50,118.40,1.0000,-1,-1,-1
213,1,1482.00,8.50,60.50,145.00,1.0000,-1,-1,-1
213,2,686.60,205.70,79.20,114.30,1.0000,-1,-1,-1
213,3,1712.70,457.70,95.30,206.70,1.0000,-1,-1,-1
213,4,296.30,427.70,77.40,223.70,1.0000,-1,-1,-1
213,7,330.70,198.60,57.80,177.10,1.0000,-1,-1,-1
213,9,781.60,137.50,54.10,177.00,1.0000,-1,-1,-1
213,16,1600.30,104.20,57.90,178.00,1.0000,-1,-1,-1
213,17,550.70,114.90,60.30,175.90,1.0000,-1,-1,-1
213,18,437.20,559.80,84.70,244.80,1.0000,-1,-1,-1
213,23,1575.30,590.10,99.90,234.20,1.0000,-1,-1,-1
213,25,476.30,170.90,48.60,185.90,1.0000,-1,-1,-1
213,29,358.80,111.50,49.90,173.70,1.0000,-1,-1,-1
213,31,256.10,187.00,59.20,197.70,1.0000,-1,-1,-1
213,32,750.10,81.50,50.80,153.00,1.0000,-1,-1,-1
213,36,400.60,189.50,75.40,164.10,1.0000,-1,-1,-1
213,38,433.90,53.10,58.90,165.60,1.0000,-1,-1,-1
213,39,1213.30,713.70,82.80,262.60,1.0000,-1,-1,-1
213,41,1131.80,735.50,88.80,261.60,1.0000,-1,-1,-1
213,42,1465.30,108.00,52.70,166.70,1.0000,-1,-1,-1
213,46,239.80,147.90,48.30,160.70,0.6840,-1,-1,-1
213,48,291.10,127.80,47.60,163.70,0.9910,-1,-1,-1
214,0,1221.60,29.80,62.50,118.70,1.0000,-1,-1,-1
214,1,1484.40,9.80,59.20,144.70,1.0000,-1,-1,-1
214,2,686.40,205.80,79.80,114.50,1.0000,-1,-1,-1
214,3,1711.80,455.60,96.30,207.90,1.0000,-1,-1,-1
214,4,296.40,429.90,77.60,223.30,1.0000,-1,-1,-1
214,7,331.70,199.00,56.20,173.50,1.0000,-1,-1,-1
214,9,780.30,137.80,56.30,176.20,1.0000,-1,-1,-1
214,16,1600.00,103.70,57.50,178.80,1.0000,-1,-1,-1
214,17,550.60,114.40,60.80,177.10,1.0000,-1,-1,-1
214,18,441.00,555.90,83.30,253.50,1.0000,-1,-1,-1
214,23,1575.20,590.50,99.90,233.00,1.0000,-1,-1,-1
214,25,474.50,172.90,49.60,183.80,1.0000,-1,-1,-1
214,29,357.70,111.60,48.70,174.80,0.9990,-1,-1,-1
214,31,255.40,185.20,60.90,198.20,1.0000,-1,-1,-1
214,32,750.20,81.80,50.60,152.10,1.0000,-1,-1,-1
214,36,399.10,189.80,76.40,168.00,1.0000,-1,-1,-1
214,38,434.30,53.00,58.00,167.20,1.0000,-1,-1,-1
214,39,1210.40,712.80,83.10,260.40,1.0000,-1,-1,-1
214,41,1129.40,738.00,84.80,255.40,1.0000,-1,-1,-1
214,42,1464.30,106.90,53.20,165.40,1.0000,-1,-1,-1
214,48,291.20,126.20,47.50,164.90,0.9920,-1,-1,-1
214,46,239.20,148.60,49.20,163.30,0.5860,-1,-1,-1
214,-1,259.30,4.70,45.90,114.80,0.0570,-1,-1,-1
215,0,1221.50,30.20,62.30,118.50,1.0000,-1,-1,-1
215,1,1484.40,10.10,59.80,144.50,1.0000,-1,-1,-1
215,2,686.60,205.90,79.40,114.30,1.0000,-1,-1,-1
215,3,1712.00,457.60,93.90,205.80,1.0000,-1,-1,-1
215,4,296.40,431.70,76.90,222.20,1.0000,-1,-1,-1
215,7,332.10,199.50,55.40,174.80,1.0000,-1,-1,-1
215,9,780.50,137.20,56.50,174.90,1.0000,-1,-1,-1
215,16,1600.10,103.50,58.00,178.20,1.0000,-1,-1,-1
215,17,550.10,115.10,61.60,177.70,1.0000,-1,-1,-1
215,18,444.30,556.10,81.30,254.20,1.0000,-1,-1,-1
215,23,1575.80,589.70,99.70,235.30,1.0000,-1,-1,-1
215,25,474.00,172.40,49.60,184.10,1.0000,-1,-1,-1
215,29,357.80,111.00,49.80,176.80,0.9990,-1,-1,-1
215,31,256.10,183.40,61.90,201.10,1.0000,-1,-1,-1
215,32,750.40,82.60,50.70,150.90,1.0000,-1,-1,-1
215,36,400.20,188.50,75.40,171.90,1.0000,-1,-1,-1
215,38,435.20,54.10,58.20,167.40,1.0000,-1,-1,-1
215,39,1206.70,710.80,85.00,260.00,1.0000,-1,-1,-1
215,41,1127.10,732.80,85.40,255.90,1.0000,-1,-1,-1
215,42,1465.00,107.20,53.10,163.40,1.0000,-1,-1,-1
215,48,290.30,125.40,49.50,167.90,0.9950,-1,-1,-1
215,46,239.20,152.20,48.80,162.60,0.3120,-1,-1,-1
215,-1,259.00,3.80,46.50,116.30,0.1510,-1,-1,-1
216,0,1221.10,29.80,63.00,119.20,1.0000,-1,-1,-1
216,1,1485.20,10.30,59.50,144.20,1.0000,-1,-1,-1
216,2,686.20,205.80,80.00,114.40,1.0000,-1,-1,-1
216,3,1713.40,457.70,94.00,208.00,1.0000,-1,-1,-1
216,4,296.30,433.90,76.40,222.50,1.0000,-1,-1,-1
216,7,331.90,200.90,55.70,173.00,1.0000,-1,-1,-1
216,9,780.20,138.00,56.60,173.80,1.0000,-1,-1,-1
216,16,1600.00,102.70,57.60,177.50,1.0000,-1,-1,-1
216,17,550.90,114.70,59.80,176.80,1.0000,-1,-1,-1
216,18,447.90,557.10,82.80,253.20,1.0000,-1,-1,-1
216,23,1575.10,590.00,100.20,235.40,1.0000,-1,-1,-1
216,25,472.00,175.30,49.70,184.80,1.0000,-1,-1,-1
216,29,359.20,111.40,49.80,177.60,0.9990,-1,-1,-1
216,31,255.60,183.60,61.50,201.10,1.0000,-1,-1,-1
216,32,750.60,83.30,50.10,150.70,1.0000,-1,-1,-1
216,36,401.30,191.70,73.40,170.20,1.0000,-1,-1,-1
216,38,437.60,53.10,57.80,168.30,1.0000,-1,-1,-1
216,39,1205.70,711.40,82.30,254.10,1.0000,-1,-1,-1
216,41,1126.20,733.30,82.60,251.60,1.0000,-1,-1,-1
216,42,1465.20,105.70,53.50,161.40,1.0000,-1,-1,-1
216,48,290.20,126.90,49.80,167.20,0.9960,-1,-1,-1
216,46,238.50,151.50,49.00,158.80,0.4490,-1,-1,-1
216,-1,257.90,2.30,47.50,118.30,0.4630,-1,-1,-1
216,-1,391.10,54.40,49.10,169.60,0.2880,-1,-1,-1
217,0,1220.90,30.10,62.90,119.00,1.0000,-1,-1,-1
217,1,1485.60,12.10,59.60,141.40,1.0000,-1,-1,-1
217,2,686.50,205.60,79.90,114.40,1.0000,-1,-1,-1
217,3,1714.30,455.60,92.00,208.90,1.0000,-1,-1,-1
217,4,298.20,436.40,74.80,221.10,1.0000,-1,-1,-1
217,7,331.20,199.50,56.80,174.10,1.0000,-1,-1,-1
217,9,779.70,136.90,57.70,175.40,1.0000,-1,-1,-1
217,16,1600.40,102.70,57.20,177.90,1.0000,-1,-1,-1
217,17,551.20,115.80,60.00,175.90,1.0000,-1,-1,-1
217,18,451.60,558.20,85.00,253.10,1.0000,-1,-1,-1
217,23,1575.10,589.30,100.10,235.10,1.0000,-1,-1,-1
217,25,471.20,176.20,50.60,185.80,1.0000,-1,-1,-1
217,29,358.50,111.40,50.00,172.60,0.9990,-1,-1,-1
217,31,256.00,183.40,62.90,200.50,1.0000,-1,-1,-1
217,32,750.10,82.50,50.90,149.80,1.0000,-1,-1,-1
217,36,402.20,193.40,71.00,170.50,1.0000,-1,-1,-1
217,38,438.50,52.90,57.80,167.20,1.0000,-1,-1,-1
217,39,1198.90,706.70,88.20,257.90,1.0000,-1,-1,-1
217,41,1124.60,725.40,82.10,254.70,1.0000,-1,-1,-1
217,42,1464.10,105.00,54.40,158.60,1.0000,-1,-1,-1
217,48,291.60,127.30,47.70,165.90,0.9910,-1,-1,-1
217,46,237.10,152.40,50.00,153.80,0.2360,-1,-1,-1
217,-1,391.30,52.10,49.10,172.50,0.3380,-1,-1,-1
217,-1,258.40,2.40,47.80,118.50,0.8810,-1,-1,-1
218,0,1221.20,29.10,62.70,119.60,1.0000,-1,-1,-1
218,1,1487.00,14.80,58.90,138.80,1.0000,-1,-1,-1
218,2,686.80,205.90,79.40,114.40,1.0000,-1,-1,-1
218,3,1713.80,456.90,93.20,209.80,1.0000,-1,-1,-1
218,4,299.60,438.70,74.00,221.50,1.0000,-1,-1,-1
218,7,331.30,200.10,57.00,173.50,1.0000,-1,-1,-1
218,9,780.00,137.00,58.00,176.00,1.0000,-1,-1,-1
218,16,1600.10,100.50,57.40,179.90,1.0000,-1,-1,-1
218,17,551.80,115.90,60.20,176.40,1.0000,-1,-1,-1
218,18,452.90,555.30,89.60,257.80,1.0000,-1,-1,-1
218,23,1574.40,589.10,100.80,235.20,1.0000,-1,-1,-1
218,25,469.40,179.10,51.80,185.70,1.0000,-1,-1,-1
218,29,358.80,112.60,51.70,175.10,1.0000,-1,-1,-1
218,31,255.60,182.00,62.70,202.50,1.0000,-1,-1,-1
218,32,750.30,83.80,50.40,148.50,0.9990,-1,-1,-1
218,36,403.60,195.50,68.90,169.10,1.0000,-1,-1,-1
218,38,439.80,53.40,58.50,168.70,1.0000,-1,-1,-1
218,39,1197.50,701.20,86.80,269.10,1.0000,-1,-1,-1
218,41,1120.90,722.30,83.00,256.80,1.0000,-1,-1,-1
218,42,1463.50,100.70,54.70,163.20,1.0000,-1,-1,-1
218,48,291.30,128.50,47.10,164.10,0.9820,-1,-1,-1
218,49,258.80,1.80,48.00,119.90,0.9900,-1,-1,-1
218,46,237.60,151.20,51.10,158.50,0.2290,-1,-1,-1
218,-1,393.80,52.50,47.30,167.40,0.4320,-1,-1,-1
219,0,1221.70,29.70,62.20,119.00,1.0000,-1,-1,-1
219,1,1488.40,16.50,59.10,139.40,1.0000,-1,-1,-1
219,2,686.50,205.90,79.80,114.00,1.0000,-1,-1,-1
219,3,1714.40,455.90,91.20,209.30,1.0000,-1,-1,-1
219,4,299.30,441.20,74.60,222.10,1.0000,-1,-1,-1
219,7,331.90,201.00,56.80,172.40,1.0000,-1,-1,-1
219,9,779.50,136.40,58.30,176.20,1.0000,-1,-1,-1
219,16,1598.90,99.10,57.50,181.20,1.0000,-1,-1,-1
219,17,552.30,116.90,59.10,174.70,1.0000,-1,-1,-1
219,18,454.40,558.90,92.40,251.60,1.0000,-1,-1,-1
219,23,1575.80,589.60,99.80,234.30,1.0000,-1,-1,-1
219,25,468.00,179.10,53.20,188.60,1.0000,-1,-1,-1
219,29,360.00,112.60,50.80,172.50,0.9990,-1,-1,-1
219,31,255.90,181.30,61.80,205.20,1.0000,-1,-1,-1
219,32,750.10,84.20,50.00,147.80,1.0000,-1,-1,-1
219,36,404.10,196.20,68.10,172.00,1.0000,-1,-1,-1
219,38,440.20,54.10,58.00,168.30,1.0000,-1,-1,-1
219,39,1193.40,700.70,87.20,267.00,1.0000,-1,-1,-1
219,41,1118.90,719.50,81.80,259.30,1.0000,-1,-1,-1
219,42,1464.30,100.40,54.50,163.00,1.0000,-1,-1,-1
219,48,290.60,125.90,48.30,166.50,0.9960,-1,-1,-1
219,49,258.60,1.60,47.90,121.70,0.9980,-1,-1,-1
219,46,237.90,147.30,49.20,157.60,0.5310,-1,-1,-1
219,-1,392.40,53.90,50.90,166.80,0.8310,-1,-1,-1
220,0,1221.40,29.80,62.20,118.80,1.0000,-1,-1,-1
220,1,1489.40,16.30,59.10,139.90,1.0000,-1,-1,-1
220,2,686.40,205.90,79.50,114.30,1.0000,-1,-1,-1
220,3,1714.40,456.80,90.90,208.00,1.0000,-1,-1,-1
220,4,299.50,443.80,74.00,219.70,1.0000,-1,-1,-1
220,7,332.20,199.40,56.70,175.20,1.0000,-1,-1,-1
220,9,779.60,137.20,58.80,175.30,1.0000,-1,-1,-1
220,16,1597.70,96.40,58.60,182.80,1.0000,-1,-1,-1
220,17,551.30,116.80,59.80,175.20,1.0000,-1,-1,-1
220,18,455.20,559.70,96.00,251.40,1.0000,-1,-1,-1
220,23,1576.30,589.50,99.20,234.10,1.0000,-1,-1,-1
220,25,467.50,182.10,53.00,187.10,1.0000,-1,-1,-1
220,29,358.90,113.60,49.60,168.10,0.9990,-1,-1,-1
220,31,257.40,182.40,61.20,202.00,1.0000,-1,-1,-1
220,32,750.10,84.10,49.50,147.80,1.0000,-1,-1,-1
220,36,404.20,196.50,68.00,173.40,1.0000,-1,-1,-1
220,38,441.30,55.20,57.80,167.50,1.0000,-1,-1,-1
220,39,1191.40,698.80,84.30,262.90,1.0000,-1,-1,-1
220,41,1117.30,717.00,82.90,260.30,1.0000,-1,-1,-1
220,42,1463.90,97.60,54.00,166.10,1.0000,-1,-1,-1
220,46,237.50,145.80,49.50,158.30,0.6140,-1,-1,-1
220,48,291.00,127.80,46.80,166.40,0.9880,-1,-1,-1
220,49,258.50,1.60,48.10,121.10,0.9990,-1,-1,-1
220,50,393.90,48.10,49.00,175.90,0.9450,-1,-1,-1
221,0,1221.40,29.60,62.10,119.00,1.0000,-1,-1,-1
221,1,1490.30,14.10,59.50,142.70,1.0000,-1,-1,-1
221,2,686.70,205.60,79.30,114.70,1.0000,-1,-1,-1
221,3,1714.70,457.30,90.50,207.10,1.0000,-1,-1,-1
221,4,300.20,445.50,73.30,220.90,1.0000,-1,-1,-1
221,7,331.50,199.40,57.90,175.40,1.0000,-1,-1,-1
221,9,779.20,137.30,59.60,175.10,1.0000,-1,-1,-1
221,16,1597.60,95.30,58.90,180.80,1.0000,-1,-1,-1
221,17,551.00,116.40,60.40,176.00,1.0000,-1,-1,-1
221,18,456.60,560.30,97.90,251.60,1.0000,-1,-1,-1
221,23,1576.30,589.30,98.40,234.20,1.0000,-1,-1,-1
221,25,467.20,184.90,53.30,185.90,1.0000,-1,-1,-1
221,29,359.80,112.60,49.80,169.10,0.9990,-1,-1,-1
221,31,258.40,182.70,61.30,200.80,1.0000,-1,-1,-1
221,32,750.10,84.30,49.50,148.10,1.0000,-1,-1,-1
221,36,404.00,197.20,66.80,173.00,1.0000,-1,-1,-1
221,38,442.60,58.50,57.90,166.70,1.0000,-1,-1,-1
221,39,1188.70,697.80,86.40,261.20,1.0000,-1,-1,-1
221,41,1113.80,713.00,84.50,263.20,1.0000,-1,-1,-1
221,42,1463.80,98.50,54.40,163.40,1.0000,-1,-1,-1
221,48,291.00,127.80,45.90,168.40,0.9830,-1,-1,-1
221,49,258.30,1.50,48.40,120.50,0.9990,-1,-1,-1
221,50,394.00,50.20,51.70,174.90,0.9880,-1,-1,-1
222,0,1221.50,30.00,62.50,119.10,1.0000,-1,-1,-1
222,1,1491.90,15.10,59.10,142.40,1.0000,-1,-1,-1
222,2,686.60,206.00,79.20,113.80,1.0000,-1,-1,-1
222,3,1713.40,457.10,92.20,207.10,1.0000,-1,-1,-1
222,4,301.40,445.50,72.30,221.60,1.0000,-1,-1,-1
222,7,332.00,198.40,57.50,176.20,1.0000,-1,-1,-1
222,9,780.00,136.20,59.70,175.60,1.0000,-1,-1,-1
222,16,1596.40,94.60,58.40,181.10,1.0000,-1,-1,-1
222,17,550.40,116.40,61.50,174.50,1.0000,-1,-1,-1
222,18,459.70,562.40,95.50,247.70,1.0000,-1,-1,-1
222,23,1575.40,589.40,100.30,236.00,1.0000,-1,-1,-1
222,25,466.10,186.80,53.50,184.20,1.0000,-1,-1,-1
222,29,358.90,110.90,49.30,169.80,0.9990,-1,-1,-1
222,31,258.50,183.50,60.10,200.80,1.0000,-1,-1,-1
222,32,750.30,82.40,50.20,150.40,1.0000,-1,-1,-1
222,36,400.00,197.80,68.80,175.40,1.0000,-1,-1,-1
222,38,442.10,56.30,57.50,169.00,1.0000,-1,-1,-1
222,39,1184.40,698.50,88.40,258.10,1.0000,-1,-1,-1
222,41,1112.60,715.50,83.40,258.30,1.0000,-1,-1,-1
222,42,1463.30,97.70,53.50,164.70,1.0000,-1,-1,-1
222,48,291.40,129.20,45.40,162.50,0.9810,-1,-1,-1
222,49,258.50,1.60,48.80,120.00,0.9990,-1,-1,-1
222,50,391.90,52.50,58.90,169.20,0.9900,-1,-1,-1
223,0,1221.50,30.40,62.20,118.50,1.0000,-1,-1,-1
223,1,1492.70,15.40,58.50,141.30,1.0000,-1,-1,-1
223,2,686.70,206.10,79.00,113.50,1.0000,-1,-1,-1
223,3,1716.20,456.70,87.10,207.80,1.0000,-1,-1,-1
223,4,301.70,446.40,72.10,222.30,1.0000,-1,-1,-1
223,7,331.60,199.20,57.10,174.30,1.0000,-1,-1,-1
223,9,779.80,136.20,59.90,176.30,1.0000,-1,-1,-1
223,16,1595.40,93.70,59.70,181.90,1.0000,-1,-1,-1
223,17,548.90,115.80,62.40,175.10,1.0000,-1,-1,-1
223,18,459.50,560.80,99.40,252.80,1.0000,-1,-1,-1
223,23,1576.40,588.70,98.80,234.40,1.0000,-1,-1,-1
223,25,465.90,186.80,53.60,185.20,1.0000,-1,-1,-1
223,29,361.00,112.60,46.80,166.00,0.9990,-1,-1,-1
223,31,259.40,182.40,59.30,202.60,1.0000,-1,-1,-1
223,32,749.80,82.30,50.40,151.10,1.0000,-1,-1,-1
223,36,399.70,197.70,68.90,175.60,1.0000,-1,-1,-1
223,38,443.40,56.50,57.10,169.80,1.0000,-1,-1,-1
223,39,1181.90,692.50,87.40,258.00,1.0000,-1,-1,-1
223,41,1112.20,712.70,80.00,261.40,1.0000,-1,-1,-1
223,42,1464.20,96.50,54.80,167.20,1.0000,-1,-1,-1
223,46,238.30,144.50,50.20,161.80,0.9690,-1,-1,-1
223,48,291.20,131.10,44.60,160.40,0.9700,-1,-1,-1
223,49,258.30,1.00,48.70,121.10,1.0000,-1,-1,-1
223,50,391.00,48.40,53.70,182.10,0.9910,-1,-1,-1
224,0,1221.10,29.70,62.20,119.60,1.0000,-1,-1,-1
224,1,1493.50,15.90,58.00,140.10,1.0000,-1,-1,-1
224,2,686.80,206.10,79.10,112.60,1.0000,-1,-1,-1
224,3,1715.50,455.80,88.40,208.90,1.0000,-1,-1,-1
224,4,303.10,446.50,71.00,224.60,1.0000,-1,-1,-1
224,7,332.60,199.10,56.30,173.80,1.0000,-1,-1,-1
224,9,780.40,135.30,60.60,176.50,1.0000,-1,-1,-1
224,16,1594.20,92.80,60.50,181.30,1.0000,-1,-1,-1
224,17,548.90,115.90,62.70,175.40,1.0000,-1,-1,-1
224,18,461.20,562.50,100.20,247.10,1.0000,-1,-1,-1
224,23,1575.90,589.40,100.10,234.90,1.0000,-1,-1,-1
224,25,465.50,188.10,54.50,185.90,1.0000,-1,-1,-1
224,29,359.30,111.10,49.00,166.70,0.9990,-1,-1,-1
224,31,260.60,186.50,59.10,199.00,1.0000,-1,-1,-1
224,32,750.20,80.70,50.20,153.20,1.0000,-1,-1,-1
224,36,404.10,198.60,65.00,174.10,1.0000,-1,-1,-1
224,38,444.30,58.80,57.70,168.20,1.0000,-1,-1,-1
224,39,1178.30,690.90,89.00,263.40,1.0000,-1,-1,-1
224,41,1110.40,708.40,81.20,264.20,1.0000,-1,-1,-1
224,42,1463.10,95.40,54.70,167.70,1.0000,-1,-1,-1
224,46,237.60,143.10,50.40,155.30,0.9850,-1,-1,-1
224,48,291.70,130.80,44.20,161.20,0.9580,-1,-1,-1
224,49,257.60,1.00,49.70,122.30,1.0000,-1,-1,-1
224,50,394.00,56.40,57.70,170.70,0.9870,-1,-1,-1
225,0,1221.40,29.80,61.80,118.80,1.0000,-1,-1,-1
225,1,1494.30,16.60,57.20,139.10,1.0000,-1,-1,-1
225,2,686.90,206.00,78.80,113.90,1.0000,-1,-1,-1
225,3,1714.40,456.60,89.00,207.30,1.0000,-1,-1,-1
225,4,303.20,447.40,72.00,225.60,1.0000,-1,-1,-1
225,7,331.80,199.40,56.30,170.80,1.0000,-1,-1,-1
225,9,780.50,134.70,60.90,176.20,1.0000,-1,-1,-1
225,16,1594.60,90.10,60.30,181.20,1.0000,-1,-1,-1
225,17,548.90,116.70,61.60,175.60,1.0000,-1,-1,-1
225,18,464.60,562.20,102.70,252.10,1.0000,-1,-1,-1
225,23,1576.20,589.20,98.90,234.10,1.0000,-1,-1,-1
225,25,464.20,188.50,54.20,187.70,1.0000,-1,-1,-1
225,29,359.00,108.60,49.60,174.30,0.9990,-1,-1,-1
225,31,261.90,184.50,59.80,201.00,1.0000,-1,-1,-1
225,32,749.80,79.10,50.40,154.80,1.0000,-1,-1,-1
225,36,403.10,199.10,64.90,170.70,1.0000,-1,-1,-1
225,38,445.00,59.20,56.80,168.00,1.0000,-1,-1,-1
225,39,1176.30,683.90,88.20,259.70,1.0000,-1,-1,-1
225,41,1110.10,707.80,78.50,262.20,1.0000,-1,-1,-1
225,42,1464.10,95.20,54.40,168.00,1.0000,-1,-1,-1
225,46,236.50,143.00,51.30,152.30,0.9940,-1,-1,-1
225,48,293.90,135.80,42.20,157.30,0.7190,-1,-1,-1
225,49,257.50,1.00,49.90,123.60,1.0000,-1,-1,-1
225,50,394.90,58.00,56.90,168.90,0.9930,-1,-1,-1
226,0,1221.40,29.90,61.60,118.80,1.0000,-1,-1,-1
226,1,1494.20,17.00,57.60,139.10,1.0000,-1,-1,-1
226,2,687.40,205.70,78.00,114.50,1.0000,-1,-1,-1
226,3,1714.30,456.60,88.30,207.40,1.0000,-1,-1,-1
226,4,304.20,448.40,73.40,226.10,1.0000,-1,-1,-1
226,7,333.30,198.30,54.30,172.10,1.0000,-1,-1,-1
226,9,781.40,134.10,61.00,178.40,1.0000,-1,-1,-1
226,16,1594.10,88.40,60.20,180.00,1.0000,-1,-1,-1
226,17,546.80,117.90,63.90,174.70,1.0000,-1,-1,-1
226,18,468.50,564.20,100.50,251.00,1.0000,-1,-1,-1
226,23,1576.40,589.90,98.70,233.70,1.0000,-1,-1,-1
226,25,463.40,189.90,53.40,187.30,1.0000,-1,-1,-1
226,29,358.70,107.80,50.30,176.80,0.9990,-1,-1,-1
226,31,262.00,183.50,60.70,201.10,1.0000,-1,-1,-1
226,32,750.50,76.40,49.00,155.90,1.0000,-1,-1,-1
226,36,402.30,198.80,66.20,174.20,1.0000,-1,-1,-1
226,38,446.20,62.20,55.70,166.50,1.0000,-1,-1,-1
226,39,1175.00,681.30,89.10,256.40,1.0000,-1,-1,-1
226,41,1109.30,709.10,78.90,263.40,1.0000,-1,-1,-1
226,42,1461.80,94.50,56.10,166.80,1.0000,-1,-1,-1
226,46,236.10,142.20,50.20,149.70,0.9910,-1,-1,-1
226,48,293.00,132.90,43.90,157.20,0.8230,-1,-1,-1
226,49,257.60,1.10,49.70,123.00,1.0000,-1,-1,-1
226,50,395.80,60.50,57.50,167.30,0.9970,-1,-1,-1
227,0,1221.40,29.70,61.90,118.60,1.0000,-1,-1,-1
227,1,1494.60,17.20,57.50,139.10,1.0000,-1,-1,-1
227,2,687.10,205.90,78.60,113.80,1.0000,-1,-1,-1
227,3,1715.10,455.40,87.60,208.90,1.0000,-1,-1,-1
227,4,303.90,448.80,73.90,225.60,1.0000,-1,-1,-1
227,7,332.00,198.00,55.00,171.80,1.0000,-1,-1,-1
227,9,780.80,134.80,62.80,178.20,1.0000,-1,-1,-1
227,16,1592.50,87.10,62.30,180.80,1.0000,-1,-1,-1
227,17,547.40,118.00,63.70,174.20,1.0000,-1,-1,-1
227,18,474.10,567.50,94.40,249.30,1.0000,-1,-1,-1
227,23,1575.80,589.20,99.20,233.80,1.0000,-1,-1,-1
227,25,462.90,188.00,53.30,189.20,1.0000,-1,-1,-1
227,29,358.70,108.10,50.30,174.50,0.9990,-1,-1,-1
227,31,261.90,187.10,58.60,197.40,1.0000,-1,-1,-1
227,32,750.50,78.00,49.10,155.10,1.0000,-1,-1,-1
227,36,402.10,198.50,66.10,173.80,1.0000,-1,-1,-1
227,38,447.80,63.80,55.10,167.40,1.0000,-1,-1,-1
227,39,1166.20,677.90,93.80,264.20,1.0000,-1,-1,-1
227,41,1107.40,709.20,77.70,256.70,1.0000,-1,-1,-1
227,42,1462.30,95.90,54.10,164.20,1.0000,-1,-1,-1
227,46,236.60,140.60,50.90,155.00,0.9980,-1,-1,-1
227,48,291.10,128.10,45.10,164.60,0.9730,-1,-1,-1
227,49,257.70,1.00,49.40,122.10,1.0000,-1,-1,-1
227,50,397.00,61.00,56.70,167.50,0.9970,-1,-1,-1
228,0,1221.30,29.40,62.20,118.80,1.0000,-1,-1,-1
228,1,1495.20,16.70,58.10,139.70,1.0000,-1,-1,-1
228,2,686.70,205.90,79.60,113.60,1.0000,-1,-1,-1
228,3,1714.30,455.70,87.50,208.90,1.0000,-1,-1,-1
228,4,303.50,450.10,74.80,224.90,1.0000,-1,-1,-1
228,7,331.70,197.20,56.00,173.50,1.0000,-1,-1,-1
228,9,781.30,134.10,62.70,177.40,1.0000,-1,-1,-1
228,16,1591.20,87.40,62.80,181.10,1.0000,-1,-1,-1
228,17,546.90,117.80,64.60,173.50,1.0000,-1,-1,-1
228,18,479.00,574.80,94.60,240.80,1.0000,-1,-1,-1
228,23,1574.90,589.30,100.30,233.20,1.0000,-1,-1,-1
228,25,462.60,189.50,52.90,188.00,1.0000,-1,-1,-1
228,29,359.10,107.90,51.00,175.60,0.9990,-1,-1,-1
228,31,263.50,185.40,59.10,200.00,1.0000,-1,-1,-1
228,32,751.20,78.50,49.30,154.90,1.0000,-1,-1,-1
228,36,401.10,199.10,67.40,174.20,1.0000,-1,-1,-1
228,38,448.50,63.60,54.90,169.30,1.0000,-1,-1,-1
228,39,1165.30,677.10,93.70,266.50,1.0000,-1,-1,-1
228,41,1103.70,703.20,78.90,262.20,0.9990,-1,-1,-1
228,42,1463.20,95.40,54.20,163.80,1.0000,-1,-1,-1
228,46,235.90,140.10,50.90,153.20,0.9990,-1,-1,-1
228,48,293.00,132.00,43.30,158.50,0.8050,-1,-1,-1
228,49,258.20,1.00,49.10,122.20,1.0000,-1,-1,-1
228,50,397.80,61.50,56.20,167.60,0.9960,-1,-1,-1
229,0,1221.10,29.30,62.80,119.80,1.0000,-1,-1,-1
229,1,1495.00,17.20,59.10,140.60,1.0000,-1,-1,-1
229,2,686.90,205.70,79.10,114.10,1.0000,-1,-1,-1
229,3,1715.40,455.70,85.10,209.60,1.0000,-1,-1,-1
229,4,303.00,451.20,76.50,225.40,1.0000,-1,-1,-1
229,7,330.90,197.00,56.40,174.90,1.0000,-1,-1,-1
229,9,781.10,133.60,63.70,178.10,1.0000,-1,-1,-1
229,16,1589.70,87.20,62.90,179.70,1.0000,-1,-1,-1
229,17,547.90,117.60,63.70,173.60,1.0000,-1,-1,-1
229,18,483.90,567.80,91.20,248.50,1.0000,-1,-1,-1
229,23,1575.70,589.90,99.30,232.90,1.0000,-1,-1,-1
229,25,462.40,187.20,52.40,190.90,1.0000,-1,-1,-1
229,29,359.80,108.40,49.10,170.10,0.9990,-1,-1,-1
229,31,263.10,185.40,58.40,200.10,1.0000,-1,-1,-1
229,32,751.30,78.70,49.00,153.90,1.0000,-1,-1,-1
229,36,399.70,199.30,66.90,175.00,1.0000,-1,-1,-1
229,38,449.90,64.10,55.10,168.00,1.0000,-1,-1,-1
229,39,1164.80,672.70,92.30,265.20,1.0000,-1,-1,-1
229,41,1103.10,703.00,78.70,255.00,0.9990,-1,-1,-1
229,42,1462.40,95.10,53.80,165.50,1.0000,-1,-1,-1
229,46,237.10,138.60,50.60,154.70,0.9990,-1,-1,-1
229,48,291.10,126.80,44.50,169.40,0.8680,-1,-1,-1
229,49,258.50,1.00,49.20,122.70,1.0000,-1,-1,-1
229,50,397.20,62.50,59.00,171.80,0.9980,-1,-1,-1
230,0,1221.10,29.40,62.80,119.80,1.0000,-1,-1,-1
230,1,1495.50,16.50,59.00,141.90,1.0000,-1,-1,-1
230,2,687.00,205.70,78.90,113.70,1.0000,-1,-1,-1
230,3,1716.20,454.50,84.70,210.80,1.0000,-1,-1,-1
230,4,304.30,453.90,77.20,223.60,1.0000,-1,-1,-1
230,7,331.70,196.00,55.70,174.80,1.0000,-1,-1,-1
230,9,781.80,134.60,63.50,177.50,1.0000,-1,-1,-1
230,16,1588.00,88.30,62.90,178.30,1.0000,-1,-1,-1
230,17,547.00,117.50,64.70,173.40,1.0000,-1,-1,-1
230,18,489.70,567.00,87.00,248.50,1.0000,-1,-1,-1
230,23,1574.00,589.30,102.00,234.80,1.0000,-1,-1,-1
230,25,461.70,188.30,51.60,189.70,1.0000,-1,-1,-1
230,29,360.20,107.30,49.40,171.90,0.9990,-1,-1,-1
230,31,264.40,183.50,58.90,200.00,1.0000,-1,-1,-1
230,32,751.30,79.10,50.10,156.00,1.0000,-1,-1,-1
230,36,400.10,199.40,66.50,176.10,1.0000,-1,-1,-1
230,38,451.70,64.60,55.80,169.70,1.0000,-1,-1,-1
230,39,1165.20,675.20,88.40,261.90,1.0000,-1,-1,-1
230,41,1099.70,704.10,82.00,247.40,0.9990,-1,-1,-1
230,42,1462.20,93.60,53.70,167.80,1.0000,-1,-1,-1
230,46,236.10,136.80,50.10,154.40,1.0000,-1,-1,-1
230,49,258.80,1.00,49.40,123.10,1.0000,-1,-1,-1
230,50,398.00,63.20,57.70,172.50,0.9990,-1,-1,-1
230,48,293.20,137.10,41.70,159.40,0.3430,-1,-1,-1
231,0,1221.30,29.50,62.00,119.60,1.0000,-1,-1,-1
231,1,1495.60,16.90,58.90,143.00,1.0000,-1,-1,-1
231,2,686.70,205.60,79.30,114.00,1.0000,-1,-1,-1
231,3,1715.40,453.80,85.80,211.70,1.0000,-1,-1,-1
231,4,304.50,456.40,76.60,223.90,1.0000,-1,-1,-1
231,7,331.00,195.50,56.10,175.20,1.0000,-1,-1,-1
231,9,781.00,135.20,65.30,177.40,1.0000,-1,-1,-1
231,16,1585.40,88.70,63.20,178.00,1.0000,-1,-1,-1
231,17,546.20,116.10,65.20,176.50,1.0000,-1,-1,-1
231,18,496.80,564.80,79.20,250.30,1.0000,-1,-1,-1
231,23,1574.20,589.20,101.40,234.30,1.0000,-1,-1,-1
231,25,460.90,188.80,52.50,190.30,1.0000,-1,-1,-1
231,29,359.80,108.00,50.40,171.60,0.9990,-1,-1,-1
231,31,264.50,183.30,58.70,199.40,1.0000,-1,-1,-1
231,32,751.60,81.60,49.30,152.50,1.0000,-1,-1,-1
231,36,402.50,203.30,64.40,171.90,1.0000,-1,-1,-1
231,38,452.60,65.60,56.70,169.20,1.0000,-1,-1,-1
231,39,1161.00,670.20,93.50,263.30,1.0000,-1,-1,-1
231,41,1098.70,696.10,79.20,256.20,1.0000,-1,-1,-1
231,42,1463.20,91.90,52.20,168.20,1.0000,-1,-1,-1
231,46,236.40,137.70,51.10,154.70,0.9990,-1,-1,-1
231,49,258.00,1.00,50.00,122.10,1.0000,-1,-1,-1
231,50,398.30,63.50,56.70,173.10,1.0000,-1,-1,-1
231,48,293.10,141.10,41.60,159.50,0.0720,-1,-1,-1
232,0,1221.30,29.20,62.50,119.60,1.0000,-1,-1,-1
232,1,1495.00,18.00,60.30,143.70,1.0000,-1,-1,-1
232,2,687.00,205.80,79.00,114.00,1.0000,-1,-1,-1
232,3,1716.40,454.20,84.30,211.30,1.0000,-1,-1,-1
232,4,303.90,458.40,76.80,225.20,1.0000,-1,-1,-1
232,7,330.50,195.30,55.00,174.90,1.0000,-1,-1,-1
232,9,781.60,134.50,64.40,177.80,1.0000,-1,-1,-1
232,16,1583.00,88.90,63.30,176.20,1.0000,-1,-1,-1
232,17,546.50,116.80,64.30,175.10,1.0000,-1,-1,-1
232,18,501.60,564.30,77.70,253.00,1.0000,-1,-1,-1
232,23,1574.70,588.90,100.50,235.10,1.0000,-1,-1,-1
232,25,459.70,189.10,53.60,190.30,1.0000,-1,-1,-1
232,29,359.60,108.50,50.10,172.70,0.9990,-1,-1,-1
232,31,265.10,183.30,58.30,197.80,1.0000,-1,-1,-1
232,32,752.10,82.40,48.90,152.20,1.0000,-1,-1,-1
232,36,401.30,203.50,65.30,172.80,1.0000,-1,-1,-1
232,38,453.00,64.80,58.20,170.60,1.0000,-1,-1,-1
232,39,1162.10,674.80,87.60,261.90,1.0000,-1,-1,-1
232,41,1096.80,694.00,77.70,246.10,0.9990,-1,-1,-1
232,42,1462.90,88.70,52.80,171.10,1.0000,-1,-1,-1
232,46,236.60,136.30,50.50,156.80,0.9990,-1,-1,-1
232,49,257.90,1.10,49.80,122.70,1.0000,-1,-1,-1
232,50,398.80,65.10,56.30,167.40,1.0000,-1,-1,-1
233,0,1221.70,29.70,62.20,119.00,1.0000,-1,-1,-1
233,1,1495.30,17.10,61.10,146.90,1.0000,-1,-1,-1
233,2,686.60,205.80,79.90,113.30,1.0000,-1,-1,-1
233,3,1716.90,453.60,82.30,212.50,1.0000,-1,-1,-1
233,4,304.20,460.10,77.30,226.10,1.0000,-1,-1,-1
233,7,331.40,195.50,54.20,174.40,1.0000,-1,-1,-1
233,9,781.10,134.60,65.40,177.10,1.0000,-1,-1,-1
233,16,1582.80,89.30,63.50,175.30,1.0000,-1,-1,-1
233,17,545.70,116.50,64.80,176.50,1.0000,-1,-1,-1
233,18,505.70,564.80,74.50,250.30,1.0000,-1,-1,-1
233,23,1575.10,589.10,100.40,235.00,1.0000,-1,-1,-1
233,25,458.90,188.30,54.90,189.60,1.0000,-1,-1,-1
233,29,360.50,110.70,50.50,166.80,0.9990,-1,-1,-1
233,31,266.80,182.30,57.80,199.00,1.0000,-1,-1,-1
233,32,752.10,80.20,49.10,152.30,1.0000,-1,-1,-1
233,36,401.20,202.90,65.20,174.60,1.0000,-1,-1,-1
233,38,453.60,66.20,57.90,169.20,1.0000,-1,-1,-1
233,39,1158.10,667.70,90.90,267.60,1.0000,-1,-1,-1
233,41,1094.30,689.80,77.70,251.10,1.0000,-1,-1,-1
233,42,1463.30,87.00,52.50,169.20,1.0000,-1,-1,-1
233,46,236.30,136.40,48.80,158.70,1.0000,-1,-1,-1
233,49,257.60,1.00,49.70,122.50,1.0000,-1,-1,-1
233,50,398.60,63.70,56.80,167.30,1.0000,-1,-1,-1
234,0,1221.80,29.70,61.60,119.50,1.0000,-1,-1,-1
234,1,1496.00,15.00,59.90,149.50,1.0000,-1,-1,-1
234,2,686.70,205.90,79.60,113.50,1.0000,-1,-1,-1
234,3,1717.00,453.80,82.00,212.80,1.0000,-1,-1,-1
234,4,303.90,463.10,77.90,226.50,1.0000,-1,-1,-1
234,7,329.70,192.40,56.60,180.30,1.0000,-1,-1,-1
234,9,782.20,134.60,63.60,177.50,1.0000,-1,-1,-1
234,16,1582.80,88.70,62.50,176.70,1.0000,-1,-1,-1
234,17,544.80,115.70,65.90,177.30,1.0000,-1,-1,-1
234,18,509.60,564.40,75.90,252.60,1.0000,-1,-1,-1
234,23,1575.20,590.20,100.50,234.50,1.0000,-1,-1,-1
234,25,459.50,189.30,54.40,188.20,1.0000,-1,-1,-1
234,29,358.90,109.70,52.50,168.00,1.0000,-1,-1,-1
234,31,267.20,180.80,57.80,200.30,1.0000,-1,-1,-1
234,32,752.50,82.80,48.60,152.40,1.0000,-1,-1,-1
234,36,402.50,205.80,62.50,173.90,1.0000,-1,-1,-1
234,38,455.70,64.10,56.80,171.20,1.0000,-1,-1,-1
234,39,1156.90,666.50,92.80,270.70,1.0000,-1,-1,-1
234,41,1092.50,687.90,79.00,251.20,1.0000,-1,-1,-1
234,42,1462.50,87.00,52.80,164.50,1.0000,-1,-1,-1
234,46,235.90,135.50,49.20,159.40,1.0000,-1,-1,-1
234,49,257.30,1.10,50.10,122.60,1.0000,-1,-1,-1
234,50,399.50,65.10,56.20,167.00,1.0000,-1,-1,-1
235,0,1221.70,29.50,61.70,119.30,1.0000,-1,-1,-1
235,1,1494.70,15.40,60.80,147.10,1.0000,-1,-1,-1
235,2,687.00,205.50,78.90,114.10,1.0000,-1,-1,-1
235,3,1718.00,453.40,81.40,212.80,1.0000,-1,-1,-1
235,4,304.30,464.50,76.40,225.60,1.0000,-1,-1,-1
235,7,330.00,192.80,55.30,180.60,1.0000,-1,-1,-1
235,9,781.20,135.40,65.90,176.50,1.0000,-1,-1,-1
235,16,1581.50,85.90,62.80,177.80,1.0000,-1,-1,-1
235,17,544.40,114.40,66.80,177.00,1.0000,-1,-1,-1
235,18,512.90,566.20,75.80,250.50,1.0000,-1,-1,-1
235,23,1575.20,589.20,100.30,235.00,1.0000,-1,-1,-1
235,25,458.70,190.00,54.50,188.40,1.0000,-1,-1,-1
235,29,358.90,110.20,53.20,170.10,1.0000,-1,-1,-1
235,31,268.70,182.00,56.40,197.40,1.0000,-1,-1,-1
235,32,752.20,81.60,48.80,152.80,1.0000,-1,-1,-1
235,36,401.20,206.40,64.20,175.50,1.0000,-1,-1,-1
235,38,456.50,63.00,57.40,170.50,1.0000,-1,-1,-1
235,39,1154.80,667.60,93.90,265.80,1.0000,-1,-1,-1
235,41,1089.50,684.60,78.80,257.80,1.0000,-1,-1,-1
235,42,1462.20,86.40,51.90,164.60,1.0000,-1,-1,-1
235,46,235.50,136.00,48.90,161.00,1.0000,-1,-1,-1
235,49,257.30,1.20,50.00,122.20,1.0000,-1,-1,-1
235,50,400.20,64.80,57.10,170.10,1.0000,-1,-1,-1
236,0,1221.70,29.60,61.70,119.60,1.0000,-1,-1,-1
236,1,1494.70,14.20,60.60,146.90,1.0000,-1,-1,-1
236,2,687.20,205.50,78.70,113.70,1.0000,-1,-1,-1
236,3,1719.40,453.10,79.70,213.20,1.0000,-1,-1,-1
236,4,303.90,466.50,76.90,225.40,1.0000,-1,-1,-1
236,7,331.40,192.50,55.50,181.70,1.0000,-1,-1,-1
236,9,781.40,135.40,65.00,176.70,1.0000,-1,-1,-1
236,16,1579.50,85.20,63.50,176.90,1.0000,-1,-1,-1
236,17,543.80,114.20,66.60,177.90,1.0000,-1,-1,-1
236,18,515.90,565.10,77.50,251.00,1.0000,-1,-1,-1
236,23,1574.90,590.70,99.60,233.70,1.0000,-1,-1,-1
236,25,457.80,191.90,54.80,188.50,1.0000,-1,-1,-1
236,29,359.50,110.60,53.70,170.10,1.0000,-1,-1,-1
236,31,270.50,180.50,55.60,198.30,1.0000,-1,-1,-1
236,32,752.40,80.50,48.50,154.10,1.0000,-1,-1,-1
236,36,398.20,208.10,66.70,176.20,1.0000,-1,-1,-1
236,38,457.30,62.10,57.30,170.90,1.0000,-1,-1,-1
236,39,1150.80,664.50,94.60,268.20,1.0000,-1,-1,-1
236,41,1086.90,682.50,79.40,258.20,1.0000,-1,-1,-1
236,42,1460.60,85.30,52.60,164.60,1.0000,-1,-1,-1
236,46,235.50,134.90,49.00,162.70,1.0000,-1,-1,-1
236,49,257.10,1.10,50.30,121.30,1.0000,-1,-1,-1
236,50,399.20,64.70,58.40,170.70,1.0000,-1,-1,-1
237,0,1221.50,29.30,62.30,118.90,1.0000,-1,-1,-1
237,1,1493.80,15.10,61.00,148.60,1.0000,-1,-1,-1
237,2,687.00,205.50,79.10,114.00,1.0000,-1,-1,-1
237,3,1719.70,453.10,80.20,213.10,1.0000,-1,-1,-1
237,4,303.20,468.00,77.40,226.60,1.0000,-1,-1,-1
237,7,329.90,192.60,56.20,180.70,1.0000,-1,-1,-1
237,9,781.40,135.50,63.70,176.90,1.0000,-1,-1,-1
237,16,1578.20,84.80,63.80,176.30,1.0000,-1,-1,-1
237,17,543.90,114.90,66.20,177.10,1.0000,-1,-1,-1
237,18,517.60,566.00,80.30,252.90,1.0000,-1,-1,-1
237,23,1575.20,591.10,100.00,233.60,1.0000,-1,-1,-1
237,25,456.70,193.60,54.00,187.80,1.0000,-1,-1,-1
237,29,359.40,110.80,53.00,169.60,1.0000,-1,-1,-1
237,31,270.90,177.20,56.60,200.60,1.0000,-1,-1,-1
237,32,752.30,82.20,49.30,151.50,1.0000,-1,-1,-1
237,36,397.60,209.70,66.80,174.60,1.0000,-1,-1,-1
237,38,459.40,63.70,56.40,167.80,1.0000,-1,-1,-1
237,39,1147.30,662.50,97.90,266.30,1.0000,-1,-1,-1
237,41,1083.80,680.30,80.60,256.80,1.0000,-1,-1,-1
237,42,1458.50,83.10,52.90,170.20,1.0000,-1,-1,-1
237,46,235.50,134.80,48.80,164.80,1.0000,-1,-1,-1
237,49,257.10,1.50,50.10,121.30,1.0000,-1,-1,-1
237,50,401.90,66.30,56.80,167.40,1.0000,-1,-1,-1
238,0,1221.70,29.30,62.00,119.10,1.0000,-1,-1,-1
238,1,1494.10,17.90,59.80,145.90,1.0000,-1,-1,-1
238,2,687.40,205.60,78.50,114.00,1.0000,-1,-1,-1
238,3,1720.80,452.20,79.10,214.00,1.0000,-1,-1,-1
238,4,302.30,470.00,77.30,226.60,1.0000,-1,-1,-1
238,7,329.80,193.70,56.30,178.80,1.0000,-1,-1,-1
238,9,782.60,135.20,63.10,176.00,1.0000,-1,-1,-1
238,16,1577.20,83.40,64.80,178.30,1.0000,-1,-1,-1
238,17,544.20,114.60,65.90,176.50,1.0000,-1,-1,-1
238,18,517.90,565.60,81.80,252.90,1.0000,-1,-1,-1
238,23,1575.00,589.50,99.50,234.80,1.0000,-1,-1,-1
238,25,455.90,193.10,54.40,189.40,1.0000,-1,-1,-1
238,29,359.90,110.90,52.10,170.80,0.9990,-1,-1,-1
238,31,272.00,178.60,56.00,195.80,1.0000,-1,-1,-1
238,32,752.20,78.80,50.00,155.50,1.0000,-1,-1,-1
238,36,398.90,209.30,66.50,176.90,1.0000,-1,-1,-1
238,38,459.20,64.20,58.20,170.40,1.0000,-1,-1,-1
238,39,1146.00,659.70,95.60,264.90,1.0000,-1,-1,-1
238,41,1081.00,678.70,81.40,257.40,1.0000,-1,-1,-1
238,42,1456.80,82.60,53.60,168.50,1.0000,-1,-1,-1
238,46,235.30,135.70,49.20,163.60,1.0000,-1,-1,-1
238,49,256.60,1.40,50.90,122.10,1.0000,-1,-1,-1
238,50,403.50,67.30,56.30,166.30,1.0000,-1,-1,-1
239,0,1221.50,29.00,62.10,119.90,1.0000,-1,-1,-1
239,1,1493.80,19.20,60.40,145.30,1.0000,-1,-1,-1
239,2,687.40,205.50,78.20,114.30,1.0000,-1,-1,-1
239,3,1721.00,452.60,78.30,214.00,1.0000,-1,-1,-1
239,4,301.70,471.90,76.10,223.90,1.0000,-1,-1,-1
239,7,329.60,193.00,56.70,179.60,1.0000,-1,-1,-1
239,9,782.30,135.60,63.90,176.50,1.0000,-1,-1,-1
239,16,1575.60,83.60,65.30,177.30,1.0000,-1,-1,-1
239,17,544.00,115.00,64.90,177.20,1.0000,-1,-1,-1
239,18,517.80,568.50,86.00,248.90,1.0000,-1,-1,-1
239,23,1575.40,590.50,99.30,233.60,1.0000,-1,-1,-1
239,25,456.30,197.90,55.00,184.70,1.0000,-1,-1,-1
239,29,361.10,113.40,51.50,167.30,0.9990,-1,-1,-1
239,31,272.70,177.40,56.20,197.80,1.0000,-1,-1,-1
239,32,752.00,77.90,50.40,155.30,1.0000,-1,-1,-1
239,36,397.00,210.20,68.30,177.50,1.0000,-1,-1,-1
239,38,460.40,64.90,59.30,171.40,1.0000,-1,-1,-1
239,39,1141.60,658.40,99.40,262.50,1.0000,-1,-1,-1
239,41,1078.30,678.60,81.10,257.80,1.0000,-1,-1,-1
239,42,1455.00,79.80,53.90,169.80,1.0000,-1,-1,-1
239,46,235.00,136.00,48.80,163.00,1.0000,-1,-1,-1
239,49,256.50,1.10,50.90,122.20,1.0000,-1,-1,-1
239,50,403.50,68.00,57.10,166.40,1.0000,-1,-1,-1
240,0,1221.40,29.60,62.30,119.50,1.0000,-1,-1,-1
240,1,1493.40,17.80,61.40,144.90,1.0000,-1,-1,-1
240,2,687.00,205.20,79.10,115.10,1.0000,-1,-1,-1
240,3,1721.60,453.00,77.10,213.30,1.0000,-1,-1,-1
240,4,299.60,470.80,77.60,228.40,1.0000,-1,-1,-1
240,7,329.60,191.50,55.10,180.20,1.0000,-1,-1,-1
240,9,782.40,133.60,64.20,178.60,1.0000,-1,-1,-1
240,16,1574.70,82.50,65.70,177.20,1.0000,-1,-1,-1
240,17,543.60,114.70,65.70,177.70,1.0000,-1,-1,-1
240,18,518.50,569.70,91.60,246.50,1.0000,-1,-1,-1
240,23,1574.60,589.70,101.10,235.10,1.0000,-1,-1,-1
240,25,457.60,196.90,51.90,186.70,1.0000,-1,-1,-1
240,29,358.80,111.40,54.00,172.60,0.9990,-1,-1,-1
240,31,272.90,176.30,56.70,197.30,1.0000,-1,-1,-1
240,32,751.10,77.90,50.70,157.50,1.0000,-1,-1,-1
240,36,395.80,212.20,70.90,173.00,1.0000,-1,-1,-1
240,38,461.80,67.70,59.20,173.50,1.0000,-1,-1,-1
240,39,1140.80,656.00,98.10,258.40,1.0000,-1,-1,-1
240,41,1077.00,677.80,80.20,256.90,1.0000,-1,-1,-1
240,42,1453.50,81.00,54.30,169.20,1.0000,-1,-1,-1
240,46,234.60,135.30,49.60,163.40,1.0000,-1,-1,-1
240,49,256.90,1.20,50.80,121.60,1.0000,-1,-1,-1
240,50,403.60,68.50,58.20,168.60,0.9990,-1,-1,-1
241,0,1221.50,29.40,62.00,119.30,1.0000,-1,-1,-1
241,1,1493.50,17.60,60.40,147.10,1.0000,-1,-1,-1
241,2,687.20,205.10,78.40,115.20,1.0000,-1,-1,-1
241,3,1722.10,452.80,76.70,214.00,1.0000,-1,-1,-1
241,4,298.40,472.20,78.10,227.50,1.0000,-1,-1,-1
241,7,328.80,191.80,57.60,178.40,1.0000,-1,-1,-1
241,9,781.80,134.00,64.80,177.40,1.0000,-1,-1,-1
241,16,1574.60,82.30,64.30,174.70,1.0000,-1,-1,-1
241,17,543.90,116.30,65.90,174.60,1.0000,-1,-1,-1
241,18,520.10,570.10,92.80,248.00,1.0000,-1,-1,-1
241,23,1574.80,590.50,101.00,235.00,1.0000,-1,-1,-1
241,25,456.10,197.30,52.70,187.90,1.0000,-1,-1,-1
241,29,358.40,109.80,53.30,174.30,0.9990,-1,-1,-1
241,31,273.60,177.10,56.70,194.50,1.0000,-1,-1,-1
241,32,751.20,79.20,51.30,155.80,1.0000,-1,-1,-1
241,36,396.60,211.40,69.30,174.10,1.0000,-1,-1,-1
241,38,463.00,70.40,60.50,169.40,1.0000,-1,-1,-1
241,39,1138.40,653.40,95.10,261.90,1.0000,-1,-1,-1
241,41,1074.20,678.10,81.40,254.80,1.0000,-1,-1,-1
241,42,1452.80,79.70,54.80,168.90,1.0000,-1,-1,-1
241,46,233.90,136.00,50.30,161.80,1.0000,-1,-1,-1
241,49,256.50,1.20,50.90,122.30,1.0000,-1,-1,-1
241,50,405.10,70.00,57.10,168.60,0.9990,-1,-1,-1
242,0,1221.50,29.60,62.30,118.70,1.0000,-1,-1,-1
242,1,1493.20,17.10,60.10,148.10,1.0000,-1,-1,-1
242,2,687.40,205.10,78.20,115.40,1.0000,-1,-1,-1
242,3,1722.00,455.30,75.70,209.20,1.0000,-1,-1,-1
242,4,295.70,472.50,79.20,228.50,1.0000,-1,-1,-1
242,7,328.90,192.10,57.40,175.40,1.0000,-1,-1,-1
242,9,781.60,134.40,64.90,176.90,1.0000,-1,-1,-1
242,16,1574.90,81.20,62.50,174.30,1.0000,-1,-1,-1
242,17,544.40,115.10,64.90,176.60,1.0000,-1,-1,-1
242,18,523.00,570.60,91.10,248.20,1.0000,-1,-1,-1
242,23,1574.80,589.90,101.60,235.30,1.0000,-1,-1,-1
242,25,454.30,197.30,54.50,190.80,1.0000,-1,-1,-1
242,29,358.50,108.70,53.90,173.10,0.9990,-1,-1,-1
242,31,273.90,175.50,57.70,194.00,1.0000,-1,-1,-1
242,32,751.00,78.90,51.20,155.20,1.0000,-1,-1,-1
242,36,396.40,211.40,69.50,171.80,1.0000,-1,-1,-1
242,38,462.20,70.00,61.50,170.00,1.0000,-1,-1,-1
242,39,1135.10,651.30,96.50,258.20,1.0000,-1,-1,-1
242,41,1072.30,678.60,81.10,252.00,1.0000,-1,-1,-1
242,42,1451.30,78.00,54.40,170.00,1.0000,-1,-1,-1
242,46,234.10,136.90,50.10,160.70,1.0000,-1,-1,-1
242,49,256.60,1.20,51.00,121.00,1.0000,-1,-1,-1
242,50,405.60,72.10,57.60,167.50,0.9990,-1,-1,-1
243,0,1221.50,30.00,62.00,118.90,1.0000,-1,-1,-1
243,1,1492.90,17.50,59.40,145.90,1.0000,-1,-1,-1
243,2,687.30,205.10,78.20,114.90,1.0000,-1,-1,-1
243,3,1722.60,452.20,76.20,214.60,1.0000,-1,-1,-1
243,4,294.70,473.50,79.70,226.60,1.0000,-1,-1,-1
243,7,328.50,191.80,57.90,174.90,1.0000,-1,-1,-1
243,9,781.90,133.70,64.50,175.70,1.0000,-1,-1,-1
243,16,1574.50,79.80,62.50,172.90,1.0000,-1,-1,-1
243,17,545.10,115.00,64.50,176.40,1.0000,-1,-1,-1
243,18,524.10,569.90,89.80,246.90,1.0000,-1,-1,-1
243,23,1575.50,590.70,100.30,234.30,1.0000,-1,-1,-1
243,25,453.70,199.90,55.00,189.10,1.0000,-1,-1,-1
243,29,358.50,107.60,54.00,178.50,0.9990,-1,-1,-1
243,31,274.20,175.60,57.60,192.40,1.0000,-1,-1,-1
243,32,751.10,76.10,51.30,157.40,1.0000,-1,-1,-1
243,36,395.40,211.50,69.80,171.10,1.0000,-1,-1,-1
243,38,462.60,69.70,62.60,173.20,1.0000,-1,-1,-1
243,39,1139.10,651.40,87.40,254.50,1.0000,-1,-1,-1
243,41,1069.60,673.40,80.40,255.80,1.0000,-1,-1,-1
243,42,1449.70,77.00,56.00,171.10,1.0000,-1,-1,-1
243,46,233.60,137.60,50.10,160.50,1.0000,-1,-1,-1
243,49,256.00,1.10,51.40,122.10,1.0000,-1,-1,-1
243,50,407.20,73.40,56.80,166.10,0.9990,-1,-1,-1
244,0,1221.10,29.70,62.80,119.30,1.0000,-1,-1,-1
244,1,1492.30,17.20,59.50,147.40,1.0000,-1,-1,-1
244,2,687.30,205.30,78.20,114.40,1.0000,-1,-1,-1
244,3,1721.80,454.70,76.50,210.70,1.0000,-1,-1,-1
244,4,294.80,474.00,78.60,226.90,1.0000,-1,-1,-1
244,7,328.30,190.90,58.50,175.70,1.0000,-1,-1,-1
244,9,782.30,134.60,64.40,174.20,1.0000,-1,-1,-1
244,16,1573.50,78.00,63.00,175.00,1.0000,-1,-1,-1
244,17,547.00,117.70,61.60,174.10,1.0000,-1,-1,-1
244,18,527.00,573.20,94.50,246.30,1.0000,-1,-1,-1
244,23,1575.20,589.70,101.20,236.00,1.0000,-1,-1,-1
244,25,452.90,202.90,54.90,187.30,1.0000,-1,-1,-1
244,29,358.20,107.30,54.10,177.70,0.9990,-1,-1,-1
244,31,273.90,175.50,58.00,192.80,1.0000,-1,-1,-1
244,32,750.80,75.60,51.60,157.70,1.0000,-1,-1,-1
244,36,393.40,209.70,71.00,172.50,1.0000,-1,-1,-1
244,38,465.50,69.70,62.00,176.80,1.0000,-1,-1,-1
244,39,1136.60,640.40,88.10,265.60,1.0000,-1,-1,-1
244,41,1068.30,670.80,79.80,255.90,1.0000,-1,-1,-1
244,42,1450.00,78.20,55.20,169.70,1.0000,-1,-1,-1
244,46,233.00,138.10,50.40,160.80,1.0000,-1,-1,-1
244,49,255.90,1.10,51.60,122.00,1.0000,-1,-1,-1
244,50,407.90,74.20,57.00,168.20,0.9990,-1,-1,-1
245,0,1221.20,29.30,62.00,118.70,1.0000,-1,-1,-1
245,1,1492.50,18.20,58.90,147.90,1.0000,-1,-1,-1
245,2,687.60,205.00,78.10,114.90,1.0000,-1,-1,-1
245,3,1723.10,452.40,75.90,215.50,1.0000,-1,-1,-1
245,4,294.80,475.10,78.60,227.10,1.0000,-1,-1,-1
245,7,328.80,191.00,57.40,175.40,1.0000,-1,-1,-1
245,9,783.00,134.70,62.30,173.70,1.0000,-1,-1,-1
245,16,1572.70,77.30,62.40,176.00,1.0000,-1,-1,-1
245,17,546.50,116.10,62.40,174.20,1.0000,-1,-1,-1
245,18,527.90,573.50,97.50,246.10,1.0000,-1,-1,-1
245,23,1576.00,590.40,100.50,233.60,1.0000,-1,-1,-1
245,25,453.00,205.10,53.80,186.50,1.0000,-1,-1,-1
245,29,358.30,108.90,52.50,177.30,0.9990,-1,-1,-1
245,31,274.70,173.30,58.00,194.40,1.0000,-1,-1,-1
245,32,750.70,74.40,51.90,160.00,1.0000,-1,-1,-1
245,36,394.00,211.30,70.10,171.10,1.0000,-1,-1,-1
245,38,466.60,70.30,61.20,175.50,1.0000,-1,-1,-1
245,39,1134.40,641.60,85.40,263.60,1.0000,-1,-1,-1
245,41,1065.10,668.60,81.30,253.20,1.0000,-1,-1,-1
245,42,1450.00,76.90,54.20,170.20,1.0000,-1,-1,-1
245,46,233.20,139.00,49.70,159.00,1.0000,-1,-1,-1
245,49,255.80,1.20,51.30,120.50,1.0000,-1,-1,-1
245,50,410.40,74.00,55.00,166.30,0.9990,-1,-1,-1
246,0,1221.00,29.70,62.70,119.10,1.0000,-1,-1,-1
246,1,1492.90,18.10,58.50,148.00,1.0000,-1,-1,-1
246,2,687.40,205.10,78.90,114.90,1.0000,-1,-1,-1
246,3,1722.70,452.90,76.80,214.20,1.0000,-1,-1,-1
246,4,294.40,476.30,78.30,226.90,1.0000,-1,-1,-1
246,7,328.90,190.10,57.50,175.90,1.0000,-1,-1,-1
246,9,782.40,134.10,63.40,174.60,1.0000,-1,-1,-1
246,16,1572.70,76.40,61.80,175.00,1.0000,-1,-1,-1
246,17,546.60,116.70,61.50,174.50,1.0000,-1,-1,-1
246,18,531.20,574.10,97.30,245.20,1.0000,-1,-1,-1
246,23,1575.80,590.80,100.40,233.50,1.0000,-1,-1,-1
246,25,452.60,207.00,53.40,183.80,1.0000,-1,-1,-1
246,29,357.80,108.80,53.20,176.00,0.9990,-1,-1,-1
246,31,275.80,173.80,57.00,194.70,1.0000,-1,-1,-1
246,32,750.50,72.50,51.70,161.60,1.0000,-1,-1,-1
246,36,391.90,211.80,71.20,170.30,1.0000,-1,-1,-1
246,38,466.40,70.70,61.20,175.70,1.0000,-1,-1,-1
246,39,1136.10,637.70,79.70,259.00,1.0000,-1,-1,-1
246,41,1063.40,664.30,79.10,251.10,1.0000,-1,-1,-1
246,42,1450.00,77.20,53.70,169.70,1.0000,-1,-1,-1
246,46,232.40,137.60,50.90,163.20,1.0000,-1,-1,-1
246,49,255.40,1.30,51.80,120.80,1.0000,-1,-1,-1
246,50,409.80,76.30,58.30,169.30,0.9990,-1,-1,-1
247,0,1220.80,29.20,62.60,120.00,1.0000,-1,-1,-1
247,1,1491.90,19.00,59.70,149.30,1.0000,-1,-1,-1
247,2,687.80,204.70,78.10,115.00,1.0000,-1,-1,-1
247,3,1722.00,453.60,76.30,212.20,1.0000,-1,-1,-1
247,4,294.20,477.20,79.30,227.10,1.0000,-1,-1,-1
247,7,328.20,188.80,57.90,177.80,1.0000,-1,-1,-1
247,9,783.20,135.10,62.30,172.60,1.0000,-1,-1,-1
247,16,1573.00,76.20,61.40,175.10,1.0000,-1,-1,-1
247,17,546.90,116.10,61.80,175.30,1.0000,-1,-1,-1
247,18,536.70,569.30,94.10,251.90,1.0000,-1,-1,-1
247,23,1575.60,590.30,100.80,234.70,1.0000,-1,-1,-1
247,25,452.80,206.90,53.60,185.00,1.0000,-1,-1,-1
247,29,356.90,110.10,52.60,174.90,0.9980,-1,-1,-1
247,31,275.90,173.40,56.80,195.00,1.0000,-1,-1,-1
247,32,750.70,74.00,52.30,158.50,1.0000,-1,-1,-1
247,36,390.40,212.30,72.40,172.00,1.0000,-1,-1,-1
247,38,467.00,71.90,61.30,175.50,1.0000,-1,-1,-1
247,39,1134.40,636.10,79.90,258.90,1.0000,-1,-1,-1
247,41,1060.80,662.00,78.70,250.60,1.0000,-1,-1,-1
247,42,1448.20,77.70,54.40,169.50,1.0000,-1,-1,-1
247,46,232.90,138.20,50.50,162.70,1.0000,-1,-1,-1
247,49,254.80,1.30,52.60,120.50,1.0000,-1,-1,-1
247,50,411.70,77.40,58.30,169.60,0.9990,-1,-1,-1
248,0,1220.90,29.70,62.60,119.50,1.0000,-1,-1,-1
248,1,1491.40,18.20,59.60,148.60,1.0000,-1,-1,-1
248,2,687.30,204.70,79.70,114.60,1.0000,-1,-1,-1
248,3,1723.10,453.00,76.20,213.70,1.0000,-1,-1,-1
248,4,293.80,477.60,78.10,227.90,1.0000,-1,-1,-1
248,7,328.70,189.00,56.10,176.20,1.0000,-1,-1,-1
248,9,783.80,134.40,61.60,173.50,1.0000,-1,-1,-1
248,16,1572.20,74.80,61.10,176.70,1.0000,-1,-1,-1
248,17,546.90,115.70,61.60,175.00,1.0000,-1,-1,-1
248,18,538.80,572.20,93.80,250.30,1.0000,-1,-1,-1
248,23,1575.80,590.10,100.20,235.00,1.0000,-1,-1,-1
248,25,451.80,206.60,52.90,186.10,1.0000,-1,-1,-1
248,29,356.80,109.80,53.10,177.50,0.9970,-1,-1,-1
248,31,276.60,173.90,57.20,195.40,1.0000,-1,-1,-1
248,32,750.20,75.00,52.20,157.90,1.0000,-1,-1,-1
248,36,389.20,213.60,72.80,173.10,1.0000,-1,-1,-1
248,38,467.40,76.90,62.30,172.80,1.0000,-1,-1,-1
248,39,1129.40,635.10,81.20,259.90,1.0000,-1,-1,-1
248,41,1058.90,659.70,78.50,250.60,1.0000,-1,-1,-1
248,42,1445.80,81.30,57.10,163.80,1.0000,-1,-1,-1
248,46,233.20,135.20,51.00,165.40,1.0000,-1,-1,-1
248,49,255.00,1.40,52.40,119.40,1.0000,-1,-1,-1
248,50,412.60,78.60,57.70,166.60,0.9990,-1,-1,-1
249,0,1221.50,29.30,62.30,118.70,1.0000,-1,-1,-1
249,1,1490.70,17.80,59.90,149.00,1.0000,-1,-1,-1
249,2,687.50,204.80,79.40,114.80,1.0000,-1,-1,-1
249,3,1723.20,453.10,76.10,213.30,1.0000,-1,-1,-1
249,4,293.30,479.00,77.50,229.40,1.0000,-1,-1,-1
249,7,329.10,189.20,56.80,176.90,1.0000,-1,-1,-1
249,9,783.40,133.80,60.50,173.50,1.0000,-1,-1,-1
249,16,1572.40,74.60,60.00,175.80,1.0000,-1,-1,-1
249,17,546.40,116.00,62.00,175.20,1.0000,-1,-1,-1
249,18,542.70,573.20,90.20,251.00,1.0000,-1,-1,-1
249,23,1575.50,589.10,100.30,235.50,1.0000,-1,-1,-1
249,25,450.60,205.50,54.30,188.40,1.0000,-1,-1,-1
249,29,356.40,109.40,53.10,176.90,0.9970,-1,-1,-1
249,31,277.40,173.40,56.20,195.00,1.0000,-1,-1,-1
249,32,749.90,75.20,53.30,156.60,1.0000,-1,-1,-1
249,36,389.80,213.90,72.50,175.40,1.0000,-1,-1,-1
249,38,467.60,78.50,61.90,169.60,1.0000,-1,-1,-1
249,39,1128.30,634.70,80.10,256.60,1.0000,-1,-1,-1
249,41,1054.70,657.30,79.80,250.20,1.0000,-1,-1,-1
249,42,1446.20,78.00,54.10,170.00,1.0000,-1,-1,-1
249,46,233.30,135.00,51.80,164.00,1.0000,-1,-1,-1
249,49,255.50,1.40,51.30,118.60,1.0000,-1,-1,-1
249,50,413.00,78.80,59.00,167.00,0.9990,-1,-1,-1
250,0,1220.80,29.40,62.90,119.00,1.0000,-1,-1,-1
250,1,1491.10,16.80,59.30,149.70,1.0000,-1,-1,-1
250,2,687.60,205.20,78.90,114.30,1.0000,-1,-1,-1
250,3,1723.20,452.20,76.40,215.00,1.0000,-1,-1,-1
250,4,292.50,480.50,77.70,228.80,1.0000,-1,-1,-1
250,7,329.10,188.20,55.60,176.60,1.0000,-1,-1,-1
250,9,784.10,133.60,58.00,175.10,1.0000,-1,-1,-1
250,16,1572.80,75.80,60.30,174.50,1.0000,-1,-1,-1
250,17,546.60,115.60,61.30,177.10,1.0000,-1,-1,-1
250,18,550.00,568.80,82.80,254.80,1.0000,-1,-1,-1
250,23,1575.30,589.20,100.90,234.40,1.0000,-1,-1,-1
250,25,451.10,206.50,54.10,188.20,1.0000,-1,-1,-1
250,29,355.30,108.00,52.50,182.60,0.9920,-1,-1,-1
250,31,277.50,173.00,56.20,193.10,1.0000,-1,-1,-1
250,32,750.30,74.90,52.50,156.80,1.0000,-1,-1,-1
250,36,389.80,215.30,73.00,176.00,1.0000,-1,-1,-1
250,38,469.00,80.70,61.20,169.10,1.0000,-1,-1,-1
250,39,1125.40,637.00,83.00,250.00,1.0000,-1,-1,-1
250,41,1053.20,656.60,77.90,245.70,1.0000,-1,-1,-1
250,42,1444.80,76.70,54.60,170.10,1.0000,-1,-1,-1
250,46,233.00,135.10,51.90,164.70,1.0000,-1,-1,-1
250,49,255.50,1.20,51.70,118.60,1.0000,-1,-1,-1
250,50,414.50,78.50,57.40,166.80,1.0000,-1,-1,-1
251,0,1221.00,29.50,62.60,118.90,1.0000,-1,-1,-1
251,1,1490.40,15.80,59.90,149.70,1.0000,-1,-1,-1
251,2,688.10,204.90,78.10,114.90,1.0000,-1,-1,-1
251,3,1723.50,452.50,75.50,214.30,1.0000,-1,-1,-1
251,4,292.10,482.10,77.50,230.60,1.0000,-1,-1,-1
251,7,329.30,189.10,56.50,175.40,1.0000,-1,-1,-1
251,9,783.50,133.30,59.40,174.60,1.0000,-1,-1,-1
251,16,1573.10,77.10,59.70,173.10,1.0000,-1,-1,-1
251,17,546.00,115.60,62.20,176.10,1.0000,-1,-1,-1
251,18,554.60,570.90,80.80,252.20,1.0000,-1,-1,-1
251,23,1575.40,590.30,100.30,234.50,1.0000,-1,-1,-1
251,25,449.70,207.10,54.50,188.10,1.0000,-1,-1,-1
251,29,355.50,108.40,51.50,186.20,0.9660,-1,-1,-1
251,31,276.30,173.00,57.20,193.20,1.0000,-1,-1,-1
251,32,749.60,75.70,53.60,157.00,1.0000,-1,-1,-1
251,36,389.40,215.40,73.70,177.90,1.0000,-1,-1,-1
251,38,469.80,78.30,62.00,173.70,1.0000,-1,-1,-1
251,39,1121.50,632.50,83.60,256.60,1.0000,-1,-1,-1
251,41,1050.70,653.80,78.60,250.00,1.0000,-1,-1,-1
251,42,1445.20,75.80,53.90,168.60,1.0000,-1,-1,-1
251,46,233.60,135.30,51.40,165.10,1.0000,-1,-1,-1
251,49,255.70,1.10,51.70,118.10,1.0000,-1,-1,-1
251,50,415.90,78.10,56.40,167.80,1.0000,-1,-1,-1
252,0,1221.00,29.00,62.80,119.30,1.0000,-1,-1,-1
252,1,1490.30,16.50,59.10,149.50,1.0000,-1,-1,-1
252,2,687.80,204.40,78.70,115.10,1.0000,-1,-1,-1
252,3,1723.80,452.50,75.60,213.80,1.0000,-1,-1,-1
252,4,292.20,484.40,76.80,229.20,1.0000,-1,-1,-1
252,7,329.10,189.70,57.50,174.10,1.0000,-1,-1,-1
252,9,782.90,134.60,58.80,174.50,1.0000,-1,-1,-1
252,16,1572.30,77.50,59.80,172.30,1.0000,-1,-1,-1
252,17,545.90,115.60,63.80,176.10,1.0000,-1,-1,-1
252,18,558.40,571.00,78.00,252.30,1.0000,-1,-1,-1
252,23,1574.60,589.90,101.60,235.20,1.0000,-1,-1,-1
252,25,449.10,208.10,55.00,189.10,1.0000,-1,-1,-1
252,29,356.70,109.90,49.70,187.40,0.8820,-1,-1,-1
252,31,277.90,170.40,55.30,192.00,1.0000,-1,-1,-1
252,32,749.60,73.70,53.80,157.30,1.0000,-1,-1,-1
252,36,390.50,217.90,70.60,177.00,1.0000,-1,-1,-1
252,38,472.10,80.70,61.30,165.70,1.0000,-1,-1,-1
252,39,1121.10,634.80,82.90,256.10,1.0000,-1,-1,-1
252,41,1050.00,648.90,77.80,252.40,1.0000,-1,-1,-1
252,42,1444.60,75.30,54.10,169.00,1.0000,-1,-1,-1
252,46,234.00,134.30,50.80,164.40,1.0000,-1,-1,-1
252,49,255.40,1.00,51.90,118.60,1.0000,-1,-1,-1
252,50,418.50,77.90,54.90,167.80,1.0000,-1,-1,-1
253,0,1220.80,28.70,62.90,118.60,1.0000,-1,-1,-1
253,1,1489.80,15.90,59.80,151.60,1.0000,-1,-1,-1
253,2,687.70,204.50,78.70,115.20,1.0000,-1,-1,-1
253,3,1723.60,452.20,76.00,214.40,1.0000,-1,-1,-1
253,4,291.90,486.60,77.30,229.50,1.0000,-1,-1,-1
253,7,330.70,188.70,56.40,175.60,1.0000,-1,-1,-1
253,9,782.40,134.70,57.80,172.90,1.0000,-1,-1,-1
253,16,1572.70,77.20,59.80,171.50,1.0000,-1,-1,-1
253,17,545.90,114.90,62.80,174.60,1.0000,-1,-1,-1
253,18,562.90,571.20,75.90,253.80,1.0000,-1,-1,-1
253,23,1575.50,590.20,100.90,235.10,1.0000,-1,-1,-1
253,25,448.70,209.20,54.40,191.30,1.0000,-1,-1,-1
253,29,357.90,104.60,48.30,193.50,0.7090,-1,-1,-1
253,31,276.60,171.20,56.20,194.30,1.0000,-1,-1,-1
253,32,749.90,74.20,54.00,159.30,1.0000,-1,-1,-1
253,36,390.10,220.30,71.40,177.40,1.0000,-1,-1,-1
253,38,473.20,79.30,59.40,166.70,1.0000,-1,-1,-1
253,39,1118.60,633.80,82.50,253.10,1.0000,-1,-1,-1
253,41,1048.40,646.80,78.90,254.90,1.0000,-1,-1,-1
253,42,1445.00,74.10,52.30,168.00,1.0000,-1,-1,-1
253,46,234.30,134.00,51.00,165.10,1.0000,-1,-1,-1
253,49,255.30,1.10,51.80,119.70,1.0000,-1,-1,-1
253,50,418.00,78.10,55.30,169.70,1.0000,-1,-1,-1
254,0,1220.70,28.80,63.00,118.50,1.0000,-1,-1,-1
254,1,1488.90,16.10,59.90,152.40,1.0000,-1,-1,-1
254,2,687.50,204.80,78.90,113.90,1.0000,-1,-1,-1
254,3,1723.20,452.30,76.80,214.30,1.0000,-1,-1,-1
254,4,292.30,490.20,77.10,228.80,1.0000,-1,-1,-1
254,7,330.20,189.30,55.30,175.60,1.0000,-1,-1,-1
254,9,783.30,134.70,57.30,172.40,1.0000,-1,-1,-1
254,16,1572.80,78.30,58.90,168.90,1.0000,-1,-1,-1
254,17,546.10,115.50,63.80,176.10,1.0000,-1,-1,-1
254,18,566.30,571.40,72.10,255.80,1.0000,-1,-1,-1
254,23,1576.00,589.50,99.50,234.60,1.0000,-1,-1,-1
254,25,448.70,211.50,54.00,189.80,1.0000,-1,-1,-1
254,29,358.20,110.80,45.90,191.50,0.6430,-1,-1,-1
254,31,277.50,169.60,55.90,194.80,1.0000,-1,-1,-1
254,32,749.70,73.20,54.30,159.90,1.0000,-1,-1,-1
254,36,389.40,221.40,71.70,177.20,1.0000,-1,-1,-1
254,38,473.80,78.30,58.80,170.00,1.0000,-1,-1,-1
254,39,1114.90,626.90,82.70,256.30,1.0000,-1,-1,-1
254,41,1049.20,647.60,73.50,254.50,1.0000,-1,-1,-1
254,42,1444.50,73.90,51.70,165.60,1.0000,-1,-1,-1
254,46,233.70,133.70,50.70,163.90,1.0000,-1,-1,-1
254,49,254.60,1.20,52.90,120.20,1.0000,-1,-1,-1
254,50,419.00,77.40,56.10,170.30,1.0000,-1,-1,-1
255,0,1221.70,29.40,62.00,118.10,1.0000,-1,-1,-1
255,1,1487.20,17.90,59.70,149.80,1.0000,-1,-1,-1
255,2,687.30,204.70,79.20,114.70,1.0000,-1,-1,-1
255,3,1723.60,452.70,76.00,213.20,1.0000,-1,-1,-1
255,4,291.90,492.60,77.40,229.30,1.0000,-1,-1,-1
255,7,331.50,188.80,55.30,175.60,1.0000,-1,-1,-1
255,9,783.50,133.00,55.70,174.00,1.0000,-1,-1,-1
255,16,1573.10,77.10,58.60,170.40,1.0000,-1,-1,-1
255,17,546.90,114.10,62.50,177.50,1.0000,-1,-1,-1
255,18,570.20,572.60,69.20,257.50,1.0000,-1,-1,-1
255,23,1575.60,590.10,99.20,234.80,1.0000,-1,-1,-1
255,25,449.20,213.90,53.60,189.30,1.0000,-1,-1,-1
255,31,276.70,169.30,57.50,197.30,1.0000,-1,-1,-1
255,32,749.50,72.60,54.20,158.20,1.0000,-1,-1,-1
255,36,390.60,223.40,71.80,177.40,1.0000,-1,-1,-1
255,38,472.40,77.30,61.10,177.40,1.0000,-1,-1,-1
255,39,1112.40,630.10,80.10,246.60,1.0000,-1,-1,-1
255,41,1047.60,646.30,75.30,253.90,1.0000,-1,-1,-1
255,42,1444.60,73.40,51.20,164.80,1.0000,-1,-1,-1
255,46,234.20,132.10,50.50,166.80,1.0000,-1,-1,-1
255,49,254.80,1.10,52.50,120.10,1.0000,-1,-1,-1
255,50,421.30,77.70,55.50,171.40,1.0000,-1,-1,-1
255,29,359.20,111.50,44.60,192.80,0.1090,-1,-1,-1
256,0,1221.60,29.50,62.00,117.70,1.0000,-1,-1,-1
256,1,1488.10,21.00,58.70,146.80,1.0000,-1,-1,-1
256,2,686.90,204.60,79.70,114.20,1.0000,-1,-1,-1
256,3,1724.10,452.70,75.20,212.80,1.0000,-1,-1,-1
256,4,292.90,494.80,76.90,228.60,1.0000,-1,-1,-1
256,7,332.60,188.00,53.90,176.70,1.0000,-1,-1,-1
256,9,782.40,132.40,57.70,175.40,1.0000,-1,-1,-1
256,16,1572.50,76.20,59.50,171.90,1.0000,-1,-1,-1
256,17,546.70,114.80,62.00,178.20,1.0000,-1,-1,-1
256,18,573.40,572.60,68.70,259.40,1.0000,-1,-1,-1
256,23,1574.60,590.20,100.00,234.20,1.0000,-1,-1,-1
256,25,447.80,212.60,55.20,192.50,1.0000,-1,-1,-1
256,31,277.20,170.50,57.30,193.70,1.0000,-1,-1,-1
256,32,750.00,74.50,53.30,156.20,1.0000,-1,-1,-1
256,36,391.10,221.90,70.40,179.90,1.0000,-1,-1,-1
256,38,472.70,78.20,61.10,177.70,1.0000,-1,-1,-1
256,39,1109.60,626.30,83.10,247.80,1.0000,-1,-1,-1
256,41,1047.30,646.40,73.90,250.40,0.9990,-1,-1,-1
256,42,1445.40,69.80,49.40,164.80,1.0000,-1,-1,-1
256,46,233.30,130.70,50.80,168.80,1.0000,-1,-1,-1
256,49,254.20,1.00,53.00,120.40,1.0000,-1,-1,-1
256,50,421.60,78.70,55.50,170.50,1.0000,-1,-1,-1
257,0,1221.50,29.50,62.60,118.10,1.0000,-1,-1,-1
257,1,1486.90,21.90,60.10,148.20,1.0000,-1,-1,-1
257,2,687.10,204.70,79.50,114.50,1.0000,-1,-1,-1
257,3,1724.20,452.40,75.10,213.30,1.0000,-1,-1,-1
257,4,292.00,496.40,78.30,231.10,1.0000,-1,-1,-1
257,7,332.60,188.20,53.90,176.80,1.0000,-1,-1,-1
257,9,783.30,131.60,55.10,176.30,1.0000,-1,-1,-1
257,16,1571.50,73.40,59.10,173.30,0.9990,-1,-1,-1
257,17,546.80,115.40,61.70,174.40,1.0000,-1,-1,-1
257,18,576.50,574.20,66.50,259.50,0.9990,-1,-1,-1
257,23,1574.70,590.00,100.30,235.40,1.0000,-1,-1,-1
257,25,446.70,215.00,55.90,191.70,1.0000,-1,-1,-1
257,31,276.40,169.00,58.30,196.40,1.0000,-1,-1,-1
257,32,750.60,73.40,53.20,158.90,1.0000,-1,-1,-1
257,36,391.00,224.30,69.60,179.40,1.0000,-1,-1,-1
257,38,472.20,77.50,61.40,179.10,1.0000,-1,-1,-1
257,39,1109.00,626.40,80.70,245.20,1.0000,-1,-1,-1
257,41,1046.30,645.10,74.00,255.00,1.0000,-1,-1,-1
257,42,1445.20,68.00,50.10,164.40,1.0000,-1,-1,-1
257,46,234.10,131.90,50.20,167.00,1.0000,-1,-1,-1
257,49,254.90,1.00,52.30,119.60,1.0000,-1,-1,-1
257,50,422.30,80.00,55.30,168.40,1.0000,-1,-1,-1
258,0,1221.10,28.90,62.80,119.80,1.0000,-1,-1,-1
258,1,1487.60,21.40,59.30,149.70,1.0000,-1,-1,-1
258,2,687.20,204.80,79.60,114.80,1.0000,-1,-1,-1
258,3,1723.10,452.30,76.50,214.10,1.0000,-1,-1,-1
258,4,292.80,497.90,76.70,231.80,1.0000,-1,-1,-1
258,7,333.20,188.70,53.40,176.30,1.0000,-1,-1,-1
258,9,781.90,129.80,56.90,177.60,1.0000,-1,-1,-1
258,16,1569.70,71.90,59.90,172.80,0.9770,-1,-1,-1
258,17,547.10,113.70,61.00,178.00,1.0000,-1,-1,-1
258,18,577.40,572.60,67.00,255.80,1.0000,-1,-1,-1
258,23,1575.20,590.50,100.50,233.80,1.0000,-1,-1,-1
258,25,446.70,218.20,55.60,189.60,1.0000,-1,-1,-1
258,31,278.10,169.70,56.80,193.60,1.0000,-1,-1,-1
258,32,750.40,74.10,53.20,158.60,1.0000,-1,-1,-1
258,36,391.50,225.30,67.80,179.30,1.0000,-1,-1,-1
258,38,472.50,80.10,62.40,176.40,1.0000,-1,-1,-1
258,39,1106.60,621.40,80.60,243.80,1.0000,-1,-1,-1
258,41,1043.70,643.30,75.00,251.40,1.0000,-1,-1,-1
258,42,1443.80,67.40,51.00,163.00,1.0000,-1,-1,-1
258,46,233.80,133.40,50.30,165.80,1.0000,-1,-1,-1
258,49,254.40,1.00,52.40,120.00,1.0000,-1,-1,-1
258,50,422.80,80.70,55.70,170.30,1.0000,-1,-1,-1
259,0,1220.80,29.40,62.70,118.90,1.0000,-1,-1,-1
259,1,1486.20,24.30,59.40,147.80,1.0000,-1,-1,-1
259,2,687.80,204.70,78.60,115.30,1.0000,-1,-1,-1
259,3,1722.70,452.10,77.30,214.80,1.0000,-1,-1,-1
259,4,291.80,498.60,78.00,231.30,1.0000,-1,-1,-1
259,7,334.80,190.70,51.80,173.10,1.0000,-1,-1,-1
259,9,782.90,129.10,53.30,178.30,1.0000,-1,-1,-1
259,16,1569.40,70.90,60.10,171.50,0.8300,-1,-1,-1
259,17,547.40,114.90,61.90,176.50,1.0000,-1,-1,-1
259,18,578.20,573.70,68.10,252.10,0.9990,-1,-1,-1
259,23,1575.30,590.40,100.60,233.60,1.0000,-1,-1,-1
259,25,447.20,221.20,55.10,187.90,1.0000,-1,-1,-1
259,31,277.70,170.10,58.50,193.50,1.0000,-1,-1,-1
259,32,750.90,74.80,53.30,157.40,1.0000,-1,-1,-1
259,36,391.20,226.10,68.80,178.60,1.0000,-1,-1,-1
259,38,474.10,80.20,61.30,178.30,1.0000,-1,-1,-1
259,39,1104.60,620.20,80.70,244.60,1.0000,-1,-1,-1
259,41,1041.70,641.80,74.60,253.00,1.0000,-1,-1,-1
259,42,1443.00,66.60,50.50,163.50,1.0000,-1,-1,-1
259,46,234.20,133.00,50.30,164.30,1.0000,-1,-1,-1
259,49,254.50,1.00,52.30,120.00,1.0000,-1,-1,-1
259,50,423.10,81.90,57.30,169.80,1.0000,-1,-1,-1
260,0,1221.00,29.00,62.80,119.80,1.0000,-1,-1,-1
260,1,1486.60,24.60,58.90,147.60,1.0000,-1,-1,-1
260,2,687.00,204.50,80.10,114.60,1.0000,-1,-1,-1
260,3,1723.70,453.10,75.00,212.90,1.0000,-1,-1,-1
260,4,292.00,499.00,78.50,232.00,1.0000,-1,-1,-1
260,7,336.40,190.40,50.70,173.00,1.0000,-1,-1,-1
260,9,781.80,128.50,55.10,180.00,1.0000,-1,-1,-1
260,17,547.40,113.10,62.10,178.80,1.0000,-1,-1,-1
260,18,581.60,575.50,70.50,250.70,1.0000,-1,-1,-1
260,23,1575.90,589.50,99.50,233.80,1.0000,-1,-1,-1
260,25,447.20,223.20,54.10,186.80,1.0000,-1,-1,-1
260,31,278.20,170.20,58.90,192.80,1.0000,-1,-1,-1
260,32,749.90,72.60,54.40,161.00,1.0000,-1,-1,-1
260,36,391.50,226.40,67.40,178.10,1.0000,-1,-1,-1
260,38,476.20,82.50,60.80,177.00,1.0000,-1,-1,-1
260,39,1102.00,617.60,78.60,244.40,1.0000,-1,-1,-1
260,41,1038.80,641.20,75.90,250.60,1.0000,-1,-1,-1
260,42,1442.20,66.80,50.70,163.20,1.0000,-1,-1,-1
260,46,234.20,134.30,50.00,164.10,1.0000,-1,-1,-1
260,49,254.30,1.00,52.30,120.20,1.0000,-1,-1,-1
260,50,424.20,83.80,55.50,167.40,1.0000,-1,-1,-1
260,-1,451.90,3.50,43.20,94.20,0.1370,-1,-1,-1
261,0,1221.50,29.30,62.20,119.30,1.0000,-1,-1,-1
261,1,1486.10,25.30,59.40,147.60,1.0000,-1,-1,-1
261,2,686.80,204.90,80.60,114.50,1.0000,-1,-1,-1
261,3,1723.90,452.30,75.00,214.30,1.0000,-1,-1,-1
261,4,291.60,500.40,79.70,232.80,1.0000,-1,-1,-1
261,7,336.60,189.00,50.50,175.80,1.0000,-1,-1,-1
261,9,783.30,127.00,52.40,182.90,1.0000,-1,-1,-1
261,17,547.50,114.40,61.60,177.10,1.0000,-1,-1,-1
261,18,584.20,580.90,70.20,242.50,1.0000,-1,-1,-1
261,23,1575.30,590.00,100.00,234.20,1.0000,-1,-1,-1
261,25,447.20,222.90,53.90,187.30,1.0000,-1,-1,-1
261,31,277.00,167.00,57.50,198.90,1.0000,-1,-1,-1
261,32,749.50,71.40,54.80,162.30,1.0000,-1,-1,-1
261,36,390.90,226.00,67.90,178.50,1.0000,-1,-1,-1
261,38,477.20,83.80,60.10,177.30,1.0000,-1,-1,-1
261,39,1101.80,611.20,78.90,254.90,1.0000,-1,-1,-1
261,41,1037.30,636.70,74.20,251.00,1.0000,-1,-1,-1
261,42,1442.40,65.20,50.90,165.40,1.0000,-1,-1,-1
261,46,234.40,134.00,49.60,164.70,1.0000,-1,-1,-1
261,49,254.10,1.00,52.30,120.50,1.0000,-1,-1,-1
261,50,423.80,86.00,56.60,166.60,1.0000,-1,-1,-1
261,-1,451.10,4.00,44.80,95.90,0.2260,-1,-1,-1
262,0,1221.10,29.20,62.60,119.90,1.0000,-1,-1,-1
262,1,1486.30,27.00,59.30,147.60,1.0000,-1,-1,-1
262,2,687.00,205.00,79.50,114.30,1.0000,-1,-1,-1
262,3,1723.40,452.50,75.70,214.80,1.0000,-1,-1,-1
262,4,291.60,502.80,80.00,231.30,1.0000,-1,-1,-1
262,7,337.00,189.10,50.50,175.00,1.0000,-1,-1,-1
262,9,782.60,130.00,53.30,179.60,1.0000,-1,-1,-1
262,17,548.20,113.60,61.10,176.80,1.0000,-1,-1,-1
262,18,586.60,582.60,70.90,240.00,1.0000,-1,-1,-1
262,23,1575.20,589.50,100.30,234.80,1.0000,-1,-1,-1
262,25,446.10,222.60,53.90,189.00,1.0000,-1,-1,-1
262,31,276.90,166.80,58.10,199.60,1.0000,-1,-1,-1
262,32,749.40,70.80,55.00,162.00,1.0000,-1,-1,-1
262,36,389.50,226.00,69.60,179.10,1.0000,-1,-1,-1
262,38,476.70,85.80,60.60,178.10,1.0000,-1,-1,-1
262,39,1099.20,607.80,81.10,257.20,1.0000,-1,-1,-1
262,41,1035.80,635.90,75.60,247.30,1.0000,-1,-1,-1
262,42,1442.20,66.00,50.30,164.50,1.0000,-1,-1,-1
262,46,233.50,132.90,50.20,166.70,1.0000,-1,-1,-1
262,49,254.40,1.30,52.30,121.20,1.0000,-1,-1,-1
262,50,423.30,88.40,56.90,164.40,1.0000,-1,-1,-1
262,-1,450.90,5.30,45.50,93.40,0.0650,-1,-1,-1
263,0,1221.30,29.40,62.30,118.90,1.0000,-1,-1,-1
263,1,1485.60,26.50,59.90,148.40,1.0000,-1,-1,-1
263,2,687.20,205.30,79.70,113.70,1.0000,-1,-1,-1
263,3,1723.80,452.80,75.60,214.90,1.0000,-1,-1,-1
263,4,291.80,503.10,79.50,231.40,1.0000,-1,-1,-1
263,7,338.20,188.00,49.60,176.30,1.0000,-1,-1,-1
263,9,784.00,129.50,51.10,179.60,1.0000,-1,-1,-1
263,17,548.60,114.40,59.90,177.90,1.0000,-1,-1,-1
263,18,589.30,581.20,70.90,242.30,1.0000,-1,-1,-1
263,23,1575.00,590.90,100.30,233.80,1.0000,-1,-1,-1
263,25,446.50,223.90,54.20,188.90,1.0000,-1,-1,-1
263,31,277.30,168.40,57.50,197.20,1.0000,-1,-1,-1
263,32,749.40,71.40,55.10,160.20,1.0000,-1,-1,-1
263,36,388.60,227.30,70.80,178.50,1.0000,-1,-1,-1
263,38,477.10,87.30,60.90,177.00,1.0000,-1,-1,-1
263,39,1094.80,606.40,87.00,257.20,1.0000,-1,-1,-1
263,41,1033.20,636.10,79.20,242.20,0.9990,-1,-1,-1
263,42,1441.90,66.50,49.60,163.00,1.0000,-1,-1,-1
263,46,233.30,133.10,50.60,165.80,1.0000,-1,-1,-1
263,49,253.40,1.30,52.70,122.00,1.0000,-1,-1,-1
263,50,423.00,90.40,56.20,160.30,1.0000,-1,-1,-1
264,0,1221.20,29.10,62.10,119.30,1.0000,-1,-1,-1
264,1,1486.50,27.70,59.40,148.30,1.0000,-1,-1,-1
264,2,687.10,205.30,79.20,113.90,1.0000,-1,-1,-1
264,3,1723.20,451.90,76.80,215.20,1.0000,-1,-1,-1
264,4,291.70,504.50,79.90,229.00,1.0000,-1,-1,-1
264,7,339.70,187.10,48.90,176.80,1.0000,-1,-1,-1
264,9,782.80,127.20,50.40,182.50,1.0000,-1,-1,-1
264,17,547.80,115.00,61.00,176.50,1.0000,-1,-1,-1
264,18,591.90,581.80,70.90,240.30,1.0000,-1,-1,-1
264,23,1575.00,593.00,99.90,231.10,1.0000,-1,-1,-1
264,25,446.20,226.50,53.90,186.50,1.0000,-1,-1,-1
264,31,277.20,168.70,57.50,195.60,1.0000,-1,-1,-1
264,32,749.80,71.10,54.70,160.70,1.0000,-1,-1,-1
264,36,388.80,228.80,69.00,177.50,1.0000,-1,-1,-1
264,38,477.40,90.50,60.60,175.00,1.0000,-1,-1,-1
264,39,1093.50,605.30,88.60,255.00,1.0000,-1,-1,-1
264,41,1031.00,633.90,77.30,235.50,1.0000,-1,-1,-1
264,42,1442.00,65.90,49.90,164.00,1.0000,-1,-1,-1
264,46,233.30,134.20,50.30,165.20,1.0000,-1,-1,-1
264,49,253.70,1.20,52.60,122.70,1.0000,-1,-1,-1
264,50,422.90,91.10,56.60,164.80,1.0000,-1,-1,-1
264,-1,449.50,4.00,44.80,90.50,0.2360,-1,-1,-1
265,0,1221.10,29.20,62.50,119.70,1.0000,-1,-1,-1
265,1,1486.20,27.70,59.20,145.30,1.0000,-1,-1,-1
265,2,687.00,205.60,79.60,113.00,1.0000,-1,-1,-1
265,3,1723.10,452.40,76.60,215.10,1.0000,-1,-1,-1
265,4,291.50,505.80,78.70,229.00,1.0000,-1,-1,-1
265,7,340.00,188.00,48.20,175.50,1.0000,-1,-1,-1
265,9,782.50,128.10,51.90,182.80,1.0000,-1,-1,-1
265,17,549.00,115.70,60.00,176.90,1.0000,-1,-1,-1
265,18,594.30,581.30,72.50,242.80,1.0000,-1,-1,-1
265,23,1574.60,591.90,101.00,234.30,1.0000,-1,-1,-1
265,25,445.50,227.60,54.00,185.20,1.0000,-1,-1,-1
265,31,278.20,167.10,57.90,197.20,1.0000,-1,-1,-1
265,32,750.00,71.40,54.70,160.20,1.0000,-1,-1,-1
265,36,390.90,229.60,66.20,178.40,1.0000,-1,-1,-1
265,38,476.90,92.80,61.70,177.30,1.0000,-1,-1,-1
265,39,1089.00,604.20,92.90,258.50,1.0000,-1,-1,-1
265,41,1028.70,632.10,77.40,241.20,1.0000,-1,-1,-1
265,42,1441.70,66.10,50.10,163.30,1.0000,-1,-1,-1
265,46,232.70,132.00,51.00,167.20,1.0000,-1,-1,-1
265,49,253.60,1.30,52.70,122.90,1.0000,-1,-1,-1
265,50,423.30,92.60,55.40,164.10,1.0000,-1,-1,-1
265,-1,449.30,2.20,44.90,92.00,0.8820,-1,-1,-1
266,0,1220.90,29.30,62.80,119.40,1.0000,-1,-1,-1
266,1,1485.60,26.40,59.10,147.80,1.0000,-1,-1,-1
266,2,687.40,205.50,78.50,113.80,1.0000,-1,-1,-1
266,3,1722.50,451.90,76.70,216.30,1.0000,-1,-1,-1
266,4,290.80,506.70,78.60,233.40,1.0000,-1,-1,-1
266,7,339.30,187.60,50.10,176.60,1.0000,-1,-1,-1
266,9,783.10,129.50,51.90,182.30,1.0000,-1,-1,-1
266,17,549.50,114.50,59.40,178.50,1.0000,-1,-1,-1
266,18,597.40,580.80,73.00,244.60,1.0000,-1,-1,-1
266,23,1574.80,591.40,100.50,234.20,1.0000,-1,-1,-1
266,25,445.60,228.10,53.50,185.70,1.0000,-1,-1,-1
266,31,277.10,167.40,58.40,196.40,1.0000,-1,-1,-1
266,32,750.10,70.20,55.00,160.40,1.0000,-1,-1,-1
266,36,392.50,228.40,65.30,181.80,1.0000,-1,-1,-1
266,38,477.80,96.50,60.00,173.30,1.0000,-1,-1,-1
266,39,1086.30,605.20,97.30,256.90,1.0000,-1,-1,-1
266,41,1028.00,628.90,73.90,242.30,1.0000,-1,-1,-1
266,42,1442.20,67.00,49.00,161.00,1.0000,-1,-1,-1
266,46,232.90,132.40,51.40,168.30,1.0000,-1,-1,-1
266,49,253.50,1.30,52.50,123.10,1.0000,-1,-1,-1
266,50,422.50,92.70,56.60,165.70,1.0000,-1,-1,-1
266,51,449.60,2.80,44.60,89.90,0.9890,-1,-1,-1
267,0,1221.30,29.50,62.10,119.60,1.0000,-1,-1,-1
267,1,1485.10,27.80,59.50,147.90,1.0000,-1,-1,-1
267,2,687.30,205.50,79.00,113.80,1.0000,-1,-1,-1
267,3,1723.10,452.20,75.80,215.20,1.0000,-1,-1,-1
267,4,290.40,507.40,78.70,234.90,1.0000,-1,-1,-1
267,7,339.80,188.70,50.30,176.00,1.0000,-1,-1,-1
267,9,782.60,128.60,52.10,181.80,1.0000,-1,-1,-1
267,16,1597.70,1.00,54.50,123.30,0.9990,-1,-1,-1
267,17,549.60,115.30,59.80,177.10,1.0000,-1,-1,-1
267,18,599.20,580.60,75.00,243.40,1.0000,-1,-1,-1
267,23,1575.00,590.40,100.20,235.10,1.0000,-1,-1,-1
267,25,445.00,226.30,54.40,188.10,1.0000,-1,-1,-1
267,31,277.10,167.90,58.50,194.90,1.0000,-1,-1,-1
267,32,750.10,68.00,55.70,164.10,1.0000,-1,-1,-1
267,36,392.80,231.90,64.80,179.10,1.0000,-1,-1,-1
267,38,477.70,95.40,60.20,173.30,1.0000,-1,-1,-1
267,39,1085.10,603.40,96.10,258.50,1.0000,-1,-1,-1
267,41,1025.00,623.00,76.50,247.40,1.0000,-1,-1,-1
267,42,1442.10,66.30,48.90,162.00,1.0000,-1,-1,-1
267,46,232.80,134.80,51.10,165.60,1.0000,-1,-1,-1
267,49,253.60,1.50,52.70,122.00,1.0000,-1,-1,-1
267,50,422.70,92.80,55.90,162.30,1.0000,-1,-1,-1
267,51,447.30,1.00,46.40,91.70,0.9970,-1,-1,-1
268,0,1221.10,29.00,63.00,120.00,1.0000,-1,-1,-1
268,1,1484.40,27.70,59.30,147.50,1.0000,-1,-1,-1
268,2,687.00,205.90,79.10,113.60,1.0000,-1,-1,-1
268,3,1723.10,451.70,75.60,215.90,1.0000,-1,-1,-1
268,4,289.90,509.40,78.60,235.20,1.0000,-1,-1,-1
268,7,340.10,188.30,50.90,177.00,1.0000,-1,-1,-1
268,9,783.40,130.10,51.00,181.40,1.0000,-1,-1,-1
268,16,1602.40,1.00,53.10,125.60,1.0000,-1,-1,-1
268,17,548.40,115.00,60.90,176.60,1.0000,-1,-1,-1
268,18,601.70,580.80,75.10,245.00,0.9990,-1,-1,-1
268,23,1574.60,590.30,100.50,234.90,1.0000,-1,-1,-1
268,25,443.50,225.40,55.30,188.90,1.0000,-1,-1,-1
268,31,277.40,165.90,58.50,197.40,1.0000,-1,-1,-1
268,32,749.80,71.90,56.00,159.60,1.0000,-1,-1,-1
268,36,391.80,234.10,65.70,177.80,1.0000,-1,-1,-1
268,38,478.00,96.40,60.40,172.70,1.0000,-1,-1,-1
268,39,1085.10,604.00,97.60,255.50,1.0000,-1,-1,-1
268,41,1022.40,620.00,78.10,250.50,1.0000,-1,-1,-1
268,42,1441.80,66.50,48.50,160.60,1.0000,-1,-1,-1
268,46,232.80,131.60,51.90,168.70,1.0000,-1,-1,-1
268,49,253.40,1.30,53.40,122.10,1.0000,-1,-1,-1
268,50,423.20,93.30,55.50,162.50,1.0000,-1,-1,-1
268,51,447.40,1.00,45.20,90.50,0.9990,-1,-1,-1
269,0,1221.20,29.30,62.60,119.10,1.0000,-1,-1,-1
269,1,1483.70,27.70,60.00,148.70,1.0000,-1,-1,-1
269,2,687.10,205.60,79.10,113.70,1.0000,-1,-1,-1
269,3,1723.00,451.80,75.90,215.20,1.0000,-1,-1,-1
269,4,288.70,509.50,78.80,239.70,1.0000,-1,-1,-1
269,7,342.00,187.40,49.50,176.50,1.0000,-1,-1,-1
269,9,783.20,130.30,52.50,181.50,1.0000,-1,-1,-1
269,16,1604.90,1.00,52.40,126.90,1.0000,-1,-1,-1
269,17,547.90,115.00,61.70,176.90,1.0000,-1,-1,-1
269,18,602.20,578.60,78.70,242.90,1.0000,-1,-1,-1
269,23,1574.60,589.70,100.70,235.90,1.0000,-1,-1,-1
269,25,444.10,226.80,54.80,187.70,1.0000,-1,-1,-1
269,31,278.60,167.70,57.90,194.00,1.0000,-1,-1,-1
269,32,750.10,68.00,56.00,163.20,1.0000,-1,-1,-1
269,36,391.80,234.90,65.10,178.20,1.0000,-1,-1,-1
269,38,478.40,95.50,60.40,172.70,1.0000,-1,-1,-1
269,39,1082.30,600.10,94.70,259.40,1.0000,-1,-1,-1
269,41,1019.20,618.80,80.20,249.40,1.0000,-1,-1,-1
269,42,1441.20,64.60,48.40,160.40,1.0000,-1,-1,-1
269,46,233.10,132.90,51.00,167.10,1.0000,-1,-1,-1
269,49,253.60,1.50,53.30,121.50,1.0000,-1,-1,-1
269,50,422.20,93.00,55.50,163.70,1.0000,-1,-1,-1
269,51,446.40,2.10,44.40,91.50,0.9990,-1,-1,-1
270,0,1221.40,29.40,61.70,119.60,1.0000,-1,-1,-1
270,1,1484.50,28.00,58.90,148.50,1.0000,-1,-1,-1
270,2,687.00,205.80,79.60,113.50,1.0000,-1,-1,-1
270,3,1723.10,452.40,75.90,214.30,1.0000,-1,-1,-1
270,4,288.40,512.20,79.20,239.10,1.0000,-1,-1,-1
270,7,342.60,186.60,49.30,177.50,1.0000,-1,-1,-1
270,9,783.30,130.60,50.70,181.30,1.0000,-1,-1,-1
270,16,1607.10,1.00,52.60,126.30,1.0000,-1,-1,-1
270,17,548.90,114.30,61.60,179.50,1.0000,-1,-1,-1
270,18,605.20,577.70,77.80,240.20,0.9990,-1,-1,-1
270,23,1575.00,590.00,100.90,235.30,1.0000,-1,-1,-1
270,25,442.90,225.30,54.80,190.10,1.0000,-1,-1,-1
270,31,278.50,166.70,58.30,196.10,1.0000,-1,-1,-1
270,32,750.20,69.90,56.00,161.20,1.0000,-1,-1,-1
270,36,392.20,237.60,65.10,179.00,1.0000,-1,-1,-1
270,38,478.60,96.60,61.80,174.70,1.0000,-1,-1,-1
270,39,1081.40,598.20,95.10,261.70,1.0000,-1,-1,-1
270,41,1017.90,618.00,79.00,249.80,1.0000,-1,-1,-1
270,42,1441.00,63.40,49.70,158.90,1.0000,-1,-1,-1
270,46,232.30,133.10,52.10,169.30,1.0000,-1,-1,-1
270,49,254.00,1.30,53.20,120.80,1.0000,-1,-1,-1
270,50,422.50,93.00,56.10,163.90,1.0000,-1,-1,-1
270,51,447.10,1.00,44.30,89.80,1.0000,-1,-1,-1
271,0,1221.40,29.70,62.30,118.80,1.0000,-1,-1,-1
271,1,1483.30,27.60,59.20,149.00,1.0000,-1,-1,-1
271,2,687.00,205.60,79.50,113.80,1.0000,-1,-1,-1
271,3,1723.40,452.20,76.00,214.80,1.0000,-1,-1,-1
271,4,288.50,515.60,77.60,237.70,1.0000,-1,-1,-1
271,7,344.40,186.80,48.10,176.10,1.0000,-1,-1,-1
271,9,784.20,131.70,51.00,180.00,1.0000,-1,-1,-1
271,16,1608.00,1.00,52.70,126.50,1.0000,-1,-1,-1
271,17,548.00,113.70,63.70,180.50,1.0000,-1,-1,-1
271,18,608.30,577.50,76.40,243.50,1.0000,-1,-1,-1
271,23,1575.10,590.30,100.50,234.50,1.0000,-1,-1,-1
271,25,443.10,226.90,54.80,190.80,1.0000,-1,-1,-1
271,31,278.60,167.20,58.40,194.20,1.0000,-1,-1,-1
271,32,749.90,71.40,56.20,158.50,1.0000,-1,-1,-1
271,36,391.10,240.50,65.20,177.20,1.0000,-1,-1,-1
271,38,479.40,94.00,61.90,176.00,1.0000,-1,-1,-1
271,39,1080.60,596.30,94.00,259.30,1.0000,-1,-1,-1
271,41,1014.70,618.60,80.90,247.90,1.0000,-1,-1,-1
271,42,1441.00,60.70,48.70,160.00,1.0000,-1,-1,-1
271,46,233.20,132.80,51.00,167.90,1.0000,-1,-1,-1
271,49,253.90,1.20,53.10,120.90,1.0000,-1,-1,-1
271,50,422.80,93.00,54.90,163.90,1.0000,-1,-1,-1
271,51,446.00,1.60,43.10,88.80,1.0000,-1,-1,-1
272,0,1221.60,29.20,61.40,119.10,1.0000,-1,-1,-1
272,1,1483.00,28.70,59.30,148.50,1.0000,-1,-1,-1
272,2,686.90,205.60,79.90,113.70,1.0000,-1,-1,-1
272,3,1723.70,452.70,75.10,214.30,1.0000,-1,-1,-1
272,4,287.70,518.20,78.30,237.50,1.0000,-1,-1,-1
272,7,345.00,186.20,47.50,177.40,1.0000,-1,-1,-1
272,9,783.10,132.10,51.50,180.40,1.0000,-1,-1,-1
272,16,1609.90,1.00,53.40,126.10,1.0000,-1,-1,-1
272,17,547.80,114.20,63.30,178.10,1.0000,-1,-1,-1
272,18,609.60,577.90,77.60,239.40,1.0000,-1,-1,-1
272,23,1574.40,589.80,101.60,234.80,1.0000,-1,-1,-1
272,25,442.00,227.00,55.20,193.40,1.0000,-1,-1,-1
272,31,278.60,167.30,59.00,196.30,1.0000,-1,-1,-1
272,32,749.70,70.10,56.40,160.60,1.0000,-1,-1,-1
272,36,391.00,241.00,65.60,176.50,1.0000,-1,-1,-1
272,38,479.30,91.60,61.20,176.80,1.0000,-1,-1,-1
272,39,1078.30,594.40,93.40,264.70,1.0000,-1,-1,-1
272,41,1013.80,617.30,80.00,248.80,1.0000,-1,-1,-1
272,42,1441.40,60.80,48.70,157.00,1.0000,-1,-1,-1
272,46,233.00,133.10,51.40,167.50,1.0000,-1,-1,-1
272,49,253.90,1.20,53.20,121.80,1.0000,-1,-1,-1
272,50,423.30,93.00,54.80,164.60,1.0000,-1,-1,-1
272,51,444.60,1.90,42.80,88.10,1.0000,-1,-1,-1
273,0,1221.30,29.10,62.10,119.40,1.0000,-1,-1,-1
273,1,1481.50,29.10,60.50,149.40,1.0000,-1,-1,-1
273,2,687.00,205.50,79.30,114.70,1.0000,-1,-1,-1
273,3,1724.30,453.30,74.30,212.70,1.0000,-1,-1,-1
273,4,288.00,520.90,77.50,237.50,1.0000,-1,-1,-1
273,7,346.80,182.60,48.20,179.30,1.0000,-1,-1,-1
273,9,783.30,132.40,51.50,179.40,1.0000,-1,-1,-1
273,16,1610.90,1.00,54.60,125.30,1.0000,-1,-1,-1
273,17,548.00,112.80,63.30,179.00,1.0000,-1,-1,-1
273,18,609.80,577.60,80.80,243.80,1.0000,-1,-1,-1
273,23,1574.50,590.30,101.70,234.40,1.0000,-1,-1,-1
273,25,442.20,228.10,55.10,195.20,1.0000,-1,-1,-1
273,31,278.50,166.00,59.70,197.70,1.0000,-1,-1,-1
273,32,750.40,71.30,55.60,160.30,1.0000,-1,-1,-1
273,36,390.10,240.90,66.20,177.60,1.0000,-1,-1,-1
273,38,479.60,91.90,61.30,176.10,1.0000,-1,-1,-1
273,39,1076.90,592.60,93.20,259.70,1.0000,-1,-1,-1
273,41,1012.20,617.50,79.70,247.90,1.0000,-1,-1,-1
273,42,1441.60,59.70,47.80,155.70,1.0000,-1,-1,-1
273,46,232.70,134.40,51.30,166.80,1.0000,-1,-1,-1
273,49,254.30,1.20,53.00,123.10,1.0000,-1,-1,-1
273,50,423.00,94.00,55.70,165.40,1.0000,-1,-1,-1
273,51,443.70,1.20,43.00,87.90,1.0000,-1,-1,-1
274,0,1221.30,29.30,62.00,119.10,1.0000,-1,-1,-1
274,1,1480.30,30.20,60.50,151.30,1.0000,-1,-1,-1
274,2,687.00,205.60,79.50,113.90,1.0000,-1,-1,-1
274,3,1723.50,453.00,75.10,213.90,1.0000,-1,-1,-1
274,4,287.30,523.90,76.70,237.90,1.0000,-1,-1,-1
274,7,346.60,183.40,49.40,177.20,1.0000,-1,-1,-1
274,9,783.30,133.00,51.60,178.00,1.0000,-1,-1,-1
274,16,1612.10,1.00,55.00,128.40,1.0000,-1,-1,-1
274,17,548.30,113.90,63.10,176.70,1.0000,-1,-1,-1
274,18,610.90,578.20,83.80,234.20,0.9990,-1,-1,-1
274,23,1574.60,589.60,99.90,234.60,1.0000,-1,-1,-1
274,25,441.70,229.30,56.40,196.10,1.0000,-1,-1,-1
274,31,278.20,167.60,58.80,195.40,1.0000,-1,-1,-1
274,32,750.50,71.10,55.70,161.20,1.0000,-1,-1,-1
274,36,388.80,243.50,68.60,174.70,1.0000,-1,-1,-1
274,38,478.90,93.50,62.50,175.40,1.0000,-1,-1,-1
274,39,1079.70,589.40,88.90,254.60,1.0000,-1,-1,-1
274,41,1010.80,616.00,77.40,246.30,1.0000,-1,-1,-1
274,42,1440.80,59.00,48.80,157.50,1.0000,-1,-1,-1
274,46,232.30,134.40,51.80,166.30,1.0000,-1,-1,-1
274,49,254.60,1.00,53.20,123.20,1.0000,-1,-1,-1
274,50,422.80,95.00,55.40,166.40,1.0000,-1,-1,-1
274,51,444.40,1.00,42.60,88.10,0.9990,-1,-1,-1
275,0,1221.00,29.40,62.50,119.40,1.0000,-1,-1,-1
275,1,1479.90,29.60,60.70,151.20,1.0000,-1,-1,-1
275,2,687.20,205.60,79.00,113.90,1.0000,-1,-1,-1
275,3,1723.90,451.90,74.90,215.20,1.0000,-1,-1,-1
275,4,287.00,525.00,77.10,238.10,1.0000,-1,-1,-1
275,7,346.90,181.10,49.20,178.30,1.0000,-1,-1,-1
275,9,783.60,131.80,51.10,179.90,1.0000,-1,-1,-1
275,16,1612.70,1.00,56.20,129.60,1.0000,-1,-1,-1
275,17,548.90,113.30,62.90,177.60,1.0000,-1,-1,-1
275,18,611.40,580.10,88.20,234.20,0.9620,-1,-1,-1
275,23,1574.20,589.90,101.40,235.40,1.0000,-1,-1,-1
275,25,440.60,231.60,57.60,195.50,1.0000,-1,-1,-1
275,31,278.20,166.60,60.10,195.40,1.0000,-1,-1,-1
275,32,750.40,71.00,56.20,161.60,1.0000,-1,-1,-1
275,36,387.80,242.60,70.40,175.30,1.0000,-1,-1,-1
275,38,479.20,93.60,62.30,177.40,1.0000,-1,-1,-1
275,39,1077.50,586.50,88.30,252.30,1.0000,-1,-1,-1
275,41,1009.90,614.10,77.20,247.60,1.0000,-1,-1,-1
275,42,1441.80,57.30,48.90,157.60,1.0000,-1,-1,-1
275,46,232.10,134.50,52.10,167.50,1.0000,-1,-1,-1
275,49,254.60,1.30,53.10,122.20,1.0000,-1,-1,-1
275,50,422.60,95.80,56.60,168.10,1.0000,-1,-1,-1
275,51,444.40,1.00,41.80,87.10,0.9990,-1,-1,-1
276,0,1221.10,29.10,62.90,119.40,1.0000,-1,-1,-1
276,1,1479.00,29.20,61.20,152.20,1.0000,-1,-1,-1
276,2,686.70,205.90,79.80,113.70,1.0000,-1,-1,-1
276,3,1723.30,451.30,75.10,216.40,1.0000,-1,-1,-1
276,4,286.10,527.10,76.50,237.90,1.0000,-1,-1,-1
276,7,346.40,180.60,50.10,177.20,1.0000,-1,-1,-1
276,9,784.30,130.80,49.90,180.80,1.0000,-1,-1,-1
276,16,1612.60,1.00,57.30,133.50,1.0000,-1,-1,-1
276,17,548.80,114.70,62.60,175.70,1.0000,-1,-1,-1
276,18,614.10,581.30,87.20,234.40,0.9610,-1,-1,-1
276,23,1573.50,589.30,102.20,235.40,1.0000,-1,-1,-1
276,25,439.70,231.50,58.80,198.60,1.0000,-1,-1,-1
276,31,278.40,165.50,60.30,198.20,1.0000,-1,-1,-1
276,32,750.50,70.40,56.50,164.40,1.0000,-1,-1,-1
276,36,387.40,241.60,70.60,175.70,1.0000,-1,-1,-1
276,38,479.20,96.70,61.70,175.20,1.0000,-1,-1,-1
276,39,1075.30,588.10,85.90,245.20,1.0000,-1,-1,-1
276,41,1009.60,612.20,74.70,247.90,1.0000,-1,-1,-1
276,42,1440.90,57.00,48.70,156.40,1.0000,-1,-1,-1
276,46,231.90,134.70,52.20,167.00,1.0000,-1,-1,-1
276,49,254.60,1.30,53.20,122.70,1.0000,-1,-1,-1
276,50,422.00,96.60,57.80,168.30,1.0000,-1,-1,-1
276,51,443.30,1.00,41.90,85.90,1.0000,-1,-1,-1
277,0,1221.50,29.90,62.00,118.10,1.0000,-1,-1,-1
277,1,1478.60,30.30,60.50,150.30,1.0000,-1,-1,-1
277,2,686.70,205.70,79.80,114.20,1.0000,-1,-1,-1
277,3,1723.60,451.40,75.00,215.70,1.0000,-1,-1,-1
277,4,282.00,530.70,78.00,236.00,1.0000,-1,-1,-1
277,7,347.30,180.50,50.20,178.30,1.0000,-1,-1,-1
277,9,785.20,130.70,50.60,180.40,1.0000,-1,-1,-1
277,16,1613.60,1.00,57.70,133.50,1.0000,-1,-1,-1
277,17,549.00,114.30,63.30,177.00,1.0000,-1,-1,-1
277,23,1574.70,590.00,100.20,235.70,1.0000,-1,-1,-1
277,25,439.40,231.80,58.20,198.80,1.0000,-1,-1,-1
277,31,278.30,166.70,59.50,196.80,1.0000,-1,-1,-1
277,32,750.50,70.90,56.90,163.40,1.0000,-1,-1,-1
277,36,385.40,241.30,70.20,175.50,1.0000,-1,-1,-1
277,38,478.70,99.70,62.20,177.20,1.0000,-1,-1,-1
277,39,1076.70,585.50,81.50,245.70,1.0000,-1,-1,-1
277,41,1005.40,612.50,78.80,243.70,1.0000,-1,-1,-1
277,42,1439.00,56.90,49.80,156.10,1.0000,-1,-1,-1
277,46,232.40,134.60,51.90,165.00,1.0000,-1,-1,-1
277,49,254.10,1.50,53.00,123.20,1.0000,-1,-1,-1
277,50,422.00,99.10,58.60,167.90,1.0000,-1,-1,-1
277,51,442.20,1.90,43.40,83.50,0.9990,-1,-1,-1
277,18,614.20,582.10,91.40,236.10,0.5330,-1,-1,-1
278,0,1221.20,29.20,62.60,118.60,1.0000,-1,-1,-1
278,1,1477.10,31.00,60.90,153.30,1.0000,-1,-1,-1
278,2,686.70,205.90,79.40,113.50,1.0000,-1,-1,-1
278,3,1723.60,452.00,74.80,214.70,1.0000,-1,-1,-1
278,4,281.20,528.20,79.20,238.70,1.0000,-1,-1,-1
278,7,346.80,179.60,50.40,176.80,1.0000,-1,-1,-1
278,9,786.00,128.70,49.80,181.20,1.0000,-1,-1,-1
278,16,1614.40,1.00,57.90,135.30,1.0000,-1,-1,-1
278,17,549.00,114.20,63.90,176.80,1.0000,-1,-1,-1
278,23,1574.90,590.50,100.30,233.60,1.0000,-1,-1,-1
278,25,440.10,232.60,58.70,196.70,1.0000,-1,-1,-1
278,31,278.60,164.70,60.80,200.60,1.0000,-1,-1,-1
278,32,750.30,69.90,58.20,166.00,1.0000,-1,-1,-1
278,36,383.50,243.70,72.40,174.60,1.0000,-1,-1,-1
278,38,477.50,99.60,64.20,180.20,1.0000,-1,-1,-1
278,39,1075.80,578.60,80.90,251.90,1.0000,-1,-1,-1
278,41,1004.40,605.10,75.10,246.20,1.0000,-1,-1,-1
278,42,1438.20,55.30,50.60,157.90,1.0000,-1,-1,-1
278,46,232.90,133.30,51.80,166.10,1.0000,-1,-1,-1
278,49,254.20,1.70,53.00,124.40,0.9980,-1,-1,-1
278,50,422.30,99.40,58.70,170.20,1.0000,-1,-1,-1
278,51,443.50,1.20,40.70,83.70,0.9990,-1,-1,-1
278,18,614.10,583.40,95.30,234.60,0.0850,-1,-1,-1
279,0,1221.30,29.60,62.20,118.90,1.0000,-1,-1,-1
279,1,1475.80,32.80,60.90,153.20,1.0000,-1,-1,-1
279,2,687.10,205.80,79.00,114.00,1.0000,-1,-1,-1
279,3,1723.10,452.60,75.20,214.10,1.0000,-1,-1,-1
279,4,279.50,528.30,80.30,239.50,1.0000,-1,-1,-1
279,7,346.20,181.10,51.50,174.50,1.0000,-1,-1,-1
279,9,786.30,129.40,51.90,180.00,1.0000,-1,-1,-1
279,16,1615.10,1.00,58.70,137.10,1.0000,-1,-1,-1
279,17,547.70,114.80,65.90,177.00,1.0000,-1,-1,-1
279,23,1574.60,590.40,101.10,235.80,1.0000,-1,-1,-1
279,25,440.40,233.80,56.80,196.00,1.0000,-1,-1,-1
279,31,278.00,165.50,60.60,199.20,1.0000,-1,-1,-1
279,32,751.30,72.60,56.90,161.50,1.0000,-1,-1,-1
279,36,381.70,244.00,73.70,175.90,1.0000,-1,-1,-1
279,38,477.30,101.80,65.50,178.80,1.0000,-1,-1,-1
279,39,1075.20,575.40,77.80,255.00,1.0000,-1,-1,-1
279,41,1002.90,604.30,72.60,236.10,1.0000,-1,-1,-1
279,42,1438.40,54.10,50.70,158.20,1.0000,-1,-1,-1
279,46,233.00,134.00,52.40,166.00,1.0000,-1,-1,-1
279,49,253.80,2.30,54.20,123.90,0.9970,-1,-1,-1
279,50,422.20,100.60,58.90,170.90,1.0000,-1,-1,-1
279,51,442.00,1.10,41.30,82.60,0.9970,-1,-1,-1
280,0,1220.90,29.60,62.40,119.20,1.0000,-1,-1,-1
280,1,1475.40,33.90,60.90,154.50,1.0000,-1,-1,-1
280,2,687.10,205.80,78.70,114.20,1.0000,-1,-1,-1
280,3,1723.20,453.10,75.00,213.40,1.0000,-1,-1,-1
280,4,278.30,528.50,80.30,240.00,1.0000,-1,-1,-1
280,7,346.20,180.30,52.40,175.50,1.0000,-1,-1,-1
280,9,786.10,130.90,52.20,179.60,1.0000,-1,-1,-1
280,16,1615.20,1.00,57.90,139.60,1.0000,-1,-1,-1
280,17,549.80,114.40,64.30,177.00,1.0000,-1,-1,-1
280,23,1574.50,590.60,101.30,234.20,1.0000,-1,-1,-1
280,25,440.40,232.80,56.70,197.40,1.0000,-1,-1,-1
280,31,278.70,164.80,60.70,200.70,1.0000,-1,-1,-1
280,32,750.00,72.40,58.10,161.40,1.0000,-1,-1,-1
280,36,380.60,246.00,73.80,174.10,1.0000,-1,-1,-1
280,38,476.30,101.60,65.50,180.00,1.0000,-1,-1,-1
280,39,1072.90,575.50,78.20,251.00,1.0000,-1,-1,-1
280,41,1001.00,602.80,72.90,236.10,1.0000,-1,-1,-1
280,42,1437.60,52.60,50.40,160.20,1.0000,-1,-1,-1
280,46,233.40,133.70,52.20,166.80,1.0000,-1,-1,-1
280,49,251.40,3.50,58.80,125.40,0.8470,-1,-1,-1
280,50,421.90,102.40,58.50,168.20,0.9990,-1,-1,-1
280,51,441.50,1.00,43.60,83.00,0.9990,-1,-1,-1
281,0,1221.30,29.60,62.20,119.60,1.0000,-1,-1,-1
281,1,1474.50,34.00,61.40,153.70,1.0000,-1,-1,-1
281,2,687.40,205.60,78.80,114.40,1.0000,-1,-1,-1
281,3,1723.20,453.90,75.40,212.70,1.0000,-1,-1,-1
281,4,278.20,528.70,80.30,239.90,1.0000,-1,-1,-1
281,7,345.90,180.40,52.00,174.60,1.0000,-1,-1,-1
281,9,787.20,130.50,51.10,180.60,1.0000,-1,-1,-1
281,16,1616.70,1.00,58.20,140.50,1.0000,-1,-1,-1
281,17,549.60,113.50,64.90,178.90,1.0000,-1,-1,-1
281,23,1574.80,591.30,100.70,232.40,1.0000,-1,-1,-1
281,25,440.70,235.30,57.30,195.50,1.0000,-1,-1,-1
281,31,276.80,167.10,61.70,197.20,1.0000,-1,-1,-1
281,32,750.70,73.10,56.70,159.10,1.0000,-1,-1,-1
281,36,380.00,245.40,74.60,176.70,1.0000,-1,-1,-1
281,38,475.90,103.90,65.40,180.00,1.0000,-1,-1,-1
281,39,1071.60,574.30,77.20,251.80,1.0000,-1,-1,-1
281,41,998.60,598.50,72.70,239.00,1.0000,-1,-1,-1
281,42,1436.90,52.30,50.90,159.30,1.0000,-1,-1,-1
281,46,234.40,135.20,50.80,165.20,1.0000,-1,-1,-1
281,50,422.00,104.50,59.30,167.60,0.9990,-1,-1,-1
281,51,440.80,1.00,42.80,83.40,0.9990,-1,-1,-1
282,0,1221.50,29.90,62.30,118.60,1.0000,-1,-1,-1
282,1,1473.40,34.40,62.40,154.20,1.0000,-1,-1,-1
282,2,687.00,205.20,79.00,114.10,1.0000,-1,-1,-1
282,3,1723.90,452.40,75.00,215.00,1.0000,-1,-1,-1
282,4,278.20,528.60,80.70,240.80,1.0000,-1,-1,-1
282,7,345.50,179.80,53.20,174.00,1.0000,-1,-1,-1
282,9,787.40,130.80,51.00,178.60,1.0000,-1,-1,-1
282,16,1617.30,1.00,58.10,140.30,1.0000,-1,-1,-1
282,17,549.70,114.60,65.90,178.90,1.0000,-1,-1,-1
282,23,1574.40,591.60,100.70,232.50,1.0000,-1,-1,-1
282,25,440.90,234.10,56.60,197.20,1.0000,-1,-1,-1
282,31,277.00,166.70,61.60,196.60,1.0000,-1,-1,-1
282,32,751.30,73.10,56.50,160.80,1.0000,-1,-1,-1
282,36,379.70,247.40,73.60,176.20,1.0000,-1,-1,-1
282,38,476.10,105.60,64.70,179.50,1.0000,-1,-1,-1
282,39,1070.10,573.60,75.90,250.90,1.0000,-1,-1,-1
282,41,997.80,599.90,71.50,235.60,1.0000,-1,-1,-1
282,42,1435.70,52.90,50.60,159.00,1.0000,-1,-1,-1
282,46,234.80,135.90,50.80,163.90,1.0000,-1,-1,-1
282,50,422.60,105.20,59.90,168.50,0.9990,-1,-1,-1
282,51,441.40,1.00,42.40,83.60,0.9950,-1,-1,-1
283,0,1221.40,29.20,62.40,119.00,1.0000,-1,-1,-1
283,1,1472.40,33.30,63.00,155.90,1.0000,-1,-1,-1
283,2,687.10,205.20,78.50,114.70,1.0000,-1,-1,-1
283,3,1723.90,453.40,74.80,213.10,1.0000,-1,-1,-1
283,4,277.40,534.00,80.40,233.80,1.0000,-1,-1,-1
283,7,346.20,179.50,52.60,174.40,1.0000,-1,-1,-1
283,9,786.90,131.50,52.50,178.30,1.0000,-1,-1,-1
283,16,1617.80,1.00,60.10,142.80,1.0000,-1,-1,-1
283,17,550.70,115.60,64.80,176.90,1.0000,-1,-1,-1
283,23,1574.20,590.80,101.00,234.40,1.0000,-1,-1,-1
283,25,441.30,235.90,56.20,194.80,1.0000,-1,-1,-1
283,31,277.80,166.30,61.30,194.80,1.0000,-1,-1,-1
283,32,751.20,73.20,57.70,159.30,1.0000,-1,-1,-1
283,36,378.20,247.70,75.50,179.30,1.0000,-1,-1,-1
283,38,476.10,106.20,64.90,179.90,1.0000,-1,-1,-1
283,39,1069.60,572.50,74.10,251.00,1.0000,-1,-1,-1
283,41,994.40,593.50,73.50,242.80,1.0000,-1,-1,-1
283,42,1435.40,52.40,50.60,158.50,1.0000,-1,-1,-1
283,46,234.30,136.80,51.20,162.50,1.0000,-1,-1,-1
283,50,422.90,106.30,60.80,168.90,0.9980,-1,-1,-1
283,51,441.40,4.20,36.20,70.30,0.2240,-1,-1,-1
284,0,1221.20,29.30,62.80,118.70,1.0000,-1,-1,-1
284,1,1472.60,34.40,63.30,155.60,1.0000,-1,-1,-1
284,2,687.00,205.40,78.50,114.20,1.0000,-1,-1,-1
284,3,1723.50,453.20,75.00,214.20,1.0000,-1,-1,-1
284,4,277.60,536.10,79.50,233.40,1.0000,-1,-1,-1
284,7,346.80,178.90,52.50,174.40,1.0000,-1,-1,-1
284,9,787.70,130.90,53.60,178.50,1.0000,-1,-1,-1
284,16,1618.20,1.00,60.20,145.10,1.0000,-1,-1,-1
284,17,551.30,116.50,65.50,177.40,1.0000,-1,-1,-1
284,23,1574.80,590.70,100.90,234.50,1.0000,-1,-1,-1
284,25,441.30,235.80,56.10,196.00,1.0000,-1,-1,-1
284,31,277.80,166.80,60.90,194.30,1.0000,-1,-1,-1
284,32,750.90,73.60,57.40,157.90,1.0000,-1,-1,-1
284,36,377.70,247.90,75.40,180.30,1.0000,-1,-1,-1
284,38,475.80,107.30,64.50,179.70,1.0000,-1,-1,-1
284,39,1069.20,570.90,72.80,252.20,1.0000,-1,-1,-1
284,41,991.70,590.80,74.90,247.50,1.0000,-1,-1,-1
284,42,1435.80,53.70,49.10,155.10,1.0000,-1,-1,-1
284,46,234.90,137.60,50.30,162.20,1.0000,-1,-1,-1
284,50,424.00,107.40,60.70,167.10,0.9980,-1,-1,-1
285,0,1221.60,29.80,62.70,118.30,1.0000,-1,-1,-1
285,1,1472.70,35.50,62.90,156.30,1.0000,-1,-1,-1
285,2,686.90,205.50,78.60,114.40,1.0000,-1,-1,-1
285,3,1723.00,452.90,75.50,214.50,1.0000,-1,-1,-1
285,4,277.00,535.70,78.90,235.50,1.0000,-1,-1,-1
285,7,346.80,179.90,51.90,171.80,1.0000,-1,-1,-1
285,9,788.70,130.30,53.30,181.90,1.0000,-1,-1,-1
285,16,1619.40,2.20,61.20,146.00,1.0000,-1,-1,-1
285,17,553.10,116.30,64.80,177.70,1.0000,-1,-1,-1
285,23,1577.80,594.10,97.10,233.90,1.0000,-1,-1,-1
285,25,441.60,237.80,54.70,195.70,1.0000,-1,-1,-1
285,31,279.10,164.80,61.70,198.50,1.0000,-1,-1,-1
285,32,750.50,73.20,57.70,161.70,1.0000,-1,-1,-1
285,36,378.60,253.00,73.90,178.50,1.0000,-1,-1,-1
285,38,475.70,105.90,64.80,180.20,1.0000,-1,-1,-1
285,39,1066.20,570.10,73.90,251.10,1.0000,-1,-1,-1
285,41,991.40,592.40,72.30,245.20,1.0000,-1,-1,-1
285,42,1434.70,54.00,48.20,155.80,1.0000,-1,-1,-1
285,46,234.20,135.80,51.20,164.40,1.0000,-1,-1,-1
285,50,425.70,107.00,60.60,166.60,0.9970,-1,-1,-1
286,0,1221.60,29.80,62.50,118.60,1.0000,-1,-1,-1
286,1,1472.40,33.80,62.50,156.60,1.0000,-1,-1,-1
286,2,686.60,205.50,79.10,114.40,1.0000,-1,-1,-1
286,3,1723.20,453.30,75.50,214.30,1.0000,-1,-1,-1
286,4,277.30,531.30,78.10,245.30,1.0000,-1,-1,-1
286,7,347.60,180.60,52.50,171.30,1.0000,-1,-1,-1
286,9,788.90,130.70,54.60,182.90,1.0000,-1,-1,-1
286,16,1620.50,3.00,60.40,144.00,1.0000,-1,-1,-1
286,17,554.00,117.10,63.90,175.30,1.0000,-1,-1,-1
286,23,1575.20,589.90,101.00,234.30,1.0000,-1,-1,-1
286,25,441.30,238.50,54.80,195.50,1.0000,-1,-1,-1
286,31,279.50,165.50,62.70,197.60,1.0000,-1,-1,-1
286,32,751.30,72.90,58.20,160.80,1.0000,-1,-1,-1
286,36,379.40,255.70,71.80,175.30,1.0000,-1,-1,-1
286,38,475.90,107.30,63.00,178.10,1.0000,-1,-1,-1
286,39,1065.70,567.00,72.30,254.30,1.0000,-1,-1,-1
286,41,990.70,591.10,71.80,246.70,1.0000,-1,-1,-1
286,42,1433.50,53.50,49.40,156.30,1.0000,-1,-1,-1
286,46,234.40,136.10,51.00,164.80,1.0000,-1,-1,-1
286,50,426.30,107.60,60.00,169.80,0.9980,-1,-1,-1
287,0,1221.80,29.60,62.50,118.40,1.0000,-1,-1,-1
287,1,1472.40,33.50,63.30,157.10,1.0000,-1,-1,-1
287,2,687.00,205.60,78.80,114.00,1.0000,-1,-1,-1
287,3,1723.00,452.60,75.50,215.40,1.0000,-1,-1,-1
287,4,276.70,534.70,77.40,244.20,1.0000,-1,-1,-1
287,7,347.20,180.50,53.00,170.60,1.0000,-1,-1,-1
287,9,789.10,132.20,56.60,179.60,1.0000,-1,-1,-1
287,16,1621.20,2.30,60.20,145.60,1.0000,-1,-1,-1
287,17,554.30,117.40,62.90,174.20,1.0000,-1,-1,-1
287,23,1576.10,589.80,99.00,235.00,1.0000,-1,-1,-1
287,25,441.00,237.90,54.60,195.10,1.0000,-1,-1,-1
287,31,279.10,165.40,63.50,198.10,1.0000,-1,-1,-1
287,32,751.40,73.40,57.80,160.70,1.0000,-1,-1,-1
287,36,378.60,257.90,73.90,178.00,1.0000,-1,-1,-1
287,38,475.80,108.20,62.20,177.20,1.0000,-1,-1,-1
287,39,1062.50,565.70,74.30,250.40,1.0000,-1,-1,-1
287,41,989.50,588.00,70.90,248.80,1.0000,-1,-1,-1
287,42,1432.80,53.50,49.80,156.00,1.0000,-1,-1,-1
287,46,233.90,133.10,51.50,168.80,1.0000,-1,-1,-1
287,50,425.60,108.00,60.90,169.80,0.9980,-1,-1,-1
288,0,1221.30,29.70,62.70,119.20,1.0000,-1,-1,-1
288,1,1471.80,33.60,64.10,157.70,1.0000,-1,-1,-1
288,2,687.60,205.40,78.10,114.60,1.0000,-1,-1,-1
288,3,1723.60,453.30,74.70,214.10,1.0000,-1,-1,-1
288,4,276.00,538.70,77.40,241.70,1.0000,-1,-1,-1
288,7,347.10,179.60,52.10,172.10,1.0000,-1,-1,-1
288,9,788.80,134.30,58.40,176.20,1.0000,-1,-1,-1
288,16,1622.90,1.30,58.70,146.60,1.0000,-1,-1,-1
288,17,554.90,116.90,63.70,173.60,1.0000,-1,-1,-1
288,23,1577.70,594.00,97.50,232.60,1.0000,-1,-1,-1
288,25,440.90,238.40,54.50,197.00,1.0000,-1,-1,-1
288,31,280.00,165.60,63.30,198.40,1.0000,-1,-1,-1
288,32,751.00,73.10,57.80,159.30,1.0000,-1,-1,-1
288,36,379.00,259.70,71.70,177.30,1.0000,-1,-1,-1
288,38,474.20,108.70,63.40,178.20,1.0000,-1,-1,-1
288,39,1062.10,563.90,72.60,248.90,1.0000,-1,-1,-1
288,41,988.40,586.60,70.10,246.70,1.0000,-1,-1,-1
288,42,1431.10,53.40,50.90,157.10,1.0000,-1,-1,-1
288,46,234.50,135.40,51.00,164.70,1.0000,-1,-1,-1
288,50,425.80,108.20,60.50,167.10,0.9980,-1,-1,-1
289,0,1221.30,29.70,62.50,118.50,1.0000,-1,-1,-1
289,1,1471.30,34.40,64.60,158.40,1.0000,-1,-1,-1
289,2,687.90,205.60,77.60,114.40,1.0000,-1,-1,-1
289,3,1723.30,452.60,74.90,215.00,1.0000,-1,-1,-1
289,4,276.00,541.80,78.40,242.50,1.0000,-1,-1,-1
289,7,347.30,178.70,52.40,170.80,1.0000,-1,-1,-1
289,9,789.40,135.20,58.70,176.80,1.0000,-1,-1,-1
289,16,1624.70,1.00,56.70,147.10,1.0000,-1,-1,-1
289,17,555.90,117.20,62.50,173.60,1.0000,-1,-1,-1
289,23,1575.30,589.40,101.00,235.10,1.0000,-1,-1,-1
289,25,440.40,239.00,54.20,195.90,1.0000,-1,-1,-1
289,31,281.00,165.70,63.80,197.60,1.0000,-1,-1,-1
289,32,751.30,73.20,57.40,159.80,1.0000,-1,-1,-1
289,36,376.50,259.70,75.00,178.20,1.0000,-1,-1,-1
289,38,473.10,108.80,63.50,178.50,1.0000,-1,-1,-1
289,39,1061.80,562.90,69.80,244.70,1.0000,-1,-1,-1
289,41,986.90,585.90,71.40,245.50,1.0000,-1,-1,-1
289,42,1431.50,50.60,51.40,159.50,1.0000,-1,-1,-1
289,46,234.80,135.60,51.50,165.70,1.0000,-1,-1,-1
289,50,426.60,109.10,58.60,166.00,0.9980,-1,-1,-1
290,0,1221.30,29.30,62.50,119.30,1.0000,-1,-1,-1
290,1,1471.70,35.30,63.50,158.20,1.0000,-1,-1,-1
290,2,687.70,205.50,77.80,114.60,1.0000,-1,-1,-1
290,3,1723.30,452.70,75.30,215.10,1.0000,-1,-1,-1
290,4,275.60,545.60,78.80,241.90,1.0000,-1,-1,-1
290,7,348.20,179.50,51.30,168.40,1.0000,-1,-1,-1
290,9,788.70,136.30,62.20,175.70,1.0000,-1,-1,-1
290,16,1625.60,1.00,55.60,148.70,1.0000,-1,-1,-1
290,17,556.80,117.90,61.90,173.30,1.0000,-1,-1,-1
290,23,1575.60,589.50,100.80,233.70,1.0000,-1,-1,-1
290,25,439.70,239.20,54.60,199.80,1.0000,-1,-1,-1
290,31,281.80,165.20,63.40,196.60,1.0000,-1,-1,-1
290,32,751.60,71.90,57.30,160.90,1.0000,-1,-1,-1
290,36,376.30,260.00,73.00,178.40,1.0000,-1,-1,-1
290,38,473.30,109.70,62.90,176.20,1.0000,-1,-1,-1
290,39,1058.70,560.70,70.70,246.10,1.0000,-1,-1,-1
290,41,982.40,586.50,76.30,243.70,1.0000,-1,-1,-1
290,42,1429.90,49.30,51.20,159.10,1.0000,-1,-1,-1
290,46,234.70,137.40,50.70,162.50,1.0000,-1,-1,-1
290,50,426.00,109.20,58.30,166.50,0.9980,-1,-1,-1
291,0,1221.20,29.20,62.50,119.30,1.0000,-1,-1,-1
291,1,1471.40,36.40,62.90,158.10,1.0000,-1,-1,-1
291,2,687.60,205.80,78.00,113.80,1.0000,-1,-1,-1
291,3,1723.70,452.60,74.70,214.50,1.0000,-1,-1,-1
291,4,275.30,548.60,79.10,240.60,1.0000,-1,-1,-1
291,7,348.20,178.70,50.40,167.70,1.0000,-1,-1,-1
291,9,790.40,133.80,61.30,176.60,1.0000,-1,-1,-1
291,16,1626.30,1.00,55.80,151.30,1.0000,-1,-1,-1
291,17,557.30,115.80,62.20,176.00,1.0000,-1,-1,-1
291,23,1575.10,591.20,100.50,232.40,1.0000,-1,-1,-1
291,25,439.70,243.40,55.40,198.20,1.0000,-1,-1,-1
291,31,282.80,164.20,63.90,196.80,1.0000,-1,-1,-1
291,32,751.20,72.70,58.70,161.10,1.0000,-1,-1,-1
291,36,376.00,261.70,73.10,176.50,1.0000,-1,-1,-1
291,38,474.20,108.50,61.20,180.30,1.0000,-1,-1,-1
291,39,1056.30,563.20,71.90,239.10,1.0000,-1,-1,-1
291,41,981.00,583.60,74.30,243.90,1.0000,-1,-1,-1
291,42,1429.50,48.50,50.90,159.60,1.0000,-1,-1,-1
291,46,235.60,135.50,50.50,164.40,1.0000,-1,-1,-1
291,50,425.80,109.70,58.10,167.80,0.9990,-1,-1,-1
291,51,443.50,7.70,34.50,69.90,0.1200,-1,-1,-1
292,0,1221.20,29.10,62.50,119.60,1.0000,-1,-1,-1
292,1,1471.10,37.10,63.30,158.40,1.0000,-1,-1,-1
292,2,688.40,205.70,76.70,114.30,1.0000,-1,-1,-1
292,3,1723.30,452.90,75.30,214.90,1.0000,-1,-1,-1
292,4,274.80,550.00,79.50,242.60,1.0000,-1,-1,-1
292,7,346.50,178.20,51.60,170.80,1.0000,-1,-1,-1
292,9,789.90,134.00,62.80,176.70,1.0000,-1,-1,-1
292,16,1629.00,1.00,53.50,150.20,1.0000,-1,-1,-1
292,17,557.40,116.40,61.80,174.20,1.0000,-1,-1,-1
292,23,1575.40,590.00,100.60,235.80,1.0000,-1,-1,-1
292,25,439.40,245.80,55.60,197.30,1.0000,-1,-1,-1
292,31,282.90,163.10,64.80,198.10,1.0000,-1,-1,-1
292,32,751.30,72.70,58.70,160.20,1.0000,-1,-1,-1
292,36,377.30,261.30,69.90,176.90,1.0000,-1,-1,-1
292,38,474.00,111.00,59.90,180.20,1.0000,-1,-1,-1
292,39,1052.20,557.10,76.20,246.00,1.0000,-1,-1,-1
292,41,980.10,583.40,71.00,238.00,1.0000,-1,-1,-1
292,42,1428.10,46.70,51.40,163.10,1.0000,-1,-1,-1
292,46,236.10,137.00,49.60,162.90,1.0000,-1,-1,-1
292,50,425.50,110.10,59.90,170.80,0.9990,-1,-1,-1
293,0,1221.30,29.30,62.20,119.20,1.0000,-1,-1,-1
293,1,1472.40,37.80,61.40,157.00,1.0000,-1,-1,-1
293,2,688.00,205.60,77.30,114.10,1.0000,-1,-1,-1
293,3,1723.90,452.40,74.50,214.70,1.0000,-1,-1,-1
293,4,275.30,551.70,78.80,242.30,1.0000,-1,-1,-1
293,7,347.10,177.80,50.40,170.80,0.9990,-1,-1,-1
293,9,790.80,134.70,63.50,175.90,1.0000,-1,-1,-1
293,16,1629.60,1.30,52.40,151.60,1.0000,-1,-1,-1
293,17,556.90,117.20,62.40,174.10,1.0000,-1,-1,-1
293,23,1578.10,594.70,96.70,232.70,1.0000,-1,-1,-1
293,25,438.80,247.70,56.10,196.90,1.0000,-1,-1,-1
293,31,283.50,163.40,65.90,196.70,1.0000,-1,-1,-1
293,32,751.30,71.90,58.30,161.50,1.0000,-1,-1,-1
293,36,376.80,263.00,70.20,175.10,1.0000,-1,-1,-1
293,38,473.50,113.70,60.10,179.50,1.0000,-1,-1,-1
293,39,1049.90,554.40,79.20,245.60,1.0000,-1,-1,-1
293,41,977.80,582.40,72.90,237.80,1.0000,-1,-1,-1
293,42,1428.20,45.40,51.00,162.30,1.0000,-1,-1,-1
293,46,235.90,135.10,49.70,167.20,1.0000,-1,-1,-1
293,50,425.30,111.60,59.80,170.00,0.9990,-1,-1,-1
294,0,1221.70,29.30,62.00,119.00,1.0000,-1,-1,-1
294,1,1472.00,39.50,61.30,157.80,1.0000,-1,-1,-1
294,2,687.80,205.60,77.60,114.00,1.0000,-1,-1,-1
294,3,1723.80,453.20,74.50,214.10,1.0000,-1,-1,-1
294,4,276.30,552.70,77.60,243.30,1.0000,-1,-1,-1
294,7,346.60,175.60,52.10,175.30,0.9990,-1,-1,-1
294,9,790.30,135.10,64.70,174.90,1.0000,-1,-1,-1
294,16,1632.00,1.70,51.40,151.50,1.0000,-1,-1,-1
294,17,556.70,116.40,62.20,174.40,1.0000,-1,-1,-1
294,23,1576.00,590.50,100.20,234.90,1.0000,-1,-1,-1
294,25,439.20,251.10,55.60,195.00,1.0000,-1,-1,-1
294,31,284.20,163.00,68.40,195.30,1.0000,-1,-1,-1
294,32,751.30,72.10,58.20,161.90,1.0000,-1,-1,-1
294,36,376.70,263.70,69.60,174.00,1.0000,-1,-1,-1
294,38,474.10,113.50,60.10,181.50,1.0000,-1,-1,-1
294,39,1048.80,554.20,81.80,243.70,1.0000,-1,-1,-1
294,41,975.50,579.30,72.30,235.20,1.0000,-1,-1,-1
294,42,1428.20,46.00,50.10,158.50,1.0000,-1,-1,-1
294,46,235.60,135.00,50.60,166.20,1.0000,-1,-1,-1
294,50,425.70,112.90,58.40,173.40,0.9990,-1,-1,-1
295,0,1221.70,29.50,62.60,118.70,1.0000,-1,-1,-1
295,1,1473.80,43.40,58.50,153.10,1.0000,-1,-1,-1
295,2,688.00,205.60,77.30,114.80,1.0000,-1,-1,-1
295,3,1724.20,452.80,74.30,214.80,1.0000,-1,-1,-1
295,4,276.50,552.80,77.70,244.70,1.0000,-1,-1,-1
295,7,346.70,174.80,50.90,172.70,0.9990,-1,-1,-1
295,9,790.80,136.30,63.50,176.40,1.0000,-1,-1,-1
295,16,1632.10,2.20,53.40,152.60,1.0000,-1,-1,-1
295,17,556.70,115.80,62.80,174.80,1.0000,-1,-1,-1
295,23,1578.10,593.70,97.50,234.50,1.0000,-1,-1,-1
295,25,439.30,253.90,55.00,193.70,1.0000,-1,-1,-1
295,31,284.20,163.80,67.70,193.10,1.0000,-1,-1,-1
295,32,751.80,71.50,57.60,162.90,1.0000,-1,-1,-1
295,36,376.10,264.60,70.00,173.50,1.0000,-1,-1,-1
295,38,475.10,116.80,60.30,180.20,1.0000,-1,-1,-1
295,39,1045.20,553.80,84.40,241.10,1.0000,-1,-1,-1
295,41,972.00,580.20,76.40,227.50,1.0000,-1,-1,-1
295,42,1427.00,45.40,51.20,156.90,1.0000,-1,-1,-1
295,46,236.10,135.00,50.20,165.10,1.0000,-1,-1,-1
295,50,424.60,113.90,58.60,174.90,1.0000,-1,-1,-1
296,0,1221.40,29.50,62.20,118.70,1.0000,-1,-1,-1
296,1,1475.20,41.60,58.40,157.00,1.0000,-1,-1,-1
296,2,687.90,205.40,77.90,114.80,1.0000,-1,-1,-1
296,3,1723.60,453.10,74.40,214.40,1.0000,-1,-1,-1
296,4,276.00,553.30,78.20,242.90,1.0000,-1,-1,-1
296,7,346.70,175.00,51.20,173.20,0.9990,-1,-1,-1
296,9,790.10,136.40,64.80,177.40,1.0000,-1,-1,-1
296,16,1633.40,3.60,53.10,152.50,1.0000,-1,-1,-1
296,17,556.10,115.70,62.90,174.90,1.0000,-1,-1,-1
296,23,1575.90,588.90,100.40,235.40,1.0000,-1,-1,-1
296,25,438.70,252.40,55.70,195.20,1.0000,-1,-1,-1
296,31,284.40,162.90,68.80,196.20,1.0000,-1,-1,-1
296,32,751.50,70.90,58.20,163.10,1.0000,-1,-1,-1
296,36,375.20,263.50,71.40,175.20,1.0000,-1,-1,-1
296,38,473.90,120.50,59.70,177.90,1.0000,-1,-1,-1
296,39,1043.90,547.90,86.50,247.30,1.0000,-1,-1,-1
296,41,971.50,575.90,73.10,227.70,1.0000,-1,-1,-1
296,42,1425.30,43.10,51.80,158.40,1.0000,-1,-1,-1
296,46,237.00,135.90,49.70,165.60,1.0000,-1,-1,-1
296,50,424.70,115.90,59.00,170.80,1.0000,-1,-1,-1
297,0,1221.70,29.40,62.00,118.30,1.0000,-1,-1,-1
297,1,1474.80,41.50,58.80,156.80,1.0000,-1,-1,-1
297,2,687.50,205.40,78.30,114.90,1.0000,-1,-1,-1
297,3,1722.90,453.30,75.40,214.00,1.0000,-1,-1,-1
297,4,275.60,555.30,79.30,240.70,1.0000,-1,-1,-1
297,7,347.00,174.30,50.90,175.70,1.0000,-1,-1,-1
297,9,790.90,135.40,64.00,178.40,1.0000,-1,-1,-1
297,16,1634.60,3.40,52.30,153.30,1.0000,-1,-1,-1
297,17,556.60,116.00,63.00,175.90,1.0000,-1,-1,-1
297,23,1575.50,589.20,101.10,234.70,1.0000,-1,-1,-1
297,25,438.30,253.60,55.60,195.60,1.0000,-1,-1,-1
297,31,284.90,163.40,68.10,193.70,1.0000,-1,-1,-1
297,32,752.40,71.10,56.70,162.50,1.0000,-1,-1,-1
297,36,375.80,263.30,69.80,175.00,1.0000,-1,-1,-1
297,38,473.30,120.90,59.50,177.50,1.0000,-1,-1,-1
297,39,1040.60,547.10,90.20,246.70,1.0000,-1,-1,-1
297,41,969.50,572.20,73.40,232.90,1.0000,-1,-1,-1
297,42,1424.60,42.90,51.10,158.90,1.0000,-1,-1,-1
297,46,237.50,135.90,49.30,165.10,1.0000,-1,-1,-1
297,50,423.70,116.50,59.60,172.90,1.0000,-1,-1,-1
298,0,1221.60,29.60,62.10,118.50,1.0000,-1,-1,-1
298,1,1476.40,43.00,57.80,156.70,1.0000,-1,-1,-1
298,2,687.60,205.70,77.90,114.60,1.0000,-1,-1,-1
298,3,1723.60,452.80,75.10,214.60,1.0000,-1,-1,-1
298,4,275.20,556.40,79.90,240.70,1.0000,-1,-1,-1
298,7,347.70,174.30,50.00,173.70,0.9990,-1,-1,-1
298,9,790.20,136.50,64.40,178.00,1.0000,-1,-1,-1
298,16,1635.20,3.70,53.50,153.00,1.0000,-1,-1,-1
298,17,556.70,117.10,62.90,175.20,1.0000,-1,-1,-1
298,23,1575.40,589.10,100.80,235.10,1.0000,-1,-1,-1
298,25,437.70,256.20,55.80,194.00,1.0000,-1,-1,-1
298,31,285.30,163.60,69.30,194.70,1.0000,-1,-1,-1
298,32,751.60,70.80,57.50,162.70,1.0000,-1,-1,-1
298,36,374.80,264.20,72.60,174.00,1.0000,-1,-1,-1
298,38,473.60,120.80,60.40,180.00,1.0000,-1,-1,-1
298,39,1038.10,549.30,94.00,241.70,1.0000,-1,-1,-1
298,41,968.20,570.00,73.50,235.30,1.0000,-1,-1,-1
298,42,1423.50,41.10,51.50,160.00,1.0000,-1,-1,-1
298,46,237.60,136.80,49.40,164.60,1.0000,-1,-1,-1
298,50,423.20,117.50,58.70,174.40,1.0000,-1,-1,-1
299,0,1221.50,29.80,62.20,118.30,1.0000,-1,-1,-1
299,1,1476.70,42.50,58.90,158.00,1.0000,-1,-1,-1
299,2,687.40,205.70,78.10,114.10,1.0000,-1,-1,-1
299,3,1723.60,453.50,74.80,213.20,1.0000,-1,-1,-1
299,4,275.40,558.40,80.50,239.00,1.0000,-1,-1,-1
299,7,347.40,172.80,50.40,176.20,0.9990,-1,-1,-1
299,9,791.40,134.90,64.70,178.60,1.0000,-1,-1,-1
299,16,1635.90,2.30,56.20,158.00,1.0000,-1,-1,-1
299,17,556.50,116.60,63.10,174.40,1.0000,-1,-1,-1
299,23,1575.40,589.80,100.80,234.60,1.0000,-1,-1,-1
299,25,437.70,256.80,55.80,194.50,1.0000,-1,-1,-1
299,31,286.40,163.10,70.00,196.80,1.0000,-1,-1,-1
299,32,751.70,71.40,57.00,162.20,1.0000,-1,-1,-1
299,36,374.10,264.90,73.90,174.70,1.0000,-1,-1,-1
299,38,474.20,122.70,58.70,176.40,1.0000,-1,-1,-1
299,39,1036.50,547.90,96.30,244.60,1.0000,-1,-1,-1
299,41,966.20,567.60,75.00,237.70,1.0000,-1,-1,-1
299,42,1423.40,40.00,51.60,161.10,1.0000,-1,-1,-1
299,46,238.20,134.20,49.10,167.00,1.0000,-1,-1,-1
299,50,423.30,117.90,58.00,176.40,1.0000,-1,-1,-1
300,0,1221.10,29.20,62.60,118.30,1.0000,-1,-1,-1
300,1,1476.70,43.70,59.10,157.00,1.0000,-1,-1,-1
300,2,687.70,205.40,78.00,114.40,1.0000,-1,-1,-1
300,3,1722.90,452.80,75.50,214.30,1.0000,-1,-1,-1
300,4,274.60,559.60,81.50,237.40,1.0000,-1,-1,-1
300,7,348.00,175.30,49.40,174.60,0.9970,-1,-1,-1
300,9,791.70,134.80,65.90,179.90,1.0000,-1,-1,-1
300,16,1636.50,3.40,56.30,157.40,1.0000,-1,-1,-1
300,17,557.70,115.00,61.90,175.90,1.0000,-1,-1,-1
300,23,1575.60,589.00,101.00,237.00,1.0000,-1,-1,-1
300,25,437.40,257.20,56.10,194.10,1.0000,-1,-1,-1
300,31,288.20,163.40,66.80,196.70,1.0000,-1,-1,-1
300,32,751.30,71.80,57.20,161.70,1.0000,-1,-1,-1
300,36,375.10,268.20,71.40,172.80,1.0000,-1,-1,-1
300,38,473.90,123.50,60.00,176.90,1.0000,-1,-1,-1
300,39,1035.10,549.00,98.00,241.00,1.0000,-1,-1,-1
300,41,964.50,566.10,74.40,237.40,1.0000,-1,-1,-1
300,42,1423.90,39.60,50.50,159.00,1.0000,-1,-1,-1
300,46,238.00,134.80,49.00,168.00,1.0000,-1,-1,-1
300,50,423.10,119.40,57.60,173.30,1.0000,-1,-1,-1
300,49,249.70,1.40,55.40,114.40,0.0820,-1,-1,-1
301,0,1221.00,29.70,62.30,118.30,1.0000,-1,-1,-1
301,1,1476.80,43.90,59.10,156.80,1.0000,-1,-1,-1
301,2,686.90,205.80,79.60,114.50,1.0000,-1,-1,-1
301,3,1723.00,453.30,75.40,213.50,1.0000,-1,-1,-1
301,4,274.10,561.50,81.80,236.70,1.0000,-1,-1,-1
301,7,348.20,172.10,47.00,178.40,0.9990,-1,-1,-1
301,9,792.00,134.60,65.60,180.40,1.0000,-1,-1,-1
301,16,1637.30,3.00,56.20,158.40,1.0000,-1,-1,-1
301,17,557.40,115.60,62.90,176.10,1.0000,-1,-1,-1
301,23,1577.70,593.40,98.20,233.70,1.0000,-1,-1,-1
301,25,437.80,257.20,55.90,193.00,1.0000,-1,-1,-1
301,31,289.70,162.90,66.30,197.60,1.0000,-1,-1,-1
301,32,751.20,71.90,56.90,163.10,1.0000,-1,-1,-1
301,36,373.20,271.20,74.70,170.50,1.0000,-1,-1,-1
301,38,473.90,124.00,59.50,175.40,1.0000,-1,-1,-1
301,39,1036.40,548.30,95.50,242.30,1.0000,-1,-1,-1
301,41,962.80,565.70,73.70,236.90,1.0000,-1,-1,-1
301,42,1423.50,40.10,50.70,157.20,1.0000,-1,-1,-1
301,46,238.30,133.60,50.00,166.60,1.0000,-1,-1,-1
301,49,250.30,1.00,55.70,117.10,0.7290,-1,-1,-1
301,50,423.00,120.80,57.90,173.60,1.0000,-1,-1,-1
302,0,1221.00,29.30,62.40,118.60,1.0000,-1,-1,-1
302,1,1476.60,44.40,59.10,157.00,1.0000,-1,-1,-1
302,2,687.30,206.30,78.40,112.90,1.0000,-1,-1,-1
302,3,1723.20,453.20,75.10,213.50,1.0000,-1,-1,-1
302,4,275.20,563.30,80.80,237.40,1.0000,-1,-1,-1
302,7,348.40,172.30,46.30,178.30,0.9980,-1,-1,-1
302,9,791.70,134.90,66.30,180.40,1.0000,-1,-1,-1
302,16,1638.60,3.50,55.90,157.60,1.0000,-1,-1,-1
302,17,558.20,115.80,60.70,175.60,1.0000,-1,-1,-1
302,23,1575.50,588.10,101.80,236.00,1.0000,-1,-1,-1
302,25,438.10,257.80,54.80,192.40,1.0000,-1,-1,-1
302,31,290.50,162.00,66.90,198.20,1.0000,-1,-1,-1
302,32,751.60,71.90,57.00,162.40,1.0000,-1,-1,-1
302,36,373.70,271.50,74.10,174.50,1.0000,-1,-1,-1
302,38,473.50,124.70,60.40,174.40,1.0000,-1,-1,-1
302,39,1035.10,547.60,95.80,241.00,1.0000,-1,-1,-1
302,41,960.90,563.70,74.00,235.90,1.0000,-1,-1,-1
302,42,1423.20,39.80,50.90,157.20,1.0000,-1,-1,-1
302,46,238.60,135.00,49.70,164.80,1.0000,-1,-1,-1
302,49,251.80,1.00,56.50,116.70,0.6560,-1,-1,-1
302,50,422.90,121.80,57.10,172.10,1.0000,-1,-1,-1
303,0,1221.20,29.10,62.40,118.90,1.0000,-1,-1,-1
303,1,1476.10,44.30,59.20,157.20,1.0000,-1,-1,-1
303,2,687.10,205.60,78.70,114.70,1.0000,-1,-1,-1
303,3,1722.70,453.40,76.10,213.10,1.0000,-1,-1,-1
303,4,275.70,564.70,80.60,238.00,1.0000,-1,-1,-1
303,7,349.60,171.80,46.10,179.80,0.9960,-1,-1,-1
303,9,791.50,134.70,66.90,181.30,1.0000,-1,-1,-1
303,16,1639.40,3.50,57.20,158.10,1.0000,-1,-1,-1
303,17,557.10,116.00,62.00,175.30,1.0000,-1,-1,-1
303,23,1575.10,588.60,102.30,236.40,1.0000,-1,-1,-1
303,25,438.10,259.20,54.80,192.60,1.0000,-1,-1,-1
303,31,289.60,161.30,68.50,199.50,1.0000,-1,-1,-1
303,32,751.70,72.20,57.70,163.20,1.0000,-1,-1,-1
303,36,370.60,272.20,77.20,175.60,1.0000,-1,-1,-1
303,38,474.00,124.90,60.40,177.40,1.0000,-1,-1,-1
303,39,1036.00,545.00,93.70,244.40,1.0000,-1,-1,-1
303,41,959.50,563.30,74.10,236.90,1.0000,-1,-1,-1
303,42,1424.30,39.80,49.80,154.90,1.0000,-1,-1,-1
303,46,238.60,133.50,50.20,164.80,1.0000,-1,-1,-1
303,49,252.30,1.00,55.50,118.00,0.9690,-1,-1,-1
303,50,423.10,122.70,56.20,172.50,1.0000,-1,-1,-1
304,0,1221.20,29.20,62.40,118.70,1.0000,-1,-1,-1
304,1,1476.40,45.30,59.30,157.30,1.0000,-1,-1,-1
304,2,687.20,206.00,78.60,113.80,1.0000,-1,-1,-1
304,3,1722.40,452.80,76.30,213.90,1.0000,-1,-1,-1
304,4,273.70,565.00,82.40,245.50,1.0000,-1,-1,-1
304,7,349.90,171.10,45.30,178.30,0.9870,-1,-1,-1
304,9,791.20,134.50,68.10,181.80,1.0000,-1,-1,-1
304,16,1639.90,4.00,57.60,158.40,1.0000,-1,-1,-1
304,17,557.50,116.60,62.00,176.30,1.0000,-1,-1,-1
304,23,1575.00,588.10,102.50,236.60,1.0000,-1,-1,-1
304,25,437.60,258.00,54.90,193.80,1.0000,-1,-1,-1
304,31,291.10,161.70,68.10,199.70,1.0000,-1,-1,-1
304,32,752.30,71.50,57.30,162.70,1.0000,-1,-1,-1
304,36,362.50,272.00,86.40,179.50,1.0000,-1,-1,-1
304,38,474.30,125.40,59.40,177.70,1.0000,-1,-1,-1
304,39,1034.10,544.60,95.60,243.40,1.0000,-1,-1,-1
304,41,958.60,561.80,73.10,236.40,1.0000,-1,-1,-1
304,42,1424.30,39.90,48.90,155.10,1.0000,-1,-1,-1
304,46,239.00,133.90,50.70,163.80,1.0000,-1,-1,-1
304,49,252.30,1.00,54.90,120.10,0.9920,-1,-1,-1
304,50,422.60,122.80,56.90,175.30,1.0000,-1,-1,-1
305,0,1221.00,29.60,62.40,119.00,1.0000,-1,-1,-1
305,1,1475.70,47.60,59.10,155.10,1.0000,-1,-1,-1
305,2,687.00,205.90,78.90,114.40,1.0000,-1,-1,-1
305,3,1722.30,452.30,76.50,214.50,1.0000,-1,-1,-1
305,4,273.80,567.60,81.60,245.40,1.0000,-1,-1,-1
305,7,350.80,171.30,42.70,175.20,0.8940,-1,-1,-1
305,9,790.70,135.20,69.10,180.10,1.0000,-1,-1,-1
305,16,1640.40,6.30,59.20,157.10,1.0000,-1,-1,-1
305,17,557.90,116.10,61.00,175.30,1.0000,-1,-1,-1
305,23,1574.60,589.30,102.50,234.30,1.0000,-1,-1,-1
305,25,437.70,258.30,54.60,195.30,1.0000,-1,-1,-1
305,31,292.10,161.90,68.30,200.30,1.0000,-1,-1,-1
305,32,751.80,71.60,57.30,163.20,1.0000,-1,-1,-1
305,36,360.40,274.40,85.10,181.50,1.0000,-1,-1,-1
305,38,474.90,125.20,59.50,179.10,1.0000,-1,-1,-1
305,39,1033.70,541.30,92.40,244.30,1.0000,-1,-1,-1
305,41,957.30,561.40,71.60,236.00,1.0000,-1,-1,-1
305,42,1423.50,41.00,48.60,154.50,1.0000,-1,-1,-1
305,46,239.50,134.40,50.40,162.50,1.0000,-1,-1,-1
305,49,253.20,1.00,53.50,120.50,0.9990,-1,-1,-1
305,50,422.40,122.60,56.60,176.40,1.0000,-1,-1,-1
306,0,1221.10,29.20,62.50,119.30,1.0000,-1,-1,-1
306,1,1475.70,48.10,58.30,155.20,1.0000,-1,-1,-1
306,2,686.90,205.80,79.10,113.80,1.0000,-1,-1,-1
306,3,1722.90,452.70,75.50,214.40,1.0000,-1,-1,-1
306,4,272.50,569.80,81.90,244.90,1.0000,-1,-1,-1
306,7,354.00,169.10,39.60,175.20,0.7100,-1,-1,-1
306,9,791.10,136.30,69.10,177.70,1.0000,-1,-1,-1
306,16,1640.70,7.40,59.60,157.70,1.0000,-1,-1,-1
306,17,558.80,114.90,61.10,175.90,1.0000,-1,-1,-1
306,23,1575.60,589.50,101.80,235.20,1.0000,-1,-1,-1
306,25,437.70,259.80,55.70,195.80,1.0000,-1,-1,-1
306,31,292.80,162.10,68.20,200.50,1.0000,-1,-1,-1
306,32,752.30,71.80,56.40,163.50,1.0000,-1,-1,-1
306,36,358.20,274.10,86.10,182.40,1.0000,-1,-1,-1
306,38,474.80,124.40,60.00,179.80,1.0000,-1,-1,-1
306,39,1034.90,541.10,88.20,236.20,1.0000,-1,-1,-1
306,41,955.60,562.10,71.70,234.90,1.0000,-1,-1,-1
306,42,1423.00,40.70,49.20,155.30,1.0000,-1,-1,-1
306,46,239.40,134.50,51.00,161.80,1.0000,-1,-1,-1
306,49,253.80,1.00,53.20,121.50,1.0000,-1,-1,-1
306,50,422.80,122.80,56.40,175.90,1.0000,-1,-1,-1
307,0,1221.10,29.30,62.00,118.90,1.0000,-1,-1,-1
307,1,1475.10,47.00,59.60,158.30,1.0000,-1,-1,-1
307,2,687.20,206.00,78.60,113.10,1.0000,-1,-1,-1
307,3,1722.50,452.60,76.40,214.50,1.0000,-1,-1,-1
307,4,272.30,573.60,82.30,243.70,1.0000,-1,-1,-1
307,9,791.70,136.00,69.60,179.10,1.0000,-1,-1,-1
307,16,1641.50,9.60,58.90,157.40,1.0000,-1,-1,-1
307,17,558.80,115.10,61.10,175.50,1.0000,-1,-1,-1
307,23,1574.80,589.50,102.80,234.80,1.0000,-1,-1,-1
307,25,437.30,259.20,55.80,200.00,1.0000,-1,-1,-1
307,31,293.70,162.60,67.00,199.70,1.0000,-1,-1,-1
307,32,752.50,71.40,56.50,163.90,1.0000,-1,-1,-1
307,36,360.60,274.20,82.30,180.80,1.0000,-1,-1,-1
307,38,475.40,125.10,58.90,177.30,1.0000,-1,-1,-1
307,39,1035.20,537.40,85.30,239.10,1.0000,-1,-1,-1
307,41,954.40,559.60,71.60,236.10,1.0000,-1,-1,-1
307,42,1422.90,39.90,49.40,155.90,1.0000,-1,-1,-1
307,46,238.60,134.90,51.30,161.00,1.0000,-1,-1,-1
307,49,253.80,1.20,53.30,121.50,1.0000,-1,-1,-1
307,50,421.70,122.30,56.80,175.60,1.0000,-1,-1,-1
307,7,356.10,167.90,37.80,174.50,0.5710,-1,-1,-1
307,-1,1066.20,5.20,61.90,86.90,0.2120,-1,-1,-1
308,0,1221.50,29.20,62.40,119.20,1.0000,-1,-1,-1
308,1,1474.80,48.70,59.40,159.40,1.0000,-1,-1,-1
308,2,687.20,205.80,78.40,114.00,1.0000,-1,-1,-1
308,3,1722.40,453.30,76.60,213.20,1.0000,-1,-1,-1
308,4,271.20,575.50,83.20,244.90,1.0000,-1,-1,-1
308,9,791.10,136.90,71.30,178.40,1.0000,-1,-1,-1
308,16,1641.80,10.80,59.50,159.50,1.0000,-1,-1,-1
308,17,559.10,114.90,60.20,176.00,1.0000,-1,-1,-1
308,23,1577.60,593.90,99.00,233.50,1.0000,-1,-1,-1
308,25,436.60,261.20,56.30,201.20,1.0000,-1,-1,-1
308,31,293.90,162.50,67.40,197.50,1.0000,-1,-1,-1
308,32,753.10,70.70,56.30,163.60,1.0000,-1,-1,-1
308,36,355.20,270.20,86.20,185.20,1.0000,-1,-1,-1
308,38,475.90,127.30,59.20,179.80,1.0000,-1,-1,-1
308,39,1032.60,532.60,82.90,236.10,1.0000,-1,-1,-1
308,41,953.40,556.70,71.30,237.50,1.0000,-1,-1,-1
308,42,1421.70,39.30,50.00,156.80,1.0000,-1,-1,-1
308,46,239.70,134.00,51.20,162.20,1.0000,-1,-1,-1
308,49,254.00,1.80,53.20,120.30,1.0000,-1,-1,-1
308,50,420.70,122.70,56.70,175.50,1.0000,-1,-1,-1
308,7,356.80,171.00,36.60,167.70,0.2770,-1,-1,-1
308,-1,1064.20,4.50,63.00,90.00,0.8140,-1,-1,-1
309,0,1221.70,29.90,61.80,118.20,1.0000,-1,-1,-1
309,1,1473.40,50.60,59.80,156.80,1.0000,-1,-1,-1
309,2,687.20,205.60,78.70,114.00,1.0000,-1,-1,-1
309,3,1722.70,453.00,76.60,213.80,1.0000,-1,-1,-1
309,4,271.30,577.60,82.00,244.20,1.0000,-1,-1,-1
309,9,791.40,137.20,71.80,178.20,1.0000,-1,-1,-1
309,16,1641.60,11.10,59.40,158.90,1.0000,-1,-1,-1
309,17,558.90,116.00,60.80,175.20,1.0000,-1,-1,-1
309,23,1574.90,590.40,101.90,233.90,1.0000,-1,-1,-1
309,25,437.20,259.90,55.30,205.60,1.0000,-1,-1,-1
309,31,294.50,163.20,68.30,195.20,1.0000,-1,-1,-1
309,32,752.70,70.60,56.60,163.80,1.0000,-1,-1,-1
309,36,354.10,271.80,86.30,185.70,1.0000,-1,-1,-1
309,38,475.90,127.20,59.20,179.20,1.0000,-1,-1,-1
309,39,1033.70,528.70,82.80,237.10,1.0000,-1,-1,-1
309,41,951.60,555.90,70.90,233.40,1.0000,-1,-1,-1
309,42,1421.70,37.40,50.70,158.40,1.0000,-1,-1,-1
309,46,239.60,133.80,51.70,163.20,1.0000,-1,-1,-1
309,49,254.10,1.80,53.80,120.80,1.0000,-1,-1,-1
309,50,420.30,124.10,56.60,174.00,1.0000,-1,-1,-1
309,52,1064.70,4.90,61.50,92.00,0.6380,-1,-1,-1
309,7,357.80,174.40,34.60,156.00,0.1530,-1,-1,-1
310,0,1220.80,29.60,63.00,118.30,1.0000,-1,-1,-1
310,1,1472.70,52.30,61.30,159.50,1.0000,-1,-1,-1
310,2,687.40,206.00,78.30,113.60,1.0000,-1,-1,-1
310,3,1721.70,453.00,77.30,214.30,1.0000,-1,-1,-1
310,4,271.30,580.70,81.90,242.80,1.0000,-1,-1,-1
310,9,791.80,136.30,72.90,178.90,1.0000,-1,-1,-1
310,16,1642.50,10.30,58.30,162.00,1.0000,-1,-1,-1
310,17,559.30,114.80,59.80,177.00,1.0000,-1,-1,-1
310,23,1575.40,590.30,101.80,233.10,1.0000,-1,-1,-1
310,25,437.90,262.60,55.00,205.70,1.0000,-1,-1,-1
310,31,294.30,162.00,70.20,197.10,1.0000,-1,-1,-1
310,32,752.80,70.00,57.00,164.00,1.0000,-1,-1,-1
310,36,358.50,276.10,82.50,182.10,1.0000,-1,-1,-1
310,38,476.10,128.60,59.20,179.20,1.0000,-1,-1,-1
310,39,1032.80,524.30,79.50,241.70,1.0000,-1,-1,-1
310,41,949.00,553.20,71.10,229.40,1.0000,-1,-1,-1
310,42,1419.70,36.70,52.10,157.00,1.0000,-1,-1,-1
310,46,239.90,133.30,51.20,164.80,1.0000,-1,-1,-1
310,49,253.80,1.20,54.90,123.20,1.0000,-1,-1,-1
310,50,418.50,124.00,57.70,178.60,1.0000,-1,-1,-1
310,52,1067.00,3.20,60.30,93.50,0.9990,-1,-1,-1
311,0,1221.40,29.70,62.20,120.10,1.0000,-1,-1,-1
311,1,1472.80,52.30,60.10,157.20,1.0000,-1,-1,-1
311,2,687.80,205.80,78.00,114.30,1.0000,-1,-1,-1
311,3,1722.60,452.10,76.00,215.30,1.0000,-1,-1,-1
311,4,270.30,582.20,82.10,242.50,1.0000,-1,-1,-1
311,9,791.70,136.50,73.80,178.50,1.0000,-1,-1,-1
311,16,1644.50,9.80,59.10,165.10,1.0000,-1,-1,-1
311,17,558.60,116.30,60.50,175.60,1.0000,-1,-1,-1
311,23,1577.20,593.60,98.50,234.10,1.0000,-1,-1,-1
311,25,438.40,267.90,54.60,200.40,1.0000,-1,-1,-1
311,31,295.00,162.30,69.40,196.00,1.0000,-1,-1,-1
311,32,752.30,71.40,56.60,163.10,1.0000,-1,-1,-1
311,36,358.20,276.30,81.10,182.10,1.0000,-1,-1,-1
311,38,475.50,130.50,59.80,182.00,1.0000,-1,-1,-1
311,39,1032.00,527.00,73.30,234.70,1.0000,-1,-1,-1
311,41,946.60,548.60,72.40,231.50,1.0000,-1,-1,-1
311,42,1419.20,35.10,53.20,157.10,1.0000,-1,-1,-1
311,46,239.10,131.90,51.60,169.30,1.0000,-1,-1,-1
311,49,253.50,1.20,55.40,122.00,1.0000,-1,-1,-1
311,50,416.80,125.70,57.90,182.10,1.0000,-1,-1,-1
311,52,1067.50,3.30,58.60,94.90,1.0000,-1,-1,-1
312,0,1221.40,29.20,62.20,120.00,1.0000,-1,-1,-1
312,1,1471.70,53.20,61.20,157.10,1.0000,-1,-1,-1
312,2,687.40,205.90,78.70,112.90,1.0000,-1,-1,-1
312,3,1722.30,453.10,77.00,213.70,1.0000,-1,-1,-1
312,4,267.90,582.60,84.60,245.10,1.0000,-1,-1,-1
312,9,792.20,137.10,74.30,178.10,1.0000,-1,-1,-1
312,16,1644.90,12.00,59.00,162.40,1.0000,-1,-1,-1
312,17,557.40,117.10,61.10,175.60,1.0000,-1,-1,-1
312,23,1577.10,594.60,98.80,232.10,1.0000,-1,-1,-1
312,25,437.30,266.90,55.90,204.10,1.0000,-1,-1,-1
312,31,295.50,162.00,68.70,195.50,1.0000,-1,-1,-1
312,32,752.50,70.90,56.20,162.40,1.0000,-1,-1,-1
312,36,358.30,277.10,81.00,181.30,1.0000,-1,-1,-1
312,38,475.00,130.70,60.50,183.10,1.0000,-1,-1,-1
312,39,1034.60,521.90,71.70,241.30,1.0000,-1,-1,-1
312,41,945.80,543.30,70.90,233.50,1.0000,-1,-1,-1
312,42,1418.50,33.70,53.70,160.30,1.0000,-1,-1,-1
312,46,239.00,130.70,52.40,171.20,1.0000,-1,-1,-1
312,49,254.30,1.50,54.50,119.90,1.0000,-1,-1,-1
312,50,417.00,127.50,57.20,178.70,1.0000,-1,-1,-1
312,52,1068.30,2.90,57.00,98.30,1.0000,-1,-1,-1
313,0,1221.00,29.20,62.60,120.00,1.0000,-1,-1,-1
313,1,1470.60,56.90,61.10,154.10,1.0000,-1,-1,-1
313,2,687.80,206.10,78.00,113.20,1.0000,-1,-1,-1
313,3,1721.00,452.50,78.10,215.10,1.0000,-1,-1,-1
313,4,266.80,582.10,85.00,249.20,1.0000,-1,-1,-1
313,9,793.10,138.10,74.80,177.30,1.0000,-1,-1,-1
313,16,1645.50,13.40,57.60,161.10,1.0000,-1,-1,-1
313,17,557.20,116.50,60.70,174.70,1.0000,-1,-1,-1
313,23,1574.80,591.10,102.30,232.80,1.0000,-1,-1,-1
313,25,437.00,267.20,56.10,203.60,1.0000,-1,-1,-1
313,31,296.60,161.60,68.50,195.60,1.0000,-1,-1,-1
313,32,752.60,70.60,56.20,164.00,1.0000,-1,-1,-1
313,36,354.10,277.30,83.40,180.10,1.0000,-1,-1,-1
313,38,475.50,132.50,59.80,181.60,1.0000,-1,-1,-1
313,39,1033.60,524.10,70.20,237.40,1.0000,-1,-1,-1
313,41,944.10,543.50,70.10,234.60,1.0000,-1,-1,-1
313,42,1418.40,32.40,54.00,159.60,1.0000,-1,-1,-1
313,46,239.60,129.10,51.90,171.20,1.0000,-1,-1,-1
313,49,254.10,1.50,55.00,120.30,1.0000,-1,-1,-1
313,50,416.40,128.50,59.20,178.00,1.0000,-1,-1,-1
313,52,1069.50,1.90,56.20,100.70,1.0000,-1,-1,-1
314,0,1220.90,29.40,62.50,119.60,1.0000,-1,-1,-1
314,1,1470.90,58.90,59.90,154.70,1.0000,-1,-1,-1
314,2,687.60,206.10,78.40,113.00,1.0000,-1,-1,-1
314,3,1722.00,452.60,77.20,214.30,1.0000,-1,-1,-1
314,4,266.60,583.40,83.70,248.50,1.0000,-1,-1,-1
314,9,793.40,138.40,75.00,176.00,1.0000,-1,-1,-1
314,16,1646.50,13.20,57.50,163.00,1.0000,-1,-1,-1
314,17,557.20,117.90,60.90,173.80,1.0000,-1,-1,-1
314,23,1575.50,592.00,100.90,231.80,1.0000,-1,-1,-1
314,25,436.90,267.30,56.20,203.60,1.0000,-1,-1,-1
314,31,296.10,161.80,69.90,194.40,1.0000,-1,-1,-1
314,32,752.10,70.60,56.90,163.70,1.0000,-1,-1,-1
314,36,353.80,278.80,82.10,178.70,1.0000,-1,-1,-1
314,38,475.40,136.10,59.20,178.60,1.0000,-1,-1,-1
314,39,1030.40,517.90,72.70,242.50,1.0000,-1,-1,-1
314,41,943.50,540.60,70.10,237.10,1.0000,-1,-1,-1
314,42,1417.60,32.00,53.40,159.40,1.0000,-1,-1,-1
314,46,239.30,129.20,52.50,171.70,1.0000,-1,-1,-1
314,49,254.80,1.00,54.70,120.50,1.0000,-1,-1,-1
314,50,416.70,130.40,58.00,175.60,1.0000,-1,-1,-1
314,52,1070.40,1.40,57.10,101.70,1.0000,-1,-1,-1
315,0,1221.00,29.20,62.60,120.00,1.0000,-1,-1,-1
315,1,1471.40,62.00,59.10,151.80,1.0000,-1,-1,-1
315,2,687.60,206.00,79.00,114.20,1.0000,-1,-1,-1
315,3,1721.30,453.70,77.90,212.50,1.0000,-1,-1,-1
315,4,266.50,584.30,83.60,247.40,1.0000,-1,-1,-1
315,9,792.60,137.00,76.70,179.20,1.0000,-1,-1,-1
315,16,1647.90,15.60,58.70,160.80,1.0000,-1,-1,-1
315,17,557.10,115.90,60.40,175.60,1.0000,-1,-1,-1
315,23,1574.60,590.30,102.30,234.80,1.0000,-1,-1,-1
315,25,437.20,270.50,55.40,202.50,1.0000,-1,-1,-1
315,31,296.50,161.10,69.80,195.80,1.0000,-1,-1,-1
315,32,751.70,71.60,56.50,162.40,1.0000,-1,-1,-1
315,36,355.50,280.20,79.50,179.80,1.0000,-1,-1,-1
315,38,475.70,137.10,58.80,179.80,1.0000,-1,-1,-1
315,39,1026.50,516.70,74.40,243.80,1.0000,-1,-1,-1
315,41,941.90,538.00,70.80,241.80,1.0000,-1,-1,-1
315,42,1416.90,30.50,54.00,159.40,1.0000,-1,-1,-1
315,46,240.90,131.10,51.30,166.90,1.0000,-1,-1,-1
315,49,253.90,1.20,54.90,121.10,1.0000,-1,-1,-1
315,50,415.60,130.80,59.90,177.70,1.0000,-1,-1,-1
315,52,1070.50,1.30,55.30,103.40,1.0000,-1,-1,-1
316,0,1221.60,29.70,62.20,118.80,1.0000,-1,-1,-1
316,1,1469.10,61.00,61.40,153.10,1.0000,-1,-1,-1
316,2,687.40,206.30,78.90,113.20,1.0000,-1,-1,-1
316,3,1721.50,453.40,78.70,212.30,1.0000,-1,-1,-1
316,4,266.40,585.80,82.80,245.60,1.0000,-1,-1,-1
316,9,794.20,138.10,75.70,177.60,1.0000,-1,-1,-1
316,16,1649.10,15.80,58.60,160.50,1.0000,-1,-1,-1
316,17,556.40,116.80,61.80,173.40,1.0000,-1,-1,-1
316,23,1574.60,589.50,102.30,234.90,1.0000,-1,-1,-1
316,25,437.00,268.30,55.40,205.30,1.0000,-1,-1,-1
316,31,296.50,161.70,69.70,194.60,1.0000,-1,-1,-1
316,32,752.10,70.60,56.50,163.60,1.0000,-1,-1,-1
316,36,356.40,282.00,78.10,179.50,1.0000,-1,-1,-1
316,38,474.90,136.10,59.80,181.20,1.0000,-1,-1,-1
316,39,1025.80,515.40,74.10,244.00,1.0000,-1,-1,-1
316,41,940.50,537.10,70.90,241.30,1.0000,-1,-1,-1
316,42,1416.40,30.40,53.10,158.70,1.0000,-1,-1,-1
316,46,240.40,129.10,50.80,171.70,1.0000,-1,-1,-1
316,49,254.20,1.00,53.90,121.50,1.0000,-1,-1,-1
316,50,414.90,133.00,60.40,174.80,1.0000,-1,-1,-1
316,52,1069.20,1.00,55.60,105.10,1.0000,-1,-1,-1
317,0,1221.00,29.30,62.50,119.60,1.0000,-1,-1,-1
317,1,1469.20,60.70,60.80,153.70,1.0000,-1,-1,-1
317,2,687.80,206.30,78.50,113.10,1.0000,-1,-1,-1
317,3,1721.60,453.70,78.40,211.90,1.0000,-1,-1,-1
317,4,266.40,586.70,82.60,244.50,1.0000,-1,-1,-1
317,9,794.40,138.20,76.50,176.60,1.0000,-1,-1,-1
317,16,1650.10,16.90,58.00,160.60,1.0000,-1,-1,-1
317,17,557.40,117.20,60.60,176.30,1.0000,-1,-1,-1
317,23,1573.50,590.60,103.70,234.00,1.0000,-1,-1,-1
317,25,436.90,267.30,55.00,206.60,1.0000,-1,-1,-1
317,31,296.90,161.80,69.70,194.80,1.0000,-1,-1,-1
317,32,752.60,70.30,56.00,163.30,1.0000,-1,-1,-1
317,36,353.60,283.50,81.60,177.80,1.0000,-1,-1,-1
317,38,474.40,136.60,59.50,180.50,1.0000,-1,-1,-1
317,39,1024.40,518.80,75.20,236.70,1.0000,-1,-1,-1
317,41,939.10,536.70,71.80,240.90,1.0000,-1,-1,-1
317,42,1415.30,30.10,53.20,157.40,1.0000,-1,-1,-1
317,46,241.00,130.30,51.20,169.00,1.0000,-1,-1,-1
317,49,253.80,1.10,54.50,122.00,1.0000,-1,-1,-1
317,50,414.40,134.70,61.20,172.10,1.0000,-1,-1,-1
317,52,1068.90,1.00,56.40,105.60,1.0000,-1,-1,-1
318,0,1221.50,29.40,62.00,118.60,1.0000,-1,-1,-1
318,1,1469.70,60.80,60.70,154.90,1.0000,-1,-1,-1
318,2,687.40,206.20,79.10,113.30,1.0000,-1,-1,-1
318,3,1721.10,452.50,78.70,213.80,1.0000,-1,-1,-1
318,4,265.90,587.40,83.90,245.10,1.0000,-1,-1,-1
318,9,793.80,138.60,79.50,175.10,1.0000,-1,-1,-1
318,16,1651.90,18.00,57.00,161.70,1.0000,-1,-1,-1
318,17,557.20,116.40,60.30,178.80,1.0000,-1,-1,-1
318,23,1578.10,594.90,97.90,231.30,1.0000,-1,-1,-1
318,25,436.60,269.40,55.50,205.60,1.0000,-1,-1,-1
318,31,295.90,161.30,71.90,196.30,1.0000,-1,-1,-1
318,32,752.70,70.80,55.10,163.10,1.0000,-1,-1,-1
318,36,353.70,285.10,78.00,181.20,1.0000,-1,-1,-1
318,38,474.00,136.90,60.50,182.30,1.0000,-1,-1,-1
318,39,1023.90,515.00,72.80,240.90,1.0000,-1,-1,-1
318,41,937.20,535.60,71.20,238.20,1.0000,-1,-1,-1
318,42,1414.80,29.80,54.00,158.10,1.0000,-1,-1,-1
318,46,240.60,131.00,51.70,167.30,1.0000,-1,-1,-1
318,49,253.70,1.10,54.40,123.00,1.0000,-1,-1,-1
318,50,414.70,136.10,60.50,172.60,1.0000,-1,-1,-1
318,52,1069.60,1.40,57.70,106.90,1.0000,-1,-1,-1
319,0,1221.50,29.60,62.10,119.20,1.0000,-1,-1,-1
319,1,1469.40,61.40,60.50,154.10,1.0000,-1,-1,-1
319,2,687.70,206.10,78.30,113.60,1.0000,-1,-1,-1
319,3,1721.60,453.00,77.60,213.60,1.0000,-1,-1,-1
319,4,265.50,587.70,83.70,245.30,1.0000,-1,-1,-1
319,9,793.90,138.70,79.40,175.40,1.0000,-1,-1,-1
319,16,1654.40,20.40,55.30,159.60,1.0000,-1,-1,-1
319,17,557.90,116.60,60.30,175.50,1.0000,-1,-1,-1
319,23,1575.00,589.70,102.20,234.80,1.0000,-1,-1,-1
319,25,436.80,270.70,54.70,204.50,1.0000,-1,-1,-1
319,31,296.10,161.30,71.40,196.00,1.0000,-1,-1,-1
319,32,752.70,70.00,54.70,164.20,1.0000,-1,-1,-1
319,36,354.00,285.80,76.40,182.10,1.0000,-1,-1,-1
319,38,473.90,137.70,60.60,181.00,1.0000,-1,-1,-1
319,39,1021.40,514.50,71.60,239.40,1.0000,-1,-1,-1
319,41,936.40,534.10,71.40,240.90,1.0000,-1,-1,-1
319,42,1415.10,29.60,54.30,159.00,1.0000,-1,-1,-1
319,46,240.80,130.10,52.40,168.50,1.0000,-1,-1,-1
319,49,253.90,1.00,53.90,121.60,1.0000,-1,-1,-1
319,50,415.10,138.80,59.40,170.20,1.0000,-1,-1,-1
319,52,1069.90,1.00,58.10,108.10,1.0000,-1,-1,-1
320,0,1221.40,29.60,62.30,118.60,1.0000,-1,-1,-1
320,1,1469.30,61.40,60.80,153.50,1.0000,-1,-1,-1
320,2,687.90,205.90,78.00,114.20,1.0000,-1,-1,-1
320,3,1721.00,453.00,78.80,213.30,1.0000,-1,-1,-1
320,4,266.10,592.50,80.90,242.30,1.0000,-1,-1,-1
320,9,794.70,138.80,79.30,175.80,1.0000,-1,-1,-1
320,16,1656.40,22.20,55.00,161.30,1.0000,-1,-1,-1
320,17,557.90,117.20,60.10,174.20,1.0000,-1,-1,-1
320,23,1574.80,591.50,102.80,232.30,1.0000,-1,-1,-1
320,25,436.90,273.10,55.40,201.90,1.0000,-1,-1,-1
320,31,295.50,160.20,73.30,197.90,1.0000,-1,-1,-1
320,32,752.60,71.60,55.00,162.00,1.0000,-1,-1,-1
320,36,354.30,287.70,74.10,181.40,1.0000,-1,-1,-1
320,38,474.00,136.60,60.00,182.50,1.0000,-1,-1,-1
320,39,1019.30,512.10,71.70,238.60,1.0000,-1,-1,-1
320,41,935.00,533.70,72.30,240.20,1.0000,-1,-1,-1
320,42,1415.40,29.70,54.00,159.30,1.0000,-1,-1,-1
320,46,240.50,131.20,52.10,167.60,1.0000,-1,-1,-1
320,49,254.00,1.00,53.70,121.10,1.0000,-1,-1,-1
320,50,416.10,139.30,60.70,170.20,1.0000,-1,-1,-1
320,52,1070.00,1.10,58.30,110.00,1.0000,-1,-1,-1
321,0,1221.20,29.70,62.40,119.50,1.0000,-1,-1,-1
321,1,1470.00,60.80,60.80,154.60,1.0000,-1,-1,-1
321,2,687.70,206.00,78.40,113.60,1.0000,-1,-1,-1
321,3,1720.50,452.40,79.60,213.80,1.0000,-1,-1,-1
321,4,265.70,590.40,83.20,245.80,1.0000,-1,-1,-1
321,9,794.40,138.40,78.60,174.90,1.0000,-1,-1,-1
321,16,1657.20,24.40,54.10,162.10,1.0000,-1,-1,-1
321,17,558.40,115.90,60.30,176.60,1.0000,-1,-1,-1
321,23,1575.60,590.40,102.20,234.80,1.0000,-1,-1,-1
321,25,436.80,271.80,54.80,202.70,1.0000,-1,-1,-1
321,31,296.00,160.90,72.70,196.30,1.0000,-1,-1,-1
321,32,752.60,70.60,54.90,163.30,1.0000,-1,-1,-1
321,36,353.70,288.60,73.40,182.10,1.0000,-1,-1,-1
321,38,474.10,136.10,59.60,181.80,1.0000,-1,-1,-1
321,39,1018.50,513.10,72.80,235.60,1.0000,-1,-1,-1
321,41,933.70,532.70,72.70,239.70,1.0000,-1,-1,-1
321,42,1414.80,28.90,54.40,158.20,1.0000,-1,-1,-1
321,46,240.10,131.70,52.30,166.70,1.0000,-1,-1,-1
321,49,253.70,1.10,53.70,121.20,1.0000,-1,-1,-1
321,50,416.00,139.20,60.90,169.30,1.0000,-1,-1,-1
321,52,1068.60,1.00,59.00,112.20,1.0000,-1,-1,-1
321,-1,494.50,1.00,43.70,106.00,0.7530,-1,-1,-1
322,0,1221.40,30.10,62.60,118.40,1.0000,-1,-1,-1
322,1,1470.60,61.20,60.40,154.30,1.0000,-1,-1,-1
322,2,687.60,205.90,78.60,114.10,1.0000,-1,-1,-1
322,3,1720.80,452.90,79.20,213.60,1.0000,-1,-1,-1
322,4,265.30,593.60,82.30,244.80,1.0000,-1,-1,-1
322,9,794.60,139.70,78.80,174.10,1.0000,-1,-1,-1
322,16,1658.00,27.70,54.00,160.00,1.0000,-1,-1,-1
322,17,559.30,115.60,58.90,175.10,1.0000,-1,-1,-1
322,23,1576.90,592.70,100.50,234.70,1.0000,-1,-1,-1
322,25,435.40,274.50,54.80,198.30,1.0000,-1,-1,-1
322,31,296.10,160.50,73.30,197.80,1.0000,-1,-1,-1
322,32,752.90,72.00,55.20,161.40,1.0000,-1,-1,-1
322,36,352.50,290.10,73.20,180.30,1.0000,-1,-1,-1
322,38,472.90,136.70,60.60,182.50,1.0000,-1,-1,-1
322,39,1015.90,510.80,73.30,235.70,1.0000,-1,-1,-1
322,41,932.00,532.80,70.80,236.20,1.0000,-1,-1,-1
322,42,1415.20,29.30,54.00,157.00,1.0000,-1,-1,-1
322,46,240.10,132.40,52.50,166.10,1.0000,-1,-1,-1
322,49,253.20,1.10,54.30,120.20,1.0000,-1,-1,-1
322,50,416.90,139.60,60.60,169.30,1.0000,-1,-1,-1
322,52,1069.40,1.00,59.90,114.90,1.0000,-1,-1,-1
322,53,493.50,1.00,46.20,109.70,0.9990,-1,-1,-1
323,0,1221.10,30.20,62.80,118.00,1.0000,-1,-1,-1
323,1,1470.80,62.10,60.10,156.00,1.0000,-1,-1,-1
323,2,687.40,206.00,78.90,113.50,1.0000,-1,-1,-1
323,3,1721.70,452.70,78.10,213.90,1.0000,-1,-1,-1
323,4,265.30,596.20,82.20,243.50,1.0000,-1,-1,-1
323,9,794.90,139.30,79.30,174.50,1.0000,-1,-1,-1
323,16,1659.70,28.20,52.60,159.60,1.0000,-1,-1,-1
323,17,559.20,115.30,60.20,176.90,1.0000,-1,-1,-1
323,23,1574.80,590.10,103.60,235.20,1.0000,-1,-1,-1
323,25,435.40,276.30,53.70,195.40,1.0000,-1,-1,-1
323,31,297.20,160.70,72.20,197.40,1.0000,-1,-1,-1
323,32,752.90,71.70,55.10,161.20,1.0000,-1,-1,-1
323,36,352.40,291.00,73.50,183.00,1.0000,-1,-1,-1
323,38,472.50,140.20,60.00,180.80,1.0000,-1,-1,-1
323,39,1014.30,506.10,72.90,238.70,1.0000,-1,-1,-1
323,41,931.00,530.40,70.60,235.70,1.0000,-1,-1,-1
323,42,1413.30,29.50,54.70,155.40,1.0000,-1,-1,-1
323,46,239.90,132.50,53.10,165.90,1.0000,-1,-1,-1
323,49,252.50,1.00,54.70,120.50,1.0000,-1,-1,-1
323,50,416.80,139.10,61.50,169.70,1.0000,-1,-1,-1
323,52,1070.40,1.00,60.00,116.50,1.0000,-1,-1,-1
323,53,492.90,1.00,47.20,109.60,1.0000,-1,-1,-1
324,0,1221.20,29.80,62.20,118.70,1.0000,-1,-1,-1
324,1,1470.70,61.30,60.00,156.40,1.0000,-1,-1,-1
324,2,687.20,206.30,79.00,113.70,1.0000,-1,-1,-1
324,3,1721.50,452.80,78.00,214.00,1.0000,-1,-1,-1
324,4,265.70,598.30,82.80,242.70,1.0000,-1,-1,-1
324,9,795.20,139.90,78.80,174.00,1.0000,-1,-1,-1
324,16,1662.10,29.60,51.60,158.30,1.0000,-1,-1,-1
324,17,560.20,116.10,58.50,174.30,1.0000,-1,-1,-1
324,23,1574.80,590.10,103.20,235.20,1.0000,-1,-1,-1
324,25,434.50,277.20,54.10,198.40,1.0000,-1,-1,-1
324,31,296.30,160.30,73.40,198.10,1.0000,-1,-1,-1
324,32,752.90,71.00,55.00,162.10,1.0000,-1,-1,-1
324,36,352.90,293.00,72.60,179.90,1.0000,-1,-1,-1
324,38,471.80,141.10,60.40,179.90,1.0000,-1,-1,-1
324,39,1012.40,503.70,73.00,238.80,1.0000,-1,-1,-1
324,41,930.30,527.60,70.30,236.70,1.0000,-1,-1,-1
324,42,1414.30,29.00,53.90,153.90,1.0000,-1,-1,-1
324,46,239.80,132.40,53.50,165.60,1.0000,-1,-1,-1
324,49,253.20,1.00,54.90,120.30,1.0000,-1,-1,-1
324,50,417.20,140.10,61.00,168.80,1.0000,-1,-1,-1
324,52,1071.10,2.00,60.10,116.50,1.0000,-1,-1,-1
324,53,492.40,1.00,47.70,110.80,1.0000,-1,-1,-1
325,0,1221.60,29.90,62.10,119.10,1.0000,-1,-1,-1
325,1,1470.90,60.40,59.90,158.00,1.0000,-1,-1,-1
325,2,687.20,206.10,79.10,113.30,1.0000,-1,-1,-1
325,3,1721.10,452.70,78.40,213.60,1.0000,-1,-1,-1
325,4,265.70,600.70,82.50,241.70,1.0000,-1,-1,-1
325,9,795.10,139.80,79.10,174.10,1.0000,-1,-1,-1
325,16,1664.50,30.20,52.80,158.10,1.0000,-1,-1,-1
325,17,559.40,115.90,58.90,175.40,1.0000,-1,-1,-1
325,23,1575.40,590.50,102.50,234.40,1.0000,-1,-1,-1
325,25,436.20,280.00,53.80,199.70,1.0000,-1,-1,-1
325,31,296.40,159.60,73.40,198.80,1.0000,-1,-1,-1
325,32,752.90,72.50,55.00,160.40,1.0000,-1,-1,-1
325,36,347.30,297.30,76.90,176.00,1.0000,-1,-1,-1
325,38,472.70,142.60,60.70,179.60,1.0000,-1,-1,-1
325,39,1010.40,502.30,73.20,238.70,1.0000,-1,-1,-1
325,41,929.20,526.50,69.90,231.50,1.0000,-1,-1,-1
325,42,1414.80,29.10,53.00,153.30,1.0000,-1,-1,-1
325,46,238.80,132.10,54.90,164.90,1.0000,-1,-1,-1
325,49,253.60,1.00,54.90,121.10,1.0000,-1,-1,-1
325,50,417.00,140.90,60.30,168.00,1.0000,-1,-1,-1
325,52,1071.90,1.50,60.10,117.60,1.0000,-1,-1,-1
325,53,492.20,1.10,47.80,112.10,1.0000,-1,-1,-1
326,0,1221.20,29.70,62.30,119.10,1.0000,-1,-1,-1
326,1,1470.80,61.10,59.90,157.30,1.0000,-1,-1,-1
326,2,687.20,206.10,79.10,113.50,1.0000,-1,-1,-1
326,3,1721.40,452.80,78.30,213.70,1.0000,-1,-1,-1
326,4,266.10,602.90,82.40,243.50,1.0000,-1,-1,-1
326,9,795.60,139.80,78.30,173.90,1.0000,-1,-1,-1
326,16,1667.00,30.80,51.50,160.30,1.0000,-1,-1,-1
326,17,560.30,116.40,58.50,175.00,1.0000,-1,-1,-1
326,23,1574.80,590.60,103.80,234.40,1.0000,-1,-1,-1
326,25,435.70,281.00,53.90,199.70,1.0000,-1,-1,-1
326,31,297.10,160.30,73.50,198.90,1.0000,-1,-1,-1
326,32,753.20,71.70,54.00,161.80,1.0000,-1,-1,-1
326,36,345.00,298.00,77.80,176.20,1.0000,-1,-1,-1
326,38,472.30,141.90,60.70,183.60,1.0000,-1,-1,-1
326,39,1008.20,498.90,74.30,239.70,1.0000,-1,-1,-1
326,41,928.10,523.00,71.90,225.90,1.0000,-1,-1,-1
326,42,1413.70,29.50,53.60,153.60,1.0000,-1,-1,-1
326,46,238.80,131.50,54.70,165.50,1.0000,-1,-1,-1
326,49,253.20,1.00,55.00,121.90,1.0000,-1,-1,-1
326,50,416.00,140.50,60.60,170.20,1.0000,-1,-1,-1
326,52,1071.40,1.20,60.70,117.30,1.0000,-1,-1,-1
326,53,490.60,1.00,49.00,113.80,1.0000,-1,-1,-1
327,0,1221.20,29.90,62.00,119.00,1.0000,-1,-1,-1
327,1,1470.80,61.60,60.20,158.20,1.0000,-1,-1,-1
327,2,687.20,205.60,78.70,114.80,1.0000,-1,-1,-1
327,3,1722.10,453.40,77.00,213.00,1.0000,-1,-1,-1
327,4,265.90,605.80,84.00,242.30,1.0000,-1,-1,-1
327,9,795.50,140.10,77.50,173.90,1.0000,-1,-1,-1
327,16,1667.20,31.20,52.00,159.50,1.0000,-1,-1,-1
327,17,559.10,115.90,60.10,175.90,1.0000,-1,-1,-1
327,23,1575.60,590.40,103.20,235.50,1.0000,-1,-1,-1
327,25,435.40,283.60,54.20,198.30,1.0000,-1,-1,-1
327,31,298.10,160.60,72.30,197.50,1.0000,-1,-1,-1
327,32,753.40,71.90,54.10,161.80,1.0000,-1,-1,-1
327,36,344.20,298.30,77.00,176.70,1.0000,-1,-1,-1
327,38,472.60,140.70,61.00,187.20,1.0000,-1,-1,-1
327,39,1006.20,498.40,75.90,236.60,1.0000,-1,-1,-1
327,41,925.90,521.70,71.90,223.70,1.0000,-1,-1,-1
327,42,1412.90,29.10,53.40,153.10,1.0000,-1,-1,-1
327,46,238.90,132.20,54.70,165.70,1.0000,-1,-1,-1
327,49,253.70,1.00,55.50,122.40,1.0000,-1,-1,-1
327,50,416.30,141.50,60.00,171.30,1.0000,-1,-1,-1
327,52,1072.30,1.10,60.10,118.90,1.0000,-1,-1,-1
327,53,489.20,1.00,49.90,115.50,1.0000,-1,-1,-1
328,0,1221.10,29.80,62.60,118.50,1.0000,-1,-1,-1
328,1,1471.80,61.50,59.60,159.00,1.0000,-1,-1,-1
328,2,687.00,206.10,79.20,114.10,1.0000,-1,-1,-1
328,3,1720.80,454.30,79.00,210.90,1.0000,-1,-1,-1
328,4,268.50,608.00,82.40,242.10,1.0000,-1,-1,-1
328,9,796.70,140.10,76.50,175.00,1.0000,-1,-1,-1
328,16,1669.40,31.10,52.60,160.50,1.0000,-1,-1,-1
328,17,559.10,116.00,59.90,175.10,1.0000,-1,-1,-1
328,23,1574.90,591.20,103.00,233.90,1.0000,-1,-1,-1
328,25,434.90,282.60,54.30,201.00,1.0000,-1,-1,-1
328,31,297.80,160.50,72.40,197.00,1.0000,-1,-1,-1
328,32,753.40,71.40,54.20,162.60,1.0000,-1,-1,-1
328,36,343.40,299.30,77.60,176.20,1.0000,-1,-1,-1
328,38,472.80,139.90,61.90,189.80,1.0000,-1,-1,-1
328,39,1003.70,494.60,79.60,240.60,1.0000,-1,-1,-1
328,41,924.80,517.50,70.70,230.20,1.0000,-1,-1,-1
328,42,1412.10,28.20,52.50,153.20,1.0000,-1,-1,-1
328,46,238.90,131.50,54.70,166.40,1.0000,-1,-1,-1
328,49,253.20,1.00,56.00,122.20,1.0000,-1,-1,-1
328,50,416.20,142.60,59.90,171.70,1.0000,-1,-1,-1
328,52,1073.30,1.00,60.80,119.10,1.0000,-1,-1,-1
328,53,488.70,1.00,49.60,114.80,1.0000,-1,-1,-1
329,0,1221.10,29.90,62.60,118.50,1.0000,-1,-1,-1
329,1,1471.40,62.20,60.30,159.40,1.0000,-1,-1,-1
329,2,686.70,206.10,79.90,113.20,1.0000,-1,-1,-1
329,3,1721.70,453.60,77.50,212.40,1.0000,-1,-1,-1
329,4,268.70,607.10,82.30,245.30,1.0000,-1,-1,-1
329,9,796.00,140.30,76.40,174.30,1.0000,-1,-1,-1
329,16,1671.10,31.50,52.50,160.50,1.0000,-1,-1,-1
329,17,559.10,115.90,59.50,175.80,1.0000,-1,-1,-1
329,23,1575.50,590.20,103.40,235.20,1.0000,-1,-1,-1
329,25,433.60,283.10,54.80,200.90,1.0000,-1,-1,-1
329,31,298.00,161.20,71.80,195.30,1.0000,-1,-1,-1
329,32,753.10,70.90,54.90,162.70,1.0000,-1,-1,-1
329,36,341.90,299.00,79.60,177.10,1.0000,-1,-1,-1
329,38,473.00,143.50,61.20,189.20,1.0000,-1,-1,-1
329,39,1000.10,494.10,82.80,239.20,1.0000,-1,-1,-1
329,41,922.50,514.50,72.40,233.50,1.0000,-1,-1,-1
329,42,1411.50,27.00,53.10,153.90,1.0000,-1,-1,-1
329,46,238.10,132.80,54.60,167.90,1.0000,-1,-1,-1
329,49,253.90,1.00,55.20,121.70,1.0000,-1,-1,-1
329,50,415.80,143.30,60.50,172.30,1.0000,-1,-1,-1
329,52,1073.30,1.00,61.00,119.20,1.0000,-1,-1,-1
329,53,487.80,1.00,50.30,116.20,1.0000,-1,-1,-1
330,0,1220.90,29.30,63.10,118.90,1.0000,-1,-1,-1
330,1,1471.70,64.40,59.50,158.40,1.0000,-1,-1,-1
330,2,687.40,206.40,78.80,112.80,1.0000,-1,-1,-1
330,3,1721.00,454.20,78.70,211.70,1.0000,-1,-1,-1
330,4,269.40,609.90,82.70,245.10,1.0000,-1,-1,-1
330,9,796.60,139.60,75.70,174.70,1.0000,-1,-1,-1
330,16,1672.60,32.80,53.10,160.20,1.0000,-1,-1,-1
330,17,559.30,116.10,59.50,175.10,1.0000,-1,-1,-1
330,23,1575.80,590.50,101.50,234.50,1.0000,-1,-1,-1
330,25,433.30,284.40,55.00,204.00,1.0000,-1,-1,-1
330,31,298.10,161.30,72.80,195.60,1.0000,-1,-1,-1
330,32,752.90,71.30,54.90,163.60,1.0000,-1,-1,-1
330,36,344.20,295.20,76.50,183.30,1.0000,-1,-1,-1
330,38,473.50,147.00,60.90,187.00,1.0000,-1,-1,-1
330,39,999.60,499.00,79.90,231.90,1.0000,-1,-1,-1
330,41,923.00,512.70,70.30,233.80,1.0000,-1,-1,-1
330,42,1412.00,25.70,52.30,154.10,1.0000,-1,-1,-1
330,46,239.70,132.60,54.70,165.60,1.0000,-1,-1,-1
330,49,254.40,1.00,54.60,121.00,1.0000,-1,-1,-1
330,50,416.10,144.20,61.60,173.00,1.0000,-1,-1,-1
330,52,1075.20,1.00,59.90,119.80,1.0000,-1,-1,-1
330,53,487.60,1.00,50.80,115.80,1.0000,-1,-1,-1
330,-1,1567.40,14.90,49.10,138.50,0.2030,-1,-1,-1
331,0,1221.30,29.30,62.00,118.80,1.0000,-1,-1,-1
331,1,1472.20,66.60,60.20,156.90,1.0000,-1,-1,-1
331,2,687.00,206.10,79.60,113.30,1.0000,-1,-1,-1
331,3,1721.60,453.80,78.30,212.20,1.0000,-1,-1,-1
331,4,269.70,609.80,84.10,247.20,1.0000,-1,-1,-1
331,9,797.60,139.70,75.60,175.10,1.0000,-1,-1,-1
331,16,1674.10,32.00,54.00,162.50,1.0000,-1,-1,-1
331,17,560.00,117.20,58.30,173.10,1.0000,-1,-1,-1
331,23,1574.60,589.80,103.80,235.10,1.0000,-1,-1,-1
331,25,432.70,286.30,56.20,203.80,1.0000,-1,-1,-1
331,31,297.40,161.70,73.70,195.60,1.0000,-1,-1,-1
331,32,752.90,70.00,55.00,165.10,1.0000,-1,-1,-1
331,36,343.40,296.40,77.20,184.00,1.0000,-1,-1,-1
331,38,474.80,146.60,60.90,187.70,1.0000,-1,-1,-1
331,39,997.40,496.80,85.40,237.70,1.0000,-1,-1,-1
331,41,921.50,512.40,71.20,232.20,1.0000,-1,-1,-1
331,42,1412.70,24.30,52.50,155.60,1.0000,-1,-1,-1
331,46,239.90,131.60,54.80,165.60,1.0000,-1,-1,-1
331,49,254.30,1.20,54.40,121.60,1.0000,-1,-1,-1
331,50,416.50,144.50,61.20,176.50,1.0000,-1,-1,-1
331,52,1076.40,1.00,58.70,120.70,1.0000,-1,-1,-1
331,53,487.40,3.90,47.20,113.50,1.0000,-1,-1,-1
331,-1,1568.40,11.60,49.80,142.80,0.9600,-1,-1,-1
332,0,1221.40,28.70,62.30,119.70,1.0000,-1,-1,-1
332,1,1472.30,65.70,60.90,158.80,1.0000,-1,-1,-1
332,2,686.90,206.10,80.20,113.90,1.0000,-1,-1,-1
332,3,1720.70,454.20,78.60,211.80,1.0000,-1,-1,-1
332,4,272.10,611.50,84.60,247.40,1.0000,-1,-1,-1
332,9,796.80,139.60,75.80,175.50,1.0000,-1,-1,-1
332,16,1675.50,33.30,53.90,160.90,1.0000,-1,-1,-1
332,17,559.70,116.30,58.40,174.80,1.0000,-1,-1,-1
332,23,1575.80,590.10,101.90,234.30,1.0000,-1,-1,-1
332,25,432.60,287.90,55.80,202.70,1.0000,-1,-1,-1
332,31,297.00,160.90,74.20,195.40,1.0000,-1,-1,-1
332,32,752.50,70.80,55.20,164.50,1.0000,-1,-1,-1
332,36,342.20,299.00,78.40,181.30,1.0000,-1,-1,-1
332,38,474.20,148.10,61.20,187.10,1.0000,-1,-1,-1
332,39,995.30,498.00,85.20,238.80,1.0000,-1,-1,-1
332,41,919.90,510.90,71.20,232.90,1.0000,-1,-1,-1
332,42,1413.40,22.90,51.50,156.20,1.0000,-1,-1,-1
332,46,239.90,133.00,54.20,163.60,1.0000,-1,-1,-1
332,49,254.30,1.40,54.20,121.20,1.0000,-1,-1,-1
332,50,416.50,145.50,61.50,176.40,1.0000,-1,-1,-1
332,52,1077.30,1.00,58.00,121.80,1.0000,-1,-1,-1
332,53,487.00,1.50,48.90,115.30,1.0000,-1,-1,-1
332,54,1571.20,14.80,48.40,142.90,0.9980,-1,-1,-1
333,0,1221.30,29.40,62.50,119.50,1.0000,-1,-1,-1
333,1,1472.30,68.90,61.00,157.30,1.0000,-1,-1,-1
333,2,687.10,206.40,79.20,113.20,1.0000,-1,-1,-1
333,3,1720.50,453.60,79.00,212.70,1.0000,-1,-1,-1
333,4,271.70,614.90,85.10,240.90,1.0000,-1,-1,-1
333,9,797.40,139.50,75.00,175.90,1.0000,-1,-1,-1
333,16,1677.50,34.30,53.80,158.80,1.0000,-1,-1,-1
333,17,559.60,116.70,59.20,173.00,1.0000,-1,-1,-1
333,23,1575.30,590.60,102.30,234.70,1.0000,-1,-1,-1
333,25,434.10,293.90,54.30,195.30,1.0000,-1,-1,-1
333,31,297.50,160.40,73.90,197.60,1.0000,-1,-1,-1
333,32,752.80,70.00,54.80,165.30,1.0000,-1,-1,-1
333,36,342.50,300.00,77.50,180.20,1.0000,-1,-1,-1
333,38,475.20,148.70,58.90,184.00,1.0000,-1,-1,-1
333,39,994.60,496.60,86.20,239.40,1.0000,-1,-1,-1
333,41,918.20,508.40,70.80,235.00,1.0000,-1,-1,-1
333,42,1413.40,21.60,51.50,154.00,1.0000,-1,-1,-1
333,46,240.20,134.20,53.30,163.70,1.0000,-1,-1,-1
333,49,254.10,1.20,54.40,121.10,1.0000,-1,-1,-1
333,50,415.90,146.90,62.00,175.90,1.0000,-1,-1,-1
333,52,1078.20,1.00,57.40,121.40,1.0000,-1,-1,-1
333,53,486.70,2.10,49.30,114.20,1.0000,-1,-1,-1
333,54,1571.80,13.50,49.80,142.40,1.0000,-1,-1,-1
334,0,1221.30,29.40,61.90,119.40,1.0000,-1,-1,-1
334,1,1472.10,69.30,61.40,155.00,1.0000,-1,-1,-1
334,2,687.10,206.50,79.70,113.30,1.0000,-1,-1,-1
334,3,1721.00,453.50,79.70,212.00,1.0000,-1,-1,-1
334,4,270.40,610.80,88.60,250.40,1.0000,-1,-1,-1
334,9,797.30,138.80,75.20,176.00,1.0000,-1,-1,-1
334,16,1680.60,32.70,52.00,160.30,1.0000,-1,-1,-1
334,17,559.40,117.10,58.90,172.00,1.0000,-1,-1,-1
334,23,1574.30,589.70,103.50,234.30,1.0000,-1,-1,-1
334,25,433.60,295.80,55.00,194.10,1.0000,-1,-1,-1
334,31,297.40,160.40,73.40,197.70,1.0000,-1,-1,-1
334,32,753.10,70.30,54.90,164.90,1.0000,-1,-1,-1
334,36,341.50,300.50,78.20,181.30,1.0000,-1,-1,-1
334,38,475.80,150.70,57.90,178.50,1.0000,-1,-1,-1
334,39,994.20,495.40,86.30,238.90,1.0000,-1,-1,-1
334,41,916.70,507.80,71.40,235.20,1.0000,-1,-1,-1
334,42,1413.90,21.00,51.00,153.00,1.0000,-1,-1,-1
334,46,239.80,134.80,53.40,162.10,1.0000,-1,-1,-1
334,49,254.40,1.00,53.80,120.90,1.0000,-1,-1,-1
334,50,415.30,148.90,62.30,175.10,1.0000,-1,-1,-1
334,52,1079.10,1.00,58.40,123.30,1.0000,-1,-1,-1
334,53,486.60,1.10,48.70,116.50,1.0000,-1,-1,-1
334,54,1573.40,14.30,48.90,142.50,1.0000,-1,-1,-1
335,0,1221.40,29.80,62.00,119.10,1.0000,-1,-1,-1
335,1,1472.70,69.80,60.50,154.40,1.0000,-1,-1,-1
335,2,687.20,206.30,79.70,113.20,1.0000,-1,-1,-1
335,3,1721.20,453.10,79.20,212.70,1.0000,-1,-1,-1
335,4,271.00,611.60,88.40,248.50,1.0000,-1,-1,-1
335,9,796.70,139.00,75.70,176.40,1.0000,-1,-1,-1
335,16,1680.20,35.10,54.60,160.60,1.0000,-1,-1,-1
335,17,559.50,116.70,58.70,172.50,1.0000,-1,-1,-1
335,23,1574.90,590.60,102.50,234.00,1.0000,-1,-1,-1
335,25,432.50,295.40,55.70,195.60,1.0000,-1,-1,-1
335,31,297.70,159.80,73.90,198.30,1.0000,-1,-1,-1
335,32,753.10,70.60,54.70,165.00,1.0000,-1,-1,-1
335,36,342.20,302.30,77.40,181.20,1.0000,-1,-1,-1
335,38,475.40,149.50,59.70,182.30,1.0000,-1,-1,-1
335,39,994.10,494.40,85.50,239.40,1.0000,-1,-1,-1
335,41,915.80,507.80,72.00,235.60,1.0000,-1,-1,-1
335,42,1414.10,21.50,50.60,151.50,1.0000,-1,-1,-1
335,46,240.30,134.20,53.30,164.20,1.0000,-1,-1,-1
335,49,254.60,1.20,54.00,121.60,1.0000,-1,-1,-1
335,50,415.80,150.30,60.20,174.50,1.0000,-1,-1,-1
335,52,1079.90,1.00,58.70,125.00,1.0000,-1,-1,-1
335,53,486.10,1.00,49.40,118.50,1.0000,-1,-1,-1
335,54,1574.20,15.50,49.20,141.70,1.0000,-1,-1,-1
336,0,1221.50,29.80,61.80,118.80,1.0000,-1,-1,-1
336,1,1473.20,71.30,60.90,154.10,1.0000,-1,-1,-1
336,2,687.30,206.40,79.20,112.70,1.0000,-1,-1,-1
336,3,1720.20,452.80,80.10,213.10,1.0000,-1,-1,-1
336,4,271.90,612.00,87.30,250.00,1.0000,-1,-1,-1
336,9,795.10,139.80,77.30,174.80,1.0000,-1,-1,-1
336,16,1680.80,35.70,53.40,163.80,1.0000,-1,-1,-1
336,17,557.90,116.00,60.00,173.70,1.0000,-1,-1,-1
336,23,1575.00,590.40,102.50,234.10,1.0000,-1,-1,-1
336,25,432.20,295.80,54.30,195.20,1.0000,-1,-1,-1
336,31,297.30,159.40,74.10,199.00,1.0000,-1,-1,-1
336,32,753.10,69.50,55.00,165.60,1.0000,-1,-1,-1
336,36,341.90,302.50,78.50,183.80,1.0000,-1,-1,-1
336,38,476.10,151.90,59.60,183.10,1.0000,-1,-1,-1
336,39,994.10,492.90,83.70,237.70,1.0000,-1,-1,-1
336,41,914.30,506.70,72.40,235.40,1.0000,-1,-1,-1
336,42,1413.50,20.80,51.40,152.60,1.0000,-1,-1,-1
336,46,240.30,131.90,52.20,166.20,1.0000,-1,-1,-1
336,49,254.30,1.00,54.00,120.90,1.0000,-1,-1,-1
336,50,416.40,151.50,61.00,176.60,1.0000,-1,-1,-1
336,52,1081.20,1.10,57.30,124.50,1.0000,-1,-1,-1
336,53,485.50,1.00,50.30,119.70,1.0000,-1,-1,-1
336,54,1575.80,16.30,48.30,141.70,1.0000,-1,-1,-1
337,0,1221.30,29.90,62.00,118.80,1.0000,-1,-1,-1
337,1,1474.00,71.70,60.70,152.20,1.0000,-1,-1,-1
337,2,687.20,206.30,79.60,113.40,1.0000,-1,-1,-1
337,3,1721.40,453.40,78.30,213.00,1.0000,-1,-1,-1
337,4,273.70,619.80,85.50,243.30,1.0000,-1,-1,-1
337,9,795.80,139.30,76.60,175.00,1.0000,-1,-1,-1
337,16,1682.90,38.20,53.10,164.90,1.0000,-1,-1,-1
337,17,558.40,116.60,59.50,174.10,1.0000,-1,-1,-1
337,23,1575.00,591.10,103.10,233.30,1.0000,-1,-1,-1
337,25,431.10,295.90,56.40,196.00,1.0000,-1,-1,-1
337,31,298.90,159.40,72.10,198.60,1.0000,-1,-1,-1
337,32,752.70,70.50,55.20,164.20,1.0000,-1,-1,-1
337,36,342.40,304.40,77.90,182.30,1.0000,-1,-1,-1
337,38,476.10,151.60,60.00,183.80,1.0000,-1,-1,-1
337,39,991.80,489.80,90.20,239.30,1.0000,-1,-1,-1
337,41,913.80,506.30,71.40,234.60,1.0000,-1,-1,-1
337,42,1414.20,20.20,51.30,151.90,1.0000,-1,-1,-1
337,46,240.50,132.40,52.60,165.30,1.0000,-1,-1,-1
337,49,254.50,1.20,53.90,120.40,1.0000,-1,-1,-1
337,50,416.10,152.90,60.30,176.70,1.0000,-1,-1,-1
337,52,1082.70,1.00,57.20,126.40,1.0000,-1,-1,-1
337,53,484.70,1.10,50.80,119.60,1.0000,-1,-1,-1
337,54,1576.10,19.30,48.70,139.50,1.0000,-1,-1,-1
338,0,1221.20,29.60,62.20,119.10,1.0000,-1,-1,-1
338,1,1474.50,73.50,60.30,152.10,1.0000,-1,-1,-1
338,2,687.00,206.40,79.80,112.80,1.0000,-1,-1,-1
338,3,1721.80,452.90,77.50,214.30,1.0000,-1,-1,-1
338,4,273.70,616.40,86.80,250.60,1.0000,-1,-1,-1
338,9,796.20,138.90,77.20,175.80,1.0000,-1,-1,-1
338,16,1684.90,39.40,52.20,164.70,1.0000,-1,-1,-1
338,17,558.70,116.80,58.70,174.80,1.0000,-1,-1,-1
338,23,1574.70,590.90,103.50,234.20,1.0000,-1,-1,-1
338,25,431.60,296.20,55.80,196.90,1.0000,-1,-1,-1
338,31,298.40,160.00,72.10,197.40,1.0000,-1,-1,-1
338,32,752.40,69.80,55.10,165.90,1.0000,-1,-1,-1
338,36,341.40,306.10,79.10,182.50,1.0000,-1,-1,-1
338,38,476.10,153.40,60.80,182.20,1.0000,-1,-1,-1
338,39,989.80,489.60,87.10,237.70,1.0000,-1,-1,-1
338,41,912.20,504.60,70.40,234.30,1.0000,-1,-1,-1
338,42,1414.50,19.70,51.10,153.60,1.0000,-1,-1,-1
338,46,239.70,131.90,52.00,167.70,1.0000,-1,-1,-1
338,49,254.70,1.10,54.60,120.40,1.0000,-1,-1,-1
338,50,415.70,153.70,59.80,176.80,1.0000,-1,-1,-1
338,52,1083.20,1.00,56.90,128.50,1.0000,-1,-1,-1
338,53,484.10,1.00,50.10,120.30,1.0000,-1,-1,-1
338,54,1576.60,19.00,48.80,140.70,1.0000,-1,-1,-1
339,0,1221.40,29.60,62.10,118.90,1.0000,-1,-1,-1
339,1,1474.30,72.70,60.40,154.60,1.0000,-1,-1,-1
339,2,686.80,206.10,79.90,112.90,1.0000,-1,-1,-1
339,3,1721.50,452.40,77.40,215.20,1.0000,-1,-1,-1
339,4,274.30,618.40,86.50,252.10,1.0000,-1,-1,-1
339,9,796.30,139.10,77.50,175.70,1.0000,-1,-1,-1
339,16,1685.00,41.40,53.20,163.50,1.0000,-1,-1,-1
339,17,558.60,116.30,59.10,176.30,1.0000,-1,-1,-1
339,23,1574.80,590.90,103.20,234.10,1.0000,-1,-1,-1
339,25,431.90,297.10,53.70,195.50,1.0000,-1,-1,-1
339,31,299.20,160.40,71.60,198.10,1.0000,-1,-1,-1
339,32,752.70,68.80,54.50,166.00,1.0000,-1,-1,-1
339,36,339.90,307.20,80.90,183.10,1.0000,-1,-1,-1
339,38,476.90,152.50,59.90,183.30,1.0000,-1,-1,-1
339,39,988.50,484.60,87.50,237.90,1.0000,-1,-1,-1
339,41,911.70,502.40,70.00,233.80,1.0000,-1,-1,-1
339,42,1415.20,17.40,50.30,155.00,1.0000,-1,-1,-1
339,46,240.10,134.50,52.10,164.90,1.0000,-1,-1,-1
339,49,253.90,1.40,54.70,120.30,1.0000,-1,-1,-1
339,50,415.40,156.20,60.20,177.30,1.0000,-1,-1,-1
339,52,1084.10,1.00,56.70,129.70,1.0000,-1,-1,-1
339,53,483.10,1.50,50.40,119.30,1.0000,-1,-1,-1
339,54,1577.20,18.10,48.10,141.60,1.0000,-1,-1,-1
339,-1,358.80,168.50,35.80,167.20,0.0740,-1,-1,-1
340,0,1221.50,29.70,62.00,118.60,1.0000,-1,-1,-1
340,1,1473.70,73.10,61.10,153.10,1.0000,-1,-1,-1
340,2,687.30,206.50,79.00,112.60,1.0000,-1,-1,-1
340,3,1721.60,453.20,78.00,213.90,1.0000,-1,-1,-1
340,4,274.90,619.50,86.70,254.00,1.0000,-1,-1,-1
340,9,795.60,139.60,78.30,175.00,1.0000,-1,-1,-1
340,16,1686.00,43.10,52.30,163.80,1.0000,-1,-1,-1
340,17,558.40,116.40,59.30,176.80,1.0000,-1,-1,-1
340,23,1575.50,590.60,102.60,234.60,1.0000,-1,-1,-1
340,25,431.80,297.50,54.60,194.40,1.0000,-1,-1,-1
340,31,299.70,161.00,70.40,195.80,1.0000,-1,-1,-1
340,32,752.70,70.50,55.00,163.50,1.0000,-1,-1,-1
340,36,339.60,308.40,81.00,182.10,1.0000,-1,-1,-1
340,38,476.60,154.70,60.50,182.60,1.0000,-1,-1,-1
340,39,988.60,482.10,85.70,237.70,1.0000,-1,-1,-1
340,41,909.30,499.50,70.40,230.80,1.0000,-1,-1,-1
340,42,1414.20,16.90,51.10,154.80,1.0000,-1,-1,-1
340,46,240.40,134.40,51.90,164.40,1.0000,-1,-1,-1
340,49,254.50,1.10,54.20,120.30,1.0000,-1,-1,-1
340,50,415.80,154.80,58.80,174.20,1.0000,-1,-1,-1
340,52,1085.40,1.00,55.30,131.70,1.0000,-1,-1,-1
340,53,482.80,1.40,49.40,122.90,1.0000,-1,-1,-1
340,54,1578.40,18.20,47.80,142.20,1.0000,-1,-1,-1
340,-1,358.30,169.70,35.10,164.50,0.0520,-1,-1,-1
341,0,1221.40,29.70,62.00,118.90,1.0000,-1,-1,-1
341,1,1474.30,73.60,60.90,152.70,1.0000,-1,-1,-1
341,2,687.20,206.30,79.10,113.20,1.0000,-1,-1,-1
341,3,1720.50,454.00,79.40,212.70,1.0000,-1,-1,-1
341,4,275.00,620.50,87.10,255.70,1.0000,-1,-1,-1
341,9,795.80,138.70,78.20,176.50,1.0000,-1,-1,-1
341,16,1687.00,44.30,52.50,163.70,1.0000,-1,-1,-1
341,17,557.80,116.00,59.80,177.00,1.0000,-1,-1,-1
341,23,1575.20,590.60,103.20,234.40,1.0000,-1,-1,-1
341,25,430.40,295.70,55.70,201.70,1.0000,-1,-1,-1
341,31,299.70,160.60,69.90,195.60,1.0000,-1,-1,-1
341,32,752.50,69.90,55.00,164.50,1.0000,-1,-1,-1
341,36,339.30,310.60,81.20,180.90,1.0000,-1,-1,-1
341,38,477.10,155.70,60.40,182.40,1.0000,-1,-1,-1
341,39,989.50,479.50,82.00,235.80,1.0000,-1,-1,-1
341,41,907.40,497.30,70.00,228.00,1.0000,-1,-1,-1
341,42,1415.80,17.30,50.20,153.50,1.0000,-1,-1,-1
341,46,239.60,135.20,52.10,163.30,1.0000,-1,-1,-1
341,49,254.40,1.00,54.20,120.60,1.0000,-1,-1,-1
341,50,414.10,156.80,59.00,177.70,1.0000,-1,-1,-1
341,52,1086.70,1.00,56.00,134.80,1.0000,-1,-1,-1
341,53,481.50,1.30,49.20,124.80,1.0000,-1,-1,-1
341,54,1578.80,19.10,47.80,142.90,1.0000,-1,-1,-1
341,-1,357.60,167.70,34.90,166.20,0.0610,-1,-1,-1
342,0,1221.00,29.90,62.20,118.40,1.0000,-1,-1,-1
342,1,1475.50,74.90,59.50,153.00,1.0000,-1,-1,-1
342,2,687.10,206.20,79.00,113.30,1.0000,-1,-1,-1
342,3,1721.00,453.60,78.70,212.80,1.0000,-1,-1,-1
342,4,276.90,622.10,85.70,259.00,1.0000,-1,-1,-1
342,9,795.00,139.40,78.30,174.80,1.0000,-1,-1,-1
342,16,1687.40,45.30,53.80,163.80,1.0000,-1,-1,-1
342,17,557.90,116.60,59.90,174.50,1.0000,-1,-1,-1
342,23,1574.90,589.90,103.60,235.70,1.0000,-1,-1,-1
342,25,430.60,294.40,55.70,206.30,1.0000,-1,-1,-1
342,31,300.30,161.50,68.80,193.70,1.0000,-1,-1,-1
342,32,752.90,70.50,55.10,163.70,1.0000,-1,-1,-1
342,36,338.50,312.10,82.10,181.20,1.0000,-1,-1,-1
342,38,477.80,158.20,59.40,181.70,1.0000,-1,-1,-1
342,39,991.10,480.50,78.70,225.50,1.0000,-1,-1,-1
342,41,906.80,496.10,68.70,224.50,1.0000,-1,-1,-1
342,42,1416.60,17.80,50.10,152.40,1.0000,-1,-1,-1
342,46,239.30,134.10,52.50,164.30,1.0000,-1,-1,-1
342,49,254.60,1.00,53.90,119.10,1.0000,-1,-1,-1
342,50,413.50,157.30,58.90,177.80,1.0000,-1,-1,-1
342,52,1087.40,1.10,54.70,138.00,1.0000,-1,-1,-1
342,53,480.60,1.70,49.00,125.80,1.0000,-1,-1,-1
342,54,1578.60,20.70,48.80,143.70,1.0000,-1,-1,-1
342,-1,359.00,169.10,34.00,163.90,0.0880,-1,-1,-1
343,0,1221.40,29.90,61.90,118.60,1.0000,-1,-1,-1
343,1,1474.70,73.00,61.50,158.80,1.0000,-1,-1,-1
343,2,687.60,206.10,78.70,113.50,1.0000,-1,-1,-1
343,3,1721.20,453.50,79.00,213.00,1.0000,-1,-1,-1
343,4,276.50,625.70,87.50,255.60,1.0000,-1,-1,-1
343,9,795.90,138.70,76.80,175.60,1.0000,-1,-1,-1
343,16,1689.00,46.10,53.40,161.80,1.0000,-1,-1,-1
343,17,557.80,116.90,60.10,174.80,1.0000,-1,-1,-1
343,23,1575.50,590.80,102.90,235.30,1.0000,-1,-1,-1
343,25,430.10,296.60,56.40,208.80,1.0000,-1,-1,-1
343,31,299.70,161.40,69.40,193.20,1.0000,-1,-1,-1
343,32,752.50,71.40,54.90,162.50,1.0000,-1,-1,-1
343,36,337.30,311.20,83.10,183.00,1.0000,-1,-1,-1
343,38,477.40,157.50,60.30,182.80,1.0000,-1,-1,-1
343,39,989.80,472.50,78.90,238.50,1.0000,-1,-1,-1
343,41,904.80,492.90,69.70,222.60,1.0000,-1,-1,-1
343,42,1417.10,16.90,49.90,152.50,1.0000,-1,-1,-1
343,46,239.20,133.10,52.30,165.60,1.0000,-1,-1,-1
343,49,253.60,1.00,54.40,119.40,1.0000,-1,-1,-1
343,50,412.60,158.00,59.50,176.00,1.0000,-1,-1,-1
343,52,1087.30,1.50,55.10,137.70,1.0000,-1,-1,-1
343,53,480.10,1.20,49.10,126.80,1.0000,-1,-1,-1
343,54,1579.80,19.80,48.60,144.30,1.0000,-1,-1,-1
344,0,1221.40,29.60,61.90,118.80,1.0000,-1,-1,-1
344,1,1477.00,75.40,58.90,156.10,1.0000,-1,-1,-1
344,2,687.40,206.10,78.80,113.50,1.0000,-1,-1,-1
344,3,1720.70,453.80,79.20,212.30,1.0000,-1,-1,-1
344,4,275.90,628.00,88.70,256.50,1.0000,-1,-1,-1
344,9,795.50,137.80,77.50,177.20,1.0000,-1,-1,-1
344,16,1688.00,48.20,54.10,162.80,1.0000,-1,-1,-1
344,17,557.20,116.30,60.20,175.40,1.0000,-1,-1,-1
344,23,1575.90,591.40,102.10,234.90,1.0000,-1,-1,-1
344,25,430.10,300.20,57.40,207.00,1.0000,-1,-1,-1
344,31,300.10,161.50,69.40,193.10,1.0000,-1,-1,-1
344,32,752.50,69.80,55.10,164.50,1.0000,-1,-1,-1
344,36,336.10,312.60,84.40,181.20,1.0000,-1,-1,-1
344,38,477.60,157.60,59.80,184.90,1.0000,-1,-1,-1
344,39,989.40,472.40,76.40,233.60,1.0000,-1,-1,-1
344,41,903.80,489.90,70.60,225.50,1.0000,-1,-1,-1
344,42,1417.20,17.90,49.50,151.50,1.0000,-1,-1,-1
344,46,239.00,132.40,52.80,166.70,1.0000,-1,-1,-1
344,49,253.60,1.00,54.90,119.50,1.0000,-1,-1,-1
344,50,412.90,158.00,58.80,176.50,1.0000,-1,-1,-1
344,52,1088.00,2.30,54.90,137.00,1.0000,-1,-1,-1
344,53,481.20,1.80,47.90,124.80,1.0000,-1,-1,-1
344,54,1580.30,20.10,49.20,147.10,1.0000,-1,-1,-1
345,0,1221.40,29.40,62.10,118.60,1.0000,-1,-1,-1
345,1,1477.20,78.80,58.70,150.60,1.0000,-1,-1,-1
345,2,687.30,206.30,78.90,113.50,1.0000,-1,-1,-1
345,3,1723.00,453.50,76.50,213.00,1.0000,-1,-1,-1
345,4,276.00,630.20,88.80,259.00,1.0000,-1,-1,-1
345,9,794.60,138.30,79.10,176.40,1.0000,-1,-1,-1
345,16,1689.90,47.70,52.90,162.40,1.0000,-1,-1,-1
345,17,558.20,117.60,59.10,176.50,1.0000,-1,-1,-1
345,23,1575.50,590.10,103.40,235.40,1.0000,-1,-1,-1
345,25,429.60,303.00,56.90,203.70,1.0000,-1,-1,-1
345,31,300.90,161.40,69.70,194.80,1.0000,-1,-1,-1
345,32,753.10,72.70,54.20,161.80,1.0000,-1,-1,-1
345,36,333.90,313.10,86.90,181.30,1.0000,-1,-1,-1
345,38,476.80,157.30,62.10,191.10,1.0000,-1,-1,-1
345,39,988.50,472.90,74.70,232.40,1.0000,-1,-1,-1
345,41,902.20,487.20,71.60,228.70,1.0000,-1,-1,-1
345,42,1417.60,14.60,50.20,154.90,1.0000,-1,-1,-1
345,46,238.40,133.10,53.20,166.80,1.0000,-1,-1,-1
345,49,253.50,1.00,54.80,120.50,1.0000,-1,-1,-1
345,50,412.10,159.00,58.10,177.70,1.0000,-1,-1,-1
345,52,1087.40,2.30,55.90,138.70,1.0000,-1,-1,-1
345,53,481.50,1.20,47.20,125.80,1.0000,-1,-1,-1
345,54,1580.00,20.60,50.20,148.60,1.0000,-1,-1,-1
346,0,1221.40,29.30,61.80,118.80,1.0000,-1,-1,-1
346,1,1478.60,79.60,57.90,153.20,1.0000,-1,-1,-1
346,2,687.10,206.20,79.20,113.10,1.0000,-1,-1,-1
346,3,1722.10,454.60,77.30,211.80,1.0000,-1,-1,-1
346,4,277.80,631.90,86.50,258.80,1.0000,-1,-1,-1
346,9,794.60,137.80,77.50,176.30,1.0000,-1,-1,-1
346,16,1690.60,48.80,53.10,162.50,1.0000,-1,-1,-1
346,17,558.00,117.70,58.90,175.10,1.0000,-1,-1,-1
346,23,1575.50,588.80,103.10,237.20,1.0000,-1,-1,-1
346,25,429.70,306.60,57.30,200.80,1.0000,-1,-1,-1
346,31,300.10,160.50,70.30,196.60,1.0000,-1,-1,-1
346,32,753.40,72.20,54.10,162.20,1.0000,-1,-1,-1
346,36,333.80,313.30,85.30,179.00,1.0000,-1,-1,-1
346,38,476.50,159.00,63.40,190.40,1.0000,-1,-1,-1
346,39,988.20,469.70,73.80,234.50,1.0000,-1,-1,-1
346,41,901.80,485.10,70.20,229.70,1.0000,-1,-1,-1
346,42,1417.30,12.70,50.50,154.30,1.0000,-1,-1,-1
346,46,238.90,132.40,53.50,167.10,1.0000,-1,-1,-1
346,49,253.50,1.00,54.10,119.40,1.0000,-1,-1,-1
346,50,412.70,158.50,57.40,174.60,1.0000,-1,-1,-1
346,52,1087.50,2.60,56.60,139.30,1.0000,-1,-1,-1
346,53,480.20,1.40,48.90,125.60,1.0000,-1,-1,-1
346,54,1579.10,23.70,50.90,144.60,1.0000,-1,-1,-1
347,0,1222.20,29.60,61.50,118.40,1.0000,-1,-1,-1
347,1,1478.30,80.00,59.70,155.40,1.0000,-1,-1,-1
347,2,686.80,206.20,79.70,112.70,1.0000,-1,-1,-1
347,3,1722.50,454.40,76.70,212.00,1.0000,-1,-1,-1
347,4,278.10,635.00,86.50,257.70,1.0000,-1,-1,-1
347,9,794.70,138.40,77.60,175.00,1.0000,-1,-1,-1
347,16,1689.80,47.00,55.00,165.60,1.0000,-1,-1,-1
347,17,557.80,117.20,59.30,175.90,1.0000,-1,-1,-1
347,23,1575.20,589.50,103.40,236.30,1.0000,-1,-1,-1
347,25,430.40,306.90,55.80,200.70,1.0000,-1,-1,-1
347,31,300.30,161.60,70.70,195.40,1.0000,-1,-1,-1
347,32,753.30,71.40,54.30,163.00,1.0000,-1,-1,-1
347,36,335.70,314.30,82.50,178.80,1.0000,-1,-1,-1
347,38,477.20,161.40,61.90,187.40,1.0000,-1,-1,-1
347,39,987.00,469.50,73.90,233.60,1.0000,-1,-1,-1
347,41,901.00,483.00,70.80,233.60,1.0000,-1,-1,-1
347,42,1418.10,11.60,50.80,154.50,1.0000,-1,-1,-1
347,46,239.00,132.70,52.90,166.50,1.0000,-1,-1,-1
347,49,253.50,1.30,54.30,121.30,1.0000,-1,-1,-1
347,50,411.80,159.20,57.90,174.70,1.0000,-1,-1,-1
347,52,1086.40,3.00,57.40,138.50,1.0000,-1,-1,-1
347,53,479.80,1.00,48.60,125.20,1.0000,-1,-1,-1
347,54,1579.00,24.10,51.50,147.20,1.0000,-1,-1,-1
348,0,1221.50,29.90,61.70,118.40,1.0000,-1,-1,-1
348,1,1478.80,82.40,59.40,154.20,1.0000,-1,-1,-1
348,2,687.30,206.30,78.70,113.50,1.0000,-1,-1,-1
348,3,1722.70,454.60,76.80,212.40,1.0000,-1,-1,-1
348,4,278.60,636.80,86.00,256.10,1.0000,-1,-1,-1
348,9,794.30,138.00,77.30,175.80,1.0000,-1,-1,-1
348,16,1690.60,46.80,54.80,166.30,1.0000,-1,-1,-1
348,17,558.10,116.90,59.40,177.30,1.0000,-1,-1,-1
348,23,1574.50,590.50,104.30,234.90,1.0000,-1,-1,-1
348,25,429.70,306.20,56.70,202.20,1.0000,-1,-1,-1
348,31,300.70,162.20,69.90,194.10,1.0000,-1,-1,-1
348,32,752.80,69.90,54.80,165.50,1.0000,-1,-1,-1
348,36,334.40,313.40,82.20,179.20,1.0000,-1,-1,-1
348,38,477.60,164.20,62.70,185.30,1.0000,-1,-1,-1
348,39,988.80,466.20,69.80,237.30,1.0000,-1,-1,-1
348,41,900.60,481.40,70.70,235.10,1.0000,-1,-1,-1
348,42,1419.20,10.20,50.80,153.40,1.0000,-1,-1,-1
348,46,240.10,133.60,51.50,164.90,1.0000,-1,-1,-1
348,49,253.40,1.60,54.70,120.40,1.0000,-1,-1,-1
348,50,410.40,160.30,58.50,177.80,1.0000,-1,-1,-1
348,52,1086.70,2.60,58.50,141.90,1.0000,-1,-1,-1
348,53,478.90,1.00,48.70,125.60,1.0000,-1,-1,-1
348,54,1578.40,25.80,52.70,148.40,1.0000,-1,-1,-1
349,0,1221.60,29.50,62.10,118.90,1.0000,-1,-1,-1
349,1,1478.60,83.40,60.40,156.40,1.0000,-1,-1,-1
349,2,687.30,206.30,78.60,112.90,1.0000,-1,-1,-1
349,3,1722.20,454.60,78.10,212.10,1.0000,-1,-1,-1
349,4,280.70,638.50,85.50,257.90,1.0000,-1,-1,-1
349,9,794.10,138.40,77.20,176.60,1.0000,-1,-1,-1
349,16,1692.70,46.60,53.10,167.70,1.0000,-1,-1,-1
349,17,559.50,117.90,58.70,176.10,1.0000,-1,-1,-1
349,23,1575.60,589.50,103.40,235.80,1.0000,-1,-1,-1
349,25,429.90,306.70,56.10,201.80,1.0000,-1,-1,-1
349,31,300.50,162.60,70.30,192.80,1.0000,-1,-1,-1
349,32,753.30,72.10,54.70,162.90,1.0000,-1,-1,-1
349,36,336.40,314.70,79.70,180.30,1.0000,-1,-1,-1
349,38,478.70,166.30,61.50,183.50,1.0000,-1,-1,-1
349,39,988.20,466.80,68.70,234.00,1.0000,-1,-1,-1
349,41,899.30,481.80,70.90,233.00,1.0000,-1,-1,-1
349,42,1419.60,8.80,51.10,154.90,1.0000,-1,-1,-1
349,46,239.50,133.80,51.40,164.30,1.0000,-1,-1,-1
349,49,253.40,1.30,54.60,121.10,1.0000,-1,-1,-1
349,50,409.30,161.30,58.90,176.70,1.0000,-1,-1,-1
349,52,1086.40,2.80,60.50,144.10,1.0000,-1,-1,-1
349,53,478.50,1.00,48.80,127.60,1.0000,-1,-1,-1
349,54,1576.80,26.60,55.00,152.10,1.0000,-1,-1,-1
349,-1,1770.00,698.00,88.10,218.50,0.3850,-1,-1,-1
350,0,1221.80,29.90,61.30,118.20,1.0000,-1,-1,-1
350,1,1479.00,82.50,60.70,158.00,1.0000,-1,-1,-1
350,2,687.00,206.00,79.20,113.40,1.0000,-1,-1,-1
350,3,1722.40,454.00,78.10,213.30,1.0000,-1,-1,-1
350,4,283.10,639.00,84.40,259.00,1.0000,-1,-1,-1
350,9,794.90,138.20,75.90,175.40,1.0000,-1,-1,-1
350,16,1693.20,48.60,52.10,168.90,1.0000,-1,-1,-1
350,17,559.20,117.30,58.90,176.70,1.0000,-1,-1,-1
350,23,1574.60,589.70,104.20,235.60,1.0000,-1,-1,-1
350,25,430.00,306.70,55.30,203.00,1.0000,-1,-1,-1
350,31,300.10,162.70,70.40,192.70,1.0000,-1,-1,-1
350,32,753.00,70.30,55.20,164.00,1.0000,-1,-1,-1
350,36,335.90,315.40,80.00,182.90,1.0000,-1,-1,-1
350,38,479.10,167.40,62.20,182.60,1.0000,-1,-1,-1
350,39,985.60,465.20,71.00,234.60,1.0000,-1,-1,-1
350,41,898.50,481.90,70.60,231.50,1.0000,-1,-1,-1
350,42,1420.10,8.40,50.40,153.60,1.0000,-1,-1,-1
350,46,240.00,132.20,51.40,165.80,1.0000,-1,-1,-1
350,49,253.10,1.30,55.20,122.00,1.0000,-1,-1,-1
350,50,408.90,162.10,58.00,175.20,1.0000,-1,-1,-1
350,52,1086.40,2.70,61.50,146.70,1.0000,-1,-1,-1
350,53,477.50,1.00,48.90,128.50,1.0000,-1,-1,-1
350,54,1576.00,29.30,56.60,152.40,1.0000,-1,-1,-1
350,-1,1765.20,689.60,97.80,229.60,0.8900,-1,-1,-1
351,0,1221.70,29.50,61.70,118.60,1.0000,-1,-1,-1
351,1,1479.80,85.50,59.70,156.00,1.0000,-1,-1,-1
351,2,687.00,206.10,79.70,113.10,1.0000,-1,-1,-1
351,3,1722.20,454.40,77.60,212.50,1.0000,-1,-1,-1
351,4,283.00,639.30,84.50,258.90,1.0000,-1,-1,-1
351,9,794.80,139.50,75.20,174.10,1.0000,-1,-1,-1
351,16,1694.00,51.10,51.20,169.40,1.0000,-1,-1,-1
351,17,558.90,116.30,58.70,176.40,1.0000,-1,-1,-1
351,23,1575.40,589.40,103.30,236.60,1.0000,-1,-1,-1
351,25,429.80,308.60,56.20,201.60,1.0000,-1,-1,-1
351,31,300.90,162.80,69.90,194.00,1.0000,-1,-1,-1
351,32,752.90,70.20,55.40,164.60,1.0000,-1,-1,-1
351,36,335.60,318.20,81.10,182.60,1.0000,-1,-1,-1
351,38,478.80,166.80,62.60,184.60,1.0000,-1,-1,-1
351,39,986.80,465.20,68.40,231.70,1.0000,-1,-1,-1
351,41,897.90,479.80,71.30,235.30,1.0000,-1,-1,-1
351,42,1420.70,7.40,50.80,152.30,1.0000,-1,-1,-1
351,46,240.40,131.70,50.80,166.50,1.0000,-1,-1,-1
351,49,253.30,1.10,54.50,121.70,1.0000,-1,-1,-1
351,50,409.40,163.70,57.70,172.20,1.0000,-1,-1,-1
351,52,1085.90,1.30,62.50,151.20,1.0000,-1,-1,-1
351,53,477.40,1.20,48.20,130.20,1.0000,-1,-1,-1
351,54,1575.60,31.30,57.40,152.20,1.0000,-1,-1,-1
351,55,1761.60,685.00,95.10,234.20,0.9990,-1,-1,-1
351,-1,1501.10,8.40,54.10,153.50,0.2880,-1,-1,-1
351,-1,907.30,937.60,76.60,143.40,0.1280,-1,-1,-1
352,0,1221.40,29.20,62.10,118.90,1.0000,-1,-1,-1
352,1,1479.80,84.20,59.30,156.80,1.0000,-1,-1,-1
352,2,686.70,205.90,79.70,114.00,1.0000,-1,-1,-1
352,3,1721.80,453.90,78.20,213.90,1.0000,-1,-1,-1
352,4,284.60,640.80,84.60,257.90,1.0000,-1,-1,-1
352,9,794.40,138.10,75.80,175.10,1.0000,-1,-1,-1
352,16,1695.10,52.70,50.80,170.10,1.0000,-1,-1,-1
352,17,559.20,117.20,58.40,176.10,1.0000,-1,-1,-1
352,23,1575.00,590.20,103.70,234.80,1.0000,-1,-1,-1
352,25,428.80,305.00,55.90,205.80,1.0000,-1,-1,-1
352,31,300.80,163.00,70.10,194.30,1.0000,-1,-1,-1
352,32,752.90,71.40,55.40,163.30,1.0000,-1,-1,-1
352,36,333.50,319.70,83.00,184.10,1.0000,-1,-1,-1
352,38,478.90,168.30,61.90,179.80,1.0000,-1,-1,-1
352,39,986.10,464.30,67.10,231.30,1.0000,-1,-1,-1
352,41,897.10,479.90,70.90,232.70,1.0000,-1,-1,-1
352,42,1420.30,5.40,51.80,153.90,1.0000,-1,-1,-1
352,46,240.10,130.80,51.00,168.10,1.0000,-1,-1,-1
352,49,252.90,1.30,54.30,121.80,1.0000,-1,-1,-1
352,50,407.90,164.20,58.90,177.50,1.0000,-1,-1,-1
352,52,1085.60,1.00,62.50,152.50,1.0000,-1,-1,-1
352,53,476.90,1.30,48.10,129.50,1.0000,-1,-1,-1
352,54,1576.40,31.60,56.20,150.90,1.0000,-1,-1,-1
352,55,1761.40,682.50,94.10,234.40,1.0000,-1,-1,-1
352,-1,1499.00,5.70,55.30,157.00,0.5360,-1,-1,-1
353,0,1221.20,29.40,62.00,119.30,1.0000,-1,-1,-1
353,1,1479.30,88.20,59.00,153.60,1.0000,-1,-1,-1
353,2,687.20,206.00,78.90,113.30,1.0000,-1,-1,-1
353,3,1722.10,452.60,78.00,216.10,1.0000,-1,-1,-1
353,4,284.90,641.70,84.00,257.00,1.0000,-1,-1,-1
353,9,794.70,139.30,73.90,173.80,1.0000,-1,-1,-1
353,16,1694.60,56.40,51.30,166.70,1.0000,-1,-1,-1
353,17,558.70,117.00,59.20,177.10,1.0000,-1,-1,-1
353,23,1575.10,589.60,103.30,236.00,1.0000,-1,-1,-1
353,25,428.80,307.10,55.40,204.40,1.0000,-1,-1,-1
353,31,301.80,162.10,70.80,195.60,1.0000,-1,-1,-1
353,32,753.00,72.00,56.00,162.70,1.0000,-1,-1,-1
353,36,334.90,322.50,81.70,183.70,1.0000,-1,-1,-1
353,38,479.40,168.70,60.90,180.70,1.0000,-1,-1,-1
353,39,984.10,461.80,69.30,231.50,1.0000,-1,-1,-1
353,41,895.00,479.40,71.70,232.10,1.0000,-1,-1,-1
353,42,1420.90,4.50,52.30,155.70,1.0000,-1,-1,-1
353,46,240.20,129.70,51.50,168.40,1.0000,-1,-1,-1
353,49,253.40,1.00,54.20,123.10,1.0000,-1,-1,-1
353,50,407.40,166.40,58.80,177.80,1.0000,-1,-1,-1
353,52,1086.00,1.00,62.00,153.70,1.0000,-1,-1,-1
353,53,476.60,2.50,47.10,128.40,1.0000,-1,-1,-1
353,54,1577.30,31.80,55.50,150.60,1.0000,-1,-1,-1
353,55,1758.80,682.60,93.70,235.80,1.0000,-1,-1,-1
354,0,1221.10,29.70,62.30,118.10,1.0000,-1,-1,-1
354,1,1479.40,89.00,58.30,151.90,1.0000,-1,-1,-1
354,2,687.10,205.90,78.60,113.60,1.0000,-1,-1,-1
354,3,1721.60,453.20,78.70,215.40,1.0000,-1,-1,-1
354,4,285.90,643.80,86.30,252.10,1.0000,-1,-1,-1
354,9,794.50,140.00,73.50,174.40,1.0000,-1,-1,-1
354,16,1694.90,54.80,53.80,169.00,1.0000,-1,-1,-1
354,17,558.80,116.50,58.80,176.00,1.0000,-1,-1,-1
354,23,1574.30,589.70,104.80,236.50,1.0000,-1,-1,-1
354,25,428.30,309.70,56.30,202.20,1.0000,-1,-1,-1
354,31,302.00,162.20,68.90,197.30,1.0000,-1,-1,-1
354,32,752.80,72.60,55.80,162.20,1.0000,-1,-1,-1
354,36,334.80,323.60,81.20,185.70,1.0000,-1,-1,-1
354,38,479.80,169.30,60.40,181.60,1.0000,-1,-1,-1
354,39,982.90,461.20,68.70,230.30,1.0000,-1,-1,-1
354,41,894.50,477.80,70.70,231.00,1.0000,-1,-1,-1
354,42,1421.50,4.60,51.30,154.70,1.0000,-1,-1,-1
354,46,240.50,131.10,51.20,167.50,1.0000,-1,-1,-1
354,49,254.00,1.00,53.30,122.50,1.0000,-1,-1,-1
354,50,407.30,168.40,59.40,177.80,1.0000,-1,-1,-1
354,52,1086.40,1.00,62.10,154.20,1.0000,-1,-1,-1
354,53,476.10,2.20,47.30,130.40,1.0000,-1,-1,-1
354,54,1577.10,33.90,55.90,149.80,1.0000,-1,-1,-1
354,55,1756.40,684.30,94.10,232.10,1.0000,-1,-1,-1
354,-1,1498.10,2.40,56.50,150.60,0.9990,-1,-1,-1
355,0,1221.10,29.60,62.40,118.70,1.0000,-1,-1,-1
355,1,1478.90,87.60,59.70,153.70,1.0000,-1,-1,-1
355,2,686.80,206.10,79.30,113.60,1.0000,-1,-1,-1
355,3,1722.20,454.10,78.20,213.50,1.0000,-1,-1,-1
355,4,286.50,645.10,86.50,248.60,1.0000,-1,-1,-1
355,9,794.60,139.60,73.10,173.90,1.0000,-1,-1,-1
355,16,1696.20,53.50,54.90,171.20,1.0000,-1,-1,-1
355,17,558.80,116.10,58.40,176.70,1.0000,-1,-1,-1
355,23,1575.30,590.30,103.40,235.60,1.0000,-1,-1,-1
355,25,427.30,309.10,57.50,204.70,1.0000,-1,-1,-1
355,31,301.70,161.30,70.10,197.30,1.0000,-1,-1,-1
355,32,753.30,72.10,55.50,162.90,1.0000,-1,-1,-1
355,36,333.40,325.40,82.20,186.70,1.0000,-1,-1,-1
355,38,479.40,171.10,60.50,181.90,1.0000,-1,-1,-1
355,39,981.80,460.00,68.70,231.00,1.0000,-1,-1,-1
355,41,893.80,475.80,70.40,231.60,1.0000,-1,-1,-1
355,42,1422.40,4.40,50.60,155.00,1.0000,-1,-1,-1
355,46,240.10,130.70,50.80,168.60,1.0000,-1,-1,-1
355,49,253.80,1.00,53.50,122.50,1.0000,-1,-1,-1
355,50,406.70,168.20,59.70,180.10,1.0000,-1,-1,-1
355,52,1086.80,1.00,62.30,154.90,1.0000,-1,-1,-1
355,53,475.30,2.00,47.90,133.00,1.0000,-1,-1,-1
355,54,1578.00,32.90,56.20,149.70,1.0000,-1,-1,-1
355,55,1754.60,682.90,93.90,233.40,1.0000,-1,-1,-1
355,56,1496.70,1.60,56.30,150.70,0.9990,-1,-1,-1
356,0,1221.20,29.70,62.10,118.30,1.0000,-1,-1,-1
356,1,1480.30,87.60,58.10,153.20,1.0000,-1,-1,-1
356,2,686.80,206.00,79.70,113.70,1.0000,-1,-1,-1
356,3,1722.30,453.90,77.50,214.30,1.0000,-1,-1,-1
356,4,287.20,646.50,85.60,250.40,1.0000,-1,-1,-1
356,9,795.70,140.20,71.20,173.90,1.0000,-1,-1,-1
356,16,1696.20,54.30,55.10,170.80,1.0000,-1,-1,-1
356,17,558.60,116.50,58.30,177.00,1.0000,-1,-1,-1
356,23,1574.60,589.00,104.00,238.70,1.0000,-1,-1,-1
356,25,427.30,309.90,56.70,203.60,1.0000,-1,-1,-1
356,31,302.00,161.40,70.20,197.50,1.0000,-1,-1,-1
356,32,753.10,72.60,55.50,162.80,1.0000,-1,-1,-1
356,36,333.70,327.40,81.10,186.50,1.0000,-1,-1,-1
356,38,479.30,171.70,60.20,181.60,1.0000,-1,-1,-1
356,39,980.60,457.00,69.20,230.70,1.0000,-1,-1,-1
356,41,893.90,473.80,70.00,230.30,1.0000,-1,-1,-1
356,42,1421.70,4.30,52.00,155.30,1.0000,-1,-1,-1
356,46,240.30,131.80,51.20,167.10,1.0000,-1,-1,-1
356,49,253.50,1.10,53.70,122.20,1.0000,-1,-1,-1
356,50,406.80,168.40,57.60,179.40,1.0000,-1,-1,-1
356,52,1088.30,1.10,63.20,155.80,1.0000,-1,-1,-1
356,53,474.90,2.00,48.70,135.00,1.0000,-1,-1,-1
356,54,1578.00,33.80,57.60,152.20,1.0000,-1,-1,-1
356,55,1752.90,681.70,93.00,232.90,1.0000,-1,-1,-1
356,56,1495.50,2.50,57.90,148.90,1.0000,-1,-1,-1
357,0,1220.90,29.70,62.30,119.30,1.0000,-1,-1,-1
357,1,1481.30,87.30,58.30,154.70,1.0000,-1,-1,-1
357,2,686.70,206.10,79.50,113.30,1.0000,-1,-1,-1
357,3,1722.00,454.30,77.50,212.90,1.0000,-1,-1,-1
357,4,288.30,648.30,85.40,250.70,1.0000,-1,-1,-1
357,9,795.20,138.80,73.50,175.40,1.0000,-1,-1,-1
357,16,1698.20,59.80,53.30,165.00,1.0000,-1,-1,-1
357,17,558.40,116.60,58.70,176.60,1.0000,-1,-1,-1
357,23,1574.80,589.90,103.40,237.10,1.0000,-1,-1,-1
357,25,427.20,311.70,55.40,200.40,1.0000,-1,-1,-1
357,31,301.30,161.20,70.70,196.80,1.0000,-1,-1,-1
357,32,752.50,71.50,55.70,163.80,1.0000,-1,-1,-1
357,36,335.20,330.00,79.60,184.50,1.0000,-1,-1,-1
357,38,478.40,170.30,61.50,184.60,1.0000,-1,-1,-1
357,39,978.40,453.60,69.60,230.30,1.0000,-1,-1,-1
357,41,893.00,474.40,69.60,219.90,1.0000,-1,-1,-1
357,42,1422.00,4.00,52.20,156.10,1.0000,-1,-1,-1
357,46,240.10,132.10,51.90,167.30,1.0000,-1,-1,-1
357,49,254.00,1.10,53.70,121.40,1.0000,-1,-1,-1
357,50,405.70,170.00,56.80,179.00,1.0000,-1,-1,-1
357,52,1089.30,1.10,63.40,158.50,1.0000,-1,-1,-1
357,53,474.00,1.00,49.10,136.80,1.0000,-1,-1,-1
357,54,1578.80,33.20,57.70,153.00,1.0000,-1,-1,-1
357,55,1752.90,682.70,91.20,233.30,1.0000,-1,-1,-1
357,56,1494.40,1.50,58.90,150.00,1.0000,-1,-1,-1
358,0,1221.20,30.10,61.60,118.70,1.0000,-1,-1,-1
358,1,1481.90,91.20,56.80,151.60,1.0000,-1,-1,-1
358,2,686.90,206.10,79.50,113.70,1.0000,-1,-1,-1
358,3,1723.10,454.60,75.50,212.90,1.0000,-1,-1,-1
358,4,289.10,648.30,86.20,253.00,1.0000,-1,-1,-1
358,9,794.70,139.30,73.50,174.60,1.0000,-1,-1,-1
358,16,1699.90,59.20,52.00,166.60,1.0000,-1,-1,-1
358,17,559.20,116.60,58.30,175.70,1.0000,-1,-1,-1
358,23,1574.90,589.90,104.20,236.80,1.0000,-1,-1,-1
358,25,426.90,316.10,55.20,199.60,1.0000,-1,-1,-1
358,31,300.90,160.60,70.70,197.90,1.0000,-1,-1,-1
358,32,753.30,71.00,55.80,164.60,1.0000,-1,-1,-1
358,36,335.30,332.70,78.90,183.30,1.0000,-1,-1,-1
358,38,478.90,172.00,60.10,183.80,1.0000,-1,-1,-1
358,39,977.30,452.00,69.90,225.80,1.0000,-1,-1,-1
358,41,892.00,470.30,70.90,225.00,1.0000,-1,-1,-1
358,42,1422.30,4.30,52.50,156.40,1.0000,-1,-1,-1
358,46,240.00,131.70,52.30,168.40,1.0000,-1,-1,-1
358,49,253.90,1.80,53.10,120.80,1.0000,-1,-1,-1
358,50,405.50,170.10,57.00,180.90,1.0000,-1,-1,-1
358,52,1090.70,2.20,62.50,158.60,1.0000,-1,-1,-1
358,53,474.30,1.00,48.00,137.60,1.0000,-1,-1,-1
358,54,1580.30,33.50,56.60,152.10,1.0000,-1,-1,-1
358,55,1752.40,683.30,91.50,233.80,1.0000,-1,-1,-1
358,56,1494.60,1.30,60.20,149.90,1.0000,-1,-1,-1
358,-1,1358.90,943.20,95.10,137.80,0.1550,-1,-1,-1
359,0,1220.90,30.20,62.20,119.50,1.0000,-1,-1,-1
359,1,1481.70,88.80,58.40,155.60,1.0000,-1,-1,-1
359,2,686.70,206.50,79.70,112.90,1.0000,-1,-1,-1
359,3,1722.40,454.20,76.70,213.50,1.0000,-1,-1,-1
359,4,289.80,649.80,86.40,253.00,1.0000,-1,-1,-1
359,9,794.90,138.90,72.90,175.50,1.0000,-1,-1,-1
359,16,1700.10,59.60,53.60,167.60,1.0000,-1,-1,-1
359,17,558.70,115.90,58.70,175.90,1.0000,-1,-1,-1
359,23,1575.30,591.40,102.90,233.40,1.0000,-1,-1,-1
359,25,426.20,314.90,56.80,204.00,1.0000,-1,-1,-1
359,31,300.50,160.20,70.80,198.30,1.0000,-1,-1,-1
359,32,753.60,72.40,54.90,162.50,1.0000,-1,-1,-1
359,36,333.50,332.70,80.30,184.50,1.0000,-1,-1,-1
359,38,478.30,173.20,61.80,183.70,1.0000,-1,-1,-1
359,39,975.40,449.50,72.30,228.50,1.0000,-1,-1,-1
359,41,891.90,468.80,70.30,222.40,1.0000,-1,-1,-1
359,42,1423.10,4.60,52.90,155.30,1.0000,-1,-1,-1
359,46,239.80,131.90,53.30,169.00,1.0000,-1,-1,-1
359,49,254.20,1.60,53.00,120.40,1.0000,-1,-1,-1
359,50,406.30,172.30,55.70,176.80,1.0000,-1,-1,-1
359,52,1092.90,2.10,60.20,159.30,1.0000,-1,-1,-1
359,53,473.60,1.00,48.00,138.40,1.0000,-1,-1,-1
359,54,1581.70,33.50,54.40,150.80,1.0000,-1,-1,-1
359,55,1752.40,683.60,91.40,232.30,1.0000,-1,-1,-1
359,56,1494.70,1.00,60.60,149.20,1.0000,-1,-1,-1
359,-1,1355.80,939.20,99.70,141.80,0.4840,-1,-1,-1
360,0,1220.80,29.70,62.20,119.60,1.0000,-1,-1,-1
360,1,1481.60,88.50,59.00,156.40,1.0000,-1,-1,-1
360,2,686.80,206.20,79.80,113.20,1.0000,-1,-1,-1
360,3,1722.20,453.30,77.60,214.50,1.0000,-1,-1,-1
360,4,290.40,652.10,85.10,252.70,1.0000,-1,-1,-1
360,9,794.50,138.70,74.30,173.40,1.0000,-1,-1,-1
360,16,1702.40,56.50,53.70,170.40,1.0000,-1,-1,-1
360,17,557.90,117.60,58.90,174.50,1.0000,-1,-1,-1
360,23,1576.30,593.20,102.40,236.50,1.0000,-1,-1,-1
360,25,425.50,318.20,57.50,202.20,1.0000,-1,-1,-1
360,31,302.10,160.50,69.30,198.30,1.0000,-1,-1,-1
360,32,753.10,71.60,54.40,163.70,1.0000,-1,-1,-1
360,36,332.20,335.10,81.10,182.10,1.0000,-1,-1,-1
360,38,478.00,170.70,62.90,185.60,1.0000,-1,-1,-1
360,39,974.90,448.80,72.20,226.10,1.0000,-1,-1,-1
360,41,890.40,466.20,70.40,223.90,1.0000,-1,-1,-1
360,42,1423.80,4.20,52.30,153.30,1.0000,-1,-1,-1
360,46,239.40,133.30,53.10,166.90,1.0000,-1,-1,-1
360,49,254.30,1.60,53.40,120.90,1.0000,-1,-1,-1
360,50,405.80,170.10,56.50,181.50,1.0000,-1,-1,-1
360,52,1095.70,1.30,58.70,159.90,1.0000,-1,-1,-1
360,53,472.70,1.00,47.50,138.20,1.0000,-1,-1,-1
360,54,1582.10,33.90,55.20,154.00,1.0000,-1,-1,-1
360,55,1752.00,682.70,90.20,233.90,1.0000,-1,-1,-1
360,56,1494.90,1.00,60.90,145.00,1.0000,-1,-1,-1
360,-1,1356.10,938.70,98.10,142.30,0.5480,-1,-1,-1
360,-1,315.40,2.00,42.40,123.70,0.4540,-1,-1,-1
361,0,1220.90,29.60,62.10,119.40,1.0000,-1,-1,-1
361,1,1481.80,87.60,59.70,158.30,1.0000,-1,-1,-1
361,2,686.90,206.20,79.40,113.70,1.0000,-1,-1,-1
361,3,1723.00,452.90,76.70,215.40,1.0000,-1,-1,-1
361,4,292.50,656.20,81.20,249.20,1.0000,-1,-1,-1
361,9,793.70,139.50,75.60,173.70,1.0000,-1,-1,-1
361,16,1702.40,57.20,53.30,171.00,1.0000,-1,-1,-1
361,17,558.80,118.00,58.40,172.80,1.0000,-1,-1,-1
361,23,1574.10,591.10,104.40,234.60,1.0000,-1,-1,-1
361,25,425.00,319.70,57.30,203.20,1.0000,-1,-1,-1
361,31,302.10,160.00,69.30,198.30,1.0000,-1,-1,-1
361,32,753.40,71.10,53.90,164.00,1.0000,-1,-1,-1
361,36,332.70,335.00,80.80,182.30,1.0000,-1,-1,-1
361,38,478.00,169.60,63.60,189.70,1.0000,-1,-1,-1
361,39,973.50,446.80,74.50,227.60,1.0000,-1,-1,-1
361,41,890.20,463.90,68.40,224.60,1.0000,-1,-1,-1
361,42,1424.40,4.30,51.40,154.00,1.0000,-1,-1,-1
361,46,240.00,132.10,53.60,167.60,1.0000,-1,-1,-1
361,49,255.10,1.40,53.70,120.30,1.0000,-1,-1,-1
361,50,405.30,169.50,57.60,182.60,1.0000,-1,-1,-1
361,52,1098.50,2.60,57.00,157.90,1.0000,-1,-1,-1
361,53,472.60,1.40,47.50,139.30,1.0000,-1,-1,-1
361,54,1582.60,34.00,55.80,158.20,1.0000,-1,-1,-1
361,55,1751.90,681.00,89.60,236.90,1.0000,-1,-1,-1
361,56,1494.50,1.00,61.90,147.10,1.0000,-1,-1,-1
361,-1,313.50,5.20,40.10,119.10,0.1570,-1,-1,-1
361,-1,403.10,59.20,58.50,178.50,0.9820,-1,-1,-1
361,-1,1357.30,935.70,92.40,145.30,0.7540,-1,-1,-1
362,0,1221.30,29.30,61.90,120.20,1.0000,-1,-1,-1
362,1,1480.80,88.10,61.20,159.30,1.0000,-1,-1,-1
362,2,687.00,205.80,79.40,114.40,1.0000,-1,-1,-1
362,3,1722.80,453.00,77.40,215.10,1.0000,-1,-1,-1
362,4,291.70,656.90,84.10,251.40,1.0000,-1,-1,-1
362,9,793.10,138.40,76.40,174.50,1.0000,-1,-1,-1
362,16,1702.30,57.80,55.40,171.50,1.0000,-1,-1,-1
362,17,558.50,117.60,58.60,173.70,1.0000,-1,-1,-1
362,23,1574.40,591.50,104.30,234.20,1.0000,-1,-1,-1
362,25,424.10,322.20,57.70,203.50,1.0000,-1,-1,-1
362,31,300.40,159.50,70.00,198.40,1.0000,-1,-1,-1
362,32,753.60,71.80,53.70,163.10,1.0000,-1,-1,-1
362,36,332.10,335.50,81.60,182.40,1.0000,-1,-1,-1
362,38,478.50,173.10,63.00,187.90,1.0000,-1,-1,-1
362,39,972.30,444.70,73.50,228.20,1.0000,-1,-1,-1
362,41,889.80,461.30,68.70,224.60,1.0000,-1,-1,-1
362,42,1424.40,4.60,51.80,153.40,1.0000,-1,-1,-1
362,46,240.10,132.60,53.40,167.80,1.0000,-1,-1,-1
362,49,255.20,1.50,53.80,120.80,1.0000,-1,-1,-1
362,50,405.70,170.70,58.00,181.50,1.0000,-1,-1,-1
362,52,1100.20,3.70,56.20,159.00,1.0000,-1,-1,-1
362,53,472.60,1.40,48.10,140.30,1.0000,-1,-1,-1
362,54,1585.80,36.20,54.00,157.30,1.0000,-1,-1,-1
362,55,1749.70,681.70,89.50,235.70,1.0000,-1,-1,-1
362,56,1493.60,1.00,63.00,146.00,1.0000,-1,-1,-1
362,57,404.60,58.60,59.60,173.60,0.9960,-1,-1,-1
362,58,1354.60,931.50,93.80,149.50,0.8310,-1,-1,-1
362,-1,356.00,169.10,36.50,158.40,0.0730,-1,-1,-1
362,-1,313.20,1.90,43.50,123.80,0.8040,-1,-1,-1
363,0,1221.60,29.70,61.90,119.30,1.0000,-1,-1,-1
363,1,1482.20,91.10,59.00,156.10,1.0000,-1,-1,-1
363,2,687.10,206.00,79.10,114.10,1.0000,-1,-1,-1
363,3,1722.00,452.70,77.60,215.60,1.0000,-1,-1,-1
363,4,292.60,659.90,84.40,249.10,1.0000,-1,-1,-1
363,9,793.10,138.80,77.20,174.00,1.0000,-1,-1,-1
363,16,1703.40,58.70,54.50,170.50,1.0000,-1,-1,-1
363,17,558.40,116.80,59.10,176.10,1.0000,-1,-1,-1
363,23,1574.80,590.50,103.50,234.30,1.0000,-1,-1,-1
363,25,423.90,323.20,58.80,203.10,1.0000,-1,-1,-1
363,31,300.50,159.50,69.20,196.90,1.0000,-1,-1,-1
363,32,753.80,72.00,53.70,162.70,1.0000,-1,-1,-1
363,36,332.10,335.80,81.30,182.10,1.0000,-1,-1,-1
363,38,478.70,177.40,62.60,183.80,1.0000,-1,-1,-1
363,39,971.90,447.10,78.20,229.40,1.0000,-1,-1,-1
363,41,889.40,461.50,68.80,223.80,1.0000,-1,-1,-1
363,42,1425.00,3.60,51.40,154.00,1.0000,-1,-1,-1
363,46,240.20,132.50,54.30,169.10,1.0000,-1,-1,-1
363,49,254.30,1.60,54.30,119.90,1.0000,-1,-1,-1
363,50,404.80,172.30,58.00,179.80,1.0000,-1,-1,-1
363,52,1100.30,4.10,56.10,159.30,1.0000,-1,-1,-1
363,53,471.30,1.00,49.50,140.30,1.0000,-1,-1,-1
363,54,1587.30,37.60,52.20,156.10,1.0000,-1,-1,-1
363,55,1749.50,681.60,90.50,235.10,1.0000,-1,-1,-1
363,56,1493.60,1.00,63.60,146.90,1.0000,-1,-1,-1
363,57,405.90,56.90,59.20,173.90,0.9960,-1,-1,-1
363,58,1353.00,925.40,92.00,155.60,0.9620,-1,-1,-1
363,59,312.90,1.00,45.40,125.60,0.9690,-1,-1,-1
363,-1,358.60,167.20,35.10,163.30,0.3360,-1,-1,-1
364,0,1221.00,29.80,62.40,119.40,1.0000,-1,-1,-1
364,1,1481.30,93.20,59.50,154.60,1.0000,-1,-1,-1
364,2,686.60,205.90,80.30,114.10,1.0000,-1,-1,-1
364,3,1722.00,455.10,78.10,212.00,1.0000,-1,-1,-1
364,4,294.60,662.40,82.70,248.40,1.0000,-1,-1,-1
364,9,793.40,139.40,75.60,173.60,1.0000,-1,-1,-1
364,16,1704.60,59.40,53.80,172.30,1.0000,-1,-1,-1
364,17,557.90,117.80,59.10,173.90,1.0000,-1,-1,-1
364,23,1574.70,591.50,104.20,234.80,1.0000,-1,-1,-1
364,25,423.50,325.00,57.90,203.80,1.0000,-1,-1,-1
364,31,300.10,160.30,70.50,196.90,1.0000,-1,-1,-1
364,32,753.60,71.50,53.60,162.50,1.0000,-1,-1,-1
364,36,332.90,336.50,81.00,181.60,1.0000,-1,-1,-1
364,38,479.30,179.70,61.70,181.40,1.0000,-1,-1,-1
364,39,970.80,442.60,79.40,230.40,1.0000,-1,-1,-1
364,41,887.60,460.60,70.80,223.60,1.0000,-1,-1,-1
364,42,1425.50,3.20,51.20,153.40,1.0000,-1,-1,-1
364,46,240.40,132.70,54.10,168.70,1.0000,-1,-1,-1
364,49,254.00,1.60,54.30,119.90,1.0000,-1,-1,-1
364,50,403.60,172.00,57.00,178.50,1.0000,-1,-1,-1
364,52,1101.80,4.90,55.50,159.00,1.0000,-1,-1,-1
364,53,470.70,1.00,50.00,140.00,1.0000,-1,-1,-1
364,54,1588.30,38.50,51.90,153.50,1.0000,-1,-1,-1
364,55,1748.60,681.40,88.60,234.70,1.0000,-1,-1,-1
364,56,1493.40,1.00,63.60,146.80,1.0000,-1,-1,-1
364,57,406.80,54.30,60.00,175.60,0.9990,-1,-1,-1
364,58,1350.50,923.80,92.60,157.20,0.9610,-1,-1,-1
364,59,315.10,1.70,44.40,123.70,0.9990,-1,-1,-1
364,-1,360.70,166.90,37.40,164.10,0.5240,-1,-1,-1
365,0,1220.90,29.60,62.50,119.70,1.0000,-1,-1,-1
365,1,1482.60,94.40,58.20,153.80,1.0000,-1,-1,-1
365,2,687.10,206.00,79.50,114.00,1.0000,-1,-1,-1
365,3,1721.00,453.70,79.00,214.30,1.0000,-1,-1,-1
365,4,297.40,664.00,82.50,249.40,1.0000,-1,-1,-1
365,9,794.30,138.40,74.80,174.10,1.0000,-1,-1,-1
365,16,1706.30,62.00,52.80,170.20,1.0000,-1,-1,-1
365,17,558.60,117.40,58.90,173.90,1.0000,-1,-1,-1
365,23,1576.40,594.40,101.90,234.70,1.0000,-1,-1,-1
365,25,422.70,326.50,57.60,204.80,1.0000,-1,-1,-1
365,31,301.00,160.70,70.80,194.70,1.0000,-1,-1,-1
365,32,753.60,70.20,54.40,164.00,1.0000,-1,-1,-1
365,36,332.80,337.80,81.60,181.20,1.0000,-1,-1,-1
365,38,480.40,182.50,61.20,182.10,1.0000,-1,-1,-1
365,39,970.90,447.20,77.70,221.80,1.0000,-1,-1,-1
365,41,885.60,458.60,71.70,225.00,1.0000,-1,-1,-1
365,42,1425.80,2.60,51.20,153.70,1.0000,-1,-1,-1
365,46,239.90,132.10,55.40,170.40,1.0000,-1,-1,-1
365,49,254.00,1.40,53.90,120.00,1.0000,-1,-1,-1
365,50,403.00,172.80,56.20,181.00,1.0000,-1,-1,-1
365,52,1103.00,7.90,54.80,158.80,1.0000,-1,-1,-1
365,53,470.20,1.00,51.10,141.50,1.0000,-1,-1,-1
365,54,1590.90,43.10,49.80,153.40,1.0000,-1,-1,-1
365,55,1747.60,682.70,89.90,233.10,1.0000,-1,-1,-1
365,56,1492.90,1.00,64.30,149.50,1.0000,-1,-1,-1
365,57,409.10,54.40,58.30,175.40,0.9990,-1,-1,-1
365,58,1348.00,923.30,90.90,157.70,0.9820,-1,-1,-1
365,59,314.40,1.20,47.30,125.50,1.0000,-1,-1,-1
365,-1,353.70,166.90,42.20,172.50,0.3860,-1,-1,-1
366,0,1221.10,29.80,62.30,119.20,1.0000,-1,-1,-1
366,1,1482.60,95.80,59.30,151.90,1.0000,-1,-1,-1
366,2,687.10,206.00,79.30,113.60,1.0000,-1,-1,-1
366,3,1721.20,454.50,78.10,212.60,1.0000,-1,-1,-1
366,4,299.10,666.10,81.30,247.40,1.0000,-1,-1,-1
366,9,792.70,139.40,76.90,172.80,1.0000,-1,-1,-1
366,16,1706.30,64.60,53.20,171.20,1.0000,-1,-1,-1
366,17,557.80,117.20,59.90,175.20,1.0000,-1,-1,-1
366,23,1574.40,590.70,104.50,234.10,1.0000,-1,-1,-1
366,25,421.80,327.00,58.00,204.30,1.0000,-1,-1,-1
366,31,301.80,161.30,68.00,192.60,1.0000,-1,-1,-1
366,32,753.90,70.40,54.40,163.60,1.0000,-1,-1,-1
366,36,334.10,340.60,80.10,179.40,1.0000,-1,-1,-1
366,38,479.80,186.00,62.10,178.50,1.0000,-1,-1,-1
366,39,969.40,444.10,82.40,231.30,1.0000,-1,-1,-1
366,41,886.20,456.60,68.70,227.50,1.0000,-1,-1,-1
366,42,1426.10,1.70,51.00,154.80,1.0000,-1,-1,-1
366,46,241.00,132.60,55.20,169.90,1.0000,-1,-1,-1
366,49,253.90,1.60,54.70,119.60,1.0000,-1,-1,-1
366,50,403.10,174.80,55.20,178.70,1.0000,-1,-1,-1
366,52,1103.20,9.80,55.80,158.30,1.0000,-1,-1,-1
366,53,470.30,1.00,50.50,142.60,1.0000,-1,-1,-1
366,54,1591.90,45.60,49.80,152.40,1.0000,-1,-1,-1
366,55,1746.80,682.50,91.50,232.40,1.0000,-1,-1,-1
366,56,1493.50,1.00,63.90,149.00,1.0000,-1,-1,-1
366,57,411.20,57.50,55.50,171.50,0.9990,-1,-1,-1
366,58,1343.20,921.70,96.40,159.30,0.9650,-1,-1,-1
366,59,314.20,1.50,47.20,125.50,1.0000,-1,-1,-1
366,-1,351.60,165.60,44.10,175.30,0.5940,-1,-1,-1
367,0,1221.30,29.60,62.20,118.90,1.0000,-1,-1,-1
367,1,1483.10,93.70,58.90,156.00,1.0000,-1,-1,-1
367,2,687.10,206.00,79.00,114.00,1.0000,-1,-1,-1
367,3,1721.20,455.00,78.50,212.10,1.0000,-1,-1,-1
367,4,298.60,665.70,82.90,249.50,1.0000,-1,-1,-1
367,9,793.50,139.20,75.40,173.50,1.0000,-1,-1,-1
367,16,1707.70,63.80,53.10,176.50,1.0000,-1,-1,-1
367,17,558.40,117.10,59.00,174.80,1.0000,-1,-1,-1
367,23,1576.20,593.30,102.40,235.60,1.0000,-1,-1,-1
367,25,421.50,328.10,56.80,204.10,1.0000,-1,-1,-1
367,31,301.80,161.20,67.60,192.00,1.0000,-1,-1,-1
367,32,753.20,70.20,55.10,164.10,1.0000,-1,-1,-1
367,36,336.10,342.40,79.50,180.60,1.0000,-1,-1,-1
367,38,479.60,186.00,62.10,178.50,1.0000,-1,-1,-1
367,39,965.70,443.40,84.20,229.10,1.0000,-1,-1,-1
367,41,884.80,455.90,68.10,227.90,1.0000,-1,-1,-1
367,42,1425.70,1.00,52.00,154.80,1.0000,-1,-1,-1
367,46,241.30,133.10,56.00,169.90,1.0000,-1,-1,-1
367,49,254.20,1.40,54.10,119.00,1.0000,-1,-1,-1
367,50,402.70,176.40,55.00,179.90,1.0000,-1,-1,-1
367,52,1104.10,12.20,55.50,156.30,1.0000,-1,-1,-1
367,53,469.90,1.00,51.00,146.60,1.0000,-1,-1,-1
367,54,1593.10,47.20,50.00,154.30,1.0000,-1,-1,-1
367,55,1748.20,680.60,88.60,236.30,1.0000,-1,-1,-1
367,56,1495.30,1.00,62.70,147.80,1.0000,-1,-1,-1
367,57,412.60,58.50,56.00,169.90,0.9990,-1,-1,-1
367,58,1339.40,921.90,99.30,159.10,0.9750,-1,-1,-1
367,59,314.10,1.40,47.10,125.80,1.0000,-1,-1,-1
368,0,1221.30,29.90,62.10,119.40,1.0000,-1,-1,-1
368,1,1483.90,97.20,58.90,152.90,1.0000,-1,-1,-1
368,2,687.20,206.10,79.10,114.50,1.0000,-1,-1,-1
368,3,1721.20,454.90,78.60,211.80,1.0000,-1,-1,-1
368,4,297.70,667.10,85.10,250.00,1.0000,-1,-1,-1
368,9,793.80,139.30,77.00,174.10,1.0000,-1,-1,-1
368,16,1707.90,66.20,54.20,176.80,1.0000,-1,-1,-1
368,17,558.70,116.80,58.70,174.20,1.0000,-1,-1,-1
368,23,1574.50,590.50,104.50,235.00,1.0000,-1,-1,-1
368,25,421.10,329.20,56.60,203.80,1.0000,-1,-1,-1
368,31,302.10,160.70,67.10,193.20,1.0000,-1,-1,-1
368,32,753.30,70.00,55.00,164.40,1.0000,-1,-1,-1
368,36,335.90,343.00,81.20,182.90,1.0000,-1,-1,-1
368,38,479.70,186.60,61.70,177.80,1.0000,-1,-1,-1
368,39,965.80,439.50,86.70,233.00,1.0000,-1,-1,-1
368,41,884.40,455.00,67.20,227.50,1.0000,-1,-1,-1
368,42,1426.20,1.00,51.70,154.10,1.0000,-1,-1,-1
368,46,240.20,132.20,56.70,170.20,1.0000,-1,-1,-1
368,49,253.80,1.30,54.50,119.10,1.0000,-1,-1,-1
368,50,400.70,178.60,56.20,180.60,1.0000,-1,-1,-1
368,52,1105.10,13.70,55.20,156.80,1.0000,-1,-1,-1
368,53,469.80,1.00,51.60,147.50,1.0000,-1,-1,-1
368,54,1593.70,46.40,50.30,156.40,1.0000,-1,-1,-1
368,55,1747.10,680.90,91.20,234.60,1.0000,-1,-1,-1
368,56,1497.20,1.00,60.80,148.60,1.0000,-1,-1,-1
368,57,413.40,57.20,55.10,174.70,0.9990,-1,-1,-1
368,58,1336.40,921.00,101.30,160.00,0.9890,-1,-1,-1
368,59,313.90,1.00,48.00,127.20,1.0000,-1,-1,-1
368,-1,354.60,167.90,41.80,172.30,0.4770,-1,-1,-1
369,0,1221.00,30.20,61.80,118.20,1.0000,-1,-1,-1
369,1,1483.40,99.70,59.20,150.00,1.0000,-1,-1,-1
369,2,687.10,205.80,79.30,114.40,1.0000,-1,-1,-1
369,3,1721.10,454.20,78.60,212.50,1.0000,-1,-1,-1
369,4,300.30,668.10,85.20,251.20,1.0000,-1,-1,-1
369,9,793.90,139.10,75.90,173.50,1.0000,-1,-1,-1
369,16,1708.20,68.00,54.00,176.00,1.0000,-1,-1,-1
369,17,558.40,115.70,59.60,175.40,1.0000,-1,-1,-1
369,23,1576.30,596.20,101.20,232.00,1.0000,-1,-1,-1
369,25,421.90,330.60,55.70,201.30,1.0000,-1,-1,-1
369,31,302.30,161.80,66.90,192.80,1.0000,-1,-1,-1
369,32,753.20,71.60,54.80,162.90,1.0000,-1,-1,-1
369,36,337.10,344.10,81.20,184.50,1.0000,-1,-1,-1
369,38,480.00,188.20,62.20,178.20,1.0000,-1,-1,-1
369,39,965.70,437.70,86.90,232.80,1.0000,-1,-1,-1
369,41,883.40,453.50,65.80,228.80,1.0000,-1,-1,-1
369,42,1426.90,1.00,51.30,153.10,1.0000,-1,-1,-1
369,46,241.30,133.50,56.50,169.10,1.0000,-1,-1,-1
369,49,253.90,1.50,53.90,118.70,1.0000,-1,-1,-1
369,50,397.90,182.30,58.30,178.00,1.0000,-1,-1,-1
369,52,1106.30,16.20,55.00,155.40,1.0000,-1,-1,-1
369,53,469.10,1.10,51.50,150.40,1.0000,-1,-1,-1
369,54,1594.20,46.90,50.40,157.50,1.0000,-1,-1,-1
369,55,1747.50,680.10,89.30,235.40,1.0000,-1,-1,-1
369,56,1497.20,1.00,60.70,145.30,1.0000,-1,-1,-1
369,57,414.40,56.30,55.10,174.80,0.9990,-1,-1,-1
369,58,1335.50,917.20,99.90,163.80,0.9470,-1,-1,-1
369,59,313.60,1.30,47.70,127.80,1.0000,-1,-1,-1
369,-1,357.00,168.90,39.80,170.80,0.1710,-1,-1,-1
370,0,1221.40,30.20,61.70,118.50,1.0000,-1,-1,-1
370,1,1485.30,102.60,58.00,147.60,1.0000,-1,-1,-1
370,2,687.20,205.90,78.90,114.40,1.0000,-1,-1,-1
370,3,1722.50,454.30,76.30,213.00,1.0000,-1,-1,-1
370,4,300.40,668.60,87.80,253.10,1.0000,-1,-1,-1
370,9,793.30,138.90,76.50,173.80,1.0000,-1,-1,-1
370,16,1708.10,70.10,55.30,174.90,1.0000,-1,-1,-1
370,17,558.90,116.10,58.90,174.80,1.0000,-1,-1,-1
370,23,1574.80,590.60,103.80,235.60,1.0000,-1,-1,-1
370,25,421.90,331.00,55.30,201.90,1.0000,-1,-1,-1
370,31,302.90,161.50,67.30,191.90,1.0000,-1,-1,-1
370,32,753.00,70.60,54.70,163.20,1.0000,-1,-1,-1
370,36,338.90,347.00,78.80,184.20,1.0000,-1,-1,-1
370,38,479.40,186.90,63.00,181.50,1.0000,-1,-1,-1
370,39,965.10,436.20,86.70,231.60,1.0000,-1,-1,-1
370,41,882.20,453.20,67.30,227.70,1.0000,-1,-1,-1
370,42,1426.90,1.00,51.50,150.90,1.0000,-1,-1,-1
370,46,241.20,133.20,57.50,170.10,1.0000,-1,-1,-1
370,49,254.10,1.50,53.40,118.60,1.0000,-1,-1,-1
370,50,397.30,184.00,58.80,177.40,1.0000,-1,-1,-1
370,52,1107.00,17.20,54.10,154.90,1.0000,-1,-1,-1
370,53,468.10,1.60,52.10,151.00,1.0000,-1,-1,-1
370,54,1594.80,47.50,50.20,157.50,1.0000,-1,-1,-1
370,55,1748.30,679.20,89.60,237.00,1.0000,-1,-1,-1
370,56,1498.30,1.00,61.20,145.30,1.0000,-1,-1,-1
370,57,414.90,56.30,55.90,177.40,1.0000,-1,-1,-1
370,58,1333.50,916.00,95.60,165.00,0.9990,-1,-1,-1
370,59,313.40,1.20,48.50,128.50,1.0000,-1,-1,-1
370,-1,355.30,171.20,40.40,167.10,0.0740,-1,-1,-1
371,0,1221.00,29.90,62.10,118.80,1.0000,-1,-1,-1
371,1,1486.10,102.90,57.00,148.70,1.0000,-1,-1,-1
371,2,686.80,205.70,79.50,114.90,1.0000,-1,-1,-1
371,3,1721.70,454.20,77.60,212.40,1.0000,-1,-1,-1
371,4,297.90,667.70,91.40,255.90,1.0000,-1,-1,-1
371,9,793.90,140.30,74.60,172.00,1.0000,-1,-1,-1
371,16,1708.90,73.30,54.80,172.60,1.0000,-1,-1,-1
371,17,559.30,117.00,58.70,174.30,1.0000,-1,-1,-1
371,23,1574.30,590.40,103.10,234.40,1.0000,-1,-1,-1
371,25,421.50,331.30,55.70,203.60,1.0000,-1,-1,-1
371,31,303.00,161.40,67.00,190.90,1.0000,-1,-1,-1
371,32,753.60,72.80,54.00,161.30,1.0000,-1,-1,-1
371,36,338.40,348.50,78.70,185.30,1.0000,-1,-1,-1
371,38,478.90,186.70,63.80,184.60,1.0000,-1,-1,-1
371,39,964.90,437.40,87.90,224.70,1.0000,-1,-1,-1
371,41,882.00,451.10,66.20,227.60,1.0000,-1,-1,-1
371,42,1427.20,1.00,51.40,148.60,1.0000,-1,-1,-1
371,46,241.80,132.90,57.20,170.80,1.0000,-1,-1,-1
371,49,254.10,1.00,53.10,119.40,1.0000,-1,-1,-1
371,50,394.70,186.20,60.50,177.60,1.0000,-1,-1,-1
371,52,1107.90,18.10,54.10,157.90,1.0000,-1,-1,-1
371,53,468.30,3.20,51.90,150.10,1.0000,-1,-1,-1
371,54,1595.20,47.40,50.60,158.70,1.0000,-1,-1,-1
371,55,1747.80,679.30,89.60,235.40,1.0000,-1,-1,-1
371,56,1499.20,1.00,60.20,145.70,1.0000,-1,-1,-1
371,57,416.80,56.80,55.30,178.90,1.0000,-1,-1,-1
371,58,1330.50,910.80,95.70,170.20,0.9990,-1,-1,-1
371,59,313.70,1.00,48.50,129.60,1.0000,-1,-1,-1
372,0,1221.20,30.10,61.80,119.10,1.0000,-1,-1,-1
372,1,1486.70,101.00,57.00,150.30,1.0000,-1,-1,-1
372,2,686.70,206.00,79.80,114.90,1.0000,-1,-1,-1
372,3,1721.80,454.30,77.20,213.20,1.0000,-1,-1,-1
372,4,296.80,670.40,93.60,253.60,1.0000,-1,-1,-1
372,9,793.80,140.30,75.30,171.40,1.0000,-1,-1,-1
372,16,1710.70,75.70,55.00,170.50,1.0000,-1,-1,-1
372,17,560.50,116.90,56.90,173.70,1.0000,-1,-1,-1
372,23,1574.40,590.60,103.20,235.10,1.0000,-1,-1,-1
372,25,419.60,330.90,57.00,205.20,1.0000,-1,-1,-1
372,31,302.40,161.90,66.20,191.30,1.0000,-1,-1,-1
372,32,754.00,73.50,53.80,160.40,1.0000,-1,-1,-1
372,36,338.50,350.60,77.20,185.70,1.0000,-1,-1,-1
372,38,479.00,189.60,63.80,180.00,1.0000,-1,-1,-1
372,39,968.10,435.60,82.80,223.00,1.0000,-1,-1,-1
372,41,880.10,450.20,67.10,223.00,1.0000,-1,-1,-1
372,42,1428.10,1.00,51.10,147.00,1.0000,-1,-1,-1
372,46,242.30,133.60,57.30,170.10,1.0000,-1,-1,-1
372,49,254.30,1.20,53.20,118.90,1.0000,-1,-1,-1
372,50,392.60,188.50,62.00,173.90,1.0000,-1,-1,-1
372,52,1109.30,19.70,54.70,157.50,1.0000,-1,-1,-1
372,53,468.50,3.70,51.00,149.40,1.0000,-1,-1,-1
372,54,1596.60,49.10,49.80,159.60,1.0000,-1,-1,-1
372,55,1747.60,679.30,90.50,237.50,1.0000,-1,-1,-1
372,56,1499.70,1.20,59.80,144.70,1.0000,-1,-1,-1
372,57,417.90,57.00,54.70,180.10,0.9990,-1,-1,-1
372,58,1328.70,906.10,94.90,174.90,1.0000,-1,-1,-1
372,59,313.30,1.70,49.10,127.20,1.0000,-1,-1,-1
373,0,1220.80,30.40,62.30,119.20,1.0000,-1,-1,-1
373,1,1487.60,102.90,56.50,148.50,1.0000,-1,-1,-1
373,2,686.90,206.00,79.60,114.50,1.0000,-1,-1,-1
373,3,1721.90,453.60,77.40,213.80,1.0000,-1,-1,-1
373,4,298.00,671.10,94.00,254.30,1.0000,-1,-1,-1
373,9,793.10,140.40,75.70,171.90,1.0000,-1,-1,-1
373,16,1710.30,78.10,55.10,171.10,1.0000,-1,-1,-1
373,17,560.30,117.00,56.90,172.20,1.0000,-1,-1,-1
373,23,1573.70,590.10,104.10,236.40,1.0000,-1,-1,-1
373,25,419.60,332.60,56.20,203.70,1.0000,-1,-1,-1
373,31,304.30,163.30,65.60,190.50,1.0000,-1,-1,-1
373,32,754.00,72.20,54.00,161.30,1.0000,-1,-1,-1
373,36,338.60,353.10,75.10,184.30,1.0000,-1,-1,-1
373,38,477.80,186.20,65.80,185.50,1.0000,-1,-1,-1
373,39,969.40,429.40,78.60,226.00,1.0000,-1,-1,-1
373,41,878.70,446.60,66.70,221.50,1.0000,-1,-1,-1
373,42,1428.40,1.00,51.50,145.70,1.0000,-1,-1,-1
373,46,242.90,133.70,56.70,169.20,1.0000,-1,-1,-1
373,49,254.60,1.10,52.60,118.70,1.0000,-1,-1,-1
373,50,392.70,188.50,59.20,176.60,1.0000,-1,-1,-1
373,52,1110.20,22.20,54.20,155.80,1.0000,-1,-1,-1
373,53,468.30,3.70,50.80,150.00,1.0000,-1,-1,-1
373,54,1597.00,49.00,49.80,160.50,1.0000,-1,-1,-1
373,55,1746.10,679.80,92.70,237.70,1.0000,-1,-1,-1
373,56,1500.40,1.40,58.40,145.10,1.0000,-1,-1,-1
373,57,417.60,57.40,54.10,181.40,1.0000,-1,-1,-1
373,58,1330.00,903.90,91.40,177.10,1.0000,-1,-1,-1
373,59,314.30,1.40,47.70,127.80,1.0000,-1,-1,-1
374,0,1221.50,30.50,61.70,118.90,1.0000,-1,-1,-1
374,1,1486.60,104.30,56.60,146.70,1.0000,-1,-1,-1
374,2,687.10,206.30,79.20,114.00,1.0000,-1,-1,-1
374,3,1721.10,452.70,78.30,214.60,1.0000,-1,-1,-1
374,4,297.70,671.80,94.30,256.00,1.0000,-1,-1,-1
374,9,793.60,140.40,75.50,171.40,1.0000,-1,-1,-1
374,16,1710.60,80.30,55.10,168.40,1.0000,-1,-1,-1
374,17,560.20,117.10,57.00,171.30,1.0000,-1,-1,-1
374,23,1574.30,590.00,103.30,237.00,1.0000,-1,-1,-1
374,25,420.10,332.30,54.70,203.50,1.0000,-1,-1,-1
374,31,303.00,162.40,66.80,192.80,1.0000,-1,-1,-1
374,32,753.70,72.80,54.70,160.80,1.0000,-1,-1,-1
374,36,337.40,354.10,77.30,185.30,1.0000,-1,-1,-1
374,38,478.40,186.70,63.30,182.60,1.0000,-1,-1,-1
374,39,968.90,426.20,79.00,228.20,1.0000,-1,-1,-1
374,41,877.40,445.00,66.70,218.90,1.0000,-1,-1,-1
374,42,1429.70,1.00,50.60,145.30,1.0000,-1,-1,-1
374,46,242.80,133.90,56.20,168.30,1.0000,-1,-1,-1
374,49,254.70,1.00,52.10,118.40,1.0000,-1,-1,-1
374,50,392.00,189.50,58.50,174.40,1.0000,-1,-1,-1
374,52,1110.60,22.10,53.80,155.90,1.0000,-1,-1,-1
374,53,469.10,3.80,50.90,149.30,1.0000,-1,-1,-1
374,54,1597.10,49.60,51.20,161.10,1.0000,-1,-1,-1
374,55,1746.30,678.80,92.80,239.30,1.0000,-1,-1,-1
374,56,1501.00,1.30,57.90,145.20,1.0000,-1,-1,-1
374,57,418.20,58.30,54.50,178.30,1.0000,-1,-1,-1
374,58,1329.10,898.20,89.60,182.80,1.0000,-1,-1,-1
374,59,314.20,1.00,48.40,129.60,1.0000,-1,-1,-1
375,0,1221.80,30.20,60.50,118.70,1.0000,-1,-1,-1
375,1,1485.80,103.90,57.10,147.10,1.0000,-1,-1,-1
375,2,686.90,206.20,79.20,113.60,1.0000,-1,-1,-1
375,3,1722.50,454.10,76.40,213.50,1.0000,-1,-1,-1
375,4,296.90,673.30,95.90,258.50,1.0000,-1,-1,-1
375,9,795.20,140.80,74.30,172.10,1.0000,-1,-1,-1
375,16,1711.10,83.70,54.10,166.00,1.0000,-1,-1,-1
375,17,559.90,117.10,56.60,172.30,1.0000,-1,-1,-1
375,23,1574.30,590.00,103.80,235.90,1.0000,-1,-1,-1
375,25,418.80,333.70,56.90,205.90,1.0000,-1,-1,-1
375,31,302.60,163.10,67.80,194.60,1.0000,-1,-1,-1
375,32,752.30,71.70,55.60,162.00,1.0000,-1,-1,-1
375,36,335.20,350.30,78.90,188.30,1.0000,-1,-1,-1
375,38,477.80,190.20,63.00,182.80,1.0000,-1,-1,-1
375,39,970.20,423.00,73.80,226.80,1.0000,-1,-1,-1
375,41,876.80,442.30,68.00,219.50,1.0000,-1,-1,-1
375,42,1430.30,1.00,50.20,145.80,1.0000,-1,-1,-1
375,46,243.30,134.10,56.30,168.10,1.0000,-1,-1,-1
375,49,254.40,1.00,52.80,118.40,1.0000,-1,-1,-1
375,50,391.20,189.70,58.40,176.20,1.0000,-1,-1,-1
375,52,1109.40,19.80,55.20,159.60,1.0000,-1,-1,-1
375,53,469.00,3.80,51.10,149.10,1.0000,-1,-1,-1
375,54,1597.70,49.90,51.10,160.30,1.0000,-1,-1,-1
375,55,1746.00,679.50,92.60,239.50,1.0000,-1,-1,-1
375,56,1501.40,2.00,58.50,143.20,1.0000,-1,-1,-1
375,57,418.90,60.80,53.00,177.90,1.0000,-1,-1,-1
375,58,1324.50,891.40,93.30,189.60,0.9990,-1,-1,-1
375,59,313.50,2.80,47.30,126.50,1.0000,-1,-1,-1
376,0,1221.60,30.20,60.80,118.90,1.0000,-1,-1,-1
376,1,1485.80,103.60,56.90,147.50,1.0000,-1,-1,-1
376,2,687.20,206.10,78.80,113.00,1.0000,-1,-1,-1
376,3,1722.70,453.50,76.30,214.50,1.0000,-1,-1,-1
376,4,298.00,676.50,96.10,257.90,1.0000,-1,-1,-1
376,9,794.20,140.70,75.70,172.50,1.0000,-1,-1,-1
376,16,1712.40,82.00,54.70,167.10,1.0000,-1,-1,-1
376,17,558.90,114.90,57.90,174.50,1.0000,-1,-1,-1
376,23,1576.00,593.80,102.50,233.70,1.0000,-1,-1,-1
376,25,417.90,334.10,58.70,207.10,1.0000,-1,-1,-1
376,31,302.20,162.30,68.30,195.20,1.0000,-1,-1,-1
376,32,753.20,74.30,55.10,159.10,1.0000,-1,-1,-1
376,36,333.10,350.60,81.40,186.30,1.0000,-1,-1,-1
376,38,478.30,192.30,63.60,182.60,1.0000,-1,-1,-1
376,39,971.30,420.80,70.60,228.30,1.0000,-1,-1,-1
376,41,875.90,441.70,67.60,217.70,1.0000,-1,-1,-1
376,42,1430.60,1.00,50.00,145.80,1.0000,-1,-1,-1
376,46,242.60,133.60,57.30,168.60,1.0000,-1,-1,-1
376,49,254.30,1.10,52.80,118.00,1.0000,-1,-1,-1
376,50,390.70,190.20,58.10,176.20,1.0000,-1,-1,-1
376,52,1109.30,21.60,56.50,157.80,1.0000,-1,-1,-1
376,53,469.70,3.60,50.30,149.00,1.0000,-1,-1,-1
376,54,1596.90,50.50,52.80,162.70,1.0000,-1,-1,-1
376,55,1747.10,680.60,94.20,240.40,1.0000,-1,-1,-1
376,56,1502.30,2.40,57.40,142.20,1.0000,-1,-1,-1
376,57,419.50,60.60,52.00,178.70,1.0000,-1,-1,-1
376,58,1322.40,889.40,96.20,191.60,1.0000,-1,-1,-1
376,59,313.50,1.60,46.80,129.40,1.0000,-1,-1,-1
377,0,1221.70,30.10,60.90,119.30,1.0000,-1,-1,-1
377,1,1484.60,104.50,57.60,147.90,1.0000,-1,-1,-1
377,2,686.80,206.10,79.60,113.00,1.0000,-1,-1,-1
377,3,1722.20,453.90,77.70,213.20,1.0000,-1,-1,-1
377,4,299.90,678.60,94.90,257.20,1.0000,-1,-1,-1
377,9,793.90,140.70,76.10,172.40,1.0000,-1,-1,-1
377,16,1712.50,83.40,56.00,166.40,1.0000,-1,-1,-1
377,17,558.90,114.90,57.20,174.20,1.0000,-1,-1,-1
377,23,1574.50,590.60,103.50,235.00,1.0000,-1,-1,-1
377,25,418.20,334.60,57.60,209.00,1.0000,-1,-1,-1
377,31,302.00,162.10,68.60,197.40,1.0000,-1,-1,-1
377,32,752.80,74.70,56.00,158.10,1.0000,-1,-1,-1
377,36,331.80,352.20,82.20,184.50,1.0000,-1,-1,-1
377,38,477.60,191.20,63.80,185.30,1.0000,-1,-1,-1
377,39,971.00,418.30,69.30,231.10,1.0000,-1,-1,-1
377,41,875.30,439.00,67.70,220.90,1.0000,-1,-1,-1
377,42,1431.40,1.00,49.20,146.20,1.0000,-1,-1,-1
377,46,242.60,133.80,57.10,168.10,1.0000,-1,-1,-1
377,49,254.00,1.00,53.60,118.80,1.0000,-1,-1,-1
377,50,388.90,190.60,57.80,176.40,1.0000,-1,-1,-1
377,52,1110.70,22.30,57.80,158.70,1.0000,-1,-1,-1
377,53,470.50,3.80,49.90,149.40,1.0000,-1,-1,-1
377,54,1597.00,51.70,52.60,161.30,1.0000,-1,-1,-1
377,55,1745.20,679.40,94.30,240.00,1.0000,-1,-1,-1
377,56,1503.00,2.80,56.30,140.90,1.0000,-1,-1,-1
377,57,419.50,62.70,53.20,175.00,1.0000,-1,-1,-1
377,58,1320.10,887.20,96.00,193.80,1.0000,-1,-1,-1
377,59,313.60,1.00,46.90,130.50,1.0000,-1,-1,-1
378,0,1221.50,30.00,61.40,119.40,1.0000,-1,-1,-1
378,1,1483.60,105.00,58.20,149.70,1.0000,-1,-1,-1
378,2,686.70,205.80,79.80,113.60,1.0000,-1,-1,-1
378,3,1722.80,453.70,76.10,213.90,1.0000,-1,-1,-1
378,4,302.20,680.40,94.20,258.40,1.0000,-1,-1,-1
378,9,794.70,140.20,75.20,173.00,1.0000,-1,-1,-1
378,16,1712.70,83.10,55.90,168.80,1.0000,-1,-1,-1
378,17,558.00,115.60,57.70,173.30,1.0000,-1,-1,-1
378,23,1573.70,590.40,105.20,234.60,1.0000,-1,-1,-1
378,25,418.30,338.10,57.10,207.60,1.0000,-1,-1,-1
378,31,302.40,162.90,68.70,197.10,1.0000,-1,-1,-1
378,32,753.00,73.60,54.50,159.60,1.0000,-1,-1,-1
378,36,330.80,353.10,82.60,183.50,1.0000,-1,-1,-1
378,38,475.90,190.30,66.60,188.50,1.0000,-1,-1,-1
378,39,971.60,417.70,67.80,227.60,1.0000,-1,-1,-1
378,41,874.50,437.20,67.80,225.20,1.0000,-1,-1,-1
378,42,1431.60,1.00,49.90,147.10,1.0000,-1,-1,-1
378,46,243.40,134.10,56.70,167.50,1.0000,-1,-1,-1
378,49,254.10,1.20,53.80,119.00,1.0000,-1,-1,-1
378,50,387.60,190.50,58.80,179.20,1.0000,-1,-1,-1
378,52,1110.50,23.30,58.70,159.20,1.0000,-1,-1,-1
378,53,470.40,3.30,50.00,150.80,1.0000,-1,-1,-1
378,54,1596.90,53.50,53.00,163.70,1.0000,-1,-1,-1
378,55,1746.20,679.90,94.40,242.10,1.0000,-1,-1,-1
378,56,1503.30,3.10,56.60,138.80,1.0000,-1,-1,-1
378,57,421.30,63.20,52.30,177.80,1.0000,-1,-1,-1
378,58,1317.50,884.90,95.90,196.10,1.0000,-1,-1,-1
378,59,312.60,1.40,47.10,131.10,1.0000,-1,-1,-1
379,0,1221.50,29.70,61.40,120.00,1.0000,-1,-1,-1
379,1,1483.70,106.40,58.30,149.70,1.0000,-1,-1,-1
379,2,687.00,206.10,79.10,113.90,1.0000,-1,-1,-1
379,3,1722.50,453.60,75.90,214.30,1.0000,-1,-1,-1
379,4,302.70,683.50,95.20,259.40,1.0000,-1,-1,-1
379,9,794.00,140.60,75.60,172.80,1.0000,-1,-1,-1
379,16,1713.80,84.00,55.60,169.80,1.0000,-1,-1,-1
379,17,558.00,115.70,58.70,174.20,1.0000,-1,-1,-1
379,23,1574.00,590.40,104.60,235.10,1.0000,-1,-1,-1
379,25,417.20,341.30,57.60,206.80,1.0000,-1,-1,-1
379,31,302.60,161.80,69.30,199.50,1.0000,-1,-1,-1
379,32,752.70,73.70,55.70,159.40,1.0000,-1,-1,-1
379,36,327.90,351.00,85.80,186.10,1.0000,-1,-1,-1
379,38,474.20,189.90,68.50,189.30,1.0000,-1,-1,-1
379,39,970.30,416.10,67.20,226.50,1.0000,-1,-1,-1
379,41,874.40,435.60,67.30,225.10,1.0000,-1,-1,-1
379,42,1432.00,1.00,49.50,146.50,1.0000,-1,-1,-1
379,46,243.70,134.30,56.00,167.50,1.0000,-1,-1,-1
379,49,254.10,1.30,53.90,119.10,1.0000,-1,-1,-1
379,50,386.20,190.70,57.40,176.10,1.0000,-1,-1,-1
379,52,1109.60,24.70,60.80,161.90,1.0000,-1,-1,-1
379,53,470.80,4.70,49.40,150.10,1.0000,-1,-1,-1
379,54,1596.80,55.10,53.80,163.70,1.0000,-1,-1,-1
379,55,1745.30,680.00,95.40,239.70,1.0000,-1,-1,-1
379,56,1503.40,2.70,56.80,138.90,1.0000,-1,-1,-1
379,57,422.20,62.30,50.70,180.80,1.0000,-1,-1,-1
379,58,1314.30,883.10,97.00,197.90,1.0000,-1,-1,-1
379,59,312.50,1.20,47.30,130.60,1.0000,-1,-1,-1
380,0,1221.50,29.80,61.30,119.30,1.0000,-1,-1,-1
380,1,1482.60,104.10,59.60,151.70,1.0000,-1,-1,-1
380,2,687.20,206.10,79.10,112.80,1.0000,-1,-1,-1
380,3,1721.90,453.10,77.20,214.40,1.0000,-1,-1,-1
380,4,304.10,685.40,93.90,261.60,1.0000,-1,-1,-1
380,9,793.60,140.10,75.80,172.80,1.0000,-1,-1,-1
380,16,1713.70,84.10,55.90,172.30,1.0000,-1,-1,-1
380,17,558.20,115.40,57.90,172.80,1.0000,-1,-1,-1
380,23,1574.50,590.20,104.00,235.60,1.0000,-1,-1,-1
380,25,416.10,345.60,59.50,202.90,1.0000,-1,-1,-1
380,31,301.70,162.30,70.10,199.10,1.0000,-1,-1,-1
380,32,751.90,74.40,55.90,158.90,1.0000,-1,-1,-1
380,36,326.70,351.30,87.50,188.70,1.0000,-1,-1,-1
380,38,474.00,191.30,70.00,189.50,1.0000,-1,-1,-1
380,39,971.20,416.00,65.00,227.00,1.0000,-1,-1,-1
380,41,873.00,434.60,66.30,224.20,1.0000,-1,-1,-1
380,42,1431.90,1.00,49.60,146.20,1.0000,-1,-1,-1
380,46,242.20,134.20,56.90,166.60,1.0000,-1,-1,-1
380,49,253.70,1.20,54.00,119.10,1.0000,-1,-1,-1
380,50,385.70,191.10,57.40,178.70,1.0000,-1,-1,-1
380,52,1110.30,27.90,60.80,159.20,1.0000,-1,-1,-1
380,53,469.50,5.60,50.20,150.60,1.0000,-1,-1,-1
380,54,1597.00,56.40,54.20,163.20,1.0000,-1,-1,-1
380,55,1745.30,680.50,95.50,238.70,1.0000,-1,-1,-1
380,56,1503.00,2.40,57.00,139.30,1.0000,-1,-1,-1
380,57,422.10,62.50,51.50,177.80,1.0000,-1,-1,-1
380,58,1312.00,881.80,98.40,199.20,1.0000,-1,-1,-1
380,59,312.60,1.00,48.40,131.30,1.0000,-1,-1,-1
381,0,1221.70,30.20,60.90,118.80,1.0000,-1,-1,-1
381,1,1484.00,103.90,58.80,152.40,1.0000,-1,-1,-1
381,2,686.80,205.80,79.60,113.70,1.0000,-1,-1,-1
381,3,1722.60,452.60,76.80,215.10,1.0000,-1,-1,-1
381,4,306.80,688.80,91.20,259.20,1.0000,-1,-1,-1
381,9,794.00,140.30,74.80,172.00,1.0000,-1,-1,-1
381,16,1715.10,84.30,54.10,175.50,1.0000,-1,-1,-1
381,17,557.40,115.80,57.70,174.20,1.0000,-1,-1,-1
381,23,1574.40,591.00,104.20,233.70,1.0000,-1,-1,-1
381,25,416.10,344.80,58.80,204.50,1.0000,-1,-1,-1
381,31,301.80,162.70,69.90,198.60,1.0000,-1,-1,-1
381,32,751.80,74.30,55.70,159.30,1.0000,-1,-1,-1
381,36,327.00,351.50,85.90,188.80,1.0000,-1,-1,-1
381,38,473.70,193.10,68.60,187.60,1.0000,-1,-1,-1
381,39,969.90,414.60,64.90,228.40,1.0000,-1,-1,-1
381,41,872.60,435.40,66.70,221.60,1.0000,-1,-1,-1
381,42,1432.30,1.00,48.70,145.20,1.0000,-1,-1,-1
381,46,242.50,134.40,56.90,165.50,1.0000,-1,-1,-1
381,49,253.70,1.00,54.70,119.10,1.0000,-1,-1,-1
381,50,383.10,191.60,57.50,178.00,1.0000,-1,-1,-1
381,52,1109.50,28.30,63.30,160.40,1.0000,-1,-1,-1
381,53,469.70,6.60,50.10,151.80,1.0000,-1,-1,-1
381,54,1597.10,60.90,54.00,160.00,1.0000,-1,-1,-1
381,55,1744.90,681.30,97.80,239.10,1.0000,-1,-1,-1
381,56,1503.30,3.20,56.60,135.70,1.0000,-1,-1,-1
381,57,422.40,64.10,51.30,177.00,1.0000,-1,-1,-1
381,58,1310.20,880.40,96.50,200.60,1.0000,-1,-1,-1
381,59,312.20,1.00,47.60,132.30,1.0000,-1,-1,-1
382,0,1222.10,29.80,61.00,118.80,1.0000,-1,-1,-1
382,1,1482.70,104.60,59.80,153.10,1.0000,-1,-1,-1
382,2,686.80,206.10,79.40,113.80,1.0000,-1,-1,-1
382,3,1722.50,453.60,76.40,214.00,1.0000,-1,-1,-1
382,4,308.50,690.60,89.40,263.20,1.0000,-1,-1,-1
382,9,794.50,140.20,74.10,171.70,1.0000,-1,-1,-1
382,16,1715.40,85.40,54.10,175.30,1.0000,-1,-1,-1
382,17,557.60,116.40,57.80,173.10,1.0000,-1,-1,-1
382,23,1575.30,591.00,103.30,232.90,1.0000,-1,-1,-1
382,25,415.80,346.70,58.10,204.30,1.0000,-1,-1,-1
382,31,301.90,162.80,69.40,198.90,1.0000,-1,-1,-1
382,32,752.60,73.90,55.20,159.90,1.0000,-1,-1,-1
382,36,327.80,352.90,85.90,189.60,1.0000,-1,-1,-1
382,38,473.00,193.80,68.40,190.60,1.0000,-1,-1,-1
382,39,967.80,414.90,66.00,227.40,1.0000,-1,-1,-1
382,41,872.80,434.80,66.20,223.10,1.0000,-1,-1,-1
382,42,1431.90,1.00,49.30,144.00,1.0000,-1,-1,-1
382,46,242.10,134.80,57.20,165.10,1.0000,-1,-1,-1
382,49,253.90,1.10,54.50,119.00,1.0000,-1,-1,-1
382,50,381.80,191.60,58.20,178.50,1.0000,-1,-1,-1
382,52,1110.00,29.80,63.00,162.00,1.0000,-1,-1,-1
382,53,470.10,8.40,49.70,150.10,1.0000,-1,-1,-1
382,54,1597.00,62.40,53.80,159.80,1.0000,-1,-1,-1
382,55,1744.80,680.00,97.20,240.50,1.0000,-1,-1,-1
382,56,1502.60,3.30,56.80,135.70,1.0000,-1,-1,-1
382,57,422.60,65.30,52.70,173.50,1.0000,-1,-1,-1
382,58,1309.20,878.90,94.90,202.10,1.0000,-1,-1,-1
382,59,312.00,1.80,48.60,130.00,1.0000,-1,-1,-1
383,0,1222.40,30.30,60.30,118.60,1.0000,-1,-1,-1
383,1,1480.90,104.60,60.50,153.00,1.0000,-1,-1,-1
383,2,686.90,206.20,79.50,113.60,1.0000,-1,-1,-1
383,3,1721.70,452.50,77.30,215.70,1.0000,-1,-1,-1
383,4,309.60,693.60,88.60,265.00,1.0000,-1,-1,-1
383,9,794.00,140.30,75.20,171.50,1.0000,-1,-1,-1
383,16,1716.80,87.00,53.30,174.90,1.0000,-1,-1,-1
383,17,557.00,114.40,58.50,175.20,1.0000,-1,-1,-1
383,23,1575.00,590.50,103.40,234.20,1.0000,-1,-1,-1
383,25,414.70,346.70,58.90,207.40,1.0000,-1,-1,-1
383,31,301.70,162.70,69.30,198.50,1.0000,-1,-1,-1
383,32,752.90,73.40,54.90,159.70,1.0000,-1,-1,-1
383,36,328.50,354.30,83.30,189.30,1.0000,-1,-1,-1
383,38,473.80,194.80,67.10,191.00,1.0000,-1,-1,-1
383,39,967.60,415.00,66.10,226.90,1.0000,-1,-1,-1
383,41,872.10,434.70,65.80,222.40,1.0000,-1,-1,-1
383,42,1433.00,1.00,48.50,143.60,1.0000,-1,-1,-1
383,46,241.40,134.50,57.70,165.20,1.0000,-1,-1,-1
383,49,254.30,1.40,53.80,118.50,1.0000,-1,-1,-1
383,50,380.90,192.50,57.30,177.20,1.0000,-1,-1,-1
383,52,1110.10,31.20,62.80,159.70,1.0000,-1,-1,-1
383,53,470.20,10.30,49.10,148.70,1.0000,-1,-1,-1
383,54,1597.70,62.20,53.50,160.70,1.0000,-1,-1,-1
383,55,1744.70,680.90,98.20,239.20,1.0000,-1,-1,-1
383,56,1502.60,3.60,57.10,134.20,1.0000,-1,-1,-1
383,57,422.80,65.00,53.50,172.80,1.0000,-1,-1,-1
383,58,1306.40,878.90,97.80,202.10,1.0000,-1,-1,-1
383,59,312.00,1.30,47.80,133.00,1.0000,-1,-1,-1
384,0,1222.20,30.40,60.90,118.40,1.0000,-1,-1,-1
384,1,1480.00,107.10,60.70,153.20,1.0000,-1,-1,-1
384,2,686.50,206.30,79.70,113.10,1.0000,-1,-1,-1
384,3,1721.70,452.90,77.70,214.90,1.0000,-1,-1,-1
384,4,308.60,694.30,89.60,267.10,1.0000,-1,-1,-1
384,9,794.00,140.60,74.90,171.70,1.0000,-1,-1,-1
384,16,1716.10,89.50,56.40,172.80,1.0000,-1,-1,-1
384,17,557.20,114.40,57.80,173.90,1.0000,-1,-1,-1
384,23,1575.20,590.50,104.50,234.90,1.0000,-1,-1,-1
384,25,413.90,347.80,59.30,206.50,1.0000,-1,-1,-1
384,31,300.80,165.20,67.30,198.50,1.0000,-1,-1,-1
384,32,752.20,73.50,55.50,160.00,1.0000,-1,-1,-1
384,36,329.60,356.70,82.10,190.80,1.0000,-1,-1,-1
384,38,472.60,198.20,67.30,190.10,1.0000,-1,-1,-1
384,39,967.40,414.30,65.00,226.10,1.0000,-1,-1,-1
384,41,871.70,434.10,65.10,218.50,1.0000,-1,-1,-1
384,42,1433.00,1.00,48.60,141.70,1.0000,-1,-1,-1
384,46,241.50,134.60,57.20,165.00,1.0000,-1,-1,-1
384,49,253.80,1.30,54.70,118.80,1.0000,-1,-1,-1
384,50,379.20,192.40,58.50,180.00,1.0000,-1,-1,-1
384,52,1110.90,31.90,62.60,162.20,1.0000,-1,-1,-1
384,53,470.30,11.20,49.50,149.30,1.0000,-1,-1,-1
384,54,1598.40,63.30,54.00,161.10,1.0000,-1,-1,-1
384,55,1744.90,680.80,97.10,239.40,1.0000,-1,-1,-1
384,56,1502.30,2.70,57.70,133.90,1.0000,-1,-1,-1
384,57,421.90,66.50,56.00,171.90,1.0000,-1,-1,-1
384,58,1304.10,876.80,96.80,204.20,1.0000,-1,-1,-1
384,59,312.70,1.10,47.70,132.40,1.0000,-1,-1,-1
385,0,1221.90,30.20,61.50,118.60,1.0000,-1,-1,-1
385,1,1478.80,107.50,61.50,153.90,1.0000,-1,-1,-1
385,2,686.20,206.10,80.50,113.10,1.0000,-1,-1,-1
385,3,1720.90,453.80,78.30,213.40,1.0000,-1,-1,-1
385,4,308.90,695.90,90.20,265.40,1.0000,-1,-1,-1
385,9,794.00,140.50,75.70,171.30,1.0000,-1,-1,-1
385,16,1717.30,91.10,56.20,172.60,1.0000,-1,-1,-1
385,17,556.90,115.30,58.40,173.90,1.0000,-1,-1,-1
385,23,1576.00,590.30,103.50,235.50,1.0000,-1,-1,-1
385,25,414.20,347.50,59.00,206.40,1.0000,-1,-1,-1
385,31,301.70,162.90,69.90,200.30,1.0000,-1,-1,-1
385,32,752.10,73.60,55.20,160.20,1.0000,-1,-1,-1
385,36,329.40,357.70,83.20,191.60,1.0000,-1,-1,-1
385,38,471.90,203.30,66.30,185.20,1.0000,-1,-1,-1
385,39,966.00,414.10,65.30,224.60,1.0000,-1,-1,-1
385,41,871.00,431.00,65.70,222.30,1.0000,-1,-1,-1
385,42,1431.70,1.00,49.50,140.50,1.0000,-1,-1,-1
385,46,241.40,133.70,56.70,165.40,1.0000,-1,-1,-1
385,49,253.80,1.70,54.60,119.20,1.0000,-1,-1,-1
385,50,379.30,194.30,58.90,179.40,1.0000,-1,-1,-1
385,52,1111.30,33.90,63.00,160.60,1.0000,-1,-1,-1
385,53,469.70,11.90,50.40,150.40,1.0000,-1,-1,-1
385,54,1600.10,63.60,53.00,163.10,1.0000,-1,-1,-1
385,55,1746.40,680.90,96.70,239.30,1.0000,-1,-1,-1
385,56,1502.80,3.50,57.30,131.50,1.0000,-1,-1,-1
385,57,421.90,66.50,56.50,173.30,1.0000,-1,-1,-1
385,58,1303.00,874.60,96.60,206.40,1.0000,-1,-1,-1
385,59,313.00,1.30,46.60,132.50,1.0000,-1,-1,-1
386,0,1222.10,29.90,61.10,118.90,1.0000,-1,-1,-1
386,1,1478.00,106.80,61.90,155.20,1.0000,-1,-1,-1
386,2,687.30,206.20,78.70,113.30,1.0000,-1,-1,-1
386,3,1721.90,452.20,77.00,215.30,1.0000,-1,-1,-1
386,4,307.40,696.30,89.80,267.70,1.0000,-1,-1,-1
386,9,794.20,140.30,75.50,172.50,1.0000,-1,-1,-1
386,16,1718.20,90.50,55.70,173.60,1.0000,-1,-1,-1
386,17,558.60,115.70,57.10,172.60,1.0000,-1,-1,-1
386,23,1575.30,590.60,103.40,234.20,1.0000,-1,-1,-1
386,25,413.70,347.00,58.90,208.70,1.0000,-1,-1,-1
386,31,301.40,163.00,70.20,200.30,1.0000,-1,-1,-1
386,32,752.40,73.90,55.30,160.10,1.0000,-1,-1,-1
386,36,328.50,359.60,83.60,194.70,1.0000,-1,-1,-1
386,38,469.20,203.50,67.90,188.70,1.0000,-1,-1,-1
386,39,965.00,412.10,64.50,225.70,1.0000,-1,-1,-1
386,41,871.70,430.10,62.90,219.10,1.0000,-1,-1,-1
386,42,1431.70,1.00,49.30,139.90,1.0000,-1,-1,-1
386,46,241.20,133.80,56.80,165.30,1.0000,-1,-1,-1
386,49,253.90,1.40,53.90,118.80,1.0000,-1,-1,-1
386,50,378.20,195.20,58.60,178.00,1.0000,-1,-1,-1
386,52,1110.70,34.30,63.60,162.90,1.0000,-1,-1,-1
386,53,470.10,13.20,49.90,148.90,1.0000,-1,-1,-1
386,54,1601.80,64.30,52.60,161.90,1.0000,-1,-1,-1
386,55,1746.30,680.10,96.60,242.10,1.0000,-1,-1,-1
386,56,1501.70,2.60,58.50,134.70,1.0000,-1,-1,-1
386,57,422.20,66.00,58.10,174.20,1.0000,-1,-1,-1
386,58,1301.10,869.60,96.20,211.40,1.0000,-1,-1,-1
386,59,312.70,1.00,48.30,133.60,1.0000,-1,-1,-1
387,0,1221.80,30.10,61.30,119.30,1.0000,-1,-1,-1
387,1,1476.70,105.70,62.90,156.80,1.0000,-1,-1,-1
387,2,686.50,206.20,79.60,113.50,1.0000,-1,-1,-1
387,3,1722.50,452.30,77.60,215.00,1.0000,-1,-1,-1
387,4,307.60,697.40,89.30,266.60,1.0000,-1,-1,-1
387,9,794.00,139.40,75.40,172.90,1.0000,-1,-1,-1
387,16,1719.10,91.20,54.90,172.10,1.0000,-1,-1,-1
387,17,557.70,114.50,57.80,175.00,1.0000,-1,-1,-1
387,23,1575.50,590.00,103.70,235.90,1.0000,-1,-1,-1
387,25,414.60,348.50,58.10,207.60,1.0000,-1,-1,-1
387,31,301.50,163.40,70.10,199.20,1.0000,-1,-1,-1
387,32,752.30,74.00,56.00,159.70,1.0000,-1,-1,-1
387,36,328.70,363.10,83.60,192.70,1.0000,-1,-1,-1
387,38,469.00,202.40,67.90,189.00,1.0000,-1,-1,-1
387,39,963.20,410.00,65.00,223.90,1.0000,-1,-1,-1
387,41,871.50,426.60,62.10,223.50,1.0000,-1,-1,-1
387,42,1431.80,1.00,49.20,139.50,1.0000,-1,-1,-1
387,46,241.20,134.10,56.20,164.50,1.0000,-1,-1,-1
387,49,253.40,2.00,54.60,119.40,1.0000,-1,-1,-1
387,50,377.70,196.60,58.80,177.90,1.0000,-1,-1,-1
387,52,1111.40,35.10,62.60,162.90,1.0000,-1,-1,-1
387,53,469.50,15.00,50.20,148.10,1.0000,-1,-1,-1
387,54,1602.30,65.20,52.80,161.00,1.0000,-1,-1,-1
387,55,1746.90,681.00,96.60,241.00,1.0000,-1,-1,-1
387,56,1501.20,2.20,57.90,134.20,1.0000,-1,-1,-1
387,57,421.90,65.80,59.30,177.20,1.0000,-1,-1,-1
387,58,1301.00,864.60,95.70,216.40,1.0000,-1,-1,-1
387,59,313.00,1.40,47.80,131.90,1.0000,-1,-1,-1
388,0,1221.40,30.60,61.70,118.70,1.0000,-1,-1,-1
388,1,1476.50,106.70,63.20,156.20,1.0000,-1,-1,-1
388,2,686.30,206.40,79.90,112.80,1.0000,-1,-1,-1
388,3,1723.10,453.00,76.70,214.30,1.0000,-1,-1,-1
388,4,306.50,697.60,88.30,267.10,1.0000,-1,-1,-1
388,9,793.20,139.90,76.30,173.40,1.0000,-1,-1,-1
388,16,1719.60,92.20,55.40,173.40,1.0000,-1,-1,-1
388,17,556.80,116.00,58.50,173.90,1.0000,-1,-1,-1
388,23,1574.30,589.60,104.50,236.40,1.0000,-1,-1,-1
388,25,413.70,347.30,58.60,209.00,1.0000,-1,-1,-1
388,31,301.90,163.10,69.50,198.80,1.0000,-1,-1,-1
388,32,751.90,75.30,55.60,157.90,1.0000,-1,-1,-1
388,36,328.90,363.60,83.10,195.70,1.0000,-1,-1,-1
388,38,466.40,203.00,70.00,188.00,1.0000,-1,-1,-1
388,39,961.80,408.30,66.20,224.20,1.0000,-1,-1,-1
388,41,869.40,427.60,63.20,222.70,1.0000,-1,-1,-1
388,42,1432.10,1.40,48.80,138.00,1.0000,-1,-1,-1
388,46,241.20,133.30,56.30,165.40,1.0000,-1,-1,-1
388,49,253.20,2.00,55.10,119.90,1.0000,-1,-1,-1
388,50,376.70,198.40,58.00,177.60,1.0000,-1,-1,-1
388,52,1112.00,34.00,63.40,163.30,1.0000,-1,-1,-1
388,53,469.30,16.50,50.90,148.60,1.0000,-1,-1,-1
388,54,1604.60,66.10,52.00,160.90,1.0000,-1,-1,-1
388,55,1747.40,680.90,95.60,239.50,1.0000,-1,-1,-1
388,56,1499.10,1.60,58.20,134.50,1.0000,-1,-1,-1
388,57,421.70,66.00,60.40,175.60,1.0000,-1,-1,-1
388,58,1298.50,861.40,97.00,219.60,1.0000,-1,-1,-1
388,59,313.30,1.00,47.10,132.80,1.0000,-1,-1,-1
389,0,1221.50,30.20,61.70,119.20,1.0000,-1,-1,-1
389,1,1476.40,105.40,63.10,157.40,1.0000,-1,-1,-1
389,2,686.40,206.30,80.10,113.40,1.0000,-1,-1,-1
389,3,1721.80,452.20,78.50,214.90,1.0000,-1,-1,-1
389,4,307.40,699.30,89.70,268.40,1.0000,-1,-1,-1
389,9,794.00,139.80,75.80,173.80,1.0000,-1,-1,-1
389,16,1721.00,93.20,55.10,172.50,1.0000,-1,-1,-1
389,17,557.10,116.60,57.90,173.10,1.0000,-1,-1,-1
389,23,1574.20,589.80,104.80,236.00,1.0000,-1,-1,-1
389,25,412.70,349.20,58.40,208.30,1.0000,-1,-1,-1
389,31,301.80,162.50,68.90,199.40,1.0000,-1,-1,-1
389,32,752.10,77.00,55.30,156.40,1.0000,-1,-1,-1
389,36,329.00,365.30,83.10,192.30,1.0000,-1,-1,-1
389,38,464.90,202.40,69.90,189.50,1.0000,-1,-1,-1
389,39,960.80,406.90,65.90,221.60,1.0000,-1,-1,-1
389,41,869.40,424.60,62.30,221.30,1.0000,-1,-1,-1
389,42,1432.80,2.00,48.00,136.40,1.0000,-1,-1,-1
389,46,240.80,133.50,56.20,164.80,1.0000,-1,-1,-1
389,49,253.00,2.00,54.70,120.50,1.0000,-1,-1,-1
389,50,376.30,200.30,58.80,178.20,1.0000,-1,-1,-1
389,52,1112.80,33.20,63.70,164.90,1.0000,-1,-1,-1
389,53,469.30,16.80,51.10,147.60,1.0000,-1,-1,-1
389,54,1605.30,64.80,53.50,162.40,1.0000,-1,-1,-1
389,55,1750.60,686.10,90.40,237.00,1.0000,-1,-1,-1
389,56,1498.80,1.80,58.10,133.90,1.0000,-1,-1,-1
389,57,421.00,65.60,61.40,177.00,1.0000,-1,-1,-1
389,58,1297.30,857.10,95.60,223.90,1.0000,-1,-1,-1
389,59,313.60,1.00,47.20,133.80,1.0000,-1,-1,-1
390,0,1221.70,30.20,61.90,119.60,1.0000,-1,-1,-1
390,1,1476.30,107.00,62.70,156.10,1.0000,-1,-1,-1
390,2,686.50,206.30,79.50,112.80,1.0000,-1,-1,-1
390,3,1722.60,453.10,77.50,214.60,1.0000,-1,-1,-1
390,4,306.80,700.30,89.80,269.10,1.0000,-1,-1,-1
390,9,794.00,140.50,75.90,172.80,1.0000,-1,-1,-1
390,16,1720.60,94.50,56.10,171.70,1.0000,-1,-1,-1
390,17,558.10,116.80,57.90,172.00,1.0000,-1,-1,-1
390,23,1573.80,589.40,105.00,236.50,1.0000,-1,-1,-1
390,25,410.70,349.90,58.60,208.40,1.0000,-1,-1,-1
390,31,301.90,162.30,69.20,199.10,1.0000,-1,-1,-1
390,32,751.90,75.50,55.30,157.80,1.0000,-1,-1,-1
390,36,326.60,369.50,84.30,190.50,1.0000,-1,-1,-1
390,38,463.50,202.70,68.70,188.70,1.0000,-1,-1,-1
390,39,959.30,404.30,67.50,219.70,1.0000,-1,-1,-1
390,41,867.80,423.20,64.80,221.80,1.0000,-1,-1,-1
390,42,1433.00,3.30,47.60,133.90,1.0000,-1,-1,-1
390,46,240.50,134.60,54.90,164.00,1.0000,-1,-1,-1
390,49,253.90,2.20,54.80,120.40,1.0000,-1,-1,-1
390,50,375.90,202.20,57.80,177.00,1.0000,-1,-1,-1
390,52,1114.60,31.60,62.30,167.00,1.0000,-1,-1,-1
390,53,469.60,16.10,51.80,148.30,1.0000,-1,-1,-1
390,54,1606.20,65.20,54.00,161.20,1.0000,-1,-1,-1
390,55,1749.40,686.70,92.00,237.70,1.0000,-1,-1,-1
390,56,1498.10,1.50,58.80,132.40,1.0000,-1,-1,-1
390,57,422.60,65.60,60.90,176.40,1.0000,-1,-1,-1
390,58,1296.50,851.40,95.20,229.60,1.0000,-1,-1,-1
390,59,312.40,1.00,47.30,133.90,1.0000,-1,-1,-1
391,0,1221.90,29.60,61.80,119.60,1.0000,-1,-1,-1
391,1,1476.00,107.20,62.50,157.20,1.0000,-1,-1,-1
391,2,686.50,206.00,79.90,113.10,1.0000,-1,-1,-1
391,3,1721.60,452.40,78.20,215.20,1.0000,-1,-1,-1
391,4,305.70,701.50,90.40,267.40,1.0000,-1,-1,-1
391,9,794.20,141.40,75.60,170.80,1.0000,-1,-1,-1
391,16,1722.10,96.00,55.20,169.80,1.0000,-1,-1,-1
391,17,557.40,117.20,58.40,171.50,1.0000,-1,-1,-1
391,23,1575.20,589.30,103.20,236.10,1.0000,-1,-1,-1
391,25,410.50,350.90,58.00,206.50,1.0000,-1,-1,-1
391,31,301.00,161.40,69.80,200.60,1.0000,-1,-1,-1
391,32,751.80,75.50,54.90,157.90,1.0000,-1,-1,-1
391,36,327.30,371.90,83.50,188.60,1.0000,-1,-1,-1
391,38,462.70,203.90,68.40,188.30,1.0000,-1,-1,-1
391,39,958.80,402.50,68.30,219.50,1.0000,-1,-1,-1
391,41,867.30,418.90,65.00,224.60,1.0000,-1,-1,-1
391,42,1432.80,3.80,47.30,133.10,1.0000,-1,-1,-1
391,46,241.30,134.00,54.10,164.30,1.0000,-1,-1,-1
391,49,253.90,2.00,54.20,121.20,1.0000,-1,-1,-1
391,50,376.10,203.50,57.40,174.90,1.0000,-1,-1,-1
391,52,1115.80,32.60,61.60,167.50,1.0000,-1,-1,-1
391,53,469.70,16.20,51.90,148.90,1.0000,-1,-1,-1
391,54,1606.50,66.90,53.30,162.00,1.0000,-1,-1,-1
391,55,1747.60,680.10,95.80,241.50,1.0000,-1,-1,-1
391,56,1497.70,1.60,59.10,133.00,1.0000,-1,-1,-1
391,57,422.60,66.20,61.60,175.70,1.0000,-1,-1,-1
391,58,1296.40,848.50,95.50,232.50,1.0000,-1,-1,-1
391,59,313.30,1.30,48.10,133.20,1.0000,-1,-1,-1
392,0,1221.80,29.90,61.50,119.00,1.0000,-1,-1,-1
392,1,1475.90,107.10,62.90,157.60,1.0000,-1,-1,-1
392,2,686.40,206.30,80.10,112.80,1.0000,-1,-1,-1
392,3,1722.30,453.20,77.10,214.10,1.0000,-1,-1,-1
392,4,307.20,703.60,89.60,263.90,1.0000,-1,-1,-1
392,9,794.30,140.80,75.10,172.20,1.0000,-1,-1,-1
392,16,1723.10,94.90,55.50,172.10,1.0000,-1,-1,-1
392,17,558.20,117.00,57.30,170.90,1.0000,-1,-1,-1
392,23,1574.70,589.80,103.40,235.60,1.0000,-1,-1,-1
392,25,409.50,350.70,59.00,208.40,1.0000,-1,-1,-1
392,31,301.70,161.80,68.80,199.00,1.0000,-1,-1,-1
392,32,751.90,75.20,55.40,157.90,1.0000,-1,-1,-1
392,36,327.10,371.70,82.10,189.50,1.0000,-1,-1,-1
392,38,460.10,201.90,69.50,190.80,1.0000,-1,-1,-1
392,39,955.90,398.60,70.70,221.60,1.0000,-1,-1,-1
392,41,866.20,417.30,66.30,222.70,1.0000,-1,-1,-1
392,42,1432.90,4.10,46.20,131.60,1.0000,-1,-1,-1
392,46,240.60,133.70,54.30,165.70,1.0000,-1,-1,-1
392,49,253.80,1.90,54.00,122.00,1.0000,-1,-1,-1
392,50,375.70,205.00,57.90,175.00,1.0000,-1,-1,-1
392,52,1117.00,33.80,60.40,166.80,1.0000,-1,-1,-1
392,53,469.80,18.00,51.90,147.90,1.0000,-1,-1,-1
392,54,1607.80,67.50,54.10,165.00,1.0000,-1,-1,-1
392,55,1748.00,680.40,95.60,239.40,1.0000,-1,-1,-1
392,56,1495.70,1.50,60.30,132.10,1.0000,-1,-1,-1
392,57,423.50,65.80,62.30,176.40,1.0000,-1,-1,-1
392,58,1292.40,844.90,97.70,236.10,1.0000,-1,-1,-1
392,59,313.40,1.80,49.50,132.10,0.9990,-1,-1,-1
393,0,1221.60,30.00,61.80,119.40,1.0000,-1,-1,-1
393,1,1476.10,107.30,63.60,157.70,1.0000,-1,-1,-1
393,2,685.80,206.20,81.20,113.40,1.0000,-1,-1,-1
393,3,1722.60,451.50,76.90,217.40,1.0000,-1,-1,-1
393,4,307.60,708.50,88.70,257.60,1.0000,-1,-1,-1
393,9,794.30,141.20,74.30,171.10,1.0000,-1,-1,-1
393,16,1725.90,96.60,53.70,170.80,1.0000,-1,-1,-1
393,17,557.80,117.20,57.70,170.70,1.0000,-1,-1,-1
393,23,1574.70,589.10,104.30,236.50,1.0000,-1,-1,-1
393,25,408.80,352.60,59.50,211.10,1.0000,-1,-1,-1
393,31,301.10,162.20,69.30,199.50,1.0000,-1,-1,-1
393,32,751.50,74.10,55.40,159.10,1.0000,-1,-1,-1
393,36,327.40,371.60,80.60,190.50,1.0000,-1,-1,-1
393,38,461.30,202.80,68.10,189.00,1.0000,-1,-1,-1
393,39,954.70,396.80,71.90,223.90,1.0000,-1,-1,-1
393,41,866.20,416.70,65.50,217.60,1.0000,-1,-1,-1
393,42,1432.50,2.80,47.20,131.40,1.0000,-1,-1,-1
393,46,240.50,133.50,54.50,166.30,1.0000,-1,-1,-1
393,49,253.80,1.70,54.50,122.20,1.0000,-1,-1,-1
393,50,375.20,207.30,57.70,174.60,1.0000,-1,-1,-1
393,52,1118.60,34.40,58.50,167.20,1.0000,-1,-1,-1
393,53,469.70,16.40,51.80,150.90,1.0000,-1,-1,-1
393,54,1609.20,69.50,52.90,163.80,1.0000,-1,-1,-1
393,55,1746.80,675.50,97.30,245.20,1.0000,-1,-1,-1
393,56,1494.70,1.40,60.90,132.70,1.0000,-1,-1,-1
393,57,423.40,65.40,62.90,176.30,1.0000,-1,-1,-1
393,58,1291.10,840.40,97.10,240.60,1.0000,-1,-1,-1
393,59,313.50,1.80,49.40,132.90,1.0000,-1,-1,-1
394,0,1222.00,30.50,61.10,118.50,1.0000,-1,-1,-1
394,1,1476.30,107.70,63.30,161.10,1.0000,-1,-1,-1
394,2,686.40,206.20,80.10,113.50,1.0000,-1,-1,-1
394,3,1720.90,451.90,79.30,215.50,1.0000,-1,-1,-1
394,4,307.90,710.90,88.70,255.20,1.0000,-1,-1,-1
394,9,794.00,140.90,75.20,171.90,1.0000,-1,-1,-1
394,16,1727.00,97.00,53.90,172.10,1.0000,-1,-1,-1
394,17,557.10,117.00,57.50,171.00,1.0000,-1,-1,-1
394,23,1574.90,589.90,103.30,235.20,1.0000,-1,-1,-1
394,25,409.10,355.60,57.80,209.70,1.0000,-1,-1,-1
394,31,301.20,162.40,70.30,199.30,1.0000,-1,-1,-1
394,32,751.40,73.30,56.00,160.50,1.0000,-1,-1,-1
394,36,330.70,372.20,81.00,190.70,1.0000,-1,-1,-1
394,38,461.00,205.20,67.20,190.80,1.0000,-1,-1,-1
394,39,954.40,392.60,72.20,227.30,1.0000,-1,-1,-1
394,41,866.60,414.60,64.20,217.60,1.0000,-1,-1,-1
394,42,1430.70,2.00,47.60,132.60,1.0000,-1,-1,-1
394,46,240.30,133.50,54.90,165.30,1.0000,-1,-1,-1
394,49,253.50,2.10,54.20,121.30,1.0000,-1,-1,-1
394,50,374.30,208.40,56.90,174.60,1.0000,-1,-1,-1
394,52,1119.90,38.00,58.70,165.80,1.0000,-1,-1,-1
394,53,470.00,16.10,52.50,152.10,1.0000,-1,-1,-1
394,54,1611.30,72.00,51.60,162.10,1.0000,-1,-1,-1
394,55,1747.50,678.20,94.60,244.80,1.0000,-1,-1,-1
394,56,1494.30,1.10,60.90,130.50,1.0000,-1,-1,-1
394,57,423.00,66.00,63.10,178.20,1.0000,-1,-1,-1
394,58,1290.10,837.60,94.70,243.40,1.0000,-1,-1,-1
394,59,313.60,1.80,48.10,133.20,1.0000,-1,-1,-1
395,0,1221.50,30.50,61.80,118.50,1.0000,-1,-1,-1
395,1,1476.00,107.30,63.50,163.30,1.0000,-1,-1,-1
395,2,686.20,206.40,80.40,113.00,1.0000,-1,-1,-1
395,3,1721.90,451.60,78.40,216.60,1.0000,-1,-1,-1
395,4,308.60,712.00,88.00,256.20,1.0000,-1,-1,-1
395,9,793.60,141.20,75.10,171.30,1.0000,-1,-1,-1
395,16,1727.90,96.50,51.90,175.10,1.0000,-1,-1,-1
395,17,557.20,116.40,58.40,171.70,1.0000,-1,-1,-1
395,23,1574.90,589.90,103.10,235.10,1.0000,-1,-1,-1
395,25,408.50,357.10,59.00,211.10,1.0000,-1,-1,-1
395,31,300.90,161.80,71.20,200.00,1.0000,-1,-1,-1
395,32,751.40,73.90,55.50,159.40,1.0000,-1,-1,-1
395,36,328.00,372.00,79.90,193.50,1.0000,-1,-1,-1
395,38,459.80,203.30,68.10,196.90,1.0000,-1,-1,-1
395,39,952.50,392.00,73.80,229.00,1.0000,-1,-1,-1
395,41,865.40,414.60,65.50,215.00,1.0000,-1,-1,-1
395,42,1431.30,2.80,46.70,129.90,1.0000,-1,-1,-1
395,46,240.20,133.00,54.70,165.30,1.0000,-1,-1,-1
395,49,253.60,2.00,53.80,120.40,1.0000,-1,-1,-1
395,50,373.40,209.00,57.30,175.40,1.0000,-1,-1,-1
395,52,1121.60,39.80,58.20,164.10,1.0000,-1,-1,-1
395,53,470.50,18.20,52.10,151.30,1.0000,-1,-1,-1
395,54,1611.60,73.30,52.40,161.60,1.0000,-1,-1,-1
395,55,1748.90,678.80,94.00,243.60,1.0000,-1,-1,-1
395,56,1492.70,1.00,61.00,127.80,1.0000,-1,-1,-1
395,57,424.80,67.20,61.90,176.50,1.0000,-1,-1,-1
395,58,1287.50,835.10,95.80,245.90,1.0000,-1,-1,-1
395,59,313.00,1.60,47.20,132.60,1.0000,-1,-1,-1
396,0,1221.60,30.30,61.70,118.20,1.0000,-1,-1,-1
396,1,1475.70,108.30,64.10,163.90,1.0000,-1,-1,-1
396,2,686.10,206.00,80.70,113.80,1.0000,-1,-1,-1
396,3,1721.30,453.90,77.40,212.70,1.0000,-1,-1,-1
396,4,308.20,711.20,88.60,258.70,1.0000,-1,-1,-1
396,9,793.40,141.60,75.20,171.80,1.0000,-1,-1,-1
396,16,1728.00,101.20,53.30,171.90,1.0000,-1,-1,-1
396,17,556.60,115.20,58.10,173.00,1.0000,-1,-1,-1
396,23,1574.30,588.90,103.90,235.80,1.0000,-1,-1,-1
396,25,407.20,360.70,60.10,209.00,1.0000,-1,-1,-1
396,31,301.00,162.10,69.50,199.70,1.0000,-1,-1,-1
396,32,750.30,73.00,56.40,160.80,1.0000,-1,-1,-1
396,36,327.10,372.50,80.60,191.00,1.0000,-1,-1,-1
396,38,459.10,206.50,68.10,189.60,1.0000,-1,-1,-1
396,39,951.20,391.60,75.40,228.90,1.0000,-1,-1,-1
396,41,865.00,413.70,65.10,213.10,1.0000,-1,-1,-1
396,42,1430.70,2.20,46.80,129.40,1.0000,-1,-1,-1
396,46,239.90,133.10,54.10,165.40,1.0000,-1,-1,-1
396,49,254.60,1.70,53.00,120.60,1.0000,-1,-1,-1
396,50,372.10,207.60,59.50,180.40,1.0000,-1,-1,-1
396,52,1122.30,42.00,58.00,163.70,1.0000,-1,-1,-1
396,53,470.60,18.60,52.90,151.80,1.0000,-1,-1,-1
396,54,1613.00,73.40,52.20,163.50,1.0000,-1,-1,-1
396,55,1747.80,678.10,95.80,244.10,1.0000,-1,-1,-1
396,56,1492.30,1.40,60.70,125.30,1.0000,-1,-1,-1
396,57,426.10,69.20,61.90,172.30,1.0000,-1,-1,-1
396,58,1284.90,832.40,97.70,248.60,1.0000,-1,-1,-1
396,59,313.30,1.80,48.60,131.60,1.0000,-1,-1,-1
397,0,1221.20,30.10,62.30,118.80,1.0000,-1,-1,-1
397,1,1476.00,111.30,62.50,163.60,1.0000,-1,-1,-1
397,2,686.10,206.20,80.30,113.40,1.0000,-1,-1,-1
397,3,1722.70,456.60,77.80,207.30,1.0000,-1,-1,-1
397,4,308.60,713.60,86.70,259.10,1.0000,-1,-1,-1
397,9,793.80,140.50,74.70,172.20,1.0000,-1,-1,-1
397,16,1727.80,104.00,54.80,172.60,1.0000,-1,-1,-1
397,17,556.70,116.60,57.00,171.40,1.0000,-1,-1,-1
397,23,1575.40,589.50,102.90,235.90,1.0000,-1,-1,-1
397,25,405.60,363.70,60.90,207.20,1.0000,-1,-1,-1
397,31,300.50,161.30,70.90,201.80,1.0000,-1,-1,-1
397,32,750.30,73.90,56.20,160.40,1.0000,-1,-1,-1
397,36,329.50,372.90,79.70,189.50,1.0000,-1,-1,-1
397,38,457.00,203.50,69.30,195.60,1.0000,-1,-1,-1
397,39,949.50,390.30,76.90,230.10,1.0000,-1,-1,-1
397,41,864.70,411.10,65.10,215.20,1.0000,-1,-1,-1
397,42,1428.90,2.40,48.00,129.70,1.0000,-1,-1,-1
397,46,239.80,132.20,54.30,165.40,1.0000,-1,-1,-1
397,49,254.60,1.70,53.40,121.20,1.0000,-1,-1,-1
397,50,372.20,206.20,58.90,184.10,1.0000,-1,-1,-1
397,52,1122.90,43.30,58.00,165.60,1.0000,-1,-1,-1
397,53,470.90,19.30,52.20,151.40,1.0000,-1,-1,-1
397,54,1614.50,74.90,51.90,164.50,1.0000,-1,-1,-1
397,55,1747.60,678.30,94.70,244.50,1.0000,-1,-1,-1
397,56,1490.10,1.00,61.70,125.70,1.0000,-1,-1,-1
397,57,426.50,69.60,63.70,171.60,1.0000,-1,-1,-1
397,58,1283.20,832.00,96.90,249.00,1.0000,-1,-1,-1
397,59,313.00,1.50,48.00,132.60,1.0000,-1,-1,-1
398,0,1221.30,30.90,62.20,117.90,1.0000,-1,-1,-1
398,1,1475.70,112.60,62.10,162.70,1.0000,-1,-1,-1
398,2,686.20,206.30,80.30,113.10,1.0000,-1,-1,-1
398,3,1721.60,453.40,77.40,212.60,1.0000,-1,-1,-1
398,4,308.60,716.00,88.30,259.10,1.0000,-1,-1,-1
398,9,794.10,140.50,75.00,172.20,1.0000,-1,-1,-1
398,16,1729.10,103.30,55.10,175.70,1.0000,-1,-1,-1
398,17,557.00,116.40,58.00,172.50,1.0000,-1,-1,-1
398,23,1574.20,588.50,103.90,237.00,1.0000,-1,-1,-1
398,25,405.00,366.20,61.10,207.80,1.0000,-1,-1,-1
398,31,300.10,161.50,71.70,201.60,1.0000,-1,-1,-1
398,32,750.90,73.40,56.30,160.10,1.0000,-1,-1,-1
398,36,329.70,373.60,78.20,188.30,1.0000,-1,-1,-1
398,38,457.80,201.90,68.80,198.00,1.0000,-1,-1,-1
398,39,946.90,392.00,81.90,228.80,1.0000,-1,-1,-1
398,41,864.00,411.00,65.10,217.30,1.0000,-1,-1,-1
398,42,1428.50,2.10,48.20,128.40,1.0000,-1,-1,-1
398,46,239.80,131.60,54.30,165.90,1.0000,-1,-1,-1
398,49,255.30,1.80,53.10,120.80,1.0000,-1,-1,-1
398,50,371.80,206.00,58.80,186.50,1.0000,-1,-1,-1
398,52,1125.10,44.60,56.30,163.60,1.0000,-1,-1,-1
398,53,471.30,20.50,52.90,152.80,1.0000,-1,-1,-1
398,54,1616.30,76.10,52.00,164.60,1.0000,-1,-1,-1
398,55,1748.80,678.30,93.80,243.90,1.0000,-1,-1,-1
398,56,1489.80,1.10,60.90,124.60,1.0000,-1,-1,-1
398,57,424.30,67.20,65.10,175.20,1.0000,-1,-1,-1
398,58,1280.10,831.20,97.60,249.80,1.0000,-1,-1,-1
398,59,313.50,1.60,47.00,130.30,1.0000,-1,-1,-1
399,0,1221.10,30.20,62.10,118.60,1.0000,-1,-1,-1
399,1,1476.50,115.30,60.80,162.20,1.0000,-1,-1,-1
399,2,686.00,206.10,80.30,113.30,1.0000,-1,-1,-1
399,3,1721.30,452.60,79.00,214.30,1.0000,-1,-1,-1
399,4,309.90,719.40,88.20,258.50,1.0000,-1,-1,-1
399,9,792.70,141.80,74.90,170.20,1.0000,-1,-1,-1
399,16,1730.00,105.70,54.40,174.00,1.0000,-1,-1,-1
399,17,557.00,116.00,58.30,172.60,1.0000,-1,-1,-1
399,23,1576.60,591.70,101.80,236.60,1.0000,-1,-1,-1
399,25,402.20,363.10,63.60,211.50,1.0000,-1,-1,-1
399,31,300.00,161.20,71.30,201.30,1.0000,-1,-1,-1
399,32,750.90,73.10,56.60,160.30,1.0000,-1,-1,-1
399,36,328.70,373.80,78.70,190.40,1.0000,-1,-1,-1
399,38,454.90,205.90,69.80,193.90,1.0000,-1,-1,-1
399,39,946.10,392.10,83.00,227.30,1.0000,-1,-1,-1
399,41,863.50,410.00,64.50,219.50,1.0000,-1,-1,-1
399,42,1428.70,1.80,48.10,128.90,1.0000,-1,-1,-1
399,46,239.80,133.70,53.90,164.90,1.0000,-1,-1,-1
399,49,254.80,1.40,53.80,120.20,1.0000,-1,-1,-1
399,50,371.70,206.00,59.30,186.70,1.0000,-1,-1,-1
399,52,1125.50,47.50,55.50,161.90,1.0000,-1,-1,-1
399,53,471.20,21.50,53.90,152.20,1.0000,-1,-1,-1
399,54,1616.60,77.30,52.50,165.80,1.0000,-1,-1,-1
399,55,1748.70,677.70,92.40,244.60,1.0000,-1,-1,-1
399,56,1488.70,1.00,62.20,126.00,1.0000,-1,-1,-1
399,57,424.20,66.50,65.00,178.40,1.0000,-1,-1,-1
399,58,1277.10,830.20,99.40,250.80,1.0000,-1,-1,-1
399,59,313.80,2.00,48.20,129.60,1.0000,-1,-1,-1
400,0,1221.40,30.20,61.70,118.90,1.0000,-1,-1,-1
400,1,1476.30,116.60,60.40,161.50,1.0000,-1,-1,-1
400,2,686.50,206.20,79.50,113.00,1.0000,-1,-1,-1
400,3,1720.90,452.50,78.80,214.30,1.0000,-1,-1,-1
400,4,312.00,722.20,85.60,257.10,1.0000,-1,-1,-1
400,9,793.20,141.10,74.60,171.00,1.0000,-1,-1,-1
400,16,1732.00,108.10,53.20,175.20,1.0000,-1,-1,-1
400,17,556.80,116.80,58.60,173.00,1.0000,-1,-1,-1
400,23,1574.10,588.70,104.40,236.10,1.0000,-1,-1,-1
400,25,403.30,366.10,61.70,208.80,1.0000,-1,-1,-1
400,31,301.40,162.00,69.30,199.90,1.0000,-1,-1,-1
400,32,750.20,72.80,56.50,160.50,1.0000,-1,-1,-1
400,36,328.80,374.60,79.10,191.60,1.0000,-1,-1,-1
400,38,453.60,209.80,69.60,191.90,1.0000,-1,-1,-1
400,39,945.40,393.30,82.20,223.90,1.0000,-1,-1,-1
400,41,863.20,410.00,64.30,215.80,1.0000,-1,-1,-1
400,42,1428.30,1.30,48.40,127.70,1.0000,-1,-1,-1
400,46,239.80,131.40,55.00,167.90,1.0000,-1,-1,-1
400,49,253.90,1.20,55.00,121.00,1.0000,-1,-1,-1
400,50,370.10,208.30,60.20,183.90,1.0000,-1,-1,-1
400,52,1126.50,47.40,55.10,163.30,1.0000,-1,-1,-1
400,53,471.40,20.80,54.20,156.20,1.0000,-1,-1,-1
400,54,1618.00,77.80,52.90,166.00,1.0000,-1,-1,-1
400,55,1749.20,678.00,92.10,243.80,1.0000,-1,-1,-1
400,56,1488.70,1.00,62.00,126.00,1.0000,-1,-1,-1
400,57,425.70,66.80,62.70,179.00,1.0000,-1,-1,-1
400,58,1277.80,828.40,97.20,252.60,1.0000,-1,-1,-1
400,59,313.90,2.20,47.30,127.50,0.9990,-1,-1,-1
401,0,1221.80,30.40,62.00,118.50,1.0000,-1,-1,-1
401,1,1475.50,117.60,60.90,161.50,1.0000,-1,-1,-1
401,2,686.20,206.20,79.90,113.10,1.0000,-1,-1,-1
401,3,1719.90,452.90,80.00,214.20,1.0000,-1,-1,-1
401,4,312.70,723.60,84.70,257.60,1.0000,-1,-1,-1
401,9,794.10,141.90,73.30,169.50,1.0000,-1,-1,-1
401,16,1731.90,109.50,53.30,174.20,1.0000,-1,-1,-1
401,17,557.50,115.80,58.10,172.40,1.0000,-1,-1,-1
401,23,1573.90,587.50,103.80,235.20,1.0000,-1,-1,-1
401,25,403.50,367.90,61.30,206.80,1.0000,-1,-1,-1
401,31,300.90,161.70,70.00,199.80,1.0000,-1,-1,-1
401,32,750.40,72.20,56.50,161.10,1.0000,-1,-1,-1
401,36,328.80,375.70,79.50,193.20,1.0000,-1,-1,-1
401,38,453.40,211.50,69.20,190.00,1.0000,-1,-1,-1
401,39,945.10,392.40,82.00,223.70,1.0000,-1,-1,-1
401,41,863.70,410.40,64.20,213.40,1.0000,-1,-1,-1
401,42,1428.10,2.30,47.70,125.60,1.0000,-1,-1,-1
401,46,240.10,132.80,54.50,166.90,1.0000,-1,-1,-1
401,49,253.70,1.00,54.90,120.80,1.0000,-1,-1,-1
401,50,369.60,209.70,60.60,184.90,1.0000,-1,-1,-1
401,52,1126.90,48.10,56.20,165.00,1.0000,-1,-1,-1
401,53,472.50,23.20,53.10,153.70,1.0000,-1,-1,-1
401,54,1618.60,79.00,53.30,163.60,1.0000,-1,-1,-1
401,55,1748.00,678.00,92.50,243.10,1.0000,-1,-1,-1
401,56,1487.10,1.00,63.30,126.30,1.0000,-1,-1,-1
401,57,425.70,67.00,63.40,179.70,1.0000,-1,-1,-1
401,58,1276.00,822.80,96.70,258.20,1.0000,-1,-1,-1
401,59,313.00,2.00,48.10,127.90,0.9990,-1,-1,-1
402,0,1221.50,30.00,62.00,120.10,1.0000,-1,-1,-1
402,1,1475.90,117.40,60.70,161.90,1.0000,-1,-1,-1
402,2,686.10,206.30,80.40,112.80,1.0000,-1,-1,-1
402,3,1720.10,453.80,79.60,213.30,1.0000,-1,-1,-1
402,4,313.20,727.20,84.60,256.80,1.0000,-1,-1,-1
402,9,794.20,140.90,73.20,172.00,1.0000,-1,-1,-1
402,16,1732.40,110.30,53.80,176.10,1.0000,-1,-1,-1
402,17,557.50,116.20,57.60,172.10,1.0000,-1,-1,-1
402,23,1574.30,588.50,103.80,235.90,1.0000,-1,-1,-1
402,25,402.70,369.50,62.10,206.30,1.0000,-1,-1,-1
402,31,300.70,161.40,69.30,199.00,1.0000,-1,-1,-1
402,32,750.50,72.50,56.20,160.10,1.0000,-1,-1,-1
402,36,329.20,374.70,78.60,196.70,1.0000,-1,-1,-1
402,38,453.50,212.10,68.00,190.00,1.0000,-1,-1,-1
402,39,944.60,391.80,82.60,222.50,1.0000,-1,-1,-1
402,41,864.00,408.00,63.10,214.10,1.0000,-1,-1,-1
402,42,1428.40,2.60,46.10,125.40,1.0000,-1,-1,-1
402,46,239.40,132.50,55.10,166.80,1.0000,-1,-1,-1
402,49,253.80,1.00,54.60,120.20,1.0000,-1,-1,-1
402,50,368.60,212.30,61.90,181.20,1.0000,-1,-1,-1
402,52,1127.60,48.80,56.50,166.70,1.0000,-1,-1,-1
402,53,472.50,22.80,54.00,154.80,1.0000,-1,-1,-1
402,54,1619.30,79.60,53.60,163.50,1.0000,-1,-1,-1
402,55,1748.50,677.00,92.70,244.90,1.0000,-1,-1,-1
402,56,1487.10,1.00,62.30,126.50,1.0000,-1,-1,-1
402,57,426.00,67.40,63.50,179.70,1.0000,-1,-1,-1
402,58,1274.00,820.50,96.30,260.50,1.0000,-1,-1,-1
402,59,313.40,2.00,47.40,127.20,0.9980,-1,-1,-1
403,0,1221.80,29.70,61.30,119.90,1.0000,-1,-1,-1
403,1,1475.60,119.80,61.70,159.60,1.0000,-1,-1,-1
403,2,686.40,206.00,79.90,113.70,1.0000,-1,-1,-1
403,3,1719.20,454.20,80.50,213.00,1.0000,-1,-1,-1
403,4,314.50,728.60,84.20,258.00,1.0000,-1,-1,-1
403,9,794.30,140.50,74.00,171.90,1.0000,-1,-1,-1
403,16,1733.80,112.70,53.40,173.90,1.0000,-1,-1,-1
403,17,557.10,115.10,58.60,173.80,1.0000,-1,-1,-1
403,23,1574.30,588.60,104.60,235.30,1.0000,-1,-1,-1
403,25,402.40,370.10,62.10,206.80,1.0000,-1,-1,-1
403,31,301.00,161.70,68.60,199.10,1.0000,-1,-1,-1
403,32,749.80,69.70,57.00,163.10,1.0000,-1,-1,-1
403,36,330.30,375.10,77.70,198.00,1.0000,-1,-1,-1
403,38,453.10,213.80,68.50,188.20,1.0000,-1,-1,-1
403,39,944.50,389.70,81.40,222.50,1.0000,-1,-1,-1
403,41,863.10,406.20,63.60,215.00,1.0000,-1,-1,-1
403,42,1427.40,2.30,47.60,125.00,1.0000,-1,-1,-1
403,46,239.60,131.90,54.70,167.80,1.0000,-1,-1,-1
403,49,253.00,1.00,55.20,120.40,1.0000,-1,-1,-1
403,50,367.50,213.40,63.50,181.70,1.0000,-1,-1,-1
403,52,1127.60,48.20,58.30,168.80,1.0000,-1,-1,-1
403,53,473.10,24.10,53.90,152.90,1.0000,-1,-1,-1
403,54,1619.70,77.90,54.50,165.50,1.0000,-1,-1,-1
403,55,1750.10,680.90,88.80,246.00,1.0000,-1,-1,-1
403,56,1487.00,1.00,62.40,125.30,1.0000,-1,-1,-1
403,57,426.50,65.70,62.70,181.00,1.0000,-1,-1,-1
403,58,1272.90,817.10,98.00,263.90,1.0000,-1,-1,-1
403,59,313.70,2.10,47.10,126.40,0.9960,-1,-1,-1
404,0,1221.70,30.40,61.30,119.20,1.0000,-1,-1,-1
404,1,1476.40,117.40,61.20,162.30,1.0000,-1,-1,-1
404,2,686.10,206.20,80.20,112.80,1.0000,-1,-1,-1
404,3,1720.10,454.20,79.20,213.80,1.0000,-1,-1,-1
404,4,315.40,729.70,84.40,259.60,1.0000,-1,-1,-1
404,9,794.70,139.90,74.50,172.80,1.0000,-1,-1,-1
404,16,1734.60,114.80,52.40,173.70,1.0000,-1,-1,-1
404,17,557.10,116.40,57.90,172.00,1.0000,-1,-1,-1
404,23,1576.00,591.70,102.00,236.90,1.0000,-1,-1,-1
404,25,401.30,370.40,63.30,208.40,1.0000,-1,-1,-1
404,31,301.00,160.60,69.50,200.40,1.0000,-1,-1,-1
404,32,749.40,70.20,57.10,162.10,1.0000,-1,-1,-1
404,36,329.40,376.10,77.60,201.90,1.0000,-1,-1,-1
404,38,451.70,213.00,69.30,189.40,1.0000,-1,-1,-1
404,39,944.00,386.80,82.00,223.70,1.0000,-1,-1,-1
404,41,863.00,404.50,63.30,213.80,1.0000,-1,-1,-1
404,42,1426.70,2.50,46.70,125.10,1.0000,-1,-1,-1
404,46,239.30,132.90,55.10,167.80,1.0000,-1,-1,-1
404,49,253.80,1.00,54.60,120.20,1.0000,-1,-1,-1
404,50,366.70,213.30,63.80,184.50,1.0000,-1,-1,-1
404,52,1127.10,49.60,58.90,168.90,1.0000,-1,-1,-1
404,53,472.30,23.60,55.20,154.30,1.0000,-1,-1,-1
404,54,1619.90,77.80,56.00,167.00,1.0000,-1,-1,-1
404,55,1750.50,681.30,89.40,245.60,1.0000,-1,-1,-1
404,56,1486.90,1.00,61.50,124.60,1.0000,-1,-1,-1
404,57,428.10,66.30,60.80,180.10,1.0000,-1,-1,-1
404,58,1271.90,813.80,97.00,267.20,1.0000,-1,-1,-1
404,59,314.90,2.40,44.40,125.80,0.9540,-1,-1,-1
405,0,1221.20,30.00,62.00,119.40,1.0000,-1,-1,-1
405,1,1476.10,120.80,61.30,158.00,1.0000,-1,-1,-1
405,2,686.50,206.20,80.20,113.00,1.0000,-1,-1,-1
405,3,1720.50,455.30,78.20,211.50,1.0000,-1,-1,-1
405,4,315.30,730.50,86.20,261.40,1.0000,-1,-1,-1
405,9,793.30,139.10,76.10,173.80,1.0000,-1,-1,-1
405,16,1734.30,114.70,54.20,174.80,1.0000,-1,-1,-1
405,17,556.60,116.60,57.80,172.20,1.0000,-1,-1,-1
405,23,1576.60,592.10,101.40,236.20,1.0000,-1,-1,-1
405,25,400.70,371.30,65.20,208.30,1.0000,-1,-1,-1
405,31,300.80,161.30,68.90,198.70,1.0000,-1,-1,-1
405,32,750.10,70.60,56.90,162.30,1.0000,-1,-1,-1
405,36,329.70,375.40,79.50,202.20,1.0000,-1,-1,-1
405,38,450.80,212.10,69.90,191.60,1.0000,-1,-1,-1
405,39,945.20,384.20,78.40,224.00,1.0000,-1,-1,-1
405,41,862.80,403.10,62.50,210.30,1.0000,-1,-1,-1
405,42,1425.70,1.80,47.40,125.80,1.0000,-1,-1,-1
405,46,239.10,133.30,55.50,167.50,1.0000,-1,-1,-1
405,49,253.40,1.00,54.90,120.80,1.0000,-1,-1,-1
405,50,364.30,215.00,65.60,185.80,1.0000,-1,-1,-1
405,52,1127.90,49.60,58.70,169.30,1.0000,-1,-1,-1
405,53,473.00,23.70,54.80,153.30,1.0000,-1,-1,-1
405,54,1620.20,77.60,56.30,167.10,1.0000,-1,-1,-1
405,55,1747.50,675.30,93.60,247.10,1.0000,-1,-1,-1
405,56,1486.10,1.00,61.90,124.30,1.0000,-1,-1,-1
405,57,427.20,66.20,62.20,182.20,1.0000,-1,-1,-1
405,58,1271.50,810.20,96.00,270.80,1.0000,-1,-1,-1
405,59,315.20,2.40,44.90,127.10,0.8970,-1,-1,-1
406,0,1221.40,29.70,61.80,119.60,1.0000,-1,-1,-1
406,1,1477.60,117.90,60.00,163.20,1.0000,-1,-1,-1
406,2,686.80,205.80,79.80,113.40,1.0000,-1,-1,-1
406,3,1719.70,455.20,80.40,211.20,1.0000,-1,-1,-1
406,4,315.20,730.90,89.20,262.90,1.0000,-1,-1,-1
406,9,793.60,140.10,75.40,173.50,1.0000,-1,-1,-1
406,16,1734.90,113.20,56.00,175.30,1.0000,-1,-1,-1
406,17,555.90,116.10,58.50,174.80,1.0000,-1,-1,-1
406,23,1576.40,591.50,101.80,237.20,1.0000,-1,-1,-1
406,25,401.90,373.60,62.10,206.80,1.0000,-1,-1,-1
406,31,302.60,161.40,67.00,199.80,1.0000,-1,-1,-1
406,32,750.40,71.40,56.20,161.20,1.0000,-1,-1,-1
406,36,330.80,380.40,78.40,196.50,1.0000,-1,-1,-1
406,38,449.30,214.10,69.90,190.80,1.0000,-1,-1,-1
406,39,946.50,382.40,76.10,220.50,1.0000,-1,-1,-1
406,41,861.70,401.40,62.30,209.70,1.0000,-1,-1,-1
406,42,1424.80,1.70,47.00,125.80,1.0000,-1,-1,-1
406,46,239.00,133.20,56.20,167.50,1.0000,-1,-1,-1
406,49,252.90,1.00,55.30,120.00,1.0000,-1,-1,-1
406,50,365.10,215.60,64.40,185.60,1.0000,-1,-1,-1
406,52,1127.80,48.70,58.70,170.90,1.0000,-1,-1,-1
406,53,473.80,24.10,54.60,151.10,1.0000,-1,-1,-1
406,54,1620.30,79.10,56.10,166.00,1.0000,-1,-1,-1
406,55,1747.40,675.20,92.60,246.50,1.0000,-1,-1,-1
406,56,1485.80,1.00,61.00,123.90,1.0000,-1,-1,-1
406,57,427.70,66.30,61.40,181.00,1.0000,-1,-1,-1
406,58,1269.60,806.00,96.60,275.00,1.0000,-1,-1,-1
406,59,316.30,4.40,40.90,122.30,0.3470,-1,-1,-1
407,0,1221.20,29.90,62.20,119.80,1.0000,-1,-1,-1
407,1,1478.10,122.40,59.40,158.90,1.0000,-1,-1,-1
407,2,686.80,205.80,79.40,113.10,1.0000,-1,-1,-1
407,3,1720.70,454.60,78.90,212.00,1.0000,-1,-1,-1
407,4,316.60,732.60,88.60,262.00,1.0000,-1,-1,-1
407,9,793.10,140.80,75.50,172.30,1.0000,-1,-1,-1
407,16,1734.30,112.80,58.10,177.20,1.0000,-1,-1,-1
407,17,555.60,117.00,58.50,172.00,1.0000,-1,-1,-1
407,23,1576.20,591.40,101.70,237.40,1.0000,-1,-1,-1
407,25,400.50,371.80,62.90,209.30,1.0000,-1,-1,-1
407,31,302.30,160.80,67.80,200.50,1.0000,-1,-1,-1
407,32,749.90,69.90,56.80,163.30,1.0000,-1,-1,-1
407,36,329.70,385.70,78.80,192.10,1.0000,-1,-1,-1
407,38,448.70,214.80,69.70,190.30,1.0000,-1,-1,-1
407,39,946.80,379.70,74.40,218.10,1.0000,-1,-1,-1
407,41,860.70,398.60,63.20,210.40,1.0000,-1,-1,-1
407,42,1423.50,1.90,47.10,124.50,1.0000,-1,-1,-1
407,46,238.70,133.30,56.90,168.50,1.0000,-1,-1,-1
407,49,253.80,1.00,53.90,120.10,1.0000,-1,-1,-1
407,50,363.80,218.00,62.90,183.00,1.0000,-1,-1,-1
407,52,1128.00,51.30,59.40,169.90,1.0000,-1,-1,-1
407,53,473.70,23.40,55.50,152.20,1.0000,-1,-1,-1
407,54,1620.90,80.60,55.90,167.70,1.0000,-1,-1,-1
407,55,1748.00,675.40,91.60,246.30,1.0000,-1,-1,-1
407,56,1486.10,1.00,60.60,123.80,1.0000,-1,-1,-1
407,57,427.50,66.90,61.60,181.80,1.0000,-1,-1,-1
407,58,1268.90,807.60,96.20,273.40,1.0000,-1,-1,-1
407,59,316.40,4.20,40.60,122.40,0.2300,-1,-1,-1
408,0,1221.30,29.70,61.90,119.40,1.0000,-1,-1,-1
408,1,1478.00,121.10,59.70,160.80,1.0000,-1,-1,-1
408,2,686.40,206.00,80.10,113.50,1.0000,-1,-1,-1
408,3,1721.10,453.20,78.30,215.20,1.0000,-1,-1,-1
408,4,317.60,733.90,93.50,266.50,1.0000,-1,-1,-1
408,9,793.20,140.20,76.00,173.50,1.0000,-1,-1,-1
408,16,1736.40,113.60,56.90,176.10,1.0000,-1,-1,-1
408,17,555.90,116.30,57.90,172.60,1.0000,-1,-1,-1
408,23,1575.60,591.70,102.50,236.30,1.0000,-1,-1,-1
408,25,399.80,372.00,63.30,208.70,1.0000,-1,-1,-1
408,31,302.80,161.20,67.50,199.80,1.0000,-1,-1,-1
408,32,750.20,72.40,56.90,161.90,1.0000,-1,-1,-1
408,36,329.60,390.80,79.60,187.70,1.0000,-1,-1,-1
408,38,447.50,216.10,69.60,190.90,1.0000,-1,-1,-1
408,39,946.20,377.20,74.40,218.60,1.0000,-1,-1,-1
408,41,860.20,395.20,64.00,210.70,1.0000,-1,-1,-1
408,42,1423.50,3.10,45.20,123.50,1.0000,-1,-1,-1
408,46,238.20,134.00,57.40,167.80,1.0000,-1,-1,-1
408,49,254.70,1.00,53.10,120.20,1.0000,-1,-1,-1
408,50,363.20,218.30,62.30,184.80,1.0000,-1,-1,-1
408,52,1129.00,53.50,59.00,167.80,1.0000,-1,-1,-1
408,53,473.90,23.50,55.60,151.50,1.0000,-1,-1,-1
408,54,1620.50,83.10,57.20,168.40,1.0000,-1,-1,-1
408,55,1747.60,676.20,91.50,247.00,1.0000,-1,-1,-1
408,56,1485.90,1.00,60.40,123.30,1.0000,-1,-1,-1
408,57,429.80,68.70,58.60,180.10,1.0000,-1,-1,-1
408,58,1265.80,799.10,99.70,278.30,1.0000,-1,-1,-1
408,59,315.40,4.90,40.80,120.70,0.1100,-1,-1,-1
409,0,1221.40,30.00,61.80,119.30,1.0000,-1,-1,-1
409,1,1477.60,122.40,59.60,159.30,1.0000,-1,-1,-1
409,2,686.60,206.30,79.90,113.30,1.0000,-1,-1,-1
409,3,1719.40,454.10,79.70,213.90,1.0000,-1,-1,-1
409,4,318.80,735.90,92.80,264.30,1.0000,-1,-1,-1
409,9,793.30,140.00,75.10,173.60,1.0000,-1,-1,-1
409,16,1738.20,117.60,56.10,173.60,1.0000,-1,-1,-1
409,17,554.20,116.70,59.70,173.90,1.0000,-1,-1,-1
409,23,1573.50,587.10,105.30,238.60,1.0000,-1,-1,-1
409,25,399.00,371.70,64.40,210.10,1.0000,-1,-1,-1
409,31,303.00,160.60,69.00,200.20,1.0000,-1,-1,-1
409,32,750.00,70.70,56.50,162.50,1.0000,-1,-1,-1
409,36,328.90,391.60,79.80,188.10,1.0000,-1,-1,-1
409,38,446.10,218.20,67.90,188.60,1.0000,-1,-1,-1
409,39,945.10,373.30,74.00,220.40,1.0000,-1,-1,-1
409,41,859.70,392.80,64.30,211.30,1.0000,-1,-1,-1
409,42,1423.20,3.30,45.40,121.10,1.0000,-1,-1,-1
409,46,238.20,135.10,57.70,166.70,1.0000,-1,-1,-1
409,49,254.80,1.00,53.40,121.40,1.0000,-1,-1,-1
409,50,361.60,221.60,60.90,179.00,1.0000,-1,-1,-1
409,52,1126.80,54.20,62.60,171.40,1.0000,-1,-1,-1
409,53,474.00,23.60,56.10,153.20,1.0000,-1,-1,-1
409,54,1620.90,84.10,57.90,168.50,1.0000,-1,-1,-1
409,55,1746.10,675.30,91.30,248.30,1.0000,-1,-1,-1
409,56,1485.90,1.00,60.90,123.70,1.0000,-1,-1,-1
409,57,431.20,69.00,56.70,179.80,1.0000,-1,-1,-1
409,58,1264.50,796.00,98.50,279.20,1.0000,-1,-1,-1
410,0,1221.50,30.00,62.00,119.30,1.0000,-1,-1,-1
410,1,1478.10,122.60,59.30,160.20,1.0000,-1,-1,-1
410,2,686.60,206.40,79.80,113.10,1.0000,-1,-1,-1
410,3,1720.10,454.50,78.50,214.30,1.0000,-1,-1,-1
410,4,319.50,737.00,92.50,263.00,1.0000,-1,-1,-1
410,9,793.50,140.10,74.70,172.90,1.0000,-1,-1,-1
410,16,1738.70,118.70,56.80,173.90,1.0000,-1,-1,-1
410,17,554.80,115.40,58.80,174.40,1.0000,-1,-1,-1
410,23,1574.40,587.10,103.80,238.40,1.0000,-1,-1,-1
410,25,396.60,371.80,65.50,213.00,1.0000,-1,-1,-1
410,31,304.10,161.80,67.70,199.70,1.0000,-1,-1,-1
410,32,749.50,69.10,56.70,164.00,1.0000,-1,-1,-1
410,36,328.40,390.70,79.70,190.00,1.0000,-1,-1,-1
410,38,445.20,217.90,68.00,190.80,1.0000,-1,-1,-1
410,39,944.00,371.70,73.80,221.00,1.0000,-1,-1,-1
410,41,859.10,391.50,64.80,215.20,1.0000,-1,-1,-1
410,42,1423.10,3.20,45.40,118.70,1.0000,-1,-1,-1
410,46,238.50,135.20,57.00,166.30,1.0000,-1,-1,-1
410,49,255.40,1.00,52.60,120.60,1.0000,-1,-1,-1
410,50,360.30,222.20,60.20,181.50,1.0000,-1,-1,-1
410,52,1126.60,55.20,63.50,172.10,1.0000,-1,-1,-1
410,53,474.60,24.40,55.80,154.50,1.0000,-1,-1,-1
410,54,1621.70,86.70,56.80,168.30,1.0000,-1,-1,-1
410,55,1746.20,675.10,91.00,249.30,1.0000,-1,-1,-1
410,56,1485.30,1.00,61.20,123.40,1.0000,-1,-1,-1
410,57,432.20,69.80,55.50,178.60,1.0000,-1,-1,-1
410,58,1263.80,793.40,97.20,279.80,1.0000,-1,-1,-1
411,0,1221.40,29.80,61.50,119.50,1.0000,-1,-1,-1
411,1,1477.30,122.60,59.80,159.30,1.0000,-1,-1,-1
411,2,686.60,206.20,79.80,113.40,1.0000,-1,-1,-1
411,3,1721.00,455.00,78.40,212.10,1.0000,-1,-1,-1
411,4,320.90,738.30,91.60,263.00,1.0000,-1,-1,-1
411,9,793.70,139.20,74.90,174.40,1.0000,-1,-1,-1
411,16,1739.90,119.00,57.30,177.00,1.0000,-1,-1,-1
411,17,556.00,116.50,57.80,173.60,1.0000,-1,-1,-1
411,23,1575.10,588.00,103.10,237.30,1.0000,-1,-1,-1
411,25,398.10,375.00,63.00,215.10,1.0000,-1,-1,-1
411,31,305.10,161.40,67.20,198.50,1.0000,-1,-1,-1
411,32,749.20,68.70,56.90,164.80,1.0000,-1,-1,-1
411,36,329.60,391.90,78.60,187.80,1.0000,-1,-1,-1
411,38,445.10,218.70,69.10,188.90,1.0000,-1,-1,-1
411,39,944.90,370.40,70.70,222.10,1.0000,-1,-1,-1
411,41,858.30,389.10,65.10,215.50,1.0000,-1,-1,-1
411,42,1421.90,2.40,45.40,119.00,1.0000,-1,-1,-1
411,46,238.00,135.70,57.90,166.00,1.0000,-1,-1,-1
411,49,255.20,1.00,52.60,121.20,1.0000,-1,-1,-1
411,50,359.00,223.50,60.30,183.30,1.0000,-1,-1,-1
411,52,1126.20,56.70,63.80,171.80,1.0000,-1,-1,-1
411,53,474.90,25.40,55.40,153.20,1.0000,-1,-1,-1
411,54,1623.20,88.50,56.50,168.50,1.0000,-1,-1,-1
411,55,1746.10,675.40,91.90,248.60,1.0000,-1,-1,-1
411,56,1485.40,1.00,61.30,123.10,1.0000,-1,-1,-1
411,57,433.00,70.70,55.30,180.10,1.0000,-1,-1,-1
411,58,1262.90,790.30,96.80,283.60,1.0000,-1,-1,-1
412,0,1221.40,30.00,61.60,119.50,1.0000,-1,-1,-1
412,1,1476.70,124.90,60.40,156.30,1.0000,-1,-1,-1
412,2,686.60,205.90,79.90,113.30,1.0000,-1,-1,-1
412,3,1720.70,454.90,78.00,212.30,1.0000,-1,-1,-1
412,4,321.50,745.40,90.50,257.50,1.0000,-1,-1,-1
412,9,793.90,139.50,74.30,173.40,1.0000,-1,-1,-1
412,16,1741.20,120.30,57.30,179.50,1.0000,-1,-1,-1
412,17,555.20,116.20,57.30,172.40,1.0000,-1,-1,-1
412,23,1574.10,589.10,104.20,236.90,1.0000,-1,-1,-1
412,25,397.00,376.60,64.20,213.90,1.0000,-1,-1,-1
412,31,306.50,162.20,65.50,196.70,1.0000,-1,-1,-1
412,32,750.10,69.70,56.90,163.90,1.0000,-1,-1,-1
412,36,329.50,392.20,79.10,186.20,1.0000,-1,-1,-1
412,38,444.30,220.80,68.20,186.60,1.0000,-1,-1,-1
412,39,943.70,368.90,69.70,221.90,1.0000,-1,-1,-1
412,41,858.40,388.50,64.70,214.40,1.0000,-1,-1,-1
412,42,1420.40,3.50,46.50,117.20,1.0000,-1,-1,-1
412,46,238.10,135.90,58.00,166.00,1.0000,-1,-1,-1
412,49,254.80,1.00,53.10,120.90,1.0000,-1,-1,-1
412,50,358.80,225.40,60.90,182.60,1.0000,-1,-1,-1
412,52,1127.60,59.40,63.70,170.70,1.0000,-1,-1,-1
412,53,474.80,27.30,54.20,154.50,1.0000,-1,-1,-1
412,54,1623.80,90.60,56.50,170.00,1.0000,-1,-1,-1
412,55,1745.40,675.20,91.70,249.80,1.0000,-1,-1,-1
412,56,1485.70,1.00,60.40,122.50,1.0000,-1,-1,-1
412,57,434.10,71.20,54.20,178.80,1.0000,-1,-1,-1
412,58,1259.10,786.20,96.90,284.00,1.0000,-1,-1,-1
413,0,1221.40,29.90,61.80,119.70,1.0000,-1,-1,-1
413,1,1476.40,125.60,60.70,157.30,1.0000,-1,-1,-1
413,2,686.50,206.20,79.80,113.20,1.0000,-1,-1,-1
413,3,1721.80,455.40,77.30,211.20,1.0000,-1,-1,-1
413,4,322.70,746.60,90.80,259.40,1.0000,-1,-1,-1
413,9,794.40,139.50,73.60,173.40,1.0000,-1,-1,-1
413,16,1741.00,125.20,58.60,177.60,1.0000,-1,-1,-1
413,17,555.40,116.90,57.40,171.70,1.0000,-1,-1,-1
413,23,1575.40,588.00,103.70,237.50,1.0000,-1,-1,-1
413,25,395.40,376.90,65.30,217.50,1.0000,-1,-1,-1
413,31,307.00,162.00,64.70,197.20,1.0000,-1,-1,-1
413,32,750.00,70.80,56.50,162.20,1.0000,-1,-1,-1
413,36,329.40,391.90,80.70,190.10,1.0000,-1,-1,-1
413,38,443.20,223.40,69.20,189.20,1.0000,-1,-1,-1
413,39,943.90,369.10,68.80,222.60,1.0000,-1,-1,-1
413,41,858.10,388.10,65.10,212.90,1.0000,-1,-1,-1
413,42,1420.00,2.90,46.00,117.40,1.0000,-1,-1,-1
413,46,237.70,134.00,59.30,169.50,1.0000,-1,-1,-1
413,49,254.60,1.00,53.20,120.10,1.0000,-1,-1,-1
413,50,357.60,225.00,61.20,183.20,1.0000,-1,-1,-1
413,52,1128.80,62.10,63.50,169.60,1.0000,-1,-1,-1
413,53,475.70,28.60,54.10,154.20,1.0000,-1,-1,-1
413,54,1624.20,91.70,57.40,170.60,1.0000,-1,-1,-1
413,55,1745.20,675.50,92.20,248.30,1.0000,-1,-1,-1
413,56,1485.60,1.00,61.10,121.50,1.0000,-1,-1,-1
413,57,434.80,71.20,54.00,181.10,1.0000,-1,-1,-1
413,58,1262.10,787.30,93.60,285.90,1.0000,-1,-1,-1
414,0,1221.60,29.70,62.20,119.50,1.0000,-1,-1,-1
414,1,1476.50,125.10,60.40,160.50,1.0000,-1,-1,-1
414,2,686.50,206.40,79.90,113.20,1.0000,-1,-1,-1
414,3,1720.20,455.30,79.20,212.20,1.0000,-1,-1,-1
414,4,322.90,744.80,94.00,267.00,1.0000,-1,-1,-1
414,9,793.90,139.20,74.50,174.20,1.0000,-1,-1,-1
414,16,1741.60,125.80,59.60,176.70,1.0000,-1,-1,-1
414,17,555.10,116.80,57.40,172.30,1.0000,-1,-1,-1
414,23,1574.80,588.30,103.80,237.90,1.0000,-1,-1,-1
414,25,394.90,378.50,66.80,216.50,1.0000,-1,-1,-1
414,31,308.20,162.20,63.70,196.30,1.0000,-1,-1,-1
414,32,750.10,69.80,56.50,163.20,1.0000,-1,-1,-1
414,36,327.10,390.80,81.10,193.20,1.0000,-1,-1,-1
414,38,443.30,223.50,68.40,189.20,1.0000,-1,-1,-1
414,39,942.70,368.60,68.50,219.10,1.0000,-1,-1,-1
414,41,859.20,387.70,64.20,211.70,1.0000,-1,-1,-1
414,42,1418.00,1.60,47.60,119.20,1.0000,-1,-1,-1
414,46,238.00,134.10,57.90,169.80,1.0000,-1,-1,-1
414,49,254.00,1.00,53.50,119.60,1.0000,-1,-1,-1
414,50,355.30,226.10,62.00,182.70,1.0000,-1,-1,-1
414,52,1129.70,63.70,63.80,169.80,1.0000,-1,-1,-1
414,53,475.90,30.30,54.80,153.20,1.0000,-1,-1,-1
414,54,1624.70,94.50,57.00,169.80,1.0000,-1,-1,-1
414,55,1745.50,676.10,90.90,248.20,1.0000,-1,-1,-1
414,56,1485.00,1.10,62.20,120.20,1.0000,-1,-1,-1
414,57,434.30,71.20,54.70,179.00,1.0000,-1,-1,-1
414,58,1257.80,783.00,94.50,284.30,1.0000,-1,-1,-1
415,0,1221.90,29.80,61.80,119.20,1.0000,-1,-1,-1
415,1,1476.80,126.00,59.80,161.50,1.0000,-1,-1,-1
415,2,686.50,206.50,79.90,113.30,1.0000,-1,-1,-1
415,3,1720.70,455.20,77.70,212.80,1.0000,-1,-1,-1
415,4,323.00,747.80,95.00,267.20,1.0000,-1,-1,-1
415,9,794.00,139.90,74.20,173.50,1.0000,-1,-1,-1
415,16,1743.30,129.50,57.70,174.70,1.0000,-1,-1,-1
415,17,554.70,116.30,57.40,171.90,1.0000,-1,-1,-1
415,23,1575.50,588.30,103.00,237.60,1.0000,-1,-1,-1
415,25,395.30,378.10,65.80,218.40,1.0000,-1,-1,-1
415,31,309.80,162.60,62.80,197.70,1.0000,-1,-1,-1
415,32,749.70,69.40,56.50,163.50,1.0000,-1,-1,-1
415,36,328.50,391.60,78.90,192.40,1.0000,-1,-1,-1
415,38,441.50,224.70,68.20,188.90,1.0000,-1,-1,-1
415,39,942.90,368.70,67.60,219.40,1.0000,-1,-1,-1
415,41,858.60,386.70,64.00,212.50,1.0000,-1,-1,-1
415,42,1418.60,1.60,47.40,118.40,1.0000,-1,-1,-1
415,46,237.10,133.70,58.60,169.10,1.0000,-1,-1,-1
415,49,254.20,1.00,52.70,119.70,1.0000,-1,-1,-1
415,50,354.80,225.80,60.80,181.80,1.0000,-1,-1,-1
415,52,1130.70,65.50,64.00,169.00,1.0000,-1,-1,-1
415,53,476.20,32.10,54.30,152.10,1.0000,-1,-1,-1
415,54,1625.50,95.30,57.90,168.90,1.0000,-1,-1,-1
415,55,1745.40,674.60,91.00,249.80,1.0000,-1,-1,-1
415,56,1484.60,1.00,62.40,117.70,1.0000,-1,-1,-1
415,57,434.30,71.50,55.80,181.90,1.0000,-1,-1,-1
415,58,1257.40,783.10,95.00,284.50,1.0000,-1,-1,-1
415,-1,484.40,212.00,47.50,177.40,0.1110,-1,-1,-1
416,0,1222.00,29.70,61.70,118.90,1.0000,-1,-1,-1
416,1,1476.60,124.20,61.70,166.30,1.0000,-1,-1,-1
416,2,686.40,206.20,80.00,113.50,1.0000,-1,-1,-1
416,3,1720.90,454.30,77.80,213.30,1.0000,-1,-1,-1
416,4,322.00,749.20,97.10,268.00,1.0000,-1,-1,-1
416,9,794.40,140.40,74.50,172.40,1.0000,-1,-1,-1
416,16,1743.60,132.40,59.80,171.30,1.0000,-1,-1,-1
416,17,555.20,116.40,56.80,172.20,1.0000,-1,-1,-1
416,23,1576.60,590.90,101.50,237.70,1.0000,-1,-1,-1
416,25,395.10,380.30,64.70,217.90,1.0000,-1,-1,-1
416,31,309.90,163.10,63.00,196.20,1.0000,-1,-1,-1
416,32,749.50,69.10,57.00,164.50,1.0000,-1,-1,-1
416,36,328.30,392.40,79.00,193.70,1.0000,-1,-1,-1
416,38,439.60,224.40,69.80,192.80,1.0000,-1,-1,-1
416,39,942.10,367.70,67.70,219.30,1.0000,-1,-1,-1
416,41,858.70,385.70,64.10,213.80,1.0000,-1,-1,-1
416,42,1418.60,2.10,47.30,118.30,1.0000,-1,-1,-1
416,46,237.00,132.60,58.30,170.30,1.0000,-1,-1,-1
416,49,254.60,1.00,53.10,120.60,1.0000,-1,-1,-1
416,50,353.70,225.20,60.20,182.50,1.0000,-1,-1,-1
416,52,1130.80,67.20,64.80,168.80,1.0000,-1,-1,-1
416,53,476.50,33.40,53.70,152.50,1.0000,-1,-1,-1
416,54,1625.60,94.80,57.30,169.50,1.0000,-1,-1,-1
416,55,1744.00,674.10,91.90,248.80,1.0000,-1,-1,-1
416,56,1485.30,1.50,61.20,116.50,1.0000,-1,-1,-1
416,57,434.00,73.10,55.90,180.30,1.0000,-1,-1,-1
416,58,1255.00,781.60,94.80,283.50,1.0000,-1,-1,-1
417,0,1221.70,30.20,62.00,118.80,1.0000,-1,-1,-1
417,1,1476.50,127.00,61.10,162.20,1.0000,-1,-1,-1
417,2,686.50,206.10,79.90,113.20,1.0000,-1,-1,-1
417,3,1720.80,454.40,77.40,213.20,1.0000,-1,-1,-1
417,4,323.70,752.20,95.30,267.10,1.0000,-1,-1,-1
417,9,793.50,140.10,75.80,172.90,1.0000,-1,-1,-1
417,16,1744.40,131.20,60.80,173.80,1.0000,-1,-1,-1
417,17,554.20,116.90,57.70,172.60,1.0000,-1,-1,-1
417,23,1576.40,591.50,101.50,237.90,1.0000,-1,-1,-1
417,25,394.80,379.50,65.70,218.30,1.0000,-1,-1,-1
417,31,308.20,162.80,65.20,195.80,1.0000,-1,-1,-1
417,32,749.70,70.60,56.70,162.60,1.0000,-1,-1,-1
417,36,327.30,393.50,79.20,194.80,1.0000,-1,-1,-1
417,38,439.40,225.90,67.50,192.10,1.0000,-1,-1,-1
417,39,941.70,366.50,67.20,218.60,1.0000,-1,-1,-1
417,41,859.20,384.40,63.30,212.80,1.0000,-1,-1,-1
417,42,1418.00,1.60,47.80,117.70,1.0000,-1,-1,-1
417,46,237.30,133.30,58.10,170.50,1.0000,-1,-1,-1
417,49,254.00,1.00,53.10,119.90,1.0000,-1,-1,-1
417,50,352.00,224.40,61.70,181.50,1.0000,-1,-1,-1
417,52,1130.60,67.50,65.20,169.70,1.0000,-1,-1,-1
417,53,476.00,35.80,54.00,152.40,1.0000,-1,-1,-1
417,54,1627.00,95.70,56.50,167.90,1.0000,-1,-1,-1
417,55,1743.40,673.40,92.10,250.00,1.0000,-1,-1,-1
417,56,1485.30,1.00,60.10,115.90,1.0000,-1,-1,-1
417,57,434.30,74.00,56.40,179.50,1.0000,-1,-1,-1
417,58,1251.50,781.00,97.10,284.80,1.0000,-1,-1,-1
417,-1,481.70,215.30,52.20,178.00,0.9070,-1,-1,-1
418,0,1221.30,29.30,62.80,120.20,1.0000,-1,-1,-1
418,1,1476.30,128.10,61.30,162.30,1.0000,-1,-1,-1
418,2,686.80,206.40,79.80,112.80,1.0000,-1,-1,-1
418,3,1720.60,453.80,77.80,213.60,1.0000,-1,-1,-1
418,4,323.00,754.10,97.10,267.90,1.0000,-1,-1,-1
418,9,793.30,140.00,75.80,173.40,1.0000,-1,-1,-1
418,16,1745.80,133.40,60.60,172.50,1.0000,-1,-1,-1
418,17,554.00,116.60,57.80,173.50,1.0000,-1,-1,-1
418,23,1576.30,590.80,102.00,238.90,1.0000,-1,-1,-1
418,25,395.50,383.90,64.20,217.30,1.0000,-1,-1,-1
418,31,309.60,163.80,61.80,195.30,1.0000,-1,-1,-1
418,32,749.50,70.30,56.60,163.60,1.0000,-1,-1,-1
418,36,325.70,396.60,81.90,196.40,1.0000,-1,-1,-1
418,38,437.70,227.60,66.50,192.10,1.0000,-1,-1,-1
418,39,940.30,364.40,66.60,219.10,1.0000,-1,-1,-1
418,41,858.90,381.50,63.50,215.50,1.0000,-1,-1,-1
418,42,1417.90,1.00,46.90,118.40,1.0000,-1,-1,-1
418,46,237.20,133.20,58.00,171.10,1.0000,-1,-1,-1
418,49,253.70,1.00,52.90,119.20,1.0000,-1,-1,-1
418,50,351.20,226.50,61.00,180.70,1.0000,-1,-1,-1
418,52,1132.70,67.40,65.30,170.50,1.0000,-1,-1,-1
418,53,476.70,37.70,53.10,151.20,1.0000,-1,-1,-1
418,54,1627.90,94.80,56.90,167.70,1.0000,-1,-1,-1
418,55,1744.80,679.70,90.70,246.00,1.0000,-1,-1,-1
418,56,1485.70,1.00,59.70,115.30,1.0000,-1,-1,-1
418,57,434.60,74.90,56.90,177.50,1.0000,-1,-1,-1
418,58,1252.00,780.40,93.20,285.00,1.0000,-1,-1,-1
418,60,478.50,213.80,58.70,182.10,0.9980,-1,-1,-1
419,0,1221.10,30.20,62.70,119.80,1.0000,-1,-1,-1
419,1,1476.40,129.70,60.20,164.10,1.0000,-1,-1,-1
419,2,686.50,206.20,79.90,113.40,1.0000,-1,-1,-1
419,3,1719.80,453.70,79.40,213.00,1.0000,-1,-1,-1
419,4,323.60,756.20,95.40,270.40,1.0000,-1,-1,-1
419,9,793.10,140.70,75.40,172.90,1.0000,-1,-1,-1
419,16,1748.90,133.70,59.60,173.60,1.0000,-1,-1,-1
419,17,553.40,116.70,57.60,172.30,1.0000,-1,-1,-1
419,23,1574.80,588.40,104.40,238.20,1.0000,-1,-1,-1
419,25,396.00,384.50,63.70,217.20,1.0000,-1,-1,-1
419,31,309.40,164.20,62.70,193.30,1.0000,-1,-1,-1
419,32,749.80,71.40,57.10,161.80,1.0000,-1,-1,-1
419,36,325.50,397.70,82.00,199.00,1.0000,-1,-1,-1
419,38,437.20,227.50,66.20,194.00,1.0000,-1,-1,-1
419,39,938.20,362.00,67.70,220.20,1.0000,-1,-1,-1
419,41,858.40,378.90,64.30,216.20,1.0000,-1,-1,-1
419,42,1417.50,1.00,46.70,118.70,1.0000,-1,-1,-1
419,46,236.40,132.20,58.80,172.60,1.0000,-1,-1,-1
419,49,253.40,1.00,53.50,119.60,1.0000,-1,-1,-1
419,50,350.70,227.30,60.80,180.60,1.0000,-1,-1,-1
419,52,1134.50,68.50,62.60,169.50,1.0000,-1,-1,-1
419,53,477.70,38.10,52.80,150.40,1.0000,-1,-1,-1
419,54,1629.80,93.40,56.90,168.80,1.0000,-1,-1,-1
419,55,1744.70,675.20,92.20,250.70,1.0000,-1,-1,-1
419,56,1485.00,1.00,59.10,115.50,1.0000,-1,-1,-1
419,57,435.30,77.20,55.00,176.00,1.0000,-1,-1,-1
419,58,1249.40,775.30,94.70,286.20,1.0000,-1,-1,-1
419,60,477.50,215.00,63.20,184.30,0.9990,-1,-1,-1
420,0,1221.60,30.10,61.80,118.90,1.0000,-1,-1,-1
420,1,1475.80,131.90,60.60,163.50,1.0000,-1,-1,-1
420,2,686.30,206.70,80.30,112.80,1.0000,-1,-1,-1
420,3,1721.00,454.00,78.10,212.80,1.0000,-1,-1,-1
420,4,323.50,757.20,94.00,274.20,1.0000,-1,-1,-1
420,9,794.50,139.50,74.00,174.50,1.0000,-1,-1,-1
420,16,1751.50,133.10,59.10,176.60,1.0000,-1,-1,-1
420,17,554.40,116.50,54.40,170.60,1.0000,-1,-1,-1
420,23,1574.50,588.00,104.00,238.70,1.0000,-1,-1,-1
420,25,394.60,383.90,65.90,219.50,1.0000,-1,-1,-1
420,31,310.40,165.30,61.70,192.70,1.0000,-1,-1,-1
420,32,749.80,70.10,57.10,163.20,1.0000,-1,-1,-1
420,36,326.10,400.60,79.70,197.30,1.0000,-1,-1,-1
420,38,435.40,228.90,66.10,188.80,1.0000,-1,-1,-1
420,39,936.60,361.50,67.20,218.40,1.0000,-1,-1,-1
420,41,857.10,377.90,65.30,211.50,1.0000,-1,-1,-1
420,42,1416.70,1.00,47.90,118.90,1.0000,-1,-1,-1
420,46,235.70,130.50,60.00,175.70,1.0000,-1,-1,-1
420,49,252.60,1.00,53.50,119.60,1.0000,-1,-1,-1
420,50,349.50,227.50,60.20,182.20,1.0000,-1,-1,-1
420,52,1136.80,68.20,61.90,168.60,1.0000,-1,-1,-1
420,53,478.00,37.80,53.50,149.60,1.0000,-1,-1,-1
420,54,1632.10,95.30,56.50,168.30,1.0000,-1,-1,-1
420,55,1742.70,674.50,92.40,248.50,1.0000,-1,-1,-1
420,56,1484.60,1.00,58.10,114.80,1.0000,-1,-1,-1
420,57,435.90,76.40,56.70,178.60,1.0000,-1,-1,-1
420,58,1248.00,771.90,94.90,284.00,1.0000,-1,-1,-1
420,60,476.90,215.70,63.40,184.30,0.9990,-1,-1,-1
421,0,1221.10,29.60,62.50,119.60,1.0000,-1,-1,-1
421,1,1474.80,132.10,62.10,169.60,1.0000,-1,-1,-1
421,2,686.60,206.50,80.20,113.10,1.0000,-1,-1,-1
421,3,1720.00,454.50,78.40,213.00,1.0000,-1,-1,-1
421,4,323.10,759.60,94.50,274.20,1.0000,-1,-1,-1
421,9,794.90,138.90,73.00,174.80,1.0000,-1,-1,-1
421,16,1752.10,134.10,60.10,177.90,1.0000,-1,-1,-1
421,17,553.90,116.40,54.70,171.70,1.0000,-1,-1,-1
421,23,1575.00,588.30,103.60,236.90,1.0000,-1,-1,-1
421,25,395.00,383.70,65.60,215.90,1.0000,-1,-1,-1
421,31,312.70,165.30,60.90,193.80,1.0000,-1,-1,-1
421,32,750.00,70.30,56.50,164.00,1.0000,-1,-1,-1
421,36,324.20,402.70,80.80,197.70,1.0000,-1,-1,-1
421,38,431.50,228.80,68.70,192.10,1.0000,-1,-1,-1
421,39,935.50,361.90,67.70,215.40,1.0000,-1,-1,-1
421,41,856.70,376.20,65.30,205.80,1.0000,-1,-1,-1
421,42,1416.30,1.10,47.00,119.20,1.0000,-1,-1,-1
421,46,235.60,129.50,59.20,178.30,1.0000,-1,-1,-1
421,49,251.80,1.20,53.10,119.90,1.0000,-1,-1,-1
421,50,347.90,230.20,59.80,179.60,1.0000,-1,-1,-1
421,52,1137.90,67.00,60.60,169.60,1.0000,-1,-1,-1
421,53,477.50,37.80,54.40,150.10,1.0000,-1,-1,-1
421,54,1633.20,96.20,55.00,167.00,1.0000,-1,-1,-1
421,55,1742.50,672.60,93.10,250.90,1.0000,-1,-1,-1
421,56,1485.10,1.00,57.50,114.40,1.0000,-1,-1,-1
421,57,434.20,80.20,62.30,172.30,1.0000,-1,-1,-1
421,58,1246.40,768.70,94.80,281.40,1.0000,-1,-1,-1
421,60,480.60,215.60,59.90,182.50,1.0000,-1,-1,-1
422,0,1221.40,30.10,62.40,118.70,1.0000,-1,-1,-1
422,1,1474.00,133.20,63.60,168.90,1.0000,-1,-1,-1
422,2,686.50,206.20,80.20,113.50,1.0000,-1,-1,-1
422,3,1720.10,453.90,77.70,214.00,1.0000,-1,-1,-1
422,4,323.10,762.50,95.60,273.70,1.0000,-1,-1,-1
422,9,794.50,140.60,72.70,172.70,1.0000,-1,-1,-1
422,16,1753.80,133.30,60.10,179.40,1.0000,-1,-1,-1
422,17,554.20,116.90,53.40,170.90,1.0000,-1,-1,-1
422,23,1575.50,588.50,103.10,235.70,1.0000,-1,-1,-1
422,25,394.20,383.40,66.00,216.40,1.0000,-1,-1,-1
422,31,311.60,172.00,61.70,181.00,0.9990,-1,-1,-1
422,32,749.40,68.50,57.40,165.50,1.0000,-1,-1,-1
422,36,325.30,406.10,78.70,197.20,1.0000,-1,-1,-1
422,38,431.20,229.40,67.80,192.40,1.0000,-1,-1,-1
422,39,934.70,359.60,69.20,217.20,1.0000,-1,-1,-1
422,41,857.50,373.20,64.30,208.60,1.0000,-1,-1,-1
422,42,1415.90,1.30,48.00,118.10,1.0000,-1,-1,-1
422,46,235.00,132.90,58.80,173.70,1.0000,-1,-1,-1
422,49,251.20,1.40,52.30,120.00,1.0000,-1,-1,-1
422,50,347.20,230.20,61.20,181.40,1.0000,-1,-1,-1
422,52,1139.70,67.10,60.80,170.70,1.0000,-1,-1,-1
422,53,478.50,38.30,53.90,149.80,1.0000,-1,-1,-1
422,54,1634.00,97.80,55.60,170.90,1.0000,-1,-1,-1
422,55,1744.70,673.70,92.30,252.10,1.0000,-1,-1,-1
422,56,1485.00,1.00,56.10,113.20,1.0000,-1,-1,-1
422,57,435.10,74.90,58.30,178.90,1.0000,-1,-1,-1
422,58,1246.80,766.10,91.50,276.40,1.0000,-1,-1,-1
422,60,480.50,215.40,61.70,186.20,1.0000,-1,-1,-1
422,-1,291.40,132.40,50.90,167.60,0.2310,-1,-1,-1
423,0,1221.40,30.20,62.40,118.50,1.0000,-1,-1,-1
423,1,1473.90,133.60,63.60,170.20,1.0000,-1,-1,-1
423,2,686.30,206.10,80.20,113.50,1.0000,-1,-1,-1
423,3,1721.00,454.50,77.60,212.40,1.0000,-1,-1,-1
423,4,322.50,762.50,97.30,275.20,1.0000,-1,-1,-1
423,9,794.40,139.40,72.40,174.50,1.0000,-1,-1,-1
423,16,1756.30,133.00,61.50,178.30,1.0000,-1,-1,-1
423,17,553.60,117.70,53.90,168.50,1.0000,-1,-1,-1
423,23,1574.40,587.50,104.50,237.70,1.0000,-1,-1,-1
423,25,394.80,385.30,65.30,214.70,1.0000,-1,-1,-1
423,31,312.10,172.30,61.30,177.60,0.9970,-1,-1,-1
423,32,749.90,69.70,56.90,164.00,1.0000,-1,-1,-1
423,36,322.90,405.00,80.00,200.30,1.0000,-1,-1,-1
423,38,430.40,231.60,68.00,188.40,1.0000,-1,-1,-1
423,39,934.10,357.00,69.00,215.50,1.0000,-1,-1,-1
423,41,858.90,369.70,63.90,212.10,1.0000,-1,-1,-1
423,42,1415.90,1.00,47.90,117.20,1.0000,-1,-1,-1
423,46,235.20,133.60,58.50,172.20,1.0000,-1,-1,-1
423,49,250.20,1.80,53.50,119.60,1.0000,-1,-1,-1
423,50,346.40,232.60,62.60,182.50,1.0000,-1,-1,-1
423,52,1141.30,68.30,59.40,173.00,1.0000,-1,-1,-1
423,53,478.70,37.70,54.70,152.90,1.0000,-1,-1,-1
423,54,1636.00,100.70,53.30,171.00,1.0000,-1,-1,-1
423,55,1744.10,674.10,93.30,251.20,1.0000,-1,-1,-1
423,56,1484.40,1.00,56.40,112.80,1.0000,-1,-1,-1
423,57,436.50,76.60,55.40,174.20,1.0000,-1,-1,-1
423,58,1245.60,763.20,91.60,270.30,1.0000,-1,-1,-1
423,60,479.90,218.50,61.00,182.70,1.0000,-1,-1,-1
423,-1,288.30,129.30,53.00,163.60,0.8510,-1,-1,-1
424,0,1221.60,29.70,61.80,119.40,1.0000,-1,-1,-1
424,1,1474.80,135.90,63.30,168.10,1.0000,-1,-1,-1
424,2,686.30,206.10,80.40,113.50,1.0000,-1,-1,-1
424,3,1722.20,452.50,76.60,215.70,1.0000,-1,-1,-1
424,4,321.70,764.80,96.00,273.60,1.0000,-1,-1,-1
424,9,794.10,140.10,73.10,173.20,1.0000,-1,-1,-1
424,16,1756.70,133.10,62.80,178.70,1.0000,-1,-1,-1
424,17,552.80,117.40,55.00,169.20,1.0000,-1,-1,-1
424,23,1574.00,587.40,104.10,236.60,1.0000,-1,-1,-1
424,25,393.80,386.50,65.50,217.10,1.0000,-1,-1,-1
424,31,317.60,167.80,59.60,194.60,0.9950,-1,-1,-1
424,32,750.00,72.00,56.60,161.90,1.0000,-1,-1,-1
424,36,322.40,405.90,80.50,199.20,1.0000,-1,-1,-1
424,38,428.90,231.40,70.00,187.70,1.0000,-1,-1,-1
424,39,933.30,354.30,68.90,215.00,1.0000,-1,-1,-1
424,41,855.10,365.70,67.50,215.00,1.0000,-1,-1,-1
424,42,1415.30,1.00,47.80,115.80,1.0000,-1,-1,-1
424,46,235.00,134.80,58.30,170.30,1.0000,-1,-1,-1
424,49,249.00,2.70,54.20,120.00,1.0000,-1,-1,-1
424,50,346.20,234.20,62.90,185.10,1.0000,-1,-1,-1
424,52,1143.50,71.00,58.80,171.50,1.0000,-1,-1,-1
424,53,478.10,37.40,55.50,155.50,1.0000,-1,-1,-1
424,54,1637.70,104.40,52.10,167.40,1.0000,-1,-1,-1
424,55,1741.90,674.40,95.60,251.40,1.0000,-1,-1,-1
424,56,1483.30,1.00,55.80,111.90,1.0000,-1,-1,-1
424,57,436.30,76.40,55.20,175.90,1.0000,-1,-1,-1
424,58,1246.20,761.80,92.00,269.50,1.0000,-1,-1,-1
424,60,480.10,216.20,62.40,184.90,1.0000,-1,-1,-1
424,61,287.10,126.20,53.00,164.40,0.9920,-1,-1,-1
425,0,1221.40,29.50,62.30,118.80,1.0000,-1,-1,-1
425,1,1474.40,138.00,63.30,167.60,1.0000,-1,-1,-1
425,2,686.10,206.20,80.40,113.40,1.0000,-1,-1,-1
425,3,1720.90,452.20,78.40,214.70,1.0000,-1,-1,-1
425,4,322.90,766.10,94.20,274.00,1.0000,-1,-1,-1
425,9,794.10,139.80,73.70,173.10,1.0000,-1,-1,-1
425,16,1756.20,131.90,65.10,182.40,1.0000,-1,-1,-1
425,17,553.10,115.40,55.10,171.00,1.0000,-1,-1,-1
425,23,1574.50,588.10,103.30,236.00,1.0000,-1,-1,-1
425,25,392.20,387.10,66.60,214.10,1.0000,-1,-1,-1
425,31,317.10,171.70,57.30,183.30,0.9940,-1,-1,-1
425,32,749.90,71.40,56.70,162.60,1.0000,-1,-1,-1
425,36,322.60,408.30,79.80,196.80,1.0000,-1,-1,-1
425,38,428.30,233.20,68.90,186.70,1.0000,-1,-1,-1
425,39,931.70,353.30,70.30,213.40,1.0000,-1,-1,-1
425,41,852.20,364.70,69.80,212.20,1.0000,-1,-1,-1
425,42,1416.40,1.40,46.50,114.00,1.0000,-1,-1,-1
425,46,233.80,134.80,58.00,170.90,1.0000,-1,-1,-1
425,49,248.60,2.30,54.50,120.10,1.0000,-1,-1,-1
425,50,345.30,235.10,61.50,183.90,1.0000,-1,-1,-1
425,52,1144.30,72.30,58.90,172.10,1.0000,-1,-1,-1
425,53,479.10,37.80,55.60,155.80,1.0000,-1,-1,-1
425,54,1638.20,103.70,52.80,170.00,1.0000,-1,-1,-1
425,55,1742.60,674.50,93.80,251.70,1.0000,-1,-1,-1
425,56,1482.10,1.00,55.10,111.40,1.0000,-1,-1,-1
425,57,435.90,76.50,55.50,174.20,1.0000,-1,-1,-1
425,58,1245.00,759.70,90.90,269.10,1.0000,-1,-1,-1
425,60,479.60,217.00,63.60,184.20,1.0000,-1,-1,-1
425,61,288.40,125.70,53.80,168.60,0.9970,-1,-1,-1
426,0,1221.20,29.50,62.20,119.00,1.0000,-1,-1,-1
426,1,1473.90,140.10,63.40,165.80,1.0000,-1,-1,-1
426,2,686.30,206.00,80.30,113.30,1.0000,-1,-1,-1
426,3,1720.60,452.90,78.10,214.30,1.0000,-1,-1,-1
426,4,321.50,767.90,95.40,273.80,1.0000,-1,-1,-1
426,9,793.60,139.60,73.70,173.90,1.0000,-1,-1,-1
426,16,1757.40,135.90,63.50,182.20,1.0000,-1,-1,-1
426,17,553.70,115.20,54.40,171.20,1.0000,-1,-1,-1
426,23,1574.30,587.00,103.90,237.70,1.0000,-1,-1,-1
426,25,391.70,388.00,66.90,213.00,1.0000,-1,-1,-1
426,31,318.00,172.90,57.30,186.50,0.9900,-1,-1,-1
426,32,750.80,72.50,56.00,160.30,1.0000,-1,-1,-1
426,36,322.20,409.60,79.20,195.80,1.0000,-1,-1,-1
426,38,426.60,234.20,66.70,185.60,1.0000,-1,-1,-1
426,39,932.10,349.70,70.00,216.00,1.0000,-1,-1,-1
426,41,852.10,363.30,69.60,211.40,1.0000,-1,-1,-1
426,42,1414.40,3.00,45.40,111.30,1.0000,-1,-1,-1
426,46,233.30,134.30,57.50,171.60,1.0000,-1,-1,-1
426,49,246.50,2.10,54.60,121.50,1.0000,-1,-1,-1
426,50,344.20,235.90,62.40,185.40,1.0000,-1,-1,-1
426,52,1145.70,75.00,58.90,170.80,1.0000,-1,-1,-1
426,53,479.50,37.90,54.90,158.60,1.0000,-1,-1,-1
426,54,1638.90,106.10,52.90,168.30,1.0000,-1,-1,-1
426,55,1742.70,675.30,94.80,250.00,1.0000,-1,-1,-1
426,56,1481.20,1.00,54.00,110.40,1.0000,-1,-1,-1
426,57,436.40,77.90,54.00,173.40,1.0000,-1,-1,-1
426,58,1242.40,755.70,92.30,269.40,1.0000,-1,-1,-1
426,60,480.20,218.60,61.50,182.70,1.0000,-1,-1,-1
426,61,288.10,127.40,53.10,164.60,0.9970,-1,-1,-1
427,0,1221.40,30.10,62.20,119.00,1.0000,-1,-1,-1
427,1,1473.10,139.90,63.40,165.30,1.0000,-1,-1,-1
427,2,685.80,206.20,81.10,113.20,1.0000,-1,-1,-1
427,3,1720.50,453.70,78.10,214.40,1.0000,-1,-1,-1
427,4,320.00,769.10,96.80,273.20,1.0000,-1,-1,-1
427,9,794.00,139.60,73.40,173.60,1.0000,-1,-1,-1
427,16,1757.80,138.10,65.50,180.30,1.0000,-1,-1,-1
427,17,553.00,116.70,55.20,172.00,1.0000,-1,-1,-1
427,23,1574.60,588.30,103.10,236.50,1.0000,-1,-1,-1
427,25,391.70,390.80,66.90,214.70,1.0000,-1,-1,-1
427,31,320.90,164.40,56.00,205.20,0.9610,-1,-1,-1
427,32,750.30,72.10,56.30,160.90,1.0000,-1,-1,-1
427,36,322.40,414.70,79.20,190.70,1.0000,-1,-1,-1
427,38,424.00,232.90,69.50,190.40,1.0000,-1,-1,-1
427,39,930.90,348.00,70.60,216.70,1.0000,-1,-1,-1
427,41,852.50,362.80,69.10,210.20,1.0000,-1,-1,-1
427,42,1413.00,2.30,46.00,112.20,1.0000,-1,-1,-1
427,46,232.70,135.50,57.50,170.00,1.0000,-1,-1,-1
427,49,246.00,2.10,54.70,124.00,1.0000,-1,-1,-1
427,50,343.00,235.30,62.80,185.80,1.0000,-1,-1,-1
427,52,1147.20,78.40,59.30,167.20,1.0000,-1,-1,-1
427,53,479.40,41.00,54.90,157.50,1.0000,-1,-1,-1
427,54,1639.50,110.30,51.80,164.20,1.0000,-1,-1,-1
427,55,1742.80,675.60,94.10,251.30,1.0000,-1,-1,-1
427,56,1479.70,1.00,54.60,111.20,1.0000,-1,-1,-1
427,57,436.40,75.80,55.20,176.30,1.0000,-1,-1,-1
427,58,1240.00,755.70,91.80,264.20,1.0000,-1,-1,-1
427,60,482.20,220.10,60.10,181.70,1.0000,-1,-1,-1
427,61,288.80,126.40,53.40,165.50,0.9980,-1,-1,-1
428,0,1221.60,30.30,62.40,118.60,1.0000,-1,-1,-1
428,1,1471.40,138.80,65.30,165.80,1.0000,-1,-1,-1
428,2,686.50,206.00,80.00,113.00,1.0000,-1,-1,-1
428,3,1719.60,453.70,79.40,214.40,1.0000,-1,-1,-1
428,4,320.00,770.30,96.90,272.10,1.0000,-1,-1,-1
428,9,793.80,139.80,73.40,174.20,1.0000,-1,-1,-1
428,16,1759.60,139.80,65.60,180.50,1.0000,-1,-1,-1
428,17,552.90,116.10,55.80,172.90,1.0000,-1,-1,-1
428,23,1575.00,587.50,102.70,238.50,1.0000,-1,-1,-1
428,25,392.10,392.10,67.80,217.70,1.0000,-1,-1,-1
428,31,320.80,166.80,55.10,201.00,0.9060,-1,-1,-1
428,32,751.00,72.60,55.90,160.80,1.0000,-1,-1,-1
428,36,321.10,413.70,82.50,193.80,1.0000,-1,-1,-1
428,38,424.00,235.60,68.50,190.40,1.0000,-1,-1,-1
428,39,928.40,345.90,72.90,220.40,1.0000,-1,-1,-1
428,41,852.80,363.00,68.20,209.40,1.0000,-1,-1,-1
428,42,1412.30,2.50,45.60,111.20,1.0000,-1,-1,-1
428,46,232.10,136.70,57.10,167.20,1.0000,-1,-1,-1
428,49,245.50,2.60,53.70,123.30,1.0000,-1,-1,-1
428,50,340.90,236.80,64.00,186.70,1.0000,-1,-1,-1
428,52,1148.10,79.40,59.00,168.50,1.0000,-1,-1,-1
428,53,480.20,41.60,54.60,158.80,1.0000,-1,-1,-1
428,54,1639.10,109.10,53.80,166.30,1.0000,-1,-1,-1
428,55,1742.50,676.00,95.00,251.00,1.0000,-1,-1,-1
428,56,1478.30,1.00,55.00,110.30,1.0000,-1,-1,-1
428,57,436.10,74.90,56.00,175.50,1.0000,-1,-1,-1
428,58,1237.00,753.30,93.90,264.30,1.0000,-1,-1,-1
428,60,482.80,222.70,59.70,179.10,1.0000,-1,-1,-1
428,61,288.70,125.40,53.60,167.80,0.9990,-1,-1,-1
428,59,313.60,1.00,42.80,132.10,0.1140,-1,-1,-1
429,0,1221.40,30.20,61.50,119.10,1.0000,-1,-1,-1
429,1,1471.00,137.80,65.90,163.80,1.0000,-1,-1,-1
429,2,686.40,206.20,80.10,112.90,1.0000,-1,-1,-1
429,3,1720.80,454.30,78.10,212.90,1.0000,-1,-1,-1
429,4,320.40,771.60,96.80,270.50,1.0000,-1,-1,-1
429,9,793.20,140.70,73.90,172.00,1.0000,-1,-1,-1
429,16,1760.90,142.50,65.30,177.40,1.0000,-1,-1,-1
429,17,551.70,115.40,55.80,172.70,1.0000,-1,-1,-1
429,23,1575.40,588.60,102.50,234.60,1.0000,-1,-1,-1
429,25,391.80,394.60,67.10,218.30,1.0000,-1,-1,-1
429,31,322.10,170.70,50.50,195.00,0.9020,-1,-1,-1
429,32,750.70,72.10,56.30,161.70,1.0000,-1,-1,-1
429,36,320.10,410.40,79.70,195.70,1.0000,-1,-1,-1
429,38,423.70,235.70,68.50,193.20,1.0000,-1,-1,-1
429,39,927.20,344.60,75.60,222.40,1.0000,-1,-1,-1
429,41,852.60,362.00,67.70,210.70,1.0000,-1,-1,-1
429,42,1411.70,2.40,46.30,110.60,1.0000,-1,-1,-1
429,46,231.70,136.30,56.80,166.40,1.0000,-1,-1,-1
429,49,243.40,3.00,54.20,124.00,1.0000,-1,-1,-1
429,50,340.10,237.60,64.10,185.90,1.0000,-1,-1,-1
429,52,1149.10,80.70,58.10,167.80,1.0000,-1,-1,-1
429,53,480.50,44.60,54.80,159.20,1.0000,-1,-1,-1
429,54,1641.30,110.00,54.30,167.40,1.0000,-1,-1,-1
429,55,1742.30,677.20,94.00,250.30,1.0000,-1,-1,-1
429,56,1477.50,1.00,55.70,109.50,1.0000,-1,-1,-1
429,57,436.90,75.20,55.70,176.40,1.0000,-1,-1,-1
429,58,1235.40,746.80,94.40,272.50,1.0000,-1,-1,-1
429,60,481.70,223.60,61.60,180.80,1.0000,-1,-1,-1
429,61,288.50,128.00,53.10,168.70,0.9990,-1,-1,-1
429,59,313.30,1.00,45.10,134.50,0.4780,-1,-1,-1
430,0,1221.50,30.10,62.30,119.00,1.0000,-1,-1,-1
430,1,1471.30,138.30,65.80,162.00,1.0000,-1,-1,-1
430,2,686.00,206.60,80.60,112.70,1.0000,-1,-1,-1
430,3,1720.00,452.70,79.10,215.20,1.0000,-1,-1,-1
430,4,320.30,773.70,96.50,269.20,1.0000,-1,-1,-1
430,9,793.40,140.30,74.40,172.50,1.0000,-1,-1,-1
430,16,1762.40,145.30,65.20,175.30,1.0000,-1,-1,-1
430,17,551.60,117.70,55.20,170.80,1.0000,-1,-1,-1
430,23,1577.40,591.20,99.70,236.40,1.0000,-1,-1,-1
430,25,390.00,395.00,67.00,219.50,1.0000,-1,-1,-1
430,32,751.10,72.70,56.00,161.20,1.0000,-1,-1,-1
430,36,319.70,410.00,78.90,196.10,1.0000,-1,-1,-1
430,38,421.80,235.20,70.70,195.70,1.0000,-1,-1,-1
430,39,928.20,344.60,74.20,220.50,1.0000,-1,-1,-1
430,41,850.80,360.80,69.50,212.10,1.0000,-1,-1,-1
430,42,1409.50,2.20,46.40,108.70,1.0000,-1,-1,-1
430,46,230.70,137.10,56.90,165.80,1.0000,-1,-1,-1
430,49,242.60,3.30,53.70,122.90,0.9990,-1,-1,-1
430,50,340.20,238.60,63.10,183.60,1.0000,-1,-1,-1
430,52,1150.30,82.20,58.00,166.50,1.0000,-1,-1,-1
430,53,481.20,45.10,55.20,161.50,1.0000,-1,-1,-1
430,54,1642.20,110.00,53.80,167.30,1.0000,-1,-1,-1
430,55,1742.50,676.90,93.90,250.50,1.0000,-1,-1,-1
430,56,1476.40,1.00,55.60,108.20,1.0000,-1,-1,-1
430,57,437.70,75.30,56.30,176.70,1.0000,-1,-1,-1
430,58,1232.20,744.30,96.90,272.30,1.0000,-1,-1,-1
430,59,312.50,1.00,47.30,134.30,0.8680,-1,-1,-1
430,60,482.20,224.80,63.30,181.70,1.0000,-1,-1,-1
430,61,288.30,126.80,54.20,170.70,1.0000,-1,-1,-1
430,31,324.10,167.80,46.80,195.80,0.4760,-1,-1,-1
431,0,1221.40,30.00,62.40,119.00,1.0000,-1,-1,-1
431,1,1471.20,138.00,66.40,163.00,1.0000,-1,-1,-1
431,2,686.30,206.30,80.50,113.00,1.0000,-1,-1,-1
431,3,1720.80,453.70,78.60,212.90,1.0000,-1,-1,-1
431,4,321.80,776.60,95.80,268.20,1.0000,-1,-1,-1
431,9,793.40,139.90,74.70,173.10,1.0000,-1,-1,-1
431,16,1762.90,148.40,65.20,173.30,1.0000,-1,-1,-1
431,17,551.00,120.10,54.70,169.70,1.0000,-1,-1,-1
431,23,1577.20,591.80,99.40,236.00,1.0000,-1,-1,-1
431,25,388.30,396.20,70.50,220.20,1.0000,-1,-1,-1
431,32,751.50,73.00,56.00,161.00,1.0000,-1,-1,-1
431,36,319.00,411.00,79.30,195.70,1.0000,-1,-1,-1
431,38,420.90,235.20,70.30,196.30,1.0000,-1,-1,-1
431,39,928.00,343.90,73.90,220.80,1.0000,-1,-1,-1
431,41,850.10,359.80,70.50,213.00,1.0000,-1,-1,-1
431,42,1408.00,1.50,47.00,108.90,1.0000,-1,-1,-1
431,46,231.10,135.90,56.30,166.50,1.0000,-1,-1,-1
431,49,242.60,2.20,54.30,120.40,0.9980,-1,-1,-1
431,50,337.50,239.00,65.40,183.90,1.0000,-1,-1,-1
431,52,1152.20,83.20,57.30,165.60,1.0000,-1,-1,-1
431,53,480.50,46.40,54.40,163.50,1.0000,-1,-1,-1
431,54,1643.00,109.90,54.70,167.40,1.0000,-1,-1,-1
431,55,1742.90,677.50,93.10,249.40,1.0000,-1,-1,-1
431,56,1474.20,1.00,56.90,111.00,1.0000,-1,-1,-1
431,57,437.00,74.60,56.90,179.10,1.0000,-1,-1,-1
431,58,1230.10,743.40,95.90,273.20,1.0000,-1,-1,-1
431,59,312.30,1.00,47.40,132.80,0.8950,-1,-1,-1
431,60,482.90,225.00,64.40,182.50,1.0000,-1,-1,-1
431,61,288.20,126.00,53.80,172.90,1.0000,-1,-1,-1
431,31,324.90,164.90,46.80,198.40,0.0730,-1,-1,-1
432,0,1221.00,30.00,62.20,119.60,1.0000,-1,-1,-1
432,1,1470.40,137.60,67.10,163.60,1.0000,-1,-1,-1
432,2,686.50,206.00,79.70,113.20,1.0000,-1,-1,-1
432,3,1721.20,454.60,77.60,212.00,1.0000,-1,-1,-1
432,4,323.20,779.70,96.80,269.70,1.0000,-1,-1,-1
432,9,793.60,139.40,74.20,174.20,1.0000,-1,-1,-1
432,16,1762.90,148.40,67.10,174.20,1.0000,-1,-1,-1
432,17,550.40,118.80,54.80,170.30,1.0000,-1,-1,-1
432,23,1575.60,589.20,102.30,236.10,1.0000,-1,-1,-1
432,25,389.50,401.40,69.30,217.60,1.0000,-1,-1,-1
432,32,751.00,72.30,56.40,161.10,1.0000,-1,-1,-1
432,36,322.20,417.70,78.10,191.10,1.0000,-1,-1,-1
432,38,421.80,237.60,68.50,195.50,1.0000,-1,-1,-1
432,39,926.80,343.10,75.00,219.40,1.0000,-1,-1,-1
432,41,849.90,358.60,70.30,212.30,1.0000,-1,-1,-1
432,42,1407.30,1.30,46.80,107.20,1.0000,-1,-1,-1
432,46,230.50,137.40,56.00,165.80,1.0000,-1,-1,-1
432,49,242.40,2.60,54.00,120.10,0.9990,-1,-1,-1
432,50,336.50,241.80,64.40,182.70,1.0000,-1,-1,-1
432,52,1153.00,83.90,56.60,167.10,1.0000,-1,-1,-1
432,53,481.80,47.40,55.00,161.30,1.0000,-1,-1,-1
432,54,1644.40,109.00,54.50,168.50,1.0000,-1,-1,-1
432,55,1742.30,678.10,94.50,248.80,1.0000,-1,-1,-1
432,56,1472.20,1.00,57.50,110.50,1.0000,-1,-1,-1
432,57,438.60,74.10,56.70,177.00,1.0000,-1,-1,-1
432,58,1227.60,741.80,94.80,273.00,1.0000,-1,-1,-1
432,59,313.50,1.00,47.00,133.30,0.9830,-1,-1,-1
432,60,484.50,227.50,63.90,181.90,1.0000,-1,-1,-1
432,61,289.10,125.60,53.30,174.40,1.0000,-1,-1,-1
433,0,1221.20,30.60,62.40,119.30,1.0000,-1,-1,-1
433,1,1471.00,143.10,65.20,158.70,1.0000,-1,-1,-1
433,2,686.40,206.10,80.10,112.30,1.0000,-1,-1,-1
433,3,1719.80,454.30,79.10,213.00,1.0000,-1,-1,-1
433,4,322.30,780.50,95.30,267.90,1.0000,-1,-1,-1
433,9,792.60,141.20,74.30,171.60,1.0000,-1,-1,-1
433,16,1764.40,150.30,66.80,175.00,1.0000,-1,-1,-1
433,17,549.80,118.70,54.70,171.50,1.0000,-1,-1,-1
433,23,1575.60,589.20,102.30,235.80,1.0000,-1,-1,-1
433,25,391.30,404.60,67.90,217.00,1.0000,-1,-1,-1
433,32,750.40,70.40,56.40,162.70,1.0000,-1,-1,-1
433,36,318.10,413.10,81.70,198.60,1.0000,-1,-1,-1
433,38,420.60,238.70,69.50,194.50,1.0000,-1,-1,-1
433,39,927.00,343.50,74.40,218.40,1.0000,-1,-1,-1
433,41,850.30,358.10,68.50,210.70,1.0000,-1,-1,-1
433,42,1406.20,1.30,47.90,105.90,1.0000,-1,-1,-1
433,46,230.10,135.50,55.80,168.00,1.0000,-1,-1,-1
433,49,242.50,1.90,53.70,118.00,0.9990,-1,-1,-1
433,50,335.70,241.00,65.20,190.70,1.0000,-1,-1,-1
433,52,1154.50,83.80,56.40,169.70,1.0000,-1,-1,-1
433,53,482.60,50.80,53.90,158.10,1.0000,-1,-1,-1
433,54,1645.90,109.00,53.60,169.10,1.0000,-1,-1,-1
433,55,1742.40,677.00,93.90,249.20,1.0000,-1,-1,-1
433,56,1471.50,1.00,58.40,108.40,1.0000,-1,-1,-1
433,57,439.10,74.50,55.10,177.80,1.0000,-1,-1,-1
433,58,1226.00,738.40,95.10,274.50,1.0000,-1,-1,-1
433,59,313.40,1.00,47.50,132.80,0.9870,-1,-1,-1
433,60,485.40,229.30,63.40,181.00,1.0000,-1,-1,-1
433,61,288.70,124.70,53.00,174.10,1.0000,-1,-1,-1
434,0,1220.80,30.30,62.50,119.60,1.0000,-1,-1,-1
434,1,1470.90,142.80,65.40,161.40,1.0000,-1,-1,-1
434,2,686.70,206.30,79.70,112.80,1.0000,-1,-1,-1
434,3,1719.60,456.00,78.40,210.80,1.0000,-1,-1,-1
434,4,323.80,781.50,93.80,270.30,1.0000,-1,-1,-1
434,9,793.40,141.00,74.40,172.30,1.0000,-1,-1,-1
434,16,1764.20,150.60,69.10,176.50,1.0000,-1,-1,-1
434,17,549.70,118.60,55.90,170.70,1.0000,-1,-1,-1
434,23,1575.70,589.50,102.10,235.30,1.0000,-1,-1,-1
434,25,391.00,407.50,66.80,216.20,1.0000,-1,-1,-1
434,32,750.90,70.50,56.10,163.70,1.0000,-1,-1,-1
434,36,318.80,416.70,84.50,193.60,1.0000,-1,-1,-1
434,38,420.00,240.70,69.00,195.20,1.0000,-1,-1,-1
434,39,925.50,342.10,76.30,220.20,1.0000,-1,-1,-1
434,41,849.80,355.70,68.50,210.70,1.0000,-1,-1,-1
434,42,1406.60,1.50,47.80,105.70,1.0000,-1,-1,-1
434,46,229.50,136.90,55.50,166.50,1.0000,-1,-1,-1
434,49,242.30,1.90,51.50,117.10,0.9990,-1,-1,-1
434,50,335.90,241.30,65.00,191.40,1.0000,-1,-1,-1
434,52,1153.90,85.50,58.60,167.80,1.0000,-1,-1,-1
434,53,483.90,52.50,52.90,157.40,1.0000,-1,-1,-1
434,54,1645.90,108.90,55.40,171.80,1.0000,-1,-1,-1
434,55,1740.60,674.50,93.90,249.20,1.0000,-1,-1,-1
434,56,1469.70,1.00,59.00,106.70,1.0000,-1,-1,-1
434,57,440.20,71.90,55.60,181.80,1.0000,-1,-1,-1
434,58,1224.50,736.50,95.50,272.70,1.0000,-1,-1,-1
434,59,312.50,1.00,48.90,131.10,0.9960,-1,-1,-1
434,60,486.90,231.70,61.90,177.90,1.0000,-1,-1,-1
434,61,289.20,124.50,52.70,172.40,1.0000,-1,-1,-1
435,0,1221.40,31.40,62.60,119.00,1.0000,-1,-1,-1
435,1,1473.40,149.80,62.80,159.60,1.0000,-1,-1,-1
435,2,686.30,206.20,80.00,113.40,1.0000,-1,-1,-1
435,3,1721.00,453.90,78.10,213.20,1.0000,-1,-1,-1
435,4,323.20,784.20,93.40,270.10,1.0000,-1,-1,-1
435,9,793.10,141.70,72.80,170.60,1.0000,-1,-1,-1
435,16,1765.40,152.20,69.60,177.00,1.0000,-1,-1,-1
435,17,549.70,118.10,56.20,172.80,1.0000,-1,-1,-1
435,23,1574.50,589.40,104.70,235.60,1.0000,-1,-1,-1
435,25,391.10,408.90,67.90,215.90,1.0000,-1,-1,-1
435,32,751.10,70.10,56.20,165.20,1.0000,-1,-1,-1
435,36,318.80,419.00,82.70,193.80,1.0000,-1,-1,-1
435,38,419.70,242.50,69.10,195.80,1.0000,-1,-1,-1
435,39,924.40,341.30,77.40,218.20,1.0000,-1,-1,-1
435,41,847.90,353.80,70.00,209.50,1.0000,-1,-1,-1
435,42,1406.30,2.10,47.90,104.50,1.0000,-1,-1,-1
435,46,229.60,136.50,55.30,167.90,1.0000,-1,-1,-1
435,49,240.20,1.70,50.80,117.50,0.9960,-1,-1,-1
435,50,334.50,241.80,65.20,192.60,1.0000,-1,-1,-1
435,52,1153.30,84.50,60.30,168.20,1.0000,-1,-1,-1
435,53,484.10,50.40,53.90,160.90,1.0000,-1,-1,-1
435,54,1645.40,108.40,56.80,172.50,1.0000,-1,-1,-1
435,55,1741.20,675.00,92.90,248.70,1.0000,-1,-1,-1
435,56,1467.70,1.00,58.60,105.50,1.0000,-1,-1,-1
435,57,442.20,74.00,54.00,180.80,1.0000,-1,-1,-1
435,58,1223.80,735.90,93.20,266.80,1.0000,-1,-1,-1
435,59,312.60,1.00,48.80,130.60,0.9990,-1,-1,-1
435,60,486.60,231.50,62.40,179.10,1.0000,-1,-1,-1
435,61,289.30,124.00,53.00,171.80,1.0000,-1,-1,-1
435,-1,432.40,11.60,49.30,127.80,0.1700,-1,-1,-1
436,0,1220.80,30.10,62.80,119.90,1.0000,-1,-1,-1
436,1,1472.80,149.80,65.00,161.10,1.0000,-1,-1,-1
436,2,686.10,206.10,80.20,113.70,1.0000,-1,-1,-1
436,3,1721.30,453.50,77.70,214.60,1.0000,-1,-1,-1
436,4,327.60,786.90,89.90,269.70,1.0000,-1,-1,-1
436,9,794.30,140.10,71.80,172.40,1.0000,-1,-1,-1
436,16,1768.10,154.70,68.30,172.50,1.0000,-1,-1,-1
436,17,549.80,118.50,56.10,172.60,1.0000,-1,-1,-1
436,23,1573.80,588.70,105.20,235.80,1.0000,-1,-1,-1
436,25,392.10,413.80,66.70,214.20,1.0000,-1,-1,-1
436,32,751.80,70.70,55.40,164.80,1.0000,-1,-1,-1
436,36,318.00,417.70,80.10,202.20,1.0000,-1,-1,-1
436,38,419.00,242.90,70.10,197.40,1.0000,-1,-1,-1
436,39,926.10,339.90,76.30,217.00,1.0000,-1,-1,-1
436,41,847.70,352.20,68.50,206.40,1.0000,-1,-1,-1
436,42,1404.70,2.40,49.00,103.40,1.0000,-1,-1,-1
436,46,229.20,137.00,55.60,166.90,1.0000,-1,-1,-1
436,50,334.80,242.30,64.80,193.60,1.0000,-1,-1,-1
436,52,1153.80,84.20,59.80,170.70,1.0000,-1,-1,-1
436,53,483.30,51.80,55.40,162.50,1.0000,-1,-1,-1
436,54,1645.70,108.80,57.10,173.40,1.0000,-1,-1,-1
436,55,1740.10,674.60,95.20,250.80,1.0000,-1,-1,-1
436,56,1464.70,1.00,61.50,104.50,1.0000,-1,-1,-1
436,57,443.20,72.70,54.80,181.80,1.0000,-1,-1,-1
436,58,1221.00,733.70,93.20,267.40,1.0000,-1,-1,-1
436,59,313.40,1.00,47.90,130.20,0.9990,-1,-1,-1
436,60,486.70,231.50,64.80,180.60,1.0000,-1,-1,-1
436,61,289.60,123.00,52.90,173.20,1.0000,-1,-1,-1
436,49,238.70,2.90,53.40,115.90,0.5810,-1,-1,-1
437,0,1220.40,30.50,62.40,120.30,1.0000,-1,-1,-1
437,1,1471.10,149.00,67.30,161.90,1.0000,-1,-1,-1
437,2,686.10,206.10,80.30,113.70,1.0000,-1,-1,-1
437,3,1721.40,454.00,77.80,213.30,1.0000,-1,-1,-1
437,4,327.70,790.40,89.00,270.10,1.0000,-1,-1,-1
437,9,793.70,140.00,72.50,172.00,1.0000,-1,-1,-1
437,16,1767.50,151.70,69.30,177.50,1.0000,-1,-1,-1
437,17,550.10,118.30,55.40,172.30,1.0000,-1,-1,-1
437,23,1573.80,589.00,105.20,236.80,1.0000,-1,-1,-1
437,25,393.50,412.50,65.30,217.40,1.0000,-1,-1,-1
437,32,751.30,69.00,55.40,167.00,1.0000,-1,-1,-1
437,36,315.80,419.00,81.60,202.60,1.0000,-1,-1,-1
437,38,418.70,247.00,70.10,193.80,1.0000,-1,-1,-1
437,39,925.70,339.00,76.10,213.70,1.0000,-1,-1,-1
437,41,847.50,348.40,68.50,207.50,1.0000,-1,-1,-1
437,42,1403.90,1.90,48.90,104.60,1.0000,-1,-1,-1
437,46,229.30,137.00,55.80,165.80,1.0000,-1,-1,-1
437,50,333.50,242.80,64.70,190.60,1.0000,-1,-1,-1
437,52,1154.50,84.60,61.50,172.10,1.0000,-1,-1,-1
437,53,483.30,52.60,55.30,160.80,1.0000,-1,-1,-1
437,54,1645.40,110.40,59.00,173.70,1.0000,-1,-1,-1
437,55,1741.20,674.10,94.10,251.70,1.0000,-1,-1,-1
437,56,1463.30,1.00,61.10,104.30,1.0000,-1,-1,-1
437,57,442.60,74.40,53.30,179.50,1.0000,-1,-1,-1
437,58,1220.70,732.60,92.20,265.00,1.0000,-1,-1,-1
437,59,312.60,1.00,48.90,132.00,0.9990,-1,-1,-1
437,60,487.10,232.60,63.80,178.50,1.0000,-1,-1,-1
437,61,288.90,121.90,53.40,174.30,1.0000,-1,-1,-1
437,49,238.10,3.30,51.40,118.20,0.0890,-1,-1,-1
437,-1,388.00,1.80,49.70,120.20,0.2030,-1,-1,-1
437,-1,433.80,3.70,49.40,134.30,0.9580,-1,-1,-1
438,0,1220.90,30.70,61.70,119.40,1.0000,-1,-1,-1
438,1,1471.10,148.90,65.70,162.70,1.0000,-1,-1,-1
438,2,686.00,206.30,80.40,113.30,1.0000,-1,-1,-1
438,3,1721.00,453.70,79.00,213.80,1.0000,-1,-1,-1
438,4,327.60,796.90,89.90,266.20,1.0000,-1,-1,-1
438,9,792.90,140.50,72.90,171.50,1.0000,-1,-1,-1
438,16,1766.60,150.30,70.40,179.80,1.0000,-1,-1,-1
438,17,549.40,119.10,55.50,170.20,1.0000,-1,-1,-1
438,23,1574.20,588.50,105.00,237.10,1.0000,-1,-1,-1
438,25,392.90,415.60,65.60,214.00,1.0000,-1,-1,-1
438,32,751.40,69.00,55.50,165.80,1.0000,-1,-1,-1
438,36,314.60,421.90,82.70,202.30,1.0000,-1,-1,-1
438,38,417.90,247.60,70.80,195.00,1.0000,-1,-1,-1
438,39,926.20,335.40,74.70,215.40,1.0000,-1,-1,-1
438,41,848.10,348.40,66.30,204.70,1.0000,-1,-1,-1
438,42,1403.10,2.00,48.90,103.50,1.0000,-1,-1,-1
438,46,229.90,138.50,55.00,164.30,1.0000,-1,-1,-1
438,50,333.00,243.60,64.60,189.20,1.0000,-1,-1,-1
438,52,1154.70,86.30,61.90,172.00,1.0000,-1,-1,-1
438,53,483.40,52.50,55.30,161.60,0.9990,-1,-1,-1
438,54,1646.00,112.80,59.30,174.10,1.0000,-1,-1,-1
438,55,1742.00,676.20,95.40,250.40,1.0000,-1,-1,-1
438,56,1460.80,1.00,62.70,103.90,1.0000,-1,-1,-1
438,57,443.80,74.60,52.10,179.70,1.0000,-1,-1,-1
438,58,1218.00,727.90,94.80,267.30,1.0000,-1,-1,-1
438,59,313.30,1.00,48.60,129.20,1.0000,-1,-1,-1
438,60,487.70,231.80,64.30,177.90,1.0000,-1,-1,-1
438,61,290.00,124.90,53.50,173.80,1.0000,-1,-1,-1
438,62,433.70,3.00,49.00,140.90,0.9970,-1,-1,-1
438,49,237.80,5.20,52.30,118.60,0.2780,-1,-1,-1
438,-1,385.10,2.20,49.70,119.80,0.2030,-1,-1,-1
439,0,1221.30,31.00,61.40,119.70,1.0000,-1,-1,-1
439,1,1471.50,149.50,65.90,163.30,1.0000,-1,-1,-1
439,2,685.90,206.50,80.20,113.70,1.0000,-1,-1,-1
439,3,1720.90,454.40,78.30,212.90,1.0000,-1,-1,-1
439,4,328.90,796.80,89.10,272.10,1.0000,-1,-1,-1
439,9,793.40,140.50,72.80,173.10,1.0000,-1,-1,-1
439,16,1768.50,152.10,67.80,178.00,1.0000,-1,-1,-1
439,17,549.50,118.10,55.70,172.20,1.0000,-1,-1,-1
439,23,1573.60,588.80,104.70,236.60,1.0000,-1,-1,-1
439,25,392.60,415.90,65.40,214.00,1.0000,-1,-1,-1
439,32,751.70,72.10,55.10,163.60,1.0000,-1,-1,-1
439,36,311.50,423.40,85.40,197.90,1.0000,-1,-1,-1
439,38,416.80,245.40,71.40,197.80,1.0000,-1,-1,-1
439,39,926.10,331.80,73.70,216.30,1.0000,-1,-1,-1
439,41,847.00,346.10,67.70,203.10,1.0000,-1,-1,-1
439,42,1402.40,2.10,47.80,103.30,1.0000,-1,-1,-1
439,46,229.50,137.30,55.30,165.20,1.0000,-1,-1,-1
439,50,333.10,242.50,63.80,191.70,1.0000,-1,-1,-1
439,52,1153.40,87.80,64.20,172.90,1.0000,-1,-1,-1
439,53,483.20,51.70,54.60,162.40,0.9990,-1,-1,-1
439,54,1646.90,115.80,58.60,172.50,1.0000,-1,-1,-1
439,55,1741.10,674.00,94.60,251.50,1.0000,-1,-1,-1
439,56,1459.80,1.00,63.10,104.70,1.0000,-1,-1,-1
439,57,441.60,74.30,54.30,179.80,1.0000,-1,-1,-1
439,58,1217.00,723.80,93.50,267.80,1.0000,-1,-1,-1
439,59,313.10,1.00,48.50,129.30,0.9990,-1,-1,-1
439,60,488.70,232.00,63.50,179.80,1.0000,-1,-1,-1
439,61,289.70,124.20,53.70,172.00,1.0000,-1,-1,-1
439,62,433.20,3.00,51.40,141.90,0.9960,-1,-1,-1
439,-1,383.40,2.00,52.80,120.70,0.5650,-1,-1,-1
440,0,1221.60,30.60,60.90,119.90,1.0000,-1,-1,-1
440,1,1471.90,150.80,66.30,163.20,1.0000,-1,-1,-1
440,2,686.00,206.40,80.00,113.50,1.0000,-1,-1,-1
440,3,1721.40,453.50,78.10,214.40,1.0000,-1,-1,-1
440,4,328.40,795.00,90.30,273.80,1.0000,-1,-1,-1
440,9,792.50,140.70,74.60,172.70,1.0000,-1,-1,-1
440,16,1769.10,151.60,67.30,182.80,1.0000,-1,-1,-1
440,17,550.10,118.40,54.20,171.90,1.0000,-1,-1,-1
440,23,1574.20,589.60,103.40,237.20,1.0000,-1,-1,-1
440,25,392.00,415.60,65.60,213.40,1.0000,-1,-1,-1
440,32,752.00,72.80,54.80,161.80,1.0000,-1,-1,-1
440,36,310.40,423.90,87.60,202.30,1.0000,-1,-1,-1
440,38,416.40,244.50,72.40,200.70,1.0000,-1,-1,-1
440,39,926.40,330.20,72.40,215.70,1.0000,-1,-1,-1
440,41,848.50,343.80,66.30,203.40,1.0000,-1,-1,-1
440,42,1402.90,1.70,46.80,102.50,1.0000,-1,-1,-1
440,46,229.70,137.00,55.50,164.10,1.0000,-1,-1,-1
440,50,332.40,242.50,64.90,195.70,1.0000,-1,-1,-1
440,52,1152.50,90.70,66.10,171.50,1.0000,-1,-1,-1
440,53,484.20,51.90,54.30,160.40,0.9990,-1,-1,-1
440,54,1648.30,117.70,58.10,172.90,1.0000,-1,-1,-1
440,55,1742.50,677.40,94.90,248.80,1.0000,-1,-1,-1
440,56,1458.60,1.00,63.30,104.00,1.0000,-1,-1,-1
440,57,442.20,72.10,55.60,179.70,1.0000,-1,-1,-1
440,58,1216.90,721.60,90.50,267.90,1.0000,-1,-1,-1
440,59,313.60,1.00,47.70,130.20,0.9990,-1,-1,-1
440,60,488.90,231.30,65.00,181.30,1.0000,-1,-1,-1
440,61,289.50,124.50,54.40,172.40,1.0000,-1,-1,-1
440,62,433.90,4.30,51.30,147.90,0.9100,-1,-1,-1
440,-1,383.10,1.60,53.50,123.00,0.9160,-1,-1,-1
441,0,1221.80,30.50,61.40,120.40,1.0000,-1,-1,-1
441,1,1472.60,152.00,65.80,163.60,1.0000,-1,-1,-1
441,2,685.70,206.40,81.00,113.10,1.0000,-1,-1,-1
441,3,1721.30,456.40,78.10,208.30,1.0000,-1,-1,-1
441,4,328.70,797.70,91.40,270.20,1.0000,-1,-1,-1
441,9,792.80,140.80,73.70,172.70,1.0000,-1,-1,-1
441,16,1768.90,150.30,69.50,188.70,1.0000,-1,-1,-1
441,17,550.20,119.00,53.60,169.70,1.0000,-1,-1,-1
441,23,1574.50,589.70,103.70,236.90,1.0000,-1,-1,-1
441,25,390.80,415.20,66.40,215.30,1.0000,-1,-1,-1
441,32,751.70,72.90,55.70,162.30,1.0000,-1,-1,-1
441,36,309.50,426.40,89.40,200.50,1.0000,-1,-1,-1
441,38,415.50,247.20,72.30,197.60,1.0000,-1,-1,-1
441,39,927.30,328.40,72.40,216.90,1.0000,-1,-1,-1
441,41,848.10,343.20,65.60,203.40,1.0000,-1,-1,-1
441,42,1401.40,1.80,47.40,103.20,1.0000,-1,-1,-1
441,46,230.10,137.30,55.40,163.30,1.0000,-1,-1,-1
441,50,332.60,244.90,64.00,192.50,1.0000,-1,-1,-1
441,52,1153.60,95.00,66.40,169.00,1.0000,-1,-1,-1
441,53,483.90,51.10,55.20,161.00,1.0000,-1,-1,-1
441,54,1649.30,120.20,58.00,170.70,1.0000,-1,-1,-1
441,55,1741.50,673.20,94.00,251.50,1.0000,-1,-1,-1
441,56,1457.70,1.00,64.40,102.70,1.0000,-1,-1,-1
441,57,443.40,72.30,55.70,178.90,1.0000,-1,-1,-1
441,58,1215.10,723.20,91.70,265.80,1.0000,-1,-1,-1
441,59,313.60,1.00,48.00,129.80,1.0000,-1,-1,-1
441,60,489.60,231.90,65.10,181.10,1.0000,-1,-1,-1
441,61,290.20,126.10,54.20,170.30,1.0000,-1,-1,-1
441,62,432.90,4.90,53.70,145.00,0.6180,-1,-1,-1
441,63,381.70,1.00,53.30,125.10,0.9860,-1,-1,-1
442,0,1221.90,31.40,61.00,119.60,1.0000,-1,-1,-1
442,1,1472.60,151.60,64.80,165.40,1.0000,-1,-1,-1
442,2,686.10,206.40,80.10,113.10,1.0000,-1,-1,-1
442,3,1720.60,453.60,78.70,213.10,1.0000,-1,-1,-1
442,4,329.80,798.40,91.40,275.30,1.0000,-1,-1,-1
442,9,793.10,140.60,73.80,172.30,1.0000,-1,-1,-1
442,16,1770.40,156.50,67.70,185.10,1.0000,-1,-1,-1
442,17,550.00,119.00,53.60,169.30,1.0000,-1,-1,-1
442,23,1574.80,589.00,103.10,236.30,1.0000,-1,-1,-1
442,25,390.40,414.30,67.40,214.80,1.0000,-1,-1,-1
442,32,751.30,71.20,56.20,164.10,1.0000,-1,-1,-1
442,36,307.70,429.10,87.30,199.60,1.0000,-1,-1,-1
442,38,415.30,247.50,72.70,196.70,1.0000,-1,-1,-1
442,39,927.30,326.60,71.60,216.60,1.0000,-1,-1,-1
442,41,847.60,342.30,65.10,206.80,1.0000,-1,-1,-1
442,42,1401.20,1.80,46.80,101.50,1.0000,-1,-1,-1
442,46,229.90,137.60,55.90,162.80,1.0000,-1,-1,-1
442,50,331.10,244.80,64.40,196.20,1.0000,-1,-1,-1
442,52,1153.90,96.60,66.60,168.50,1.0000,-1,-1,-1
442,53,484.50,52.80,54.50,159.00,0.9990,-1,-1,-1
442,54,1649.90,122.70,58.20,171.60,1.0000,-1,-1,-1
442,55,1740.20,673.50,95.70,252.20,1.0000,-1,-1,-1
442,56,1455.50,1.00,63.80,103.00,1.0000,-1,-1,-1
442,57,443.00,70.90,57.30,178.90,1.0000,-1,-1,-1
442,58,1213.90,722.20,92.10,259.70,1.0000,-1,-1,-1
442,59,313.40,1.00,48.10,130.10,1.0000,-1,-1,-1
442,60,490.80,233.10,65.00,183.60,1.0000,-1,-1,-1
442,61,289.20,126.00,54.80,169.80,1.0000,-1,-1,-1
442,63,382.10,1.10,53.40,127.80,0.9970,-1,-1,-1
442,31,326.50,162.50,63.10,155.10,0.0520,-1,-1,-1
443,0,1221.40,30.90,61.70,119.90,1.0000,-1,-1,-1
443,1,1471.20,151.00,65.70,165.50,1.0000,-1,-1,-1
443,2,686.20,206.30,79.90,112.90,1.0000,-1,-1,-1
443,3,1719.60,455.40,79.40,210.40,1.0000,-1,-1,-1
443,4,331.00,802.10,90.80,273.30,1.0000,-1,-1,-1
443,9,793.60,140.20,73.90,172.20,1.0000,-1,-1,-1
443,16,1771.20,154.80,68.10,187.70,1.0000,-1,-1,-1
443,17,549.80,119.90,53.50,168.50,1.0000,-1,-1,-1
443,23,1574.70,589.00,103.70,236.10,1.0000,-1,-1,-1
443,25,389.70,412.50,67.40,218.10,1.0000,-1,-1,-1
443,32,751.60,72.60,56.10,162.30,1.0000,-1,-1,-1
443,36,309.40,430.00,86.30,198.60,1.0000,-1,-1,-1
443,38,415.80,248.60,71.00,192.30,1.0000,-1,-1,-1
443,39,927.80,325.60,71.30,214.60,1.0000,-1,-1,-1
443,41,847.70,339.60,64.50,210.30,1.0000,-1,-1,-1
443,42,1400.10,1.60,46.90,101.80,1.0000,-1,-1,-1
443,46,230.10,138.40,55.30,161.50,1.0000,-1,-1,-1
443,50,329.90,246.10,65.30,198.50,1.0000,-1,-1,-1
443,52,1155.60,100.20,64.80,166.50,1.0000,-1,-1,-1
443,53,485.80,53.60,53.60,158.40,0.9990,-1,-1,-1
443,54,1649.90,124.00,58.80,172.30,1.0000,-1,-1,-1
443,55,1738.60,672.90,97.90,253.00,1.0000,-1,-1,-1
443,56,1454.70,1.00,64.30,101.90,1.0000,-1,-1,-1
443,57,445.30,69.50,55.50,180.90,1.0000,-1,-1,-1
443,58,1211.80,709.40,92.50,269.60,1.0000,-1,-1,-1
443,59,312.70,1.20,48.30,129.30,1.0000,-1,-1,-1
443,60,491.20,235.40,65.30,183.30,1.0000,-1,-1,-1
443,61,290.30,126.40,54.20,169.90,1.0000,-1,-1,-1
443,63,381.50,1.10,54.00,128.40,0.9980,-1,-1,-1
443,31,327.10,161.40,65.50,159.30,0.0620,-1,-1,-1
444,0,1221.60,31.20,61.10,119.50,1.0000,-1,-1,-1
444,1,1471.50,152.00,65.80,163.80,1.0000,-1,-1,-1
444,2,686.30,206.40,79.60,112.50,1.0000,-1,-1,-1
444,3,1719.90,456.10,79.40,209.40,1.0000,-1,-1,-1
444,4,330.20,802.00,91.50,277.40,1.0000,-1,-1,-1
444,9,793.50,141.00,73.50,171.90,1.0000,-1,-1,-1
444,16,1772.40,157.90,66.90,185.50,1.0000,-1,-1,-1
444,17,550.20,119.10,53.20,169.90,1.0000,-1,-1,-1
444,23,1575.10,589.70,102.80,234.80,1.0000,-1,-1,-1
444,25,389.30,413.00,68.50,221.30,1.0000,-1,-1,-1
444,32,751.80,73.00,55.60,161.80,1.0000,-1,-1,-1
444,36,309.30,430.40,86.40,199.40,1.0000,-1,-1,-1
444,38,414.40,250.00,71.60,190.30,1.0000,-1,-1,-1
444,39,928.70,324.10,69.40,214.70,1.0000,-1,-1,-1
444,41,847.30,338.70,65.00,211.30,1.0000,-1,-1,-1
444,42,1399.70,1.40,46.90,101.90,1.0000,-1,-1,-1
444,46,229.40,140.00,55.80,159.90,1.0000,-1,-1,-1
444,50,329.40,247.20,64.90,198.60,1.0000,-1,-1,-1
444,52,1156.90,101.90,63.60,165.00,1.0000,-1,-1,-1
444,53,484.00,54.50,54.60,159.10,0.9990,-1,-1,-1
444,54,1650.60,125.10,59.30,173.00,1.0000,-1,-1,-1
444,55,1742.40,676.50,95.30,250.90,1.0000,-1,-1,-1
444,56,1455.30,1.00,63.20,104.10,1.0000,-1,-1,-1
444,57,446.00,67.80,56.70,182.50,1.0000,-1,-1,-1
444,58,1211.30,710.40,91.80,268.90,1.0000,-1,-1,-1
444,59,313.70,1.10,48.10,130.80,1.0000,-1,-1,-1
444,60,492.10,237.20,66.00,183.10,1.0000,-1,-1,-1
444,61,290.60,126.10,53.60,170.30,1.0000,-1,-1,-1
444,63,381.10,1.00,53.70,127.50,0.9970,-1,-1,-1
445,0,1221.90,31.30,60.90,119.80,1.0000,-1,-1,-1
445,1,1470.80,150.60,66.40,164.70,1.0000,-1,-1,-1
445,2,686.20,206.60,79.90,112.60,1.0000,-1,-1,-1
445,3,1720.60,454.10,79.10,213.40,1.0000,-1,-1,-1
445,4,332.20,804.50,91.40,276.40,1.0000,-1,-1,-1
445,9,793.40,141.20,72.70,171.40,1.0000,-1,-1,-1
445,16,1773.10,159.30,68.70,185.80,1.0000,-1,-1,-1
445,17,550.40,119.60,52.30,169.70,1.0000,-1,-1,-1
445,23,1575.80,590.10,102.80,235.20,1.0000,-1,-1,-1
445,25,388.80,417.20,69.10,218.10,1.0000,-1,-1,-1
445,32,752.40,73.10,55.20,161.50,1.0000,-1,-1,-1
445,36,310.20,432.30,86.30,197.10,1.0000,-1,-1,-1
445,38,414.30,251.70,71.30,191.70,1.0000,-1,-1,-1
445,39,929.10,323.00,69.10,214.00,1.0000,-1,-1,-1
445,41,846.70,339.00,65.60,210.80,1.0000,-1,-1,-1
445,42,1399.60,1.70,46.20,101.10,1.0000,-1,-1,-1
445,46,229.60,138.70,55.80,162.70,1.0000,-1,-1,-1
445,50,329.60,248.70,63.60,198.30,1.0000,-1,-1,-1
445,52,1158.50,104.00,62.70,164.30,1.0000,-1,-1,-1
445,53,486.10,56.90,54.30,157.90,0.9990,-1,-1,-1
445,54,1651.30,126.80,58.80,171.30,1.0000,-1,-1,-1
445,55,1739.80,673.80,95.60,251.50,1.0000,-1,-1,-1
445,56,1453.80,1.00,63.50,103.50,1.0000,-1,-1,-1
445,57,445.50,66.40,56.90,182.90,1.0000,-1,-1,-1
445,58,1208.40,710.10,95.40,265.60,1.0000,-1,-1,-1
445,59,314.50,1.00,47.00,130.50,1.0000,-1,-1,-1
445,60,491.40,237.00,68.20,188.40,1.0000,-1,-1,-1
445,61,291.10,126.30,52.80,170.40,1.0000,-1,-1,-1
445,63,381.00,1.00,55.00,126.40,0.9970,-1,-1,-1
446,0,1221.80,31.20,61.40,120.30,1.0000,-1,-1,-1
446,1,1471.10,151.60,65.80,163.30,1.0000,-1,-1,-1
446,2,686.20,206.50,79.40,112.80,1.0000,-1,-1,-1
446,3,1722.30,453.00,76.70,214.50,1.0000,-1,-1,-1
446,4,334.00,804.90,90.10,275.30,1.0000,-1,-1,-1
446,9,794.30,141.60,70.80,171.20,1.0000,-1,-1,-1
446,16,1775.00,161.70,67.80,184.80,1.0000,-1,-1,-1
446,17,550.50,118.60,52.90,171.00,1.0000,-1,-1,-1
446,23,1574.50,589.30,103.10,236.40,1.0000,-1,-1,-1
446,25,390.10,420.30,69.30,220.40,1.0000,-1,-1,-1
446,32,751.60,72.10,55.70,162.90,1.0000,-1,-1,-1
446,36,307.50,433.00,87.20,194.10,1.0000,-1,-1,-1
446,38,414.10,252.70,70.80,190.20,1.0000,-1,-1,-1
446,39,928.90,322.20,68.90,214.30,1.0000,-1,-1,-1
446,41,846.80,339.80,64.90,206.00,1.0000,-1,-1,-1
446,42,1398.10,2.10,46.70,99.40,1.0000,-1,-1,-1
446,46,230.20,137.70,55.50,163.00,1.0000,-1,-1,-1
446,50,329.20,250.40,63.60,197.80,1.0000,-1,-1,-1
446,52,1159.30,103.80,65.20,168.50,1.0000,-1,-1,-1
446,53,486.10,58.40,54.50,158.40,0.9990,-1,-1,-1
446,54,1651.50,126.50,60.10,172.10,1.0000,-1,-1,-1
446,55,1739.10,673.50,97.40,251.80,1.0000,-1,-1,-1
446,56,1452.70,1.00,63.20,101.30,1.0000,-1,-1,-1
446,57,446.60,68.30,56.10,179.30,1.0000,-1,-1,-1
446,58,1206.50,706.50,92.80,269.20,1.0000,-1,-1,-1
446,59,314.60,1.00,45.80,129.60,1.0000,-1,-1,-1
446,60,490.60,238.10,68.70,188.40,1.0000,-1,-1,-1
446,61,290.00,127.00,54.00,170.60,1.0000,-1,-1,-1
446,63,381.20,1.00,53.60,126.50,0.9990,-1,-1,-1
446,31,339.80,168.30,61.70,173.80,0.0720,-1,-1,-1
447,0,1221.80,31.00,61.20,119.50,1.0000,-1,-1,-1
447,1,1471.00,153.10,66.00,164.30,1.0000,-1,-1,-1
447,2,686.30,206.10,79.90,113.30,1.0000,-1,-1,-1
447,3,1720.30,455.40,79.30,209.40,1.0000,-1,-1,-1
447,4,333.00,805.80,92.90,275.20,1.0000,-1,-1,-1
447,9,794.90,140.90,71.40,172.00,1.0000,-1,-1,-1
447,16,1775.70,163.80,67.30,180.10,1.0000,-1,-1,-1
447,17,550.40,119.00,52.70,169.60,1.0000,-1,-1,-1
447,23,1575.80,590.20,102.30,235.60,1.0000,-1,-1,-1
447,25,390.60,422.40,68.90,220.50,1.0000,-1,-1,-1
447,31,340.20,166.10,65.20,177.10,0.9510,-1,-1,-1
447,32,751.40,71.90,55.60,163.30,1.0000,-1,-1,-1
447,36,305.80,432.10,88.00,196.50,1.0000,-1,-1,-1
447,38,413.20,255.30,70.70,187.90,1.0000,-1,-1,-1
447,39,928.80,322.40,68.70,212.70,1.0000,-1,-1,-1
447,41,846.30,337.00,66.60,211.00,1.0000,-1,-1,-1
447,42,1396.40,2.50,46.00,97.60,1.0000,-1,-1,-1
447,46,229.50,137.30,56.20,163.20,1.0000,-1,-1,-1
447,50,329.80,249.20,62.90,201.30,1.0000,-1,-1,-1
447,52,1161.20,106.10,64.40,166.70,1.0000,-1,-1,-1
447,53,484.70,60.40,55.80,157.80,0.9990,-1,-1,-1
447,54,1652.80,126.10,59.10,172.10,1.0000,-1,-1,-1
447,55,1738.60,674.10,97.90,251.50,1.0000,-1,-1,-1
447,56,1454.10,1.00,60.90,102.10,1.0000,-1,-1,-1
447,57,448.20,68.00,55.20,178.90,1.0000,-1,-1,-1
447,58,1205.00,704.90,92.00,270.50,1.0000,-1,-1,-1
447,59,314.10,1.00,46.70,129.80,1.0000,-1,-1,-1
447,60,491.30,238.90,68.20,187.80,1.0000,-1,-1,-1
447,61,289.90,128.50,54.00,170.90,1.0000,-1,-1,-1
447,63,380.70,1.00,53.80,126.30,0.9990,-1,-1,-1
448,0,1221.90,31.00,61.30,120.10,1.0000,-1,-1,-1
448,1,1471.50,152.90,66.60,165.60,1.0000,-1,-1,-1
448,2,686.10,206.40,80.20,112.80,1.0000,-1,-1,-1
448,3,1721.20,454.30,78.30,212.60,1.0000,-1,-1,-1
448,4,332.80,807.50,94.00,273.50,1.0000,-1,-1,-1
448,9,793.50,140.80,73.40,171.90,1.0000,-1,-1,-1
448,16,1776.20,165.70,68.10,180.30,1.0000,-1,-1,-1
448,17,550.70,118.40,52.20,169.40,1.0000,-1,-1,-1
448,23,1576.20,589.80,101.30,234.90,1.0000,-1,-1,-1
448,25,391.50,425.10,68.20,218.50,1.0000,-1,-1,-1
448,31,343.20,164.60,63.90,181.80,0.9980,-1,-1,-1
448,32,751.90,72.10,55.30,163.30,1.0000,-1,-1,-1
448,36,305.80,433.40,87.40,196.80,1.0000,-1,-1,-1
448,38,412.00,255.80,72.00,190.90,1.0000,-1,-1,-1
448,39,928.80,322.10,67.60,212.80,1.0000,-1,-1,-1
448,41,846.30,336.90,65.60,206.90,1.0000,-1,-1,-1
448,42,1396.20,2.50,45.70,95.90,1.0000,-1,-1,-1
448,46,229.90,137.70,55.80,162.80,1.0000,-1,-1,-1
448,50,328.80,249.30,62.00,204.00,1.0000,-1,-1,-1
448,52,1163.50,106.40,62.60,166.30,1.0000,-1,-1,-1
448,53,487.00,61.20,55.00,156.00,0.9990,-1,-1,-1
448,54,1654.10,126.90,58.80,171.90,1.0000,-1,-1,-1
448,55,1738.90,673.60,95.70,250.90,1.0000,-1,-1,-1
448,56,1453.90,1.00,60.60,101.80,1.0000,-1,-1,-1
448,57,447.10,64.80,55.80,181.70,1.0000,-1,-1,-1
448,58,1203.90,704.90,92.80,271.70,1.0000,-1,-1,-1
448,59,314.20,1.00,46.00,131.00,1.0000,-1,-1,-1
448,60,491.30,240.90,68.90,189.80,1.0000,-1,-1,-1
448,61,290.00,128.40,54.20,171.50,1.0000,-1,-1,-1
448,63,380.90,1.20,54.70,126.30,0.9990,-1,-1,-1
449,0,1221.40,30.90,61.40,119.50,1.0000,-1,-1,-1
449,1,1470.80,152.80,67.50,167.30,1.0000,-1,-1,-1
449,2,686.20,206.20,80.30,113.00,1.0000,-1,-1,-1
449,3,1720.60,455.20,79.10,211.90,1.0000,-1,-1,-1
449,4,333.00,809.00,94.70,272.00,1.0000,-1,-1,-1
449,9,794.40,140.50,72.70,171.50,1.0000,-1,-1,-1
449,16,1778.20,164.80,68.90,183.60,1.0000,-1,-1,-1
449,17,550.60,119.00,52.10,169.20,1.0000,-1,-1,-1
449,23,1576.40,589.20,101.90,237.30,1.0000,-1,-1,-1
449,25,391.10,424.60,68.60,220.60,1.0000,-1,-1,-1
449,31,343.50,165.20,65.90,184.80,0.9990,-1,-1,-1
449,32,751.60,71.10,55.60,164.50,1.0000,-1,-1,-1
449,36,305.70,433.50,86.20,198.10,1.0000,-1,-1,-1
449,38,411.10,255.10,72.00,197.60,1.0000,-1,-1,-1
449,39,928.30,321.00,67.80,213.30,1.0000,-1,-1,-1
449,41,846.00,335.40,66.30,207.40,1.0000,-1,-1,-1
449,42,1395.10,1.90,45.50,96.20,1.0000,-1,-1,-1
449,46,230.00,138.60,56.00,161.40,1.0000,-1,-1,-1
449,50,328.00,249.90,61.10,204.60,1.0000,-1,-1,-1
449,52,1166.60,105.20,59.90,165.50,1.0000,-1,-1,-1
449,53,485.90,61.80,55.40,155.90,0.9990,-1,-1,-1
449,54,1655.30,126.10,58.80,172.80,1.0000,-1,-1,-1
449,55,1739.90,672.70,95.50,251.50,1.0000,-1,-1,-1
449,56,1454.30,1.00,59.90,101.60,1.0000,-1,-1,-1
449,57,448.70,64.50,54.60,181.60,1.0000,-1,-1,-1
449,58,1202.50,702.00,93.30,272.50,1.0000,-1,-1,-1
449,59,314.90,1.00,45.80,129.90,1.0000,-1,-1,-1
449,60,492.90,243.80,68.00,189.40,1.0000,-1,-1,-1
449,61,288.90,128.90,54.80,171.40,1.0000,-1,-1,-1
449,63,381.20,1.00,54.70,126.70,0.9990,-1,-1,-1
450,0,1221.90,30.80,61.50,119.80,1.0000,-1,-1,-1
450,1,1469.70,153.70,68.80,168.20,1.0000,-1,-1,-1
450,2,686.70,206.30,79.20,112.80,1.0000,-1,-1,-1
450,3,1721.50,453.70,77.70,213.40,1.0000,-1,-1,-1
450,4,334.00,812.00,92.50,269.00,1.0000,-1,-1,-1
450,9,793.10,141.10,73.10,170.70,1.0000,-1,-1,-1
450,16,1780.00,166.30,67.80,182.00,1.0000,-1,-1,-1
450,17,550.80,116.80,49.80,170.60,1.0000,-1,-1,-1
450,23,1576.60,589.80,101.50,236.20,1.0000,-1,-1,-1
450,25,391.30,429.10,66.10,216.90,1.0000,-1,-1,-1
450,31,344.90,165.60,69.80,187.80,1.0000,-1,-1,-1
450,32,752.20,72.80,55.40,162.90,1.0000,-1,-1,-1
450,36,305.00,436.40,87.30,197.20,1.0000,-1,-1,-1
450,38,412.30,257.60,67.60,194.70,1.0000,-1,-1,-1
450,39,928.20,320.60,65.90,213.10,1.0000,-1,-1,-1
450,41,846.20,333.10,66.10,207.40,1.0000,-1,-1,-1
450,42,1394.80,1.00,46.40,95.70,1.0000,-1,-1,-1
450,46,229.60,138.10,56.30,162.80,1.0000,-1,-1,-1
450,50,326.60,249.30,61.80,204.60,1.0000,-1,-1,-1
450,52,1168.50,104.70,59.70,167.80,1.0000,-1,-1,-1
450,53,485.90,61.90,56.00,157.40,0.9990,-1,-1,-1
450,54,1656.00,128.10,58.40,169.50,1.0000,-1,-1,-1
450,55,1740.30,677.10,96.50,251.00,1.0000,-1,-1,-1
450,56,1454.50,1.00,58.40,102.00,1.0000,-1,-1,-1
450,57,448.20,61.30,55.10,184.80,1.0000,-1,-1,-1
450,58,1201.20,700.40,91.10,270.90,1.0000,-1,-1,-1
450,59,314.00,1.00,47.20,128.70,1.0000,-1,-1,-1
450,60,493.00,244.50,67.90,191.00,1.0000,-1,-1,-1
450,61,290.20,127.70,53.00,171.70,1.0000,-1,-1,-1
450,63,379.70,1.00,55.90,130.90,0.9990,-1,-1,-1
451,0,1221.90,31.20,60.90,118.70,1.0000,-1,-1,-1
451,1,1469.10,155.10,68.90,167.30,1.0000,-1,-1,-1
451,2,686.80,206.40,79.20,112.90,1.0000,-1,-1,-1
451,3,1720.30,451.70,79.60,216.70,1.0000,-1,-1,-1
451,4,335.00,813.20,93.10,267.80,1.0000,-1,-1,-1
451,9,793.00,140.50,74.50,172.20,1.0000,-1,-1,-1
451,16,1780.70,167.80,70.10,182.30,1.0000,-1,-1,-1
451,17,549.90,120.20,52.10,166.80,1.0000,-1,-1,-1
451,23,1575.80,589.90,102.10,235.90,1.0000,-1,-1,-1
451,25,391.30,429.80,65.40,217.20,1.0000,-1,-1,-1
451,31,348.50,166.30,69.20,187.00,1.0000,-1,-1,-1
451,32,752.40,72.60,55.20,163.80,1.0000,-1,-1,-1
451,36,307.30,436.60,83.90,202.00,1.0000,-1,-1,-1
451,38,411.30,259.10,68.50,195.70,1.0000,-1,-1,-1
451,39,926.80,319.70,67.40,212.90,1.0000,-1,-1,-1
451,41,846.00,332.30,64.40,205.20,1.0000,-1,-1,-1
451,42,1393.60,1.00,46.60,97.10,1.0000,-1,-1,-1
451,46,230.40,138.30,55.20,163.00,1.0000,-1,-1,-1
451,50,325.30,253.60,62.30,198.80,1.0000,-1,-1,-1
451,52,1171.50,106.20,59.20,166.40,1.0000,-1,-1,-1
451,53,488.00,62.30,53.20,156.40,0.9980,-1,-1,-1
451,54,1658.70,128.90,57.30,170.30,1.0000,-1,-1,-1
451,55,1739.10,676.10,98.50,252.60,1.0000,-1,-1,-1
451,56,1454.20,1.00,58.80,102.00,1.0000,-1,-1,-1
451,57,448.50,62.80,54.70,183.90,1.0000,-1,-1,-1
451,58,1199.60,696.60,91.70,274.80,1.0000,-1,-1,-1
451,59,313.80,1.00,47.30,129.00,1.0000,-1,-1,-1
451,60,493.70,246.40,67.10,189.00,1.0000,-1,-1,-1
451,61,290.60,127.20,53.00,174.60,1.0000,-1,-1,-1
451,63,380.40,1.00,54.50,131.50,0.9990,-1,-1,-1
452,0,1222.00,30.60,61.60,119.70,1.0000,-1,-1,-1
452,1,1468.70,154.50,70.00,168.10,1.0000,-1,-1,-1
452,2,686.50,206.50,79.70,112.50,1.0000,-1,-1,-1
452,3,1719.20,455.30,80.50,210.60,1.0000,-1,-1,-1
452,4,335.60,815.90,93.40,265.10,1.0000,-1,-1,-1
452,9,793.50,140.80,73.00,171.50,1.0000,-1,-1,-1
452,16,1781.40,163.80,69.60,187.40,1.0000,-1,-1,-1
452,17,549.60,119.40,52.20,166.40,1.0000,-1,-1,-1
452,23,1576.00,590.10,102.40,236.40,1.0000,-1,-1,-1
452,25,392.10,429.10,64.30,218.10,1.0000,-1,-1,-1
452,31,350.20,166.70,69.80,183.10,0.9990,-1,-1,-1
452,32,751.60,70.70,55.50,165.20,1.0000,-1,-1,-1
452,36,306.40,438.70,84.90,201.80,1.0000,-1,-1,-1
452,38,411.60,260.90,67.90,192.30,1.0000,-1,-1,-1
452,39,927.20,319.70,65.40,211.60,1.0000,-1,-1,-1
452,41,845.10,330.80,66.40,204.10,1.0000,-1,-1,-1
452,42,1392.60,1.00,47.50,96.10,1.0000,-1,-1,-1
452,46,229.90,137.50,55.90,163.90,1.0000,-1,-1,-1
452,50,323.60,254.20,62.40,199.30,1.0000,-1,-1,-1
452,52,1174.30,108.10,58.00,167.70,1.0000,-1,-1,-1
452,53,490.00,62.10,51.50,157.10,0.9980,-1,-1,-1
452,54,1659.00,129.80,57.30,173.40,1.0000,-1,-1,-1
452,55,1739.80,675.60,97.30,253.00,1.0000,-1,-1,-1
452,56,1453.10,1.00,58.90,100.60,1.0000,-1,-1,-1
452,57,448.20,59.60,54.60,187.40,1.0000,-1,-1,-1
452,58,1201.10,695.90,88.20,275.90,1.0000,-1,-1,-1
452,59,314.10,1.30,46.70,128.00,1.0000,-1,-1,-1
452,60,493.60,248.10,67.70,188.10,1.0000,-1,-1,-1
452,61,290.20,125.50,52.40,176.40,1.0000,-1,-1,-1
452,63,379.90,1.00,55.10,133.20,1.0000,-1,-1,-1
453,0,1221.90,30.90,61.60,119.30,1.0000,-1,-1,-1
453,1,1469.00,156.60,69.20,169.40,1.0000,-1,-1,-1
453,2,686.50,206.40,79.80,113.10,1.0000,-1,-1,-1
453,3,1719.60,453.30,79.70,214.10,1.0000,-1,-1,-1
453,4,334.40,818.70,94.80,262.30,1.0000,-1,-1,-1
453,9,794.20,140.90,73.10,169.90,1.0000,-1,-1,-1
453,16,1783.80,163.00,69.20,186.20,1.0000,-1,-1,-1
453,17,548.00,119.70,52.40,167.80,1.0000,-1,-1,-1
453,23,1575.70,590.10,102.00,236.10,1.0000,-1,-1,-1
453,25,392.30,430.70,65.60,218.40,1.0000,-1,-1,-1
453,31,355.50,168.70,68.30,181.50,0.9990,-1,-1,-1
453,32,752.00,72.20,55.30,163.50,1.0000,-1,-1,-1
453,36,305.10,439.30,86.50,206.20,1.0000,-1,-1,-1
453,38,409.30,262.60,70.30,192.20,1.0000,-1,-1,-1
453,39,926.30,316.60,65.90,212.80,1.0000,-1,-1,-1
453,41,844.80,329.70,66.40,199.60,1.0000,-1,-1,-1
453,42,1390.50,1.50,46.90,97.10,1.0000,-1,-1,-1
453,46,229.90,137.90,55.40,163.00,1.0000,-1,-1,-1
453,50,323.10,256.00,62.90,197.30,1.0000,-1,-1,-1
453,52,1176.30,111.00,58.00,168.30,1.0000,-1,-1,-1
453,53,489.60,61.20,52.20,159.10,0.9980,-1,-1,-1
453,54,1660.60,132.50,56.60,171.10,1.0000,-1,-1,-1
453,55,1738.30,674.00,97.30,251.70,1.0000,-1,-1,-1
453,56,1452.50,1.00,58.80,100.30,1.0000,-1,-1,-1
453,57,448.70,61.50,53.70,186.00,1.0000,-1,-1,-1
453,58,1200.80,693.80,85.40,273.60,1.0000,-1,-1,-1
453,59,314.00,1.30,47.00,128.60,1.0000,-1,-1,-1
453,60,493.40,248.50,67.20,187.60,1.0000,-1,-1,-1
453,61,290.00,125.80,52.00,175.00,1.0000,-1,-1,-1
453,63,380.70,1.00,54.60,133.90,1.0000,-1,-1,-1
454,0,1221.50,30.10,62.40,120.10,1.0000,-1,-1,-1
454,1,1469.30,159.50,70.10,167.70,1.0000,-1,-1,-1
454,2,686.60,206.50,79.50,112.50,1.0000,-1,-1,-1
454,3,1719.30,452.20,79.80,216.00,1.0000,-1,-1,-1
454,4,334.10,822.30,95.50,258.70,1.0000,-1,-1,-1
454,9,794.50,140.50,71.00,171.50,1.0000,-1,-1,-1
454,16,1786.50,165.10,68.40,182.60,1.0000,-1,-1,-1
454,17,547.00,119.50,54.30,168.80,1.0000,-1,-1,-1
454,23,1574.30,590.70,103.90,234.70,1.0000,-1,-1,-1
454,25,393.70,432.80,64.00,216.20,1.0000,-1,-1,-1
454,31,362.10,168.70,65.50,183.40,1.0000,-1,-1,-1
454,32,751.60,72.30,56.30,163.50,1.0000,-1,-1,-1
454,36,304.60,440.10,87.00,209.30,1.0000,-1,-1,-1
454,38,410.10,265.40,69.20,190.90,1.0000,-1,-1,-1
454,39,925.10,313.70,66.70,213.30,1.0000,-1,-1,-1
454,41,842.50,326.30,69.20,201.30,1.0000,-1,-1,-1
454,42,1389.80,1.70,46.90,95.90,0.9990,-1,-1,-1
454,46,230.60,137.90,54.80,163.00,1.0000,-1,-1,-1
454,50,322.10,256.90,63.10,198.00,1.0000,-1,-1,-1
454,52,1177.50,113.70,57.70,165.30,1.0000,-1,-1,-1
454,53,491.00,61.90,51.70,157.90,0.9980,-1,-1,-1
454,54,1662.70,133.90,56.10,170.60,1.0000,-1,-1,-1
454,55,1739.30,673.50,96.00,250.60,1.0000,-1,-1,-1
454,56,1452.10,1.00,57.90,98.20,1.0000,-1,-1,-1
454,57,447.10,60.20,54.50,186.00,1.0000,-1,-1,-1
454,58,1198.30,687.30,87.30,270.50,1.0000,-1,-1,-1
454,59,313.60,1.40,47.40,128.80,1.0000,-1,-1,-1
454,60,493.70,249.40,67.10,186.60,1.0000,-1,-1,-1
454,61,290.30,126.20,53.20,175.70,1.0000,-1,-1,-1
454,63,381.00,1.00,54.90,132.40,0.9990,-1,-1,-1
455,0,1221.50,29.90,62.50,120.90,1.0000,-1,-1,-1
455,1,1469.50,160.70,68.60,168.20,1.0000,-1,-1,-1
455,2,686.50,206.40,79.70,112.10,1.0000,-1,-1,-1
455,3,1720.10,452.90,79.80,214.60,1.0000,-1,-1,-1
455,4,335.00,825.80,94.50,255.20,1.0000,-1,-1,-1
455,9,793.30,140.30,72.60,172.00,1.0000,-1,-1,-1
455,16,1786.50,170.20,69.40,178.80,1.0000,-1,-1,-1
455,17,546.90,120.40,54.80,167.50,1.0000,-1,-1,-1
455,23,1574.50,589.60,103.50,235.00,1.0000,-1,-1,-1
455,25,393.80,433.90,63.50,214.60,1.0000,-1,-1,-1
455,31,363.10,168.20,66.40,188.20,1.0000,-1,-1,-1
455,32,751.80,72.90,56.50,162.30,1.0000,-1,-1,-1
455,36,305.70,441.10,84.90,211.00,1.0000,-1,-1,-1
455,38,408.60,267.10,69.30,188.30,1.0000,-1,-1,-1
455,39,924.60,312.60,66.50,213.30,1.0000,-1,-1,-1
455,41,841.40,323.00,70.20,201.60,1.0000,-1,-1,-1
455,42,1389.10,1.80,47.90,95.60,1.0000,-1,-1,-1
455,46,230.10,138.20,55.00,162.90,1.0000,-1,-1,-1
455,50,321.40,258.60,62.00,194.60,1.0000,-1,-1,-1
455,52,1178.90,115.60,57.10,163.30,1.0000,-1,-1,-1
455,53,491.70,62.60,51.90,157.20,0.9990,-1,-1,-1
455,54,1665.00,139.30,54.50,167.20,1.0000,-1,-1,-1
455,55,1738.80,673.90,95.30,249.40,1.0000,-1,-1,-1
455,56,1452.80,1.00,56.80,95.20,1.0000,-1,-1,-1
455,57,446.20,58.10,55.20,188.00,1.0000,-1,-1,-1
455,58,1196.10,684.90,89.00,265.80,1.0000,-1,-1,-1
455,59,313.70,1.10,47.60,130.10,1.0000,-1,-1,-1
455,60,492.60,249.70,68.70,186.20,1.0000,-1,-1,-1
455,61,290.40,125.80,52.40,175.90,1.0000,-1,-1,-1
455,63,381.90,1.00,53.80,132.90,1.0000,-1,-1,-1
456,0,1221.70,29.70,62.90,120.50,1.0000,-1,-1,-1
456,1,1469.40,165.20,67.60,165.50,1.0000,-1,-1,-1
456,2,686.70,206.60,79.70,112.90,1.0000,-1,-1,-1
456,3,1720.80,452.70,78.00,215.70,1.0000,-1,-1,-1
456,4,335.00,830.40,94.40,250.60,1.0000,-1,-1,-1
456,9,793.30,141.00,73.00,170.90,1.0000,-1,-1,-1
456,16,1787.60,173.30,69.40,178.40,1.0000,-1,-1,-1
456,17,547.90,119.40,53.10,167.90,1.0000,-1,-1,-1
456,23,1574.70,590.30,103.90,235.10,1.0000,-1,-1,-1
456,25,393.30,435.90,64.00,213.10,1.0000,-1,-1,-1
456,31,364.20,166.90,66.00,195.10,1.0000,-1,-1,-1
456,32,751.70,73.20,55.70,162.00,1.0000,-1,-1,-1
456,36,306.20,446.30,83.90,205.60,1.0000,-1,-1,-1
456,38,408.10,268.70,70.30,188.30,1.0000,-1,-1,-1
456,39,923.80,311.40,67.00,207.50,1.0000,-1,-1,-1
456,41,840.80,321.30,70.70,201.10,1.0000,-1,-1,-1
456,42,1389.10,1.90,47.00,94.30,0.9990,-1,-1,-1
456,46,230.40,137.90,54.80,164.50,1.0000,-1,-1,-1
456,50,320.00,259.30,62.60,197.60,1.0000,-1,-1,-1
456,52,1179.90,117.20,57.60,163.30,1.0000,-1,-1,-1
456,53,491.80,63.10,52.80,159.80,0.9990,-1,-1,-1
456,54,1665.40,141.70,55.00,166.60,1.0000,-1,-1,-1
456,55,1739.20,674.50,95.40,249.30,1.0000,-1,-1,-1
456,56,1451.90,1.00,57.20,95.40,1.0000,-1,-1,-1
456,57,445.60,60.50,56.10,184.60,1.0000,-1,-1,-1
456,58,1196.00,680.00,87.00,263.50,1.0000,-1,-1,-1
456,59,313.80,1.00,48.20,130.20,1.0000,-1,-1,-1
456,60,493.50,248.00,68.00,187.90,1.0000,-1,-1,-1
456,61,289.90,125.40,53.50,174.80,1.0000,-1,-1,-1
456,63,381.60,1.00,54.60,132.50,1.0000,-1,-1,-1
457,0,1222.10,29.60,62.60,119.80,1.0000,-1,-1,-1
457,1,1469.60,166.00,67.20,165.10,1.0000,-1,-1,-1
457,2,686.80,206.10,79.30,113.80,1.0000,-1,-1,-1
457,3,1720.50,452.40,79.80,216.40,1.0000,-1,-1,-1
457,4,334.70,833.60,94.20,247.40,1.0000,-1,-1,-1
457,9,793.40,141.00,72.50,171.60,1.0000,-1,-1,-1
457,16,1787.50,174.80,71.10,181.60,1.0000,-1,-1,-1
457,17,546.20,119.70,54.20,169.60,1.0000,-1,-1,-1
457,23,1574.60,589.80,104.20,234.90,1.0000,-1,-1,-1
457,25,392.50,434.90,64.70,216.60,1.0000,-1,-1,-1
457,31,366.00,164.90,65.90,200.10,0.9990,-1,-1,-1
457,32,751.70,72.60,55.30,162.60,1.0000,-1,-1,-1
457,36,305.40,449.70,83.20,204.10,1.0000,-1,-1,-1
457,38,407.90,268.00,70.50,190.10,1.0000,-1,-1,-1
457,39,922.80,310.60,66.70,207.60,1.0000,-1,-1,-1
457,41,839.20,318.80,71.90,205.20,1.0000,-1,-1,-1
457,42,1388.70,1.30,46.50,93.20,0.9990,-1,-1,-1
457,46,230.90,136.90,54.70,165.80,1.0000,-1,-1,-1
457,50,319.50,259.20,64.20,197.90,1.0000,-1,-1,-1
457,52,1181.90,118.60,56.60,162.70,1.0000,-1,-1,-1
457,53,493.30,64.00,52.40,158.50,0.9990,-1,-1,-1
457,54,1666.10,141.20,55.30,169.00,1.0000,-1,-1,-1
457,55,1739.40,674.80,95.70,248.10,1.0000,-1,-1,-1
457,56,1451.50,1.00,57.10,93.30,1.0000,-1,-1,-1
457,57,446.40,62.90,55.30,182.90,1.0000,-1,-1,-1
457,58,1195.10,677.00,88.00,258.30,1.0000,-1,-1,-1
457,59,313.80,1.30,47.40,129.50,1.0000,-1,-1,-1
457,60,494.20,248.60,67.70,187.90,1.0000,-1,-1,-1
457,61,290.10,125.50,52.70,173.20,1.0000,-1,-1,-1
457,63,382.10,1.30,53.80,133.00,1.0000,-1,-1,-1
458,0,1222.10,29.50,62.00,119.10,1.0000,-1,-1,-1
458,1,1469.60,166.00,66.80,167.40,1.0000,-1,-1,-1
458,2,686.80,206.20,79.30,113.10,1.0000,-1,-1,-1
458,3,1720.50,452.70,79.70,215.80,1.0000,-1,-1,-1
458,4,333.90,836.10,95.00,244.90,1.0000,-1,-1,-1
458,9,794.20,140.90,72.00,170.40,1.0000,-1,-1,-1
458,16,1787.90,177.20,72.30,179.00,1.0000,-1,-1,-1
458,17,546.40,119.20,55.00,166.50,1.0000,-1,-1,-1
458,23,1576.70,590.20,102.90,234.40,1.0000,-1,-1,-1
458,25,391.90,434.90,65.30,217.60,1.0000,-1,-1,-1
458,31,367.50,166.30,64.00,197.30,0.9990,-1,-1,-1
458,32,751.20,71.70,56.00,163.40,1.0000,-1,-1,-1
458,36,304.20,451.50,84.40,202.40,1.0000,-1,-1,-1
458,38,407.90,266.80,72.30,193.30,1.0000,-1,-1,-1
458,39,921.40,308.90,68.30,205.00,1.0000,-1,-1,-1
458,41,839.40,316.70,72.70,206.10,1.0000,-1,-1,-1
458,42,1388.20,1.60,46.10,92.10,0.9990,-1,-1,-1
458,46,230.30,137.20,55.30,164.70,1.0000,-1,-1,-1
458,50,318.30,259.90,63.50,197.90,1.0000,-1,-1,-1
458,52,1183.50,120.10,56.00,163.80,1.0000,-1,-1,-1
458,53,495.50,68.00,51.90,155.80,1.0000,-1,-1,-1
458,54,1667.70,142.20,54.30,166.80,1.0000,-1,-1,-1
458,55,1739.60,673.90,95.40,249.90,1.0000,-1,-1,-1
458,56,1451.20,1.00,56.40,94.10,1.0000,-1,-1,-1
458,57,445.20,61.70,56.40,184.70,1.0000,-1,-1,-1
458,58,1194.20,674.00,87.50,260.30,1.0000,-1,-1,-1
458,59,314.20,2.00,46.40,129.00,1.0000,-1,-1,-1
458,60,495.30,249.40,66.70,186.80,1.0000,-1,-1,-1
458,61,289.70,125.40,52.90,172.70,1.0000,-1,-1,-1
458,63,383.00,1.00,53.70,133.20,1.0000,-1,-1,-1
459,0,1221.70,29.80,61.90,120.20,1.0000,-1,-1,-1
459,1,1469.70,168.20,66.90,168.10,1.0000,-1,-1,-1
459,2,686.50,206.10,80.00,113.10,1.0000,-1,-1,-1
459,3,1719.00,455.50,80.40,211.10,1.0000,-1,-1,-1
459,4,333.80,839.00,92.90,242.00,1.0000,-1,-1,-1
459,9,793.10,140.80,72.20,171.50,1.0000,-1,-1,-1
459,16,1788.90,176.70,72.10,180.30,1.0000,-1,-1,-1
459,17,546.60,118.80,54.70,166.90,1.0000,-1,-1,-1
459,23,1574.50,590.60,104.60,234.10,1.0000,-1,-1,-1
459,25,391.90,435.50,65.00,216.60,1.0000,-1,-1,-1
459,31,369.00,167.20,64.00,189.00,0.9990,-1,-1,-1
459,32,751.20,72.30,55.30,164.00,1.0000,-1,-1,-1
459,36,303.50,452.00,82.40,203.30,1.0000,-1,-1,-1
459,38,407.30,267.00,70.80,195.40,1.0000,-1,-1,-1
459,39,920.60,306.70,69.30,206.50,1.0000,-1,-1,-1
459,41,838.90,316.10,72.10,205.10,1.0000,-1,-1,-1
459,42,1386.90,3.90,44.20,87.70,0.9990,-1,-1,-1
459,46,230.20,137.20,55.50,164.00,1.0000,-1,-1,-1
459,50,317.50,261.30,64.10,198.50,1.0000,-1,-1,-1
459,52,1185.40,119.30,55.60,165.00,1.0000,-1,-1,-1
459,53,496.60,71.30,53.00,155.40,1.0000,-1,-1,-1
459,54,1668.50,143.00,54.10,166.30,1.0000,-1,-1,-1
459,55,1739.60,674.20,93.30,249.50,1.0000,-1,-1,-1
459,56,1451.40,1.00,55.80,92.20,1.0000,-1,-1,-1
459,57,445.20,63.70,55.90,182.40,1.0000,-1,-1,-1
459,58,1191.70,670.80,89.90,264.40,1.0000,-1,-1,-1
459,59,314.30,2.80,45.70,127.90,1.0000,-1,-1,-1
459,60,495.70,248.80,67.20,188.90,1.0000,-1,-1,-1
459,61,289.50,125.30,53.10,173.10,1.0000,-1,-1,-1
459,63,383.20,1.10,53.10,131.70,1.0000,-1,-1,-1
460,0,1222.10,30.10,61.30,119.90,1.0000,-1,-1,-1
460,1,1469.80,168.70,66.40,167.80,1.0000,-1,-1,-1
460,2,686.50,206.20,79.90,113.30,1.0000,-1,-1,-1
460,3,1719.30,455.70,79.90,210.60,1.0000,-1,-1,-1
460,4,333.00,839.20,93.10,241.80,1.0000,-1,-1,-1
460,9,793.10,139.40,73.20,172.80,1.0000,-1,-1,-1
460,16,1790.50,178.10,71.10,184.20,1.0000,-1,-1,-1
460,17,545.70,118.20,56.30,168.60,1.0000,-1,-1,-1
460,23,1574.80,590.00,104.80,236.30,1.0000,-1,-1,-1
460,25,390.60,437.60,65.60,214.40,1.0000,-1,-1,-1
460,31,371.60,165.00,64.60,194.80,0.9990,-1,-1,-1
460,32,751.20,71.90,55.40,163.70,1.0000,-1,-1,-1
460,36,303.20,452.10,81.80,204.50,1.0000,-1,-1,-1
460,38,405.80,264.80,70.90,200.60,1.0000,-1,-1,-1
460,39,921.70,304.30,68.30,205.80,1.0000,-1,-1,-1
460,41,839.10,315.00,71.10,207.10,1.0000,-1,-1,-1
460,42,1387.30,2.50,44.50,90.40,1.0000,-1,-1,-1
460,46,230.50,136.00,55.50,165.90,1.0000,-1,-1,-1
460,50,316.80,262.40,64.20,199.70,1.0000,-1,-1,-1
460,52,1187.40,121.40,55.70,162.90,1.0000,-1,-1,-1
460,53,499.10,72.50,51.70,153.30,1.0000,-1,-1,-1
460,54,1669.80,143.80,54.30,167.70,1.0000,-1,-1,-1
460,55,1740.30,673.80,93.10,250.00,1.0000,-1,-1,-1
460,56,1450.00,1.00,55.40,92.00,1.0000,-1,-1,-1
460,57,444.90,66.40,57.50,176.30,1.0000,-1,-1,-1
460,58,1190.60,669.30,90.30,264.60,1.0000,-1,-1,-1
460,59,315.50,2.10,45.40,129.20,1.0000,-1,-1,-1
460,60,496.80,250.30,67.10,189.80,1.0000,-1,-1,-1
460,61,289.60,126.00,51.80,171.20,1.0000,-1,-1,-1
460,63,382.50,1.00,53.00,134.80,0.9990,-1,-1,-1
461,0,1222.20,30.50,61.20,120.30,1.0000,-1,-1,-1
461,1,1468.80,167.20,67.60,169.10,1.0000,-1,-1,-1
461,2,686.60,206.50,80.00,112.50,1.0000,-1,-1,-1
461,3,1719.50,454.80,79.40,213.00,1.0000,-1,-1,-1
461,4,331.80,840.70,94.00,240.30,1.0000,-1,-1,-1
461,9,793.50,140.10,72.60,172.20,1.0000,-1,-1,-1
461,16,1793.00,177.50,69.00,185.50,1.0000,-1,-1,-1
461,17,546.20,118.20,55.40,168.30,1.0000,-1,-1,-1
461,23,1575.40,589.90,103.00,236.30,1.0000,-1,-1,-1
461,25,390.90,438.40,65.60,216.00,1.0000,-1,-1,-1
461,31,376.90,166.00,63.20,192.30,0.9990,-1,-1,-1
461,32,751.10,72.00,55.90,164.30,1.0000,-1,-1,-1
461,36,302.00,453.40,81.80,204.50,1.0000,-1,-1,-1
461,38,403.10,266.70,71.80,196.90,1.0000,-1,-1,-1
461,39,920.20,301.40,69.70,210.50,1.0000,-1,-1,-1
461,41,837.80,313.90,72.70,209.10,1.0000,-1,-1,-1
461,42,1386.20,2.20,44.50,89.20,0.9990,-1,-1,-1
461,46,230.10,135.40,56.10,167.10,1.0000,-1,-1,-1
461,50,316.80,264.10,63.70,198.80,1.0000,-1,-1,-1
461,52,1190.40,122.50,55.50,163.50,1.0000,-1,-1,-1
461,53,499.40,73.30,52.40,154.70,1.0000,-1,-1,-1
461,54,1671.00,145.30,53.80,166.70,1.0000,-1,-1,-1
461,55,1740.00,674.40,92.80,249.00,1.0000,-1,-1,-1
461,56,1450.10,1.00,54.00,90.00,1.0000,-1,-1,-1
461,57,446.10,65.90,59.00,176.80,1.0000,-1,-1,-1
461,58,1189.30,667.00,91.20,265.30,1.0000,-1,-1,-1
461,59,314.50,2.50,45.60,129.00,1.0000,-1,-1,-1
461,60,496.20,250.30,67.60,191.90,1.0000,-1,-1,-1
461,61,290.00,126.00,52.20,170.60,1.0000,-1,-1,-1
461,63,382.10,1.00,52.70,135.60,0.9980,-1,-1,-1
462,0,1222.10,30.70,60.70,119.70,1.0000,-1,-1,-1
462,1,1468.20,167.20,67.90,168.50,1.0000,-1,-1,-1
462,2,686.80,206.20,79.60,113.10,1.0000,-1,-1,-1
462,3,1720.50,455.50,78.80,211.50,1.0000,-1,-1,-1
462,4,330.60,841.60,94.10,239.40,1.0000,-1,-1,-1
462,9,793.20,140.30,73.60,172.30,1.0000,-1,-1,-1
462,16,1794.10,179.90,67.90,181.90,1.0000,-1,-1,-1
462,17,545.10,118.50,57.20,168.50,1.0000,-1,-1,-1
462,23,1576.00,589.90,102.90,235.50,1.0000,-1,-1,-1
462,25,390.50,440.00,65.10,218.10,1.0000,-1,-1,-1
462,31,378.60,165.50,63.40,194.00,0.9980,-1,-1,-1
462,32,751.50,71.70,55.60,163.70,1.0000,-1,-1,-1
462,36,300.50,454.00,84.30,205.00,1.0000,-1,-1,-1
462,38,402.50,266.70,71.00,196.80,1.0000,-1,-1,-1
462,39,921.60,302.80,68.50,209.30,1.0000,-1,-1,-1
462,41,837.80,314.20,72.60,207.10,1.0000,-1,-1,-1
462,42,1386.00,2.70,41.90,86.90,0.9790,-1,-1,-1
462,46,229.70,135.70,55.50,163.30,1.0000,-1,-1,-1
462,50,316.00,265.20,62.80,200.10,1.0000,-1,-1,-1
462,52,1190.60,124.90,55.20,164.30,1.0000,-1,-1,-1
462,53,501.00,73.60,51.20,154.30,1.0000,-1,-1,-1
462,54,1671.40,146.10,54.00,166.40,1.0000,-1,-1,-1
462,55,1739.80,673.70,94.20,249.50,1.0000,-1,-1,-1
462,56,1448.50,1.00,54.90,89.10,1.0000,-1,-1,-1
462,57,446.70,65.00,57.00,178.80,1.0000,-1,-1,-1
462,58,1189.90,669.40,89.60,261.40,1.0000,-1,-1,-1
462,59,314.80,2.30,45.10,129.40,1.0000,-1,-1,-1
462,60,496.00,252.40,67.20,191.00,1.0000,-1,-1,-1
462,61,289.30,125.20,52.80,171.20,1.0000,-1,-1,-1
462,63,380.90,1.00,53.50,137.20,0.9940,-1,-1,-1
463,0,1221.80,31.00,60.80,119.80,1.0000,-1,-1,-1
463,1,1468.50,168.20,67.30,168.20,1.0000,-1,-1,-1
463,2,686.50,206.30,79.60,112.90,1.0000,-1,-1,-1
463,3,1720.40,455.50,79.60,211.80,1.0000,-1,-1,-1
463,4,330.80,842.80,93.40,238.20,1.0000,-1,-1,-1
463,9,793.20,140.50,73.70,171.50,1.0000,-1,-1,-1
463,16,1794.30,180.50,69.90,182.40,1.0000,-1,-1,-1
463,17,544.30,117.80,57.90,169.50,1.0000,-1,-1,-1
463,23,1575.10,589.50,103.30,236.00,1.0000,-1,-1,-1
463,25,389.70,442.30,65.70,219.80,1.0000,-1,-1,-1
463,31,380.40,165.50,65.10,192.70,0.9990,-1,-1,-1
463,32,751.10,70.40,55.80,164.80,1.0000,-1,-1,-1
463,36,300.20,455.30,84.50,203.60,1.0000,-1,-1,-1
463,38,401.60,269.50,70.40,196.70,1.0000,-1,-1,-1
463,39,921.50,300.70,69.40,212.40,1.0000,-1,-1,-1
463,41,837.60,313.60,71.80,207.00,1.0000,-1,-1,-1
463,42,1384.10,3.50,45.30,85.70,0.9470,-1,-1,-1
463,46,230.20,135.60,55.40,165.20,1.0000,-1,-1,-1
463,50,315.80,268.50,62.00,196.20,1.0000,-1,-1,-1
463,52,1192.30,125.10,54.50,165.90,1.0000,-1,-1,-1
463,53,501.40,74.40,51.00,154.30,1.0000,-1,-1,-1
463,54,1672.50,146.50,54.00,167.90,1.0000,-1,-1,-1
463,55,1739.40,673.90,94.50,249.50,1.0000,-1,-1,-1
463,56,1444.80,1.00,56.00,88.70,1.0000,-1,-1,-1
463,57,446.80,62.70,56.30,181.10,1.0000,-1,-1,-1
463,58,1188.80,663.90,90.10,265.90,1.0000,-1,-1,-1
463,59,313.80,2.20,45.30,128.80,1.0000,-1,-1,-1
463,60,496.20,254.90,66.50,189.80,1.0000,-1,-1,-1
463,61,290.20,125.70,53.10,169.70,1.0000,-1,-1,-1
463,63,381.70,1.00,52.90,136.90,0.9970,-1,-1,-1
464,0,1221.40,31.50,61.00,117.60,1.0000,-1,-1,-1
464,1,1469.00,166.70,67.40,168.90,1.0000,-1,-1,-1
464,2,686.50,206.40,80.00,112.90,1.0000,-1,-1,-1
464,3,1720.70,456.40,79.10,211.00,1.0000,-1,-1,-1
464,4,330.20,843.10,94.10,237.90,1.0000,-1,-1,-1
464,9,793.90,141.00,73.40,170.70,1.0000,-1,-1,-1
464,16,1795.60,183.80,70.30,180.70,1.0000,-1,-1,-1
464,17,543.90,118.90,59.10,168.30,1.0000,-1,-1,-1
464,23,1575.30,590.40,103.30,235.30,1.0000,-1,-1,-1
464,25,389.70,441.50,65.90,222.70,1.0000,-1,-1,-1
464,31,380.80,166.40,63.70,190.80,0.9980,-1,-1,-1
464,32,751.40,72.50,55.70,163.40,1.0000,-1,-1,-1
464,36,299.20,454.90,87.70,204.40,1.0000,-1,-1,-1
464,38,401.50,270.80,68.80,193.40,1.0000,-1,-1,-1
464,39,919.30,301.00,72.80,212.20,1.0000,-1,-1,-1
464,41,838.30,312.60,70.60,206.70,1.0000,-1,-1,-1
464,42,1382.20,4.20,43.80,84.90,0.8520,-1,-1,-1
464,46,229.70,134.90,55.80,165.50,1.0000,-1,-1,-1
464,50,315.50,270.70,63.10,196.20,1.0000,-1,-1,-1
464,52,1192.60,125.30,54.10,166.20,1.0000,-1,-1,-1
464,53,501.70,74.50,52.30,155.20,1.0000,-1,-1,-1
464,54,1672.50,145.30,55.00,170.20,1.0000,-1,-1,-1
464,55,1739.30,673.40,94.40,250.50,1.0000,-1,-1,-1
464,56,1444.00,1.00,56.60,86.60,0.9990,-1,-1,-1
464,57,446.30,65.00,57.20,178.50,1.0000,-1,-1,-1
464,58,1188.20,663.50,90.10,265.90,1.0000,-1,-1,-1
464,59,314.00,1.70,44.80,129.60,1.0000,-1,-1,-1
464,60,497.20,260.00,66.20,185.10,1.0000,-1,-1,-1
464,61,290.20,124.70,53.00,170.00,1.0000,-1,-1,-1
464,63,383.70,1.00,50.90,136.60,0.9980,-1,-1,-1
465,0,1220.80,31.20,62.10,119.10,1.0000,-1,-1,-1
465,1,1471.30,170.20,64.40,166.10,1.0000,-1,-1,-1
465,2,686.40,206.10,80.00,113.70,1.0000,-1,-1,-1
465,3,1722.40,452.90,76.90,215.70,1.0000,-1,-1,-1
465,4,327.80,844.10,97.50,236.90,1.0000,-1,-1,-1
465,9,793.10,140.70,75.00,171.50,1.0000,-1,-1,-1
465,16,1795.00,183.20,71.20,183.80,1.0000,-1,-1,-1
465,17,545.30,118.10,57.70,170.00,1.0000,-1,-1,-1
465,23,1573.70,589.10,104.50,236.70,1.0000,-1,-1,-1
465,25,389.20,442.20,66.10,223.60,1.0000,-1,-1,-1
465,31,381.30,166.10,64.90,189.10,0.9980,-1,-1,-1
465,32,752.10,72.90,55.30,161.80,1.0000,-1,-1,-1
465,36,300.30,454.30,85.80,204.30,1.0000,-1,-1,-1
465,38,401.90,271.70,67.30,199.00,1.0000,-1,-1,-1
465,39,919.80,303.00,71.70,208.70,1.0000,-1,-1,-1
465,41,838.80,311.90,68.50,205.30,1.0000,-1,-1,-1
465,46,230.70,134.30,54.40,166.50,1.0000,-1,-1,-1
465,50,315.20,271.80,63.20,195.90,1.0000,-1,-1,-1
465,52,1193.90,125.30,54.10,165.20,1.0000,-1,-1,-1
465,53,503.50,76.10,51.80,154.00,1.0000,-1,-1,-1
465,54,1673.20,145.80,56.20,172.10,1.0000,-1,-1,-1
465,55,1739.50,673.20,94.00,250.80,1.0000,-1,-1,-1
465,56,1444.40,1.00,55.90,86.70,0.9980,-1,-1,-1
465,57,445.00,65.50,57.80,177.30,1.0000,-1,-1,-1
465,58,1187.40,663.50,89.50,264.20,1.0000,-1,-1,-1
465,59,314.60,1.60,43.90,130.30,1.0000,-1,-1,-1
465,60,497.70,261.20,66.80,185.20,1.0000,-1,-1,-1
465,61,289.50,123.40,53.70,171.70,1.0000,-1,-1,-1
465,63,385.60,1.00,49.70,142.80,0.8540,-1,-1,-1
466,0,1220.70,30.40,62.60,121.30,1.0000,-1,-1,-1
466,1,1471.60,171.40,63.80,164.60,1.0000,-1,-1,-1
466,2,686.50,206.20,79.60,112.90,1.0000,-1,-1,-1
466,3,1721.30,455.50,78.20,211.90,1.0000,-1,-1,-1
466,4,328.50,845.70,96.30,235.30,1.0000,-1,-1,-1
466,9,793.90,140.30,74.30,172.80,1.0000,-1,-1,-1
466,16,1796.70,185.70,71.40,180.90,1.0000,-1,-1,-1
466,17,544.20,119.40,58.50,168.50,1.0000,-1,-1,-1
466,23,1576.10,590.10,102.80,235.80,1.0000,-1,-1,-1
466,25,387.50,445.70,66.20,222.60,1.0000,-1,-1,-1
466,31,385.40,167.10,63.80,190.70,0.9980,-1,-1,-1
466,32,751.70,71.80,55.00,163.60,1.0000,-1,-1,-1
466,36,301.50,458.40,83.40,199.30,1.0000,-1,-1,-1
466,38,401.70,275.10,67.00,197.00,1.0000,-1,-1,-1
466,39,919.80,302.80,71.80,209.10,1.0000,-1,-1,-1
466,41,838.30,310.00,69.00,205.40,1.0000,-1,-1,-1
466,46,231.00,134.70,54.70,166.60,1.0000,-1,-1,-1
466,50,314.80,272.20,63.20,198.40,1.0000,-1,-1,-1
466,52,1195.30,125.10,56.00,168.90,1.0000,-1,-1,-1
466,53,504.50,77.70,51.50,152.50,1.0000,-1,-1,-1
466,54,1671.70,145.60,57.50,172.10,1.0000,-1,-1,-1
466,55,1741.90,676.70,93.00,251.60,1.0000,-1,-1,-1
466,56,1440.30,3.10,60.40,80.30,0.9000,-1,-1,-1
466,57,444.70,64.80,58.00,178.00,1.0000,-1,-1,-1
466,58,1184.50,660.40,88.40,264.30,1.0000,-1,-1,-1
466,59,314.20,1.60,45.00,129.50,1.0000,-1,-1,-1
466,60,499.60,260.90,65.40,186.70,1.0000,-1,-1,-1
466,61,289.80,124.20,52.50,170.40,1.0000,-1,-1,-1
466,63,385.40,1.80,50.20,140.50,0.4210,-1,-1,-1
467,0,1220.80,31.00,62.20,121.20,1.0000,-1,-1,-1
467,1,1471.60,172.90,64.60,164.20,1.0000,-1,-1,-1
467,2,687.00,206.20,79.20,113.00,1.0000,-1,-1,-1
467,3,1721.80,453.10,77.90,215.50,1.0000,-1,-1,-1
467,4,328.60,848.80,96.20,232.20,1.0000,-1,-1,-1
467,9,793.70,140.10,74.40,172.50,1.0000,-1,-1,-1
467,16,1797.70,184.40,70.70,182.30,1.0000,-1,-1,-1
467,17,543.90,119.60,57.70,168.90,1.0000,-1,-1,-1
467,23,1576.70,590.10,102.50,236.80,1.0000,-1,-1,-1
467,25,386.90,446.80,66.50,222.90,1.0000,-1,-1,-1
467,31,386.50,166.30,66.00,189.10,0.9990,-1,-1,-1
467,32,751.60,71.20,55.30,163.50,1.0000,-1,-1,-1
467,36,301.60,463.40,83.50,195.60,1.0000,-1,-1,-1
467,38,401.10,277.30,66.90,197.30,1.0000,-1,-1,-1
467,39,920.20,301.70,71.30,208.90,1.0000,-1,-1,-1
467,41,838.10,308.20,70.00,205.80,1.0000,-1,-1,-1
467,46,231.20,134.70,55.00,167.00,1.0000,-1,-1,-1
467,50,314.70,272.50,64.20,200.00,1.0000,-1,-1,-1
467,52,1194.10,126.60,59.60,172.50,1.0000,-1,-1,-1
467,53,504.60,78.20,53.00,154.20,1.0000,-1,-1,-1
467,54,1671.80,147.90,59.10,173.00,1.0000,-1,-1,-1
467,55,1740.50,674.10,93.70,249.60,1.0000,-1,-1,-1
467,56,1440.50,3.50,59.80,79.50,0.8830,-1,-1,-1
467,57,443.60,64.40,58.20,177.50,1.0000,-1,-1,-1
467,58,1182.60,658.40,91.00,266.30,1.0000,-1,-1,-1
467,59,313.60,1.60,45.70,130.10,1.0000,-1,-1,-1
467,60,501.30,263.30,65.40,185.60,1.0000,-1,-1,-1
467,61,289.70,124.30,52.20,169.80,1.0000,-1,-1,-1
467,63,386.10,6.10,48.90,132.90,0.2730,-1,-1,-1
468,0,1220.70,30.60,62.20,121.90,1.0000,-1,-1,-1
468,1,1471.60,177.10,64.00,159.00,1.0000,-1,-1,-1
468,2,686.80,206.30,79.50,112.70,1.0000,-1,-1,-1
468,3,1720.70,453.00,79.30,216.20,1.0000,-1,-1,-1
468,4,329.30,849.40,96.40,231.60,1.0000,-1,-1,-1
468,9,793.10,140.50,75.30,172.60,1.0000,-1,-1,-1
468,16,1797.60,184.60,72.00,185.50,1.0000,-1,-1,-1
468,17,543.70,119.70,58.60,170.10,1.0000,-1,-1,-1
468,23,1576.20,589.60,102.70,238.30,1.0000,-1,-1,-1
468,25,386.70,449.10,67.10,220.50,1.0000,-1,-1,-1
468,31,387.10,165.50,67.90,195.10,0.9990,-1,-1,-1
468,32,752.00,71.40,55.10,163.60,1.0000,-1,-1,-1
468,36,301.60,462.80,83.80,198.80,1.0000,-1,-1,-1
468,38,399.90,278.10,67.70,197.00,1.0000,-1,-1,-1
468,39,920.60,300.30,71.40,208.30,1.0000,-1,-1,-1
468,41,838.40,306.90,70.10,204.10,1.0000,-1,-1,-1
468,46,231.30,134.80,54.50,166.20,1.0000,-1,-1,-1
468,50,314.20,274.50,63.80,197.70,1.0000,-1,-1,-1
468,52,1194.90,126.70,59.90,173.70,1.0000,-1,-1,-1
468,53,504.00,79.20,55.10,156.00,1.0000,-1,-1,-1
468,54,1671.70,149.10,59.10,172.20,1.0000,-1,-1,-1
468,55,1739.60,675.30,94.10,247.10,1.0000,-1,-1,-1
468,56,1440.80,3.00,56.20,77.00,0.9020,-1,-1,-1
468,57,442.50,66.50,58.30,175.10,1.0000,-1,-1,-1
468,58,1182.00,658.80,91.00,262.90,1.0000,-1,-1,-1
468,59,314.40,1.70,45.40,129.50,1.0000,-1,-1,-1
468,60,502.60,263.50,64.60,184.80,1.0000,-1,-1,-1
468,61,289.70,125.10,51.80,169.40,1.0000,-1,-1,-1
469,0,1221.30,30.50,62.30,121.60,1.0000,-1,-1,-1
469,1,1471.60,176.50,65.10,162.80,1.0000,-1,-1,-1
469,2,686.70,205.90,79.70,113.50,1.0000,-1,-1,-1
469,3,1721.00,453.30,78.60,215.80,1.0000,-1,-1,-1
469,4,329.80,851.40,95.80,229.60,1.0000,-1,-1,-1
469,9,792.90,140.50,75.00,172.30,1.0000,-1,-1,-1
469,16,1799.70,184.00,71.20,188.30,1.0000,-1,-1,-1
469,17,543.60,118.30,57.90,171.90,1.0000,-1,-1,-1
469,23,1577.20,590.20,102.50,236.90,1.0000,-1,-1,-1
469,25,386.60,449.10,66.10,221.70,1.0000,-1,-1,-1
469,31,386.20,166.90,70.40,188.90,0.9990,-1,-1,-1
469,32,751.90,72.00,54.90,162.80,1.0000,-1,-1,-1
469,36,300.60,461.20,84.50,202.40,1.0000,-1,-1,-1
469,38,400.60,281.40,67.30,195.70,1.0000,-1,-1,-1
469,39,920.50,298.90,72.40,207.20,1.0000,-1,-1,-1
469,41,838.80,306.20,68.50,197.60,1.0000,-1,-1,-1
469,46,231.00,134.80,54.40,166.60,1.0000,-1,-1,-1
469,50,312.90,276.60,65.60,196.30,1.0000,-1,-1,-1
469,52,1195.10,126.90,61.50,175.70,1.0000,-1,-1,-1
469,53,503.50,80.90,56.40,158.50,1.0000,-1,-1,-1
469,54,1673.30,151.00,58.80,174.20,1.0000,-1,-1,-1
469,55,1739.20,674.40,95.20,247.70,1.0000,-1,-1,-1
469,56,1438.40,3.20,57.50,78.60,0.8800,-1,-1,-1
469,57,440.90,68.00,59.40,172.20,1.0000,-1,-1,-1
469,58,1179.80,654.40,88.70,266.10,1.0000,-1,-1,-1
469,59,314.10,1.40,46.00,129.50,1.0000,-1,-1,-1
469,60,502.90,264.10,64.80,184.50,1.0000,-1,-1,-1
469,61,290.10,124.50,51.60,170.10,1.0000,-1,-1,-1
469,-1,602.90,567.40,106.60,222.30,0.3690,-1,-1,-1
470,0,1221.40,31.10,61.90,120.10,1.0000,-1,-1,-1
470,1,1472.50,178.10,64.30,160.90,1.0000,-1,-1,-1
470,2,686.70,205.90,79.70,113.20,1.0000,-1,-1,-1
470,3,1721.50,452.20,78.40,218.60,1.0000,-1,-1,-1
470,4,330.80,854.10,94.40,226.90,1.0000,-1,-1,-1
470,9,793.20,139.80,75.40,171.80,1.0000,-1,-1,-1
470,16,1801.20,187.20,70.20,188.10,1.0000,-1,-1,-1
470,17,543.10,119.20,59.60,169.90,1.0000,-1,-1,-1
470,23,1575.90,590.40,103.80,237.00,1.0000,-1,-1,-1
470,25,384.70,452.00,68.00,221.20,1.0000,-1,-1,-1
470,31,388.00,167.40,70.40,186.30,0.9990,-1,-1,-1
470,32,751.80,72.60,54.90,161.30,1.0000,-1,-1,-1
470,36,300.50,461.30,86.00,205.80,1.0000,-1,-1,-1
470,38,400.20,281.80,67.70,199.30,1.0000,-1,-1,-1
470,39,922.20,297.80,70.80,205.40,1.0000,-1,-1,-1
470,41,840.80,304.40,67.40,196.60,1.0000,-1,-1,-1
470,46,231.20,135.70,54.50,166.60,1.0000,-1,-1,-1
470,50,313.80,276.40,64.60,198.40,1.0000,-1,-1,-1
470,52,1196.10,130.20,61.80,174.30,1.0000,-1,-1,-1
470,53,504.30,79.80,55.50,158.20,1.0000,-1,-1,-1
470,54,1672.80,152.30,60.40,174.10,1.0000,-1,-1,-1
470,55,1739.10,675.80,95.20,246.60,1.0000,-1,-1,-1
470,56,1438.40,2.30,56.20,79.10,0.7050,-1,-1,-1
470,57,439.60,64.40,60.20,175.10,1.0000,-1,-1,-1
470,58,1178.40,650.60,90.20,263.30,1.0000,-1,-1,-1
470,59,315.00,1.40,45.30,129.60,1.0000,-1,-1,-1
470,60,503.50,264.60,64.30,184.20,1.0000,-1,-1,-1
470,61,290.90,125.00,50.90,169.80,1.0000,-1,-1,-1
470,42,1378.90,4.30,42.00,77.50,0.2870,-1,-1,-1
470,-1,601.80,545.10,111.90,248.60,0.9300,-1,-1,-1
471,0,1221.60,30.80,61.80,120.10,1.0000,-1,-1,-1
471,1,1473.80,180.30,63.30,160.00,1.0000,-1,-1,-1
471,2,686.70,206.10,79.60,113.10,1.0000,-1,-1,-1
471,3,1722.30,452.50,77.80,217.60,1.0000,-1,-1,-1
471,4,331.70,857.20,94.20,223.80,1.0000,-1,-1,-1
471,9,792.90,140.70,75.80,172.40,1.0000,-1,-1,-1
471,16,1803.50,190.10,68.20,188.10,1.0000,-1,-1,-1
471,17,541.50,120.00,60.60,169.40,1.0000,-1,-1,-1
471,23,1576.20,590.10,102.50,235.80,1.0000,-1,-1,-1
471,25,383.50,453.70,67.70,220.20,1.0000,-1,-1,-1
471,31,386.50,168.00,74.00,186.30,0.9990,-1,-1,-1
471,32,751.40,70.60,54.40,164.50,1.0000,-1,-1,-1
471,36,301.10,463.40,85.60,207.40,1.0000,-1,-1,-1
471,38,400.40,284.50,67.60,196.70,1.0000,-1,-1,-1
471,39,922.30,295.40,71.30,206.20,1.0000,-1,-1,-1
471,41,841.10,301.90,66.80,197.80,1.0000,-1,-1,-1
471,46,231.40,135.80,54.60,167.00,1.0000,-1,-1,-1
471,50,312.60,276.10,66.20,199.90,1.0000,-1,-1,-1
471,52,1196.20,132.20,63.60,176.60,1.0000,-1,-1,-1
471,53,506.70,81.80,54.40,157.30,1.0000,-1,-1,-1
471,54,1673.80,155.50,59.90,171.30,1.0000,-1,-1,-1
471,55,1739.10,675.70,93.90,246.90,1.0000,-1,-1,-1
471,57,439.20,64.70,60.80,173.10,1.0000,-1,-1,-1
471,58,1176.30,646.50,89.70,263.40,1.0000,-1,-1,-1
471,59,314.50,1.00,45.30,131.20,1.0000,-1,-1,-1
471,60,504.10,265.50,62.90,184.60,1.0000,-1,-1,-1
471,61,290.30,125.00,50.30,168.70,1.0000,-1,-1,-1
471,64,602.20,544.70,104.60,251.10,0.9990,-1,-1,-1
471,56,1438.60,3.20,53.80,76.70,0.4530,-1,-1,-1
472,0,1221.60,30.70,62.10,120.00,1.0000,-1,-1,-1
472,1,1473.70,179.70,63.80,161.20,1.0000,-1,-1,-1
472,2,686.50,206.20,79.70,112.90,1.0000,-1,-1,-1
472,3,1722.30,452.40,78.50,217.10,1.0000,-1,-1,-1
472,4,334.30,860.70,91.60,220.30,1.0000,-1,-1,-1
472,9,793.90,140.10,74.70,172.90,1.0000,-1,-1,-1
472,16,1804.50,191.40,67.60,187.50,1.0000,-1,-1,-1
472,17,542.00,119.70,59.00,168.70,1.0000,-1,-1,-1
472,23,1576.50,590.00,102.30,235.80,1.0000,-1,-1,-1
472,25,382.60,457.60,68.10,218.10,1.0000,-1,-1,-1
472,31,388.00,168.50,73.80,181.40,0.9990,-1,-1,-1
472,32,751.50,71.90,54.50,162.70,1.0000,-1,-1,-1
472,36,301.30,464.80,86.30,208.90,1.0000,-1,-1,-1
472,38,400.00,290.10,66.80,187.70,1.0000,-1,-1,-1
472,39,924.50,291.90,69.20,207.50,1.0000,-1,-1,-1
472,41,841.40,299.60,66.40,201.70,1.0000,-1,-1,-1
472,46,231.20,135.70,54.90,166.50,1.0000,-1,-1,-1
472,50,312.20,277.20,65.40,200.30,1.0000,-1,-1,-1
472,52,1196.90,135.40,64.00,172.80,1.0000,-1,-1,-1
472,53,507.70,81.50,54.10,157.80,1.0000,-1,-1,-1
472,54,1674.20,158.20,61.10,170.40,1.0000,-1,-1,-1
472,55,1739.50,675.10,93.00,249.20,1.0000,-1,-1,-1
472,57,438.80,64.00,61.50,172.90,1.0000,-1,-1,-1
472,58,1175.80,642.00,88.50,265.90,1.0000,-1,-1,-1
472,59,314.50,1.30,45.70,130.40,1.0000,-1,-1,-1
472,60,503.40,265.50,63.30,183.90,1.0000,-1,-1,-1
472,61,290.80,126.30,50.50,167.60,1.0000,-1,-1,-1
472,64,600.20,548.30,108.90,249.50,0.9990,-1,-1,-1
473,0,1221.60,30.70,61.80,119.10,1.0000,-1,-1,-1
473,1,1473.00,180.80,65.00,161.30,1.0000,-1,-1,-1
473,2,686.70,206.20,79.30,113.00,1.0000,-1,-1,-1
473,3,1722.70,452.70,77.80,216.80,1.0000,-1,-1,-1
473,4,336.30,866.40,89.40,214.60,1.0000,-1,-1,-1
473,9,794.00,140.60,74.40,171.30,1.0000,-1,-1,-1
473,16,1806.00,194.20,68.90,187.50,1.0000,-1,-1,-1
473,17,541.40,119.30,59.50,169.70,1.0000,-1,-1,-1
473,23,1575.90,589.50,102.80,236.20,1.0000,-1,-1,-1
473,25,382.20,458.20,68.60,218.00,1.0000,-1,-1,-1
473,31,390.90,167.20,73.80,185.70,0.9990,-1,-1,-1
473,32,751.40,71.70,54.30,162.60,1.0000,-1,-1,-1
473,36,301.30,465.50,85.30,210.80,1.0000,-1,-1,-1
473,38,398.80,289.20,67.00,189.60,1.0000,-1,-1,-1
473,39,923.80,289.90,70.40,208.40,1.0000,-1,-1,-1
473,41,841.60,297.10,65.60,202.60,1.0000,-1,-1,-1
473,46,231.80,136.30,54.30,166.10,1.0000,-1,-1,-1
473,50,311.30,277.20,66.50,198.50,1.0000,-1,-1,-1
473,52,1198.70,137.50,64.70,173.10,1.0000,-1,-1,-1
473,53,508.20,84.90,53.20,156.20,1.0000,-1,-1,-1
473,54,1674.60,160.50,62.00,171.40,1.0000,-1,-1,-1
473,55,1740.40,675.80,93.20,248.10,1.0000,-1,-1,-1
473,57,439.80,65.90,60.80,171.00,1.0000,-1,-1,-1
473,58,1175.80,638.90,87.30,265.20,1.0000,-1,-1,-1
473,59,314.00,1.00,43.70,131.30,1.0000,-1,-1,-1
473,60,502.90,264.40,64.60,186.20,1.0000,-1,-1,-1
473,61,290.80,126.00,50.40,168.40,1.0000,-1,-1,-1
473,64,598.60,548.00,108.20,247.70,1.0000,-1,-1,-1
474,0,1221.70,30.30,61.30,119.10,1.0000,-1,-1,-1
474,1,1474.80,184.90,62.50,158.30,1.0000,-1,-1,-1
474,2,686.50,206.50,79.80,112.10,1.0000,-1,-1,-1
474,3,1722.60,452.10,77.40,217.30,1.0000,-1,-1,-1
474,4,337.50,870.40,90.10,210.60,1.0000,-1,-1,-1
474,9,794.00,140.80,74.80,170.60,1.0000,-1,-1,-1
474,16,1807.50,197.70,68.40,184.80,1.0000,-1,-1,-1
474,17,541.50,120.20,59.80,168.30,1.0000,-1,-1,-1
474,23,1576.50,590.00,102.90,235.50,1.0000,-1,-1,-1
474,25,381.70,457.80,68.30,218.90,1.0000,-1,-1,-1
474,31,388.80,167.70,75.40,190.80,0.9990,-1,-1,-1
474,32,751.50,72.90,54.90,161.90,1.0000,-1,-1,-1
474,36,301.60,468.90,84.30,209.80,1.0000,-1,-1,-1
474,38,397.90,288.70,67.70,193.70,1.0000,-1,-1,-1
474,39,925.90,288.70,68.50,206.20,1.0000,-1,-1,-1
474,41,841.90,296.60,65.80,201.80,1.0000,-1,-1,-1
474,46,231.80,136.80,54.50,166.20,1.0000,-1,-1,-1
474,50,311.00,276.70,66.40,199.60,1.0000,-1,-1,-1
474,52,1202.10,139.10,62.20,175.30,1.0000,-1,-1,-1
474,53,508.50,85.80,53.10,155.30,1.0000,-1,-1,-1
474,54,1675.30,162.10,60.90,172.50,1.0000,-1,-1,-1
474,55,1740.30,675.30,92.80,249.60,1.0000,-1,-1,-1
474,57,438.90,65.80,61.30,171.00,1.0000,-1,-1,-1
474,58,1175.10,636.50,88.30,264.40,1.0000,-1,-1,-1
474,59,313.30,1.00,43.20,131.00,1.0000,-1,-1,-1
474,60,503.10,266.70,64.40,186.00,1.0000,-1,-1,-1
474,61,290.40,124.90,51.00,170.40,1.0000,-1,-1,-1
474,64,597.50,548.20,109.00,249.00,1.0000,-1,-1,-1
475,0,1221.40,29.90,61.40,118.60,1.0000,-1,-1,-1
475,1,1474.40,184.30,63.10,158.20,1.0000,-1,-1,-1
475,2,686.20,206.60,80.10,112.20,1.0000,-1,-1,-1
475,3,1722.00,452.80,77.40,216.90,1.0000,-1,-1,-1
475,4,338.70,872.80,90.20,208.20,1.0000,-1,-1,-1
475,9,794.10,140.10,74.10,172.60,1.0000,-1,-1,-1
475,16,1808.60,200.10,67.60,185.30,1.0000,-1,-1,-1
475,17,540.60,120.20,60.00,169.10,1.0000,-1,-1,-1
475,23,1576.30,590.20,102.40,235.20,1.0000,-1,-1,-1
475,25,382.30,457.60,68.00,220.10,1.0000,-1,-1,-1
475,31,392.20,168.30,74.20,186.90,0.9990,-1,-1,-1
475,32,751.10,72.50,54.80,161.90,1.0000,-1,-1,-1
475,36,302.00,471.00,82.80,207.80,1.0000,-1,-1,-1
475,38,397.00,290.20,68.20,193.40,1.0000,-1,-1,-1
475,39,926.50,286.00,68.90,207.50,1.0000,-1,-1,-1
475,41,842.50,295.80,64.90,203.00,1.0000,-1,-1,-1
475,46,232.30,137.60,53.70,165.40,1.0000,-1,-1,-1
475,50,309.40,280.40,65.00,193.50,1.0000,-1,-1,-1
475,52,1203.20,138.10,63.00,175.30,1.0000,-1,-1,-1
475,53,508.80,87.20,52.50,152.80,1.0000,-1,-1,-1
475,54,1676.00,163.60,60.30,172.10,1.0000,-1,-1,-1
475,55,1742.60,676.40,92.50,251.60,1.0000,-1,-1,-1
475,57,438.70,65.90,61.90,172.30,1.0000,-1,-1,-1
475,58,1175.40,635.00,86.20,259.40,1.0000,-1,-1,-1
475,59,314.00,1.50,43.70,128.90,1.0000,-1,-1,-1
475,60,502.40,268.70,64.30,186.30,1.0000,-1,-1,-1
475,61,290.20,124.90,51.00,169.30,1.0000,-1,-1,-1
475,64,596.80,551.00,110.20,248.00,1.0000,-1,-1,-1
476,0,1221.40,30.00,61.50,119.10,1.0000,-1,-1,-1
476,1,1474.80,184.50,62.90,157.50,1.0000,-1,-1,-1
476,2,685.90,206.40,80.80,112.30,1.0000,-1,-1,-1
476,3,1721.90,453.60,76.60,216.50,1.0000,-1,-1,-1
476,4,341.90,875.10,88.90,205.90,1.0000,-1,-1,-1
476,9,794.30,139.50,73.60,173.60,1.0000,-1,-1,-1
476,16,1809.60,199.80,68.30,187.10,1.0000,-1,-1,-1
476,17,540.60,120.80,60.80,169.00,1.0000,-1,-1,-1
476,23,1575.40,590.40,103.60,234.50,1.0000,-1,-1,-1
476,25,381.90,458.90,68.70,221.70,1.0000,-1,-1,-1
476,31,395.90,169.90,73.40,183.70,0.9990,-1,-1,-1
476,32,751.10,73.40,55.30,160.90,1.0000,-1,-1,-1
476,36,301.30,472.10,84.50,208.20,1.0000,-1,-1,-1
476,38,393.80,288.10,72.90,196.00,1.0000,-1,-1,-1
476,39,926.70,282.90,68.60,210.30,1.0000,-1,-1,-1
476,41,842.10,294.30,65.50,205.90,1.0000,-1,-1,-1
476,46,231.50,136.70,54.70,167.70,1.0000,-1,-1,-1
476,50,309.30,280.30,65.20,195.00,1.0000,-1,-1,-1
476,52,1203.90,139.50,65.10,175.80,1.0000,-1,-1,-1
476,53,508.70,87.00,51.10,150.80,0.9990,-1,-1,-1
476,54,1677.30,165.20,59.60,173.00,1.0000,-1,-1,-1
476,55,1741.90,674.40,91.30,249.30,1.0000,-1,-1,-1
476,57,438.10,65.70,62.10,173.50,1.0000,-1,-1,-1
476,58,1173.50,632.50,87.60,262.40,1.0000,-1,-1,-1
476,59,314.20,1.30,43.50,129.70,1.0000,-1,-1,-1
476,60,504.30,269.70,64.10,188.50,1.0000,-1,-1,-1
476,61,290.20,126.30,51.10,168.80,1.0000,-1,-1,-1
476,64,597.50,550.50,107.10,247.90,1.0000,-1,-1,-1
476,63,381.70,1.00,55.10,148.70,0.0720,-1,-1,-1
477,0,1221.20,29.90,61.90,118.90,1.0000,-1,-1,-1
477,1,1474.60,186.10,62.30,155.10,1.0000,-1,-1,-1
477,2,686.00,206.10,80.40,113.20,1.0000,-1,-1,-1
477,3,1722.10,452.70,77.90,217.70,1.0000,-1,-1,-1
477,4,342.90,877.70,88.70,203.30,1.0000,-1,-1,-1
477,9,793.70,139.70,75.10,173.40,1.0000,-1,-1,-1
477,16,1810.80,203.10,67.20,184.20,1.0000,-1,-1,-1
477,17,540.50,120.20,60.40,171.40,1.0000,-1,-1,-1
477,23,1575.20,590.80,103.40,236.20,1.0000,-1,-1,-1
477,25,381.00,459.50,68.70,221.60,1.0000,-1,-1,-1
477,31,402.50,171.00,70.50,182.70,0.9980,-1,-1,-1
477,32,750.70,73.40,55.10,161.50,1.0000,-1,-1,-1
477,36,300.50,473.00,87.00,207.80,1.0000,-1,-1,-1
477,38,395.30,288.20,71.80,190.40,1.0000,-1,-1,-1
477,39,926.90,281.50,67.90,210.20,1.0000,-1,-1,-1
477,41,842.20,294.50,65.60,203.10,1.0000,-1,-1,-1
477,46,231.60,136.10,55.00,167.90,1.0000,-1,-1,-1
477,50,310.40,279.30,65.50,200.40,1.0000,-1,-1,-1
477,52,1204.80,141.20,65.30,172.70,1.0000,-1,-1,-1
477,53,509.10,86.60,52.10,151.60,0.9990,-1,-1,-1
477,54,1677.80,164.80,60.40,173.40,1.0000,-1,-1,-1
477,55,1740.40,674.70,92.30,250.10,1.0000,-1,-1,-1
477,57,437.90,65.10,61.60,174.00,1.0000,-1,-1,-1
477,58,1171.50,631.70,88.10,261.10,1.0000,-1,-1,-1
477,59,314.10,1.70,42.80,129.20,1.0000,-1,-1,-1
477,60,503.70,272.00,65.50,191.00,1.0000,-1,-1,-1
477,61,290.90,126.30,51.10,168.00,1.0000,-1,-1,-1
477,64,596.50,550.50,104.70,246.50,1.0000,-1,-1,-1
477,63,381.90,1.00,54.10,150.30,0.1710,-1,-1,-1
478,0,1221.30,30.40,61.60,118.00,1.0000,-1,-1,-1
478,1,1474.40,183.90,63.50,156.80,1.0000,-1,-1,-1
478,2,686.10,206.30,79.90,113.10,1.0000,-1,-1,-1
478,3,1721.30,452.40,79.50,218.90,1.0000,-1,-1,-1
478,4,343.80,879.60,89.30,201.40,1.0000,-1,-1,-1
478,9,794.50,140.00,74.10,172.80,1.0000,-1,-1,-1
478,16,1810.50,204.10,68.10,180.40,1.0000,-1,-1,-1
478,17,541.40,120.60,60.20,172.30,1.0000,-1,-1,-1
478,23,1575.30,590.40,103.20,236.30,1.0000,-1,-1,-1
478,25,380.80,460.60,68.80,222.40,1.0000,-1,-1,-1
478,31,408.90,166.30,67.50,196.90,0.9980,-1,-1,-1
478,32,751.00,74.30,54.50,160.60,1.0000,-1,-1,-1
478,36,299.30,474.50,88.40,205.40,1.0000,-1,-1,-1
478,38,396.00,285.40,70.40,191.80,1.0000,-1,-1,-1
478,39,927.20,280.90,68.40,210.00,1.0000,-1,-1,-1
478,41,842.40,293.10,65.50,205.20,1.0000,-1,-1,-1
478,46,231.40,136.20,55.50,168.40,1.0000,-1,-1,-1
478,50,311.10,281.90,64.50,196.70,1.0000,-1,-1,-1
478,52,1206.50,140.60,66.00,177.90,1.0000,-1,-1,-1
478,53,507.20,85.90,52.20,153.10,0.9990,-1,-1,-1
478,54,1679.50,166.00,60.10,172.70,1.0000,-1,-1,-1
478,55,1740.40,674.20,91.70,250.40,1.0000,-1,-1,-1
478,57,437.50,65.90,62.50,172.40,0.9990,-1,-1,-1
478,58,1170.50,630.40,87.90,260.70,1.0000,-1,-1,-1
478,59,313.90,1.90,42.70,129.10,1.0000,-1,-1,-1
478,60,501.50,273.70,67.50,192.30,1.0000,-1,-1,-1
478,61,290.20,125.50,51.60,168.20,1.0000,-1,-1,-1
478,64,594.90,550.70,105.20,247.20,1.0000,-1,-1,-1
478,63,382.50,1.00,53.80,149.10,0.2450,-1,-1,-1
478,-1,378.80,167.00,46.80,188.60,0.8090,-1,-1,-1
479,0,1221.30,30.20,61.10,118.50,1.0000,-1,-1,-1
479,1,1473.70,183.80,63.80,156.90,1.0000,-1,-1,-1
479,2,685.80,206.20,80.30,113.30,1.0000,-1,-1,-1
479,3,1720.80,452.60,80.50,219.10,1.0000,-1,-1,-1
479,4,345.20,882.20,89.50,198.80,1.0000,-1,-1,-1
479,9,794.70,138.90,73.70,173.80,1.0000,-1,-1,-1
479,16,1811.70,203.80,68.30,183.00,1.0000,-1,-1,-1
479,17,541.30,121.20,59.60,170.70,1.0000,-1,-1,-1
479,23,1575.40,590.10,102.60,236.30,1.0000,-1,-1,-1
479,25,380.30,461.70,69.60,225.10,1.0000,-1,-1,-1
479,31,412.70,165.50,65.50,196.60,0.9980,-1,-1,-1
479,32,750.80,73.70,55.40,160.90,1.0000,-1,-1,-1
479,36,299.30,476.60,87.60,202.60,1.0000,-1,-1,-1
479,38,395.80,285.10,70.60,192.50,1.0000,-1,-1,-1
479,39,927.60,279.40,68.10,208.80,1.0000,-1,-1,-1
479,41,842.70,293.00,65.30,204.00,1.0000,-1,-1,-1
479,46,230.80,137.20,55.30,167.00,1.0000,-1,-1,-1
479,50,309.90,282.10,65.60,201.00,1.0000,-1,-1,-1
479,52,1210.30,142.60,63.10,173.70,1.0000,-1,-1,-1
479,53,507.70,86.20,52.60,156.10,1.0000,-1,-1,-1
479,54,1681.70,166.10,59.10,174.00,1.0000,-1,-1,-1
479,55,1742.30,675.40,92.00,249.30,1.0000,-1,-1,-1
479,57,437.20,66.60,61.60,171.50,0.9990,-1,-1,-1
479,58,1169.10,628.70,88.90,261.30,1.0000,-1,-1,-1
479,59,313.60,2.00,42.30,128.60,1.0000,-1,-1,-1
479,60,502.20,274.00,66.00,192.90,1.0000,-1,-1,-1
479,61,290.40,126.50,51.90,168.70,1.0000,-1,-1,-1
479,64,594.70,552.10,103.00,244.70,1.0000,-1,-1,-1
479,65,377.40,171.60,49.50,174.30,0.9870,-1,-1,-1
479,63,384.00,1.00,54.00,155.90,0.2080,-1,-1,-1
480,0,1221.20,30.50,61.90,118.30,1.0000,-1,-1,-1
480,1,1473.50,182.80,63.20,159.60,1.0000,-1,-1,-1
480,2,686.30,206.30,80.00,112.70,1.0000,-1,-1,-1
480,3,1721.90,453.40,79.90,216.60,1.0000,-1,-1,-1
480,4,346.50,882.70,91.50,198.30,1.0000,-1,-1,-1
480,9,793.60,140.20,75.10,172.80,1.0000,-1,-1,-1
480,16,1815.50,204.70,64.60,183.20,1.0000,-1,-1,-1
480,17,541.60,122.90,59.70,169.10,1.0000,-1,-1,-1
480,23,1575.80,590.60,102.20,235.10,1.0000,-1,-1,-1
480,25,380.10,461.00,68.50,227.50,1.0000,-1,-1,-1
480,31,417.40,167.00,62.70,188.90,0.9990,-1,-1,-1
480,32,751.00,73.70,54.30,161.40,1.0000,-1,-1,-1
480,36,301.10,477.70,85.30,199.80,1.0000,-1,-1,-1
480,38,395.40,287.40,69.40,190.20,1.0000,-1,-1,-1
480,39,927.40,277.40,68.80,210.70,1.0000,-1,-1,-1
480,41,843.00,291.50,65.20,205.00,1.0000,-1,-1,-1
480,46,231.40,137.90,54.80,166.30,1.0000,-1,-1,-1
480,50,309.40,285.70,65.20,198.80,1.0000,-1,-1,-1
480,52,1212.70,139.70,63.00,176.80,1.0000,-1,-1,-1
480,53,507.90,86.90,52.30,157.90,1.0000,-1,-1,-1
480,54,1685.20,165.10,57.90,175.00,1.0000,-1,-1,-1
480,55,1742.80,676.70,92.20,247.20,1.0000,-1,-1,-1
480,57,437.00,66.70,61.80,170.80,0.9990,-1,-1,-1
480,58,1166.10,628.30,90.60,261.90,1.0000,-1,-1,-1
480,59,313.80,2.00,42.60,128.50,1.0000,-1,-1,-1
480,60,501.30,275.90,68.00,191.20,1.0000,-1,-1,-1
480,61,290.00,125.70,52.20,169.10,1.0000,-1,-1,-1
480,63,385.00,1.00,52.90,156.40,0.8570,-1,-1,-1
480,64,594.00,551.70,100.80,244.80,1.0000,-1,-1,-1
480,65,376.00,174.20,48.60,164.10,0.9980,-1,-1,-1
481,0,1221.80,30.30,61.40,118.20,1.0000,-1,-1,-1
481,1,1471.50,182.80,65.20,162.50,1.0000,-1,-1,-1
481,2,686.50,206.40,79.70,113.30,1.0000,-1,-1,-1
481,3,1720.90,452.80,80.70,217.60,1.0000,-1,-1,-1
481,4,347.20,881.80,92.60,199.20,1.0000,-1,-1,-1
481,9,794.30,139.80,74.50,173.60,1.0000,-1,-1,-1
481,16,1818.10,204.20,63.80,184.60,1.0000,-1,-1,-1
481,17,540.40,120.20,60.70,171.10,1.0000,-1,-1,-1
481,23,1576.70,591.30,100.50,234.10,1.0000,-1,-1,-1
481,25,381.20,462.40,67.40,229.60,1.0000,-1,-1,-1
481,31,418.60,164.00,62.80,194.20,0.9990,-1,-1,-1
481,32,751.10,73.30,54.20,162.20,1.0000,-1,-1,-1
481,36,299.50,477.70,88.10,201.70,1.0000,-1,-1,-1
481,38,395.40,288.40,67.60,190.20,1.0000,-1,-1,-1
481,39,927.50,277.70,68.60,209.70,1.0000,-1,-1,-1
481,41,843.70,290.40,65.30,203.50,1.0000,-1,-1,-1
481,46,231.30,138.80,54.40,165.20,1.0000,-1,-1,-1
481,50,308.60,285.70,65.90,200.60,1.0000,-1,-1,-1
481,52,1214.60,141.70,62.30,175.60,1.0000,-1,-1,-1
481,53,507.40,87.70,53.10,156.40,1.0000,-1,-1,-1
481,54,1685.60,165.30,58.20,175.20,1.0000,-1,-1,-1
481,55,1742.00,676.10,92.80,249.50,1.0000,-1,-1,-1
481,57,435.80,66.30,63.10,169.90,0.9990,-1,-1,-1
481,58,1164.30,627.60,90.50,263.40,1.0000,-1,-1,-1
481,59,314.50,2.30,41.70,128.50,1.0000,-1,-1,-1
481,60,500.20,279.00,68.50,190.20,1.0000,-1,-1,-1
481,61,289.70,126.80,52.60,169.20,1.0000,-1,-1,-1
481,63,385.90,1.00,51.80,152.20,0.9700,-1,-1,-1
481,64,594.20,552.70,96.90,243.30,1.0000,-1,-1,-1
481,65,377.40,175.20,49.30,162.30,0.9990,-1,-1,-1
482,0,1221.00,30.40,62.50,117.40,1.0000,-1,-1,-1
482,1,1471.40,182.80,64.90,164.30,1.0000,-1,-1,-1
482,2,686.40,206.40,80.00,112.90,1.0000,-1,-1,-1
482,3,1720.00,453.60,82.10,216.70,1.0000,-1,-1,-1
482,4,348.80,884.20,93.10,196.80,1.0000,-1,-1,-1
482,9,793.20,140.30,75.20,173.20,1.0000,-1,-1,-1
482,16,1819.60,203.70,62.30,188.00,1.0000,-1,-1,-1
482,17,539.80,120.70,60.80,170.30,1.0000,-1,-1,-1
482,23,1575.20,589.70,103.00,237.10,1.0000,-1,-1,-1
482,25,381.30,464.80,67.40,229.50,1.0000,-1,-1,-1
482,31,423.80,163.50,61.10,195.80,1.0000,-1,-1,-1
482,32,751.20,73.10,54.20,162.10,1.0000,-1,-1,-1
482,36,296.90,480.30,90.70,201.30,1.0000,-1,-1,-1
482,38,392.50,287.30,69.80,190.40,1.0000,-1,-1,-1
482,39,928.20,277.40,68.00,209.40,1.0000,-1,-1,-1
482,41,843.20,288.30,66.60,204.40,1.0000,-1,-1,-1
482,46,231.50,138.60,54.30,164.60,1.0000,-1,-1,-1
482,50,307.80,287.30,65.00,199.70,1.0000,-1,-1,-1
482,52,1217.80,142.00,62.20,176.10,1.0000,-1,-1,-1
482,53,508.00,87.70,53.90,157.90,1.0000,-1,-1,-1
482,54,1687.00,166.40,58.40,174.00,1.0000,-1,-1,-1
482,55,1739.80,675.00,93.90,250.10,1.0000,-1,-1,-1
482,57,436.10,67.60,62.40,167.60,0.9990,-1,-1,-1
482,58,1161.80,627.20,93.30,263.20,1.0000,-1,-1,-1
482,59,314.00,2.60,42.60,128.50,1.0000,-1,-1,-1
482,60,499.50,280.90,68.20,190.80,1.0000,-1,-1,-1
482,61,289.50,127.50,53.10,167.90,1.0000,-1,-1,-1
482,63,385.50,1.00,53.40,155.50,0.9670,-1,-1,-1
482,64,594.00,551.60,95.10,246.00,1.0000,-1,-1,-1
482,65,379.00,176.00,51.40,161.50,0.9990,-1,-1,-1
483,0,1220.80,30.00,62.30,117.90,1.0000,-1,-1,-1
483,1,1471.30,184.70,65.10,162.50,1.0000,-1,-1,-1
483,2,686.20,206.50,80.40,112.80,1.0000,-1,-1,-1
483,3,1721.00,454.40,80.40,216.10,1.0000,-1,-1,-1
483,4,348.30,885.50,95.60,195.50,1.0000,-1,-1,-1
483,9,792.60,140.20,75.20,173.10,1.0000,-1,-1,-1
483,16,1822.20,205.00,61.00,185.80,1.0000,-1,-1,-1
483,17,540.30,120.50,61.10,171.30,1.0000,-1,-1,-1
483,23,1575.90,590.30,101.80,235.90,1.0000,-1,-1,-1
483,25,380.30,466.30,68.00,229.30,1.0000,-1,-1,-1
483,31,429.90,167.90,59.50,187.40,1.0000,-1,-1,-1
483,32,751.50,73.50,54.10,161.70,1.0000,-1,-1,-1
483,36,298.50,481.40,88.20,201.30,1.0000,-1,-1,-1
483,38,392.10,288.60,71.20,195.30,1.0000,-1,-1,-1
483,39,929.00,276.90,67.30,209.60,1.0000,-1,-1,-1
483,41,844.50,287.70,66.00,200.80,1.0000,-1,-1,-1
483,46,232.20,139.70,53.20,163.30,1.0000,-1,-1,-1
483,50,306.80,287.20,66.10,205.20,1.0000,-1,-1,-1
483,52,1221.90,143.30,61.00,174.70,1.0000,-1,-1,-1
483,53,508.10,89.00,53.50,158.90,1.0000,-1,-1,-1
483,54,1688.30,167.50,58.50,175.00,1.0000,-1,-1,-1
483,55,1740.90,678.40,92.70,245.70,1.0000,-1,-1,-1
483,57,434.70,66.70,63.90,170.40,0.9970,-1,-1,-1
483,58,1158.60,624.80,95.60,262.00,1.0000,-1,-1,-1
483,59,313.80,2.60,42.40,127.70,1.0000,-1,-1,-1
483,60,497.50,281.40,68.40,190.10,1.0000,-1,-1,-1
483,61,289.40,127.50,53.40,168.90,1.0000,-1,-1,-1
483,63,384.80,1.00,55.40,160.30,0.9710,-1,-1,-1
483,64,591.50,551.20,98.20,246.60,1.0000,-1,-1,-1
483,65,380.00,175.00,52.90,164.20,0.9990,-1,-1,-1
484,0,1220.80,30.30,62.70,116.80,1.0000,-1,-1,-1
484,1,1470.10,184.20,66.80,164.30,1.0000,-1,-1,-1
484,2,686.10,206.60,80.40,112.40,1.0000,-1,-1,-1
484,3,1719.50,454.00,83.10,216.00,1.0000,-1,-1,-1
484,4,348.70,887.90,97.90,193.10,1.0000,-1,-1,-1
484,9,793.80,140.10,73.80,172.50,1.0000,-1,-1,-1
484,16,1823.70,205.30,59.50,187.40,1.0000,-1,-1,-1
484,17,540.60,120.30,61.60,170.10,1.0000,-1,-1,-1
484,23,1576.00,590.10,102.80,236.80,1.0000,-1,-1,-1
484,25,379.80,466.20,66.20,231.30,1.0000,-1,-1,-1
484,31,431.50,167.30,61.70,194.20,1.0000,-1,-1,-1
484,32,751.20,74.20,54.50,161.30,1.0000,-1,-1,-1
484,36,298.30,481.40,88.90,204.30,1.0000,-1,-1,-1
484,38,390.00,289.60,74.70,197.20,1.0000,-1,-1,-1
484,39,929.90,275.90,65.60,209.70,1.0000,-1,-1,-1
484,41,844.80,286.00,65.60,201.70,1.0000,-1,-1,-1
484,46,231.80,138.90,53.50,164.00,1.0000,-1,-1,-1
484,50,305.20,291.30,66.70,202.10,1.0000,-1,-1,-1
484,52,1223.00,144.90,60.90,173.20,1.0000,-1,-1,-1
484,53,507.90,93.80,52.90,154.40,0.9990,-1,-1,-1
484,54,1689.50,169.10,57.20,173.10,1.0000,-1,-1,-1
484,55,1740.10,678.80,91.70,243.80,1.0000,-1,-1,-1
484,57,434.70,72.10,64.00,161.00,0.9930,-1,-1,-1
484,58,1156.60,620.90,96.40,264.70,1.0000,-1,-1,-1
484,59,313.60,2.30,42.50,127.70,1.0000,-1,-1,-1
484,60,496.70,281.20,68.60,189.90,1.0000,-1,-1,-1
484,61,289.30,126.60,53.20,169.20,1.0000,-1,-1,-1
484,63,384.40,1.00,56.40,157.10,0.9730,-1,-1,-1
484,64,591.80,551.90,96.90,244.20,1.0000,-1,-1,-1
484,65,381.90,173.70,52.50,161.80,0.9990,-1,-1,-1
485,0,1221.20,30.30,62.50,116.70,1.0000,-1,-1,-1
485,1,1469.40,185.70,65.80,162.50,1.0000,-1,-1,-1
485,2,685.70,206.40,81.00,112.50,1.0000,-1,-1,-1
485,3,1719.40,454.70,81.70,213.10,1.0000,-1,-1,-1
485,4,351.70,887.70,95.40,193.30,0.9990,-1,-1,-1
485,9,792.40,140.90,75.30,172.10,1.0000,-1,-1,-1
485,16,1824.20,205.70,61.60,188.80,1.0000,-1,-1,-1
485,17,540.00,120.40,61.30,169.00,1.0000,-1,-1,-1
485,23,1576.20,590.20,102.10,236.50,1.0000,-1,-1,-1
485,25,379.90,468.30,64.90,228.60,1.0000,-1,-1,-1
485,31,433.70,168.50,61.00,190.10,1.0000,-1,-1,-1
485,32,751.20,74.10,54.20,160.60,1.0000,-1,-1,-1
485,36,297.60,481.70,90.40,206.70,1.0000,-1,-1,-1
485,38,390.00,292.10,75.30,194.40,1.0000,-1,-1,-1
485,39,929.50,274.50,66.00,208.90,1.0000,-1,-1,-1
485,41,845.80,285.20,64.10,198.30,1.0000,-1,-1,-1
485,46,232.20,140.20,52.50,162.50,1.0000,-1,-1,-1
485,50,303.70,292.60,66.60,202.40,1.0000,-1,-1,-1
485,52,1223.90,146.70,62.30,172.40,1.0000,-1,-1,-1
485,53,506.60,94.70,54.80,153.20,0.9990,-1,-1,-1
485,54,1691.40,172.30,55.70,168.50,1.0000,-1,-1,-1
485,55,1735.00,679.20,94.70,241.80,1.0000,-1,-1,-1
485,57,435.00,67.50,62.50,172.00,0.9900,-1,-1,-1
485,58,1156.60,620.40,94.50,263.70,1.0000,-1,-1,-1
485,59,313.30,1.90,42.00,127.90,1.0000,-1,-1,-1
485,60,495.30,282.60,69.30,189.90,1.0000,-1,-1,-1
485,61,289.30,126.70,53.40,170.60,1.0000,-1,-1,-1
485,64,589.80,552.60,96.80,243.50,1.0000,-1,-1,-1
485,65,383.60,175.60,50.90,157.60,0.9990,-1,-1,-1
485,63,385.70,1.90,57.60,161.30,0.1820,-1,-1,-1
486,0,1221.20,30.10,62.20,115.90,1.0000,-1,-1,-1
486,1,1469.40,187.40,65.30,160.80,1.0000,-1,-1,-1
486,2,686.00,206.50,80.80,112.80,1.0000,-1,-1,-1
486,3,1720.10,455.90,79.70,211.10,1.0000,-1,-1,-1
486,4,352.00,892.30,97.30,188.70,0.9990,-1,-1,-1
486,9,792.50,140.80,74.60,170.80,1.0000,-1,-1,-1
486,16,1825.30,208.60,62.80,188.10,1.0000,-1,-1,-1
486,17,540.10,121.50,60.00,167.80,1.0000,-1,-1,-1
486,23,1576.40,590.60,101.90,234.40,1.0000,-1,-1,-1
486,25,379.70,468.40,63.70,225.00,1.0000,-1,-1,-1
486,31,435.00,165.90,63.10,192.50,1.0000,-1,-1,-1
486,32,751.10,73.50,54.30,161.70,1.0000,-1,-1,-1
486,36,297.30,485.10,91.40,206.40,1.0000,-1,-1,-1
486,38,387.20,292.90,77.50,195.20,1.0000,-1,-1,-1
486,39,928.90,273.70,66.90,206.70,1.0000,-1,-1,-1
486,41,844.40,285.40,63.90,194.60,1.0000,-1,-1,-1
486,46,232.30,140.70,52.80,160.60,1.0000,-1,-1,-1
486,50,304.00,294.20,64.50,201.30,1.0000,-1,-1,-1
486,52,1225.10,149.40,60.20,170.00,1.0000,-1,-1,-1
486,53,504.60,99.70,55.90,150.40,0.9960,-1,-1,-1
486,54,1691.80,172.80,55.90,170.30,1.0000,-1,-1,-1
486,55,1733.20,678.00,96.90,242.50,1.0000,-1,-1,-1
486,57,434.00,72.00,62.60,173.80,0.8460,-1,-1,-1
486,58,1154.40,617.80,91.90,255.90,1.0000,-1,-1,-1
486,59,312.70,1.70,42.70,129.30,1.0000,-1,-1,-1
486,60,494.20,285.90,70.80,186.90,1.0000,-1,-1,-1
486,61,289.50,126.20,53.30,170.90,1.0000,-1,-1,-1
486,64,587.90,551.70,93.30,242.80,1.0000,-1,-1,-1
486,65,383.90,175.50,50.60,156.20,0.9990,-1,-1,-1
487,0,1221.20,30.40,62.40,116.60,1.0000,-1,-1,-1
487,1,1469.30,187.20,64.60,162.20,1.0000,-1,-1,-1
487,2,686.60,206.40,79.80,112.80,1.0000,-1,-1,-1
487,3,1719.80,454.70,79.70,212.20,1.0000,-1,-1,-1
487,4,353.30,894.60,97.30,186.40,0.9990,-1,-1,-1
487,9,793.00,140.20,74.10,173.00,1.0000,-1,-1,-1
487,16,1827.50,209.40,60.60,193.40,1.0000,-1,-1,-1
487,17,537.90,122.30,62.60,167.80,1.0000,-1,-1,-1
487,23,1575.80,590.70,102.20,234.80,1.0000,-1,-1,-1
487,25,379.70,470.40,63.70,225.20,1.0000,-1,-1,-1
487,31,437.10,167.20,65.60,192.40,1.0000,-1,-1,-1
487,32,751.50,74.40,53.90,161.20,1.0000,-1,-1,-1
487,36,295.30,486.30,91.80,208.00,1.0000,-1,-1,-1
487,38,385.70,291.30,77.80,199.30,1.0000,-1,-1,-1
487,39,927.70,272.30,68.50,207.60,1.0000,-1,-1,-1
487,41,843.10,282.70,66.00,197.70,1.0000,-1,-1,-1
487,46,231.80,140.40,53.30,161.70,1.0000,-1,-1,-1
487,50,303.10,296.00,63.90,198.60,1.0000,-1,-1,-1
487,52,1227.80,151.30,59.20,169.50,1.0000,-1,-1,-1
487,53,504.10,101.00,54.50,146.60,0.9740,-1,-1,-1
487,54,1692.60,175.50,55.30,167.20,1.0000,-1,-1,-1
487,55,1729.40,676.50,101.80,243.90,1.0000,-1,-1,-1
487,58,1154.70,613.60,93.30,262.70,1.0000,-1,-1,-1
487,59,313.00,2.60,41.40,129.10,1.0000,-1,-1,-1
487,60,495.90,286.90,69.30,187.40,1.0000,-1,-1,-1
487,61,289.60,126.30,53.30,171.70,1.0000,-1,-1,-1
487,64,588.40,552.20,90.60,244.30,1.0000,-1,-1,-1
487,65,386.60,171.60,52.30,157.90,0.9990,-1,-1,-1
487,57,432.80,74.80,64.70,164.30,0.4200,-1,-1,-1
487,63,386.10,2.40,58.10,155.70,0.2000,-1,-1,-1
488,0,1221.70,30.20,62.10,116.20,1.0000,-1,-1,-1
488,1,1468.50,185.50,66.20,164.70,1.0000,-1,-1,-1
488,2,686.70,206.40,79.80,113.00,1.0000,-1,-1,-1
488,3,1720.20,455.50,79.10,210.40,1.0000,-1,-1,-1
488,4,355.30,898.50,96.30,182.50,0.9990,-1,-1,-1
488,9,792.30,140.60,75.40,172.00,1.0000,-1,-1,-1
488,16,1828.10,212.80,60.10,189.60,1.0000,-1,-1,-1
488,17,537.60,122.00,62.60,169.60,1.0000,-1,-1,-1
488,23,1575.40,590.60,102.30,235.90,1.0000,-1,-1,-1
488,25,380.60,471.00,63.30,225.00,1.0000,-1,-1,-1
488,31,437.40,166.70,67.80,195.50,1.0000,-1,-1,-1
488,32,751.60,72.70,54.20,162.60,1.0000,-1,-1,-1
488,36,293.20,489.80,92.10,208.50,1.0000,-1,-1,-1
488,38,384.30,291.10,79.30,199.70,1.0000,-1,-1,-1
488,39,927.50,270.00,68.20,207.40,1.0000,-1,-1,-1
488,41,842.00,281.40,67.60,197.60,1.0000,-1,-1,-1
488,46,231.40,141.40,54.00,160.10,1.0000,-1,-1,-1
488,50,302.10,297.30,62.70,199.00,1.0000,-1,-1,-1
488,52,1229.00,154.20,59.70,169.30,1.0000,-1,-1,-1
488,53,503.50,104.90,52.70,143.80,0.9800,-1,-1,-1
488,54,1692.70,177.70,55.50,166.70,1.0000,-1,-1,-1
488,55,1727.60,675.10,101.90,244.90,1.0000,-1,-1,-1
488,58,1156.10,614.40,89.20,262.10,1.0000,-1,-1,-1
488,59,313.70,2.70,40.30,128.20,1.0000,-1,-1,-1
488,60,496.30,286.30,69.30,188.10,1.0000,-1,-1,-1
488,61,289.90,126.50,53.00,170.90,1.0000,-1,-1,-1
488,64,588.10,552.40,87.90,243.10,1.0000,-1,-1,-1
488,65,390.60,169.80,53.00,166.40,0.9970,-1,-1,-1
488,57,434.70,74.70,63.70,166.50,0.1620,-1,-1,-1
488,63,385.70,1.00,58.20,154.30,0.1580,-1,-1,-1
489,0,1221.90,29.70,61.10,117.00,1.0000,-1,-1,-1
489,1,1468.50,185.20,65.10,165.10,1.0000,-1,-1,-1
489,2,686.40,206.50,80.00,112.60,1.0000,-1,-1,-1
489,3,1720.40,455.90,79.00,211.20,1.0000,-1,-1,-1
489,4,356.90,900.80,95.20,180.20,0.9970,-1,-1,-1
489,9,792.80,141.10,74.60,171.80,1.0000,-1,-1,-1
489,16,1830.20,218.40,59.70,185.30,1.0000,-1,-1,-1
489,17,537.20,120.60,62.80,173.00,1.0000,-1,-1,-1
489,23,1574.90,590.30,103.50,235.80,1.0000,-1,-1,-1
489,25,380.70,472.20,62.90,225.50,1.0000,-1,-1,-1
489,31,438.10,166.50,70.80,193.30,1.0000,-1,-1,-1
489,32,751.20,73.70,54.50,162.00,1.0000,-1,-1,-1
489,36,294.50,487.50,88.90,209.90,1.0000,-1,-1,-1
489,38,384.30,295.30,76.40,196.10,1.0000,-1,-1,-1
489,39,926.30,270.20,68.50,207.00,1.0000,-1,-1,-1
489,41,842.60,280.30,67.70,196.30,1.0000,-1,-1,-1
489,46,231.70,140.80,54.30,161.70,1.0000,-1,-1,-1
489,50,300.90,297.20,63.10,199.80,1.0000,-1,-1,-1
489,52,1230.20,158.40,59.80,165.90,1.0000,-1,-1,-1
489,53,505.50,109.90,52.90,143.60,0.9110,-1,-1,-1
489,54,1694.30,178.40,54.20,167.00,1.0000,-1,-1,-1
489,55,1723.40,680.70,103.60,237.40,1.0000,-1,-1,-1
489,58,1154.90,610.20,92.10,257.90,1.0000,-1,-1,-1
489,59,314.60,2.50,39.00,128.40,1.0000,-1,-1,-1
489,60,496.60,286.30,66.30,187.90,1.0000,-1,-1,-1
489,61,289.60,126.00,53.20,171.00,1.0000,-1,-1,-1
489,64,587.00,552.60,85.10,244.10,1.0000,-1,-1,-1
489,65,391.20,168.60,54.20,167.60,0.9980,-1,-1,-1
489,57,434.80,75.70,62.30,171.70,0.1380,-1,-1,-1
490,0,1221.90,30.00,61.20,116.90,1.0000,-1,-1,-1
490,1,1468.60,186.10,65.00,163.70,1.0000,-1,-1,-1
490,2,686.40,206.50,80.10,113.00,1.0000,-1,-1,-1
490,3,1721.10,456.70,78.20,208.10,1.0000,-1,-1,-1
490,4,357.20,903.40,96.60,177.60,0.9960,-1,-1,-1
490,9,793.20,141.00,74.50,171.40,1.0000,-1,-1,-1
490,16,1831.10,219.30,60.10,188.50,1.0000,-1,-1,-1
490,17,537.90,121.20,62.60,171.20,1.0000,-1,-1,-1
490,23,1574.30,589.80,103.70,236.60,1.0000,-1,-1,-1
490,25,380.60,475.50,64.30,224.70,1.0000,-1,-1,-1
490,31,438.80,166.30,71.70,194.20,1.0000,-1,-1,-1
490,32,750.80,72.60,54.70,163.20,1.0000,-1,-1,-1
490,36,293.40,492.20,88.80,209.70,1.0000,-1,-1,-1
490,38,383.00,297.60,75.70,193.80,1.0000,-1,-1,-1
490,39,926.70,268.70,68.50,204.40,1.0000,-1,-1,-1
490,41,842.40,279.50,67.80,195.40,1.0000,-1,-1,-1
490,46,231.90,141.00,54.30,161.90,1.0000,-1,-1,-1
490,50,300.30,297.80,63.40,200.70,1.0000,-1,-1,-1
490,52,1232.50,159.00,60.40,168.30,1.0000,-1,-1,-1
490,53,502.90,116.00,51.20,135.30,0.9340,-1,-1,-1
490,54,1695.40,178.50,55.10,169.20,1.0000,-1,-1,-1
490,55,1719.50,683.10,100.60,234.00,1.0000,-1,-1,-1
490,58,1156.80,609.60,87.80,250.10,1.0000,-1,-1,-1
490,59,314.80,1.90,37.60,131.70,1.0000,-1,-1,-1
490,60,496.00,287.70,65.60,186.40,1.0000,-1,-1,-1
490,61,289.60,126.40,53.30,171.20,1.0000,-1,-1,-1
490,64,585.30,553.60,84.00,241.90,1.0000,-1,-1,-1
490,65,394.70,167.20,52.50,170.90,0.9970,-1,-1,-1
490,57,433.90,79.10,63.70,173.10,0.1090,-1,-1,-1
490,63,385.50,1.80,59.20,161.60,0.0770,-1,-1,-1
491,0,1222.00,30.10,61.40,118.10,1.0000,-1,-1,-1
491,1,1468.10,185.90,65.60,165.50,1.0000,-1,-1,-1
491,2,686.40,206.60,79.70,113.20,1.0000,-1,-1,-1
491,3,1721.40,455.70,78.30,210.50,1.0000,-1,-1,-1
491,4,357.40,907.40,98.00,173.60,0.9930,-1,-1,-1
491,9,791.80,140.60,76.20,172.90,1.0000,-1,-1,-1
491,16,1832.40,221.50,60.10,188.10,1.0000,-1,-1,-1
491,17,538.40,121.30,61.60,169.90,1.0000,-1,-1,-1
491,23,1575.40,589.50,102.60,237.80,1.0000,-1,-1,-1
491,25,380.50,476.80,63.90,227.00,1.0000,-1,-1,-1
491,31,441.30,166.00,74.40,194.60,1.0000,-1,-1,-1
491,32,751.40,73.20,53.90,162.30,1.0000,-1,-1,-1
491,36,295.20,493.10,86.10,210.80,1.0000,-1,-1,-1
491,38,381.80,297.90,75.30,193.70,1.0000,-1,-1,-1
491,39,927.80,267.00,67.30,203.20,1.0000,-1,-1,-1
491,41,841.70,277.20,69.70,200.60,1.0000,-1,-1,-1
491,46,231.20,141.30,54.50,161.50,1.0000,-1,-1,-1
491,50,299.60,297.40,63.40,202.70,1.0000,-1,-1,-1
491,52,1233.10,160.00,60.50,169.30,1.0000,-1,-1,-1
491,53,503.30,112.50,50.50,140.90,0.9610,-1,-1,-1
491,54,1697.30,178.40,54.90,168.80,1.0000,-1,-1,-1
491,55,1715.90,684.00,102.50,234.20,1.0000,-1,-1,-1
491,58,1156.60,606.10,87.40,247.60,1.0000,-1,-1,-1
491,59,314.70,2.20,37.80,131.00,1.0000,-1,-1,-1
491,60,495.60,287.50,66.00,188.90,1.0000,-1,-1,-1
491,61,289.30,127.20,53.80,170.90,1.0000,-1,-1,-1
491,64,586.10,552.60,82.70,243.00,1.0000,-1,-1,-1
491,65,396.10,170.90,53.40,163.80,0.9970,-1,-1,-1
491,63,374.30,102.90,58.20,184.30,0.2110,-1,-1,-1
492,0,1221.20,29.40,62.20,119.10,1.0000,-1,-1,-1
492,1,1468.20,185.50,64.80,165.90,1.0000,-1,-1,-1
492,2,686.40,206.70,80.00,113.60,1.0000,-1,-1,-1
492,3,1721.40,457.60,78.10,206.00,1.0000,-1,-1,-1
492,4,359.40,910.70,93.50,170.30,0.9660,-1,-1,-1
492,9,791.70,140.80,75.00,173.30,1.0000,-1,-1,-1
492,16,1833.70,221.40,60.70,190.40,1.0000,-1,-1,-1
492,17,538.00,121.00,62.70,171.10,1.0000,-1,-1,-1
492,23,1576.00,590.40,102.10,237.70,1.0000,-1,-1,-1
492,25,380.20,477.70,64.90,227.10,1.0000,-1,-1,-1
492,31,443.90,167.10,77.40,193.00,1.0000,-1,-1,-1
492,32,750.90,75.00,54.50,160.90,1.0000,-1,-1,-1
492,36,296.40,495.40,83.50,212.50,1.0000,-1,-1,-1
492,38,380.50,300.30,77.00,193.70,1.0000,-1,-1,-1
492,39,928.10,264.80,67.50,203.50,1.0000,-1,-1,-1
492,41,841.30,276.30,70.30,200.70,1.0000,-1,-1,-1
492,46,231.30,140.70,55.10,162.00,1.0000,-1,-1,-1
492,50,299.30,297.40,62.90,202.80,1.0000,-1,-1,-1
492,52,1236.50,161.30,61.20,171.60,1.0000,-1,-1,-1
492,53,501.20,119.20,43.40,129.60,0.6960,-1,-1,-1
492,54,1699.60,178.30,54.80,170.40,1.0000,-1,-1,-1
492,55,1713.00,684.00,102.90,233.80,1.0000,-1,-1,-1
492,58,1153.30,601.80,88.10,251.30,1.0000,-1,-1,-1
492,59,314.60,2.00,36.80,129.60,0.9990,-1,-1,-1
492,60,494.80,287.90,68.40,191.80,1.0000,-1,-1,-1
492,61,289.60,128.10,52.70,167.20,1.0000,-1,-1,-1
492,63,372.60,103.20,59.00,180.10,0.9740,-1,-1,-1
492,64,585.60,555.20,81.00,238.80,1.0000,-1,-1,-1
492,65,399.60,173.00,53.30,159.40,0.9970,-1,-1,-1
493,0,1221.30,29.80,62.50,119.10,1.0000,-1,-1,-1
493,1,1468.70,186.40,64.50,167.80,1.0000,-1,-1,-1
493,2,686.70,206.60,80.00,113.10,1.0000,-1,-1,-1
493,3,1721.70,457.50,78.10,205.50,1.0000,-1,-1,-1
493,4,359.80,912.30,95.50,168.70,0.8950,-1,-1,-1
493,9,792.30,141.30,74.30,172.50,1.0000,-1,-1,-1
493,16,1836.40,226.20,59.30,183.20,1.0000,-1,-1,-1
493,17,538.40,120.30,61.80,171.30,1.0000,-1,-1,-1
493,23,1574.70,590.20,103.30,237.80,1.0000,-1,-1,-1
493,25,381.00,478.30,64.20,225.10,1.0000,-1,-1,-1
493,31,447.60,167.10,76.10,193.30,1.0000,-1,-1,-1
493,32,750.80,73.70,54.70,161.50,1.0000,-1,-1,-1
493,36,295.70,496.90,83.00,211.90,1.0000,-1,-1,-1
493,38,380.40,299.00,75.70,198.70,1.0000,-1,-1,-1
493,39,929.30,263.60,66.10,202.30,1.0000,-1,-1,-1
493,41,840.80,276.70,69.60,199.00,1.0000,-1,-1,-1
493,46,231.60,139.60,55.50,163.20,1.0000,-1,-1,-1
493,50,298.30,297.60,63.90,204.10,1.0000,-1,-1,-1
493,52,1237.80,160.50,61.20,175.10,1.0000,-1,-1,-1
493,54,1700.70,178.50,54.60,172.90,1.0000,-1,-1,-1
493,55,1709.70,685.40,102.50,232.30,1.0000,-1,-1,-1
493,58,1150.80,597.40,89.30,253.70,1.0000,-1,-1,-1
493,59,314.50,2.10,37.10,133.40,1.0000,-1,-1,-1
493,60,494.30,288.90,68.30,195.30,1.0000,-1,-1,-1
493,61,290.00,128.30,52.20,167.50,1.0000,-1,-1,-1
493,63,370.60,99.10,61.40,185.50,0.9980,-1,-1,-1
493,64,584.30,555.20,78.80,237.90,1.0000,-1,-1,-1
493,65,399.80,168.30,59.00,167.20,0.9960,-1,-1,-1
493,53,501.20,115.70,41.30,133.60,0.5080,-1,-1,-1
494,0,1221.80,29.60,62.00,118.10,1.0000,-1,-1,-1
494,1,1467.90,187.40,65.00,166.20,1.0000,-1,-1,-1
494,2,686.90,206.40,79.40,113.50,1.0000,-1,-1,-1
494,3,1721.70,454.80,77.10,210.60,1.0000,-1,-1,-1
494,4,357.20,914.00,98.20,167.00,0.8680,-1,-1,-1
494,9,791.90,140.80,73.60,173.40,1.0000,-1,-1,-1
494,16,1836.30,228.30,61.00,184.70,1.0000,-1,-1,-1
494,17,538.10,119.80,62.70,173.70,1.0000,-1,-1,-1
494,23,1575.70,589.20,101.80,238.40,1.0000,-1,-1,-1
494,25,380.50,480.90,64.00,222.60,1.0000,-1,-1,-1
494,31,449.20,167.40,77.10,194.60,1.0000,-1,-1,-1
494,32,751.20,75.20,54.50,159.90,1.0000,-1,-1,-1
494,36,292.30,498.40,85.60,208.30,1.0000,-1,-1,-1
494,38,378.90,299.50,75.70,200.00,1.0000,-1,-1,-1
494,39,929.50,262.00,67.30,201.40,1.0000,-1,-1,-1
494,41,839.90,275.60,70.80,199.80,1.0000,-1,-1,-1
494,46,230.90,140.40,55.90,161.80,1.0000,-1,-1,-1
494,50,297.80,298.50,64.60,205.00,1.0000,-1,-1,-1
494,52,1240.10,162.30,61.40,174.70,1.0000,-1,-1,-1
494,54,1702.00,179.40,54.90,171.40,1.0000,-1,-1,-1
494,55,1707.80,686.80,97.80,228.60,1.0000,-1,-1,-1
494,58,1149.30,594.20,89.40,257.70,1.0000,-1,-1,-1
494,59,314.00,2.40,37.50,129.60,0.9990,-1,-1,-1
494,60,494.20,291.60,68.70,193.30,1.0000,-1,-1,-1
494,61,289.90,128.50,52.70,168.00,1.0000,-1,-1,-1
494,63,373.70,102.30,57.70,177.40,0.9980,-1,-1,-1
494,64,582.60,554.20,80.20,238.50,1.0000,-1,-1,-1
494,65,403.40,169.30,59.20,169.70,0.9980,-1,-1,-1
495,0,1221.20,29.90,61.90,118.60,1.0000,-1,-1,-1
495,1,1468.20,188.50,65.10,168.60,1.0000,-1,-1,-1
495,2,686.70,206.50,79.30,113.20,1.0000,-1,-1,-1
495,3,1721.70,457.80,78.10,203.60,1.0000,-1,-1,-1
495,4,358.80,915.00,95.40,166.00,0.6210,-1,-1,-1
495,9,791.90,142.30,74.00,169.50,1.0000,-1,-1,-1
495,16,1835.90,226.80,63.00,188.80,1.0000,-1,-1,-1
495,17,538.00,120.70,61.60,171.60,1.0000,-1,-1,-1
495,23,1575.90,589.00,102.40,238.90,1.0000,-1,-1,-1
495,25,380.40,482.80,63.10,222.10,1.0000,-1,-1,-1
495,31,449.60,167.50,80.90,195.80,1.0000,-1,-1,-1
495,32,751.30,74.70,54.10,160.80,1.0000,-1,-1,-1
495,36,290.40,501.20,86.80,203.90,1.0000,-1,-1,-1
495,38,378.50,301.00,74.40,201.30,1.0000,-1,-1,-1
495,39,929.30,259.60,69.80,203.90,1.0000,-1,-1,-1
495,41,841.30,275.60,68.60,197.60,1.0000,-1,-1,-1
495,46,232.00,140.70,54.80,161.00,1.0000,-1,-1,-1
495,50,296.60,298.90,65.60,207.80,1.0000,-1,-1,-1
495,52,1243.30,163.20,59.50,174.50,1.0000,-1,-1,-1
495,54,1701.80,180.40,55.20,175.20,1.0000,-1,-1,-1
495,55,1706.60,687.10,99.60,231.70,1.0000,-1,-1,-1
495,58,1147.70,593.20,90.80,257.90,1.0000,-1,-1,-1
495,59,313.50,2.00,36.90,128.70,0.9990,-1,-1,-1
495,60,492.70,293.90,69.60,191.30,1.0000,-1,-1,-1
495,61,289.10,128.60,52.90,168.30,1.0000,-1,-1,-1
495,63,371.70,103.10,60.60,177.20,0.9990,-1,-1,-1
495,64,581.70,551.20,82.20,240.90,1.0000,-1,-1,-1
495,65,408.20,172.60,58.50,168.30,0.9990,-1,-1,-1
495,53,503.90,129.00,40.70,119.70,0.0910,-1,-1,-1
496,0,1221.10,29.00,62.30,119.80,1.0000,-1,-1,-1
496,1,1467.90,190.50,65.20,167.30,1.0000,-1,-1,-1
496,2,686.80,206.40,79.10,113.30,1.0000,-1,-1,-1
496,3,1721.70,455.80,76.90,210.20,1.0000,-1,-1,-1
496,9,792.60,141.40,73.10,171.40,1.0000,-1,-1,-1
496,16,1837.80,229.40,61.70,182.30,1.0000,-1,-1,-1
496,17,538.30,119.60,61.60,174.50,1.0000,-1,-1,-1
496,23,1576.40,589.40,102.20,239.80,1.0000,-1,-1,-1
496,25,380.40,486.20,62.50,220.30,1.0000,-1,-1,-1
496,31,452.90,165.70,83.30,194.20,1.0000,-1,-1,-1
496,32,751.50,75.50,54.10,160.00,1.0000,-1,-1,-1
496,36,290.10,503.90,88.10,203.40,1.0000,-1,-1,-1
496,38,376.40,301.10,74.30,201.30,1.0000,-1,-1,-1
496,39,929.50,257.30,68.80,207.90,1.0000,-1,-1,-1
496,41,841.30,275.30,68.90,196.50,1.0000,-1,-1,-1
496,46,232.20,140.10,54.80,162.70,1.0000,-1,-1,-1
496,50,295.90,299.40,65.00,208.10,1.0000,-1,-1,-1
496,52,1244.90,163.80,60.30,171.00,1.0000,-1,-1,-1
496,54,1701.70,182.50,55.90,172.60,1.0000,-1,-1,-1
496,55,1706.40,687.40,96.70,230.40,1.0000,-1,-1,-1
496,58,1147.20,591.70,90.50,259.30,1.0000,-1,-1,-1
496,59,313.20,2.10,37.00,128.50,0.9990,-1,-1,-1
496,60,493.40,293.20,69.40,193.90,1.0000,-1,-1,-1
496,61,289.00,128.10,52.80,168.30,1.0000,-1,-1,-1
496,63,372.70,105.00,58.20,173.10,0.9990,-1,-1,-1
496,64,581.60,553.20,79.40,238.90,1.0000,-1,-1,-1
496,65,408.30,170.10,58.20,165.00,0.9990,-1,-1,-1
496,4,359.60,916.30,95.00,164.70,0.3950,-1,-1,-1
497,0,1221.30,29.80,62.10,119.60,1.0000,-1,-1,-1
497,1,1468.70,192.60,64.90,165.60,1.0000,-1,-1,-1
497,2,686.50,206.60,79.70,113.70,1.0000,-1,-1,-1
497,3,1722.00,455.00,77.00,213.40,1.0000,-1,-1,-1
497,9,793.50,142.20,72.50,169.80,1.0000,-1,-1,-1
497,16,1837.80,228.20,60.80,183.10,1.0000,-1,-1,-1
497,17,538.80,118.80,62.10,173.80,1.0000,-1,-1,-1
497,23,1574.90,589.70,102.70,238.50,1.0000,-1,-1,-1
497,25,380.10,487.80,63.10,224.60,1.0000,-1,-1,-1
497,31,456.30,165.70,81.00,193.60,1.0000,-1,-1,-1
497,32,751.00,74.90,53.80,161.20,1.0000,-1,-1,-1
497,36,289.30,507.20,88.50,203.60,1.0000,-1,-1,-1
497,38,375.30,302.60,74.50,200.20,1.0000,-1,-1,-1
497,39,929.10,257.20,70.00,208.60,1.0000,-1,-1,-1
497,41,842.00,272.60,68.80,197.80,1.0000,-1,-1,-1
497,46,232.50,140.40,55.60,162.10,1.0000,-1,-1,-1
497,50,296.10,302.00,64.10,204.60,1.0000,-1,-1,-1
497,52,1245.60,164.60,61.00,173.50,1.0000,-1,-1,-1
497,54,1701.80,181.30,57.00,177.10,1.0000,-1,-1,-1
497,55,1704.30,685.60,94.70,235.90,1.0000,-1,-1,-1
497,58,1146.60,591.50,89.40,257.90,1.0000,-1,-1,-1
497,59,313.20,1.80,37.40,131.70,1.0000,-1,-1,-1
497,60,492.30,294.70,69.40,194.80,1.0000,-1,-1,-1
497,61,289.30,128.70,52.50,166.60,1.0000,-1,-1,-1
497,63,372.40,105.30,57.40,172.40,0.9990,-1,-1,-1
497,64,581.90,554.40,76.70,235.80,1.0000,-1,-1,-1
497,65,410.00,180.20,58.40,149.70,1.0000,-1,-1,-1
497,4,362.10,917.50,90.70,163.50,0.2190,-1,-1,-1
498,0,1221.80,30.10,61.60,118.50,1.0000,-1,-1,-1
498,1,1468.20,194.80,65.30,163.90,1.0000,-1,-1,-1
498,2,686.80,206.60,79.30,113.40,1.0000,-1,-1,-1
498,3,1721.80,455.90,76.80,210.20,1.0000,-1,-1,-1
498,9,793.20,141.90,72.00,171.60,1.0000,-1,-1,-1
498,16,1840.40,228.20,59.00,185.70,1.0000,-1,-1,-1
498,17,538.60,119.30,62.10,175.00,1.0000,-1,-1,-1
498,23,1575.10,589.30,102.60,238.20,1.0000,-1,-1,-1
498,25,380.00,489.60,62.50,225.30,1.0000,-1,-1,-1
498,31,460.60,164.80,77.10,193.40,1.0000,-1,-1,-1
498,32,751.20,75.10,53.70,159.90,1.0000,-1,-1,-1
498,36,286.60,506.20,90.50,205.90,1.0000,-1,-1,-1
498,38,374.30,303.70,73.70,201.00,1.0000,-1,-1,-1
498,39,929.50,256.90,69.30,208.50,1.0000,-1,-1,-1
498,41,842.60,269.30,68.20,198.60,1.0000,-1,-1,-1
498,46,232.10,140.40,56.20,161.40,1.0000,-1,-1,-1
498,50,295.80,302.70,66.10,209.20,1.0000,-1,-1,-1
498,52,1248.60,165.60,61.60,172.80,1.0000,-1,-1,-1
498,54,1700.70,182.20,58.80,179.30,1.0000,-1,-1,-1
498,55,1704.90,685.60,92.90,234.70,1.0000,-1,-1,-1
498,58,1146.60,590.40,88.20,257.60,1.0000,-1,-1,-1
498,59,313.00,2.00,36.10,129.70,0.9990,-1,-1,-1
498,60,491.40,297.80,69.30,193.60,1.0000,-1,-1,-1
498,61,289.10,129.10,52.60,167.30,1.0000,-1,-1,-1
498,63,374.50,105.30,57.60,173.50,0.9990,-1,-1,-1
498,64,580.20,549.90,77.60,239.00,1.0000,-1,-1,-1
498,65,413.70,173.20,59.80,159.70,1.0000,-1,-1,-1
498,4,361.90,919.10,90.40,161.90,0.1060,-1,-1,-1
499,0,1221.60,29.80,62.00,120.20,1.0000,-1,-1,-1
499,1,1468.80,197.30,65.30,161.70,1.0000,-1,-1,-1
499,2,686.90,206.70,79.50,112.90,1.0000,-1,-1,-1
499,3,1721.80,455.70,77.80,211.40,1.0000,-1,-1,-1
499,9,793.50,141.70,72.00,171.70,1.0000,-1,-1,-1
499,16,1839.50,229.70,61.00,187.40,1.0000,-1,-1,-1
499,17,539.30,118.90,61.60,176.60,1.0000,-1,-1,-1
499,23,1576.30,589.50,101.80,239.90,1.0000,-1,-1,-1
499,25,378.70,491.20,63.00,227.50,1.0000,-1,-1,-1
499,31,463.60,164.50,76.50,198.00,1.0000,-1,-1,-1
499,32,750.80,75.20,54.10,159.70,1.0000,-1,-1,-1
499,36,287.90,504.20,89.50,204.40,1.0000,-1,-1,-1
499,38,373.10,304.60,75.00,201.40,1.0000,-1,-1,-1
499,39,930.10,256.60,69.20,207.10,1.0000,-1,-1,-1
499,41,843.00,268.60,66.50,194.70,1.0000,-1,-1,-1
499,46,232.50,140.80,57.20,161.50,1.0000,-1,-1,-1
499,50,294.30,304.70,66.50,206.60,1.0000,-1,-1,-1
499,52,1249.80,169.10,62.90,173.90,1.0000,-1,-1,-1
499,54,1699.70,182.90,61.30,183.20,1.0000,-1,-1,-1
499,55,1702.30,684.20,92.40,238.10,1.0000,-1,-1,-1
499,58,1143.50,589.30,90.50,257.90,1.0000,-1,-1,-1
499,59,312.60,2.00,36.10,130.60,0.9990,-1,-1,-1
499,60,491.70,298.40,68.30,192.80,1.0000,-1,-1,-1
499,61,289.00,128.10,52.20,166.60,1.0000,-1,-1,-1
499,63,374.70,103.90,59.20,176.20,1.0000,-1,-1,-1
499,64,580.90,554.90,75.30,234.40,1.0000,-1,-1,-1
499,65,418.30,170.50,57.70,161.10,1.0000,-1,-1,-1
499,4,361.00,921.10,91.80,159.90,0.4150,-1,-1,-1
500,0,1221.80,29.60,61.90,119.90,1.0000,-1,-1,-1
500,1,1469.40,201.80,66.80,161.40,1.0000,-1,-1,-1
500,2,686.60,206.70,80.10,113.50,1.0000,-1,-1,-1
500,3,1721.30,454.50,77.40,212.90,1.0000,-1,-1,-1
500,9,794.20,141.70,71.70,171.70,1.0000,-1,-1,-1
500,16,1840.30,229.60,62.00,187.60,1.0000,-1,-1,-1
500,17,539.70,120.10,62.00,175.70,1.0000,-1,-1,-1
500,23,1575.00,589.50,103.30,238.30,1.0000,-1,-1,-1
500,25,378.20,493.50,63.90,227.00,1.0000,-1,-1,-1
500,31,468.70,164.20,70.30,198.00,1.0000,-1,-1,-1
500,32,750.30,73.90,54.30,161.90,1.0000,-1,-1,-1
500,36,288.80,506.20,88.60,201.90,1.0000,-1,-1,-1
500,38,373.70,306.30,73.00,200.80,1.0000,-1,-1,-1
500,39,930.80,256.00,69.00,208.20,1.0000,-1,-1,-1
500,41,843.60,266.60,65.80,192.30,1.0000,-1,-1,-1
500,46,232.80,140.30,57.90,162.80,1.0000,-1,-1,-1
500,50,293.80,306.70,67.70,206.10,1.0000,-1,-1,-1
500,52,1249.60,172.80,63.50,168.80,1.0000,-1,-1,-1
500,54,1699.00,183.90,62.80,184.40,1.0000,-1,-1,-1
500,55,1699.50,684.00,89.10,236.60,1.0000,-1,-1,-1
500,58,1144.60,588.30,86.90,257.30,1.0000,-1,-1,-1
500,59,312.00,1.70,35.90,130.70,0.9990,-1,-1,-1
500,60,491.80,299.30,68.20,190.40,1.0000,-1,-1,-1
500,61,289.30,128.60,52.20,166.50,1.0000,-1,-1,-1
500,63,374.30,102.60,57.90,175.40,1.0000,-1,-1,-1
500,64,579.90,555.10,75.60,234.20,1.0000,-1,-1,-1
500,65,420.40,170.10,58.30,164.00,1.0000,-1,-1,-1
500,4,363.20,921.80,89.80,159.20,0.1920,-1,-1,-1
501,0,1221.30,29.80,62.30,120.10,1.0000,-1,-1,-1
501,1,1470.70,210.00,67.20,157.20,1.0000,-1,-1,-1
501,2,686.80,206.80,79.70,113.40,1.0000,-1,-1,-1
501,3,1721.50,457.20,78.10,206.30,1.0000,-1,-1,-1
501,9,792.60,140.90,74.00,173.00,1.0000,-1,-1,-1
501,16,1840.80,232.60,63.20,191.90,1.0000,-1,-1,-1
501,17,538.60,121.40,63.20,176.10,1.0000,-1,-1,-1
501,23,1575.20,588.80,103.20,240.50,1.0000,-1,-1,-1
501,25,376.90,495.00,66.00,229.10,1.0000,-1,-1,-1
501,31,472.60,163.30,69.80,197.70,1.0000,-1,-1,-1
501,32,750.30,74.40,54.90,161.80,1.0000,-1,-1,-1
501,36,289.10,507.60,87.80,201.50,1.0000,-1,-1,-1
501,38,373.50,311.30,71.80,199.60,1.0000,-1,-1,-1
501,39,932.20,255.40,68.30,208.00,1.0000,-1,-1,-1
501,41,844.20,263.70,64.80,193.10,1.0000,-1,-1,-1
501,46,233.50,139.60,57.10,163.40,1.0000,-1,-1,-1
501,50,293.00,307.60,69.40,210.00,1.0000,-1,-1,-1
501,52,1249.50,173.10,64.90,171.00,1.0000,-1,-1,-1
501,54,1699.00,187.60,63.10,184.20,1.0000,-1,-1,-1
501,55,1699.10,684.00,84.80,237.80,1.0000,-1,-1,-1
501,58,1143.00,586.70,87.20,255.90,1.0000,-1,-1,-1
501,59,311.50,2.00,35.70,129.50,0.9990,-1,-1,-1
501,60,491.30,301.10,68.20,188.80,1.0000,-1,-1,-1
501,61,289.00,127.60,52.50,167.50,1.0000,-1,-1,-1
501,63,374.30,101.00,57.60,177.90,1.0000,-1,-1,-1
501,64,578.50,547.20,76.00,242.60,1.0000,-1,-1,-1
501,65,422.40,171.20,59.00,167.70,1.0000,-1,-1,-1
501,4,365.50,924.50,86.30,156.50,0.4700,-1,-1,-1
502,0,1221.60,29.80,62.20,119.30,1.0000,-1,-1,-1
502,1,1471.00,212.20,67.70,154.50,1.0000,-1,-1,-1
502,2,687.00,206.80,79.40,113.50,1.0000,-1,-1,-1
502,3,1721.00,456.80,79.10,208.40,1.0000,-1,-1,-1
502,9,792.50,141.90,72.20,171.70,1.0000,-1,-1,-1
502,16,1842.50,232.20,63.40,195.50,1.0000,-1,-1,-1
502,17,538.40,121.00,63.60,175.10,1.0000,-1,-1,-1
502,23,1574.00,589.50,104.00,240.50,1.0000,-1,-1,-1
502,25,375.20,496.70,68.30,228.50,1.0000,-1,-1,-1
502,31,473.10,163.20,70.60,199.20,1.0000,-1,-1,-1
502,32,751.20,75.10,53.50,160.70,1.0000,-1,-1,-1
502,36,288.20,506.90,88.60,207.20,1.0000,-1,-1,-1
502,38,372.10,311.90,72.90,200.90,1.0000,-1,-1,-1
502,39,933.00,254.80,67.90,205.70,1.0000,-1,-1,-1
502,41,843.00,264.60,66.70,189.20,1.0000,-1,-1,-1
502,46,232.80,139.20,57.80,165.00,1.0000,-1,-1,-1
502,50,294.80,310.50,66.30,204.80,1.0000,-1,-1,-1
502,52,1251.30,175.90,63.80,166.70,1.0000,-1,-1,-1
502,54,1698.40,190.60,64.70,183.90,1.0000,-1,-1,-1
502,55,1699.40,682.20,82.20,238.90,1.0000,-1,-1,-1
502,58,1141.60,583.50,85.50,256.60,1.0000,-1,-1,-1
502,59,310.80,1.80,35.60,129.90,1.0000,-1,-1,-1
502,60,490.60,303.30,68.30,186.30,1.0000,-1,-1,-1
502,61,288.90,127.80,52.50,167.90,1.0000,-1,-1,-1
502,63,374.00,101.80,58.30,179.50,1.0000,-1,-1,-1
502,64,579.20,546.20,74.90,243.90,1.0000,-1,-1,-1
502,65,424.90,169.70,59.30,171.20,1.0000,-1,-1,-1
502,4,367.50,926.00,87.00,155.00,0.0680,-1,-1,-1
503,0,1221.40,29.70,62.00,119.50,1.0000,-1,-1,-1
503,1,1471.60,207.40,67.50,160.80,1.0000,-1,-1,-1
503,2,686.90,206.70,79.40,113.80,1.0000,-1,-1,-1
503,3,1721.00,456.80,78.50,207.10,1.0000,-1,-1,-1
503,9,792.30,141.60,72.90,170.80,1.0000,-1,-1,-1
503,16,1845.00,235.50,62.70,193.40,1.0000,-1,-1,-1
503,17,539.20,120.70,62.90,175.30,1.0000,-1,-1,-1
503,23,1574.30,590.00,103.40,239.00,1.0000,-1,-1,-1
503,25,374.40,497.50,69.30,230.10,1.0000,-1,-1,-1
503,31,475.60,162.10,69.70,198.70,0.9990,-1,-1,-1
503,32,751.00,74.70,53.90,161.30,1.0000,-1,-1,-1
503,36,288.90,509.40,88.30,208.70,1.0000,-1,-1,-1
503,38,372.30,313.90,71.10,201.90,1.0000,-1,-1,-1
503,39,934.00,252.70,67.50,205.00,1.0000,-1,-1,-1
503,41,844.30,260.50,66.70,194.90,1.0000,-1,-1,-1
503,46,233.80,139.70,56.70,164.20,1.0000,-1,-1,-1
503,50,293.50,311.90,66.80,206.10,1.0000,-1,-1,-1
503,52,1253.70,176.00,64.00,167.70,1.0000,-1,-1,-1
503,54,1699.30,193.10,63.90,182.60,1.0000,-1,-1,-1
503,55,1696.80,684.60,82.30,234.30,1.0000,-1,-1,-1
503,58,1140.30,582.20,86.20,254.80,1.0000,-1,-1,-1
503,59,310.40,1.30,35.60,131.30,0.9990,-1,-1,-1
503,60,490.40,304.20,69.50,188.20,1.0000,-1,-1,-1
503,61,289.30,127.20,52.50,168.40,1.0000,-1,-1,-1
503,63,372.40,100.60,59.20,179.20,1.0000,-1,-1,-1
503,64,578.50,544.80,75.40,245.00,1.0000,-1,-1,-1
503,65,427.20,166.90,59.60,173.70,1.0000,-1,-1,-1
504,0,1221.40,29.70,61.80,119.70,1.0000,-1,-1,-1
504,1,1469.30,205.80,68.80,161.00,1.0000,-1,-1,-1
504,2,687.20,206.30,79.10,114.60,1.0000,-1,-1,-1
504,3,1721.30,455.90,79.10,208.20,1.0000,-1,-1,-1
504,9,793.50,141.60,72.00,171.30,1.0000,-1,-1,-1
504,16,1846.60,241.30,60.70,189.10,1.0000,-1,-1,-1
504,17,538.50,121.30,63.40,172.00,1.0000,-1,-1,-1
504,23,1574.50,589.50,104.10,241.00,1.0000,-1,-1,-1
504,25,375.40,501.30,67.00,222.90,1.0000,-1,-1,-1
504,31,477.80,159.80,69.60,199.40,1.0000,-1,-1,-1
504,32,751.20,75.20,54.40,161.10,1.0000,-1,-1,-1
504,36,289.40,510.40,87.80,210.20,1.0000,-1,-1,-1
504,38,371.40,316.00,71.00,201.20,1.0000,-1,-1,-1
504,39,935.50,252.50,65.90,202.20,1.0000,-1,-1,-1
504,41,844.80,258.50,66.00,197.70,1.0000,-1,-1,-1
504,46,234.40,139.40,57.30,165.90,1.0000,-1,-1,-1
504,50,294.00,312.20,66.10,207.90,1.0000,-1,-1,-1
504,52,1256.70,177.80,64.00,166.40,1.0000,-1,-1,-1
504,54,1699.90,195.40,63.30,183.80,1.0000,-1,-1,-1
504,55,1694.90,684.80,78.20,233.10,1.0000,-1,-1,-1
504,58,1139.20,579.80,86.80,253.40,1.0000,-1,-1,-1
504,59,309.20,2.10,37.30,130.40,1.0000,-1,-1,-1
504,60,489.10,302.50,71.90,190.60,1.0000,-1,-1,-1
504,61,289.10,127.40,52.70,168.00,1.0000,-1,-1,-1
504,63,371.80,104.00,58.90,178.20,1.0000,-1,-1,-1
504,64,579.30,549.80,73.50,238.40,1.0000,-1,-1,-1
504,65,430.90,169.70,59.10,172.80,1.0000,-1,-1,-1
504,4,372.10,931.70,85.00,149.30,0.0770,-1,-1,-1
505,0,1221.60,30.00,61.60,119.20,1.0000,-1,-1,-1
505,1,1471.00,206.70,68.80,161.00,1.0000,-1,-1,-1
505,2,687.00,206.50,79.40,113.90,1.0000,-1,-1,-1
505,3,1720.70,455.80,80.40,210.50,1.0000,-1,-1,-1
505,9,793.30,141.50,71.50,171.50,1.0000,-1,-1,-1
505,16,1849.00,242.30,60.90,189.10,1.0000,-1,-1,-1
505,17,539.50,120.80,62.70,170.40,1.0000,-1,-1,-1
505,23,1573.40,589.60,104.50,240.10,1.0000,-1,-1,-1
505,25,374.00,499.80,68.90,230.50,1.0000,-1,-1,-1
505,31,485.40,159.70,64.80,194.40,1.0000,-1,-1,-1
505,32,750.60,76.50,54.40,159.80,1.0000,-1,-1,-1
505,36,291.00,511.90,85.40,212.30,1.0000,-1,-1,-1
505,38,370.20,319.70,70.60,200.40,1.0000,-1,-1,-1
505,39,936.00,250.20,65.70,202.30,1.0000,-1,-1,-1
505,41,845.80,257.30,65.50,198.20,1.0000,-1,-1,-1
505,46,234.70,139.30,57.10,166.30,1.0000,-1,-1,-1
505,50,293.50,314.50,66.30,203.90,1.0000,-1,-1,-1
505,52,1257.10,178.60,66.50,169.10,1.0000,-1,-1,-1
505,54,1700.00,197.10,64.00,182.80,1.0000,-1,-1,-1
505,55,1691.90,684.70,79.30,230.20,1.0000,-1,-1,-1
505,58,1137.10,577.00,88.60,252.60,1.0000,-1,-1,-1
505,59,308.60,2.40,37.00,130.10,1.0000,-1,-1,-1
505,60,488.00,302.50,73.30,194.30,1.0000,-1,-1,-1
505,61,288.60,127.70,53.00,167.80,1.0000,-1,-1,-1
505,63,371.80,103.50,59.10,180.60,1.0000,-1,-1,-1
505,64,579.30,549.90,72.70,238.60,1.0000,-1,-1,-1
505,65,432.60,171.10,60.70,170.70,1.0000,-1,-1,-1
505,4,374.40,937.70,83.50,143.30,0.0800,-1,-1,-1
506,0,1221.50,29.60,61.50,119.80,1.0000,-1,-1,-1
506,1,1470.10,205.60,69.50,164.10,1.0000,-1,-1,-1
506,2,687.20,206.70,79.20,113.20,1.0000,-1,-1,-1
506,3,1720.30,454.30,81.90,212.90,1.0000,-1,-1,-1
506,9,793.40,141.10,72.10,171.20,1.0000,-1,-1,-1
506,16,1849.70,242.30,61.20,192.70,1.0000,-1,-1,-1
506,17,538.80,122.20,62.10,169.50,1.0000,-1,-1,-1
506,23,1573.80,588.60,103.30,239.60,1.0000,-1,-1,-1
506,25,373.90,502.00,66.60,228.40,1.0000,-1,-1,-1
506,31,486.20,163.70,64.90,188.30,1.0000,-1,-1,-1
506,32,751.10,74.80,54.50,162.40,1.0000,-1,-1,-1
506,36,289.60,516.50,86.30,212.80,1.0000,-1,-1,-1
506,38,368.10,320.60,72.40,199.30,1.0000,-1,-1,-1
506,39,937.30,249.10,64.30,201.80,1.0000,-1,-1,-1
506,41,846.20,257.40,65.50,196.70,1.0000,-1,-1,-1
506,46,233.90,139.30,57.20,166.60,1.0000,-1,-1,-1
506,50,293.60,315.20,67.10,203.40,1.0000,-1,-1,-1
506,52,1261.50,179.40,65.30,167.80,1.0000,-1,-1,-1
506,54,1700.40,199.50,64.20,181.00,1.0000,-1,-1,-1
506,55,1688.70,682.00,80.90,238.20,1.0000,-1,-1,-1
506,58,1137.00,576.30,86.10,249.20,1.0000,-1,-1,-1
506,59,309.00,2.40,36.70,130.70,1.0000,-1,-1,-1
506,60,488.30,306.30,72.70,193.10,1.0000,-1,-1,-1
506,61,289.70,128.20,52.60,168.80,1.0000,-1,-1,-1
506,63,371.50,104.10,60.00,177.50,1.0000,-1,-1,-1
506,64,580.80,542.10,70.80,248.20,1.0000,-1,-1,-1
506,65,432.90,170.80,62.40,169.20,1.0000,-1,-1,-1
506,4,374.30,940.00,85.20,141.00,0.0630,-1,-1,-1
507,0,1221.60,30.10,61.70,118.70,1.0000,-1,-1,-1
507,1,1469.50,207.50,68.60,160.00,1.0000,-1,-1,-1
507,2,687.10,206.80,79.10,113.20,1.0000,-1,-1,-1
507,3,1719.30,455.60,82.30,211.60,1.0000,-1,-1,-1
507,9,792.70,141.30,72.80,172.60,1.0000,-1,-1,-1
507,16,1848.30,242.10,63.70,194.50,1.0000,-1,-1,-1
507,17,539.10,120.80,61.30,170.90,1.0000,-1,-1,-1
507,23,1574.10,590.20,103.60,239.40,1.0000,-1,-1,-1
507,25,374.70,504.10,64.80,228.30,1.0000,-1,-1,-1
507,31,485.80,165.20,65.70,190.50,1.0000,-1,-1,-1
507,32,751.10,76.40,53.80,160.60,1.0000,-1,-1,-1
507,36,288.80,519.90,87.30,211.70,1.0000,-1,-1,-1
507,38,366.60,321.30,74.00,198.50,1.0000,-1,-1,-1
507,39,936.20,247.10,67.30,200.30,1.0000,-1,-1,-1
507,41,847.20,256.80,63.90,196.40,1.0000,-1,-1,-1
507,46,234.10,139.90,56.90,165.50,1.0000,-1,-1,-1
507,50,294.00,316.10,67.60,203.00,1.0000,-1,-1,-1
507,52,1265.80,180.30,65.00,169.50,1.0000,-1,-1,-1
507,54,1701.60,200.60,64.30,180.90,1.0000,-1,-1,-1
507,55,1687.10,684.00,77.10,234.40,1.0000,-1,-1,-1
507,58,1138.00,574.20,84.10,248.40,1.0000,-1,-1,-1
507,59,308.40,2.30,37.00,129.50,1.0000,-1,-1,-1
507,60,487.90,307.90,73.60,194.10,1.0000,-1,-1,-1
507,61,288.90,128.60,53.00,168.30,1.0000,-1,-1,-1
507,63,371.40,104.70,59.10,178.70,1.0000,-1,-1,-1
507,64,580.70,541.80,71.00,249.20,1.0000,-1,-1,-1
507,65,435.80,172.60,61.90,165.30,1.0000,-1,-1,-1
508,0,1221.50,29.70,61.50,118.90,1.0000,-1,-1,-1
508,1,1470.60,208.70,69.00,162.50,1.0000,-1,-1,-1
508,2,686.80,206.70,79.40,113.50,1.0000,-1,-1,-1
508,3,1718.80,455.80,82.60,211.60,1.0000,-1,-1,-1
508,9,794.00,141.10,70.90,171.60,1.0000,-1,-1,-1
508,16,1849.60,240.40,64.00,198.10,1.0000,-1,-1,-1
508,17,539.60,120.50,61.50,171.90,1.0000,-1,-1,-1
508,23,1573.90,589.90,103.40,239.10,1.0000,-1,-1,-1
508,25,375.30,504.30,64.60,230.10,1.0000,-1,-1,-1
508,31,488.00,164.20,66.60,196.70,0.9990,-1,-1,-1
508,32,750.90,75.50,54.60,161.60,1.0000,-1,-1,-1
508,36,288.50,523.00,87.80,210.90,1.0000,-1,-1,-1
508,38,365.10,321.50,75.70,200.00,1.0000,-1,-1,-1
508,39,937.00,244.70,66.00,201.70,1.0000,-1,-1,-1
508,41,846.60,256.40,65.00,196.60,1.0000,-1,-1,-1
508,46,234.00,139.30,57.10,165.80,1.0000,-1,-1,-1
508,50,295.00,316.40,67.50,202.80,1.0000,-1,-1,-1
508,52,1265.40,182.60,65.20,167.90,1.0000,-1,-1,-1
508,54,1703.60,201.40,62.20,180.50,1.0000,-1,-1,-1
508,55,1683.70,682.00,81.90,237.60,1.0000,-1,-1,-1
508,58,1135.10,570.60,86.90,250.00,1.0000,-1,-1,-1
508,59,308.50,2.30,36.60,128.80,1.0000,-1,-1,-1
508,60,486.30,309.80,73.40,195.60,1.0000,-1,-1,-1
508,61,288.80,128.00,53.10,168.40,1.0000,-1,-1,-1
508,63,372.00,105.60,58.20,175.30,1.0000,-1,-1,-1
508,64,581.30,542.40,69.30,247.00,1.0000,-1,-1,-1
508,65,436.40,174.10,61.80,163.50,1.0000,-1,-1,-1
509,0,1221.40,30.20,61.80,118.20,1.0000,-1,-1,-1
509,1,1470.30,208.80,69.20,163.60,1.0000,-1,-1,-1
509,2,687.00,206.70,79.20,113.80,1.0000,-1,-1,-1
509,3,1719.70,455.40,82.10,213.30,1.0000,-1,-1,-1
509,9,794.60,141.30,70.40,172.70,1.0000,-1,-1,-1
509,16,1850.10,240.90,64.80,198.10,1.0000,-1,-1,-1
509,17,540.10,119.30,60.20,170.80,0.9990,-1,-1,-1
509,23,1573.30,590.40,103.70,236.50,1.0000,-1,-1,-1
509,25,374.20,501.10,65.40,232.90,1.0000,-1,-1,-1
509,31,491.00,164.40,67.70,197.20,1.0000,-1,-1,-1
509,32,751.40,76.60,54.10,160.70,1.0000,-1,-1,-1
509,36,286.40,524.40,90.50,212.40,1.0000,-1,-1,-1
509,38,364.60,319.40,74.10,199.20,1.0000,-1,-1,-1
509,39,936.80,242.60,66.20,203.30,1.0000,-1,-1,-1
509,41,847.90,256.70,63.40,195.20,1.0000,-1,-1,-1
509,46,233.80,139.30,56.40,165.20,1.0000,-1,-1,-1
509,50,295.10,315.30,68.10,205.30,1.0000,-1,-1,-1
509,52,1271.70,183.60,61.60,165.50,1.0000,-1,-1,-1
509,54,1705.40,202.00,62.40,179.40,1.0000,-1,-1,-1
509,55,1681.00,682.70,81.00,231.50,1.0000,-1,-1,-1
509,58,1134.00,572.50,87.80,243.70,1.0000,-1,-1,-1
509,59,307.80,2.10,36.60,128.60,1.0000,-1,-1,-1
509,60,485.40,311.20,74.70,195.40,1.0000,-1,-1,-1
509,61,289.50,128.20,52.80,168.10,1.0000,-1,-1,-1
509,63,371.00,104.00,59.90,176.20,1.0000,-1,-1,-1
509,64,581.70,540.90,68.70,250.70,1.0000,-1,-1,-1
509,65,437.50,173.40,62.20,164.10,1.0000,-1,-1,-1
510,0,1222.00,30.40,61.50,118.10,1.0000,-1,-1,-1
510,1,1469.50,207.30,70.70,165.60,1.0000,-1,-1,-1
510,2,686.70,206.90,79.70,113.80,1.0000,-1,-1,-1
510,3,1720.00,455.90,80.60,213.10,1.0000,-1,-1,-1
510,9,793.30,141.40,72.00,172.70,1.0000,-1,-1,-1
510,16,1851.70,240.70,64.80,197.70,1.0000,-1,-1,-1
510,17,539.80,118.60,58.70,172.60,0.9980,-1,-1,-1
510,23,1575.00,589.10,101.70,239.50,1.0000,-1,-1,-1
510,25,375.80,503.80,65.00,233.10,1.0000,-1,-1,-1
510,31,492.00,165.20,68.60,195.50,1.0000,-1,-1,-1
510,32,751.30,76.00,53.50,160.40,1.0000,-1,-1,-1
510,36,286.40,526.70,90.30,210.80,1.0000,-1,-1,-1
510,38,363.50,321.20,75.00,197.60,1.0000,-1,-1,-1
510,39,936.70,241.50,66.30,203.20,1.0000,-1,-1,-1
510,41,848.00,255.30,63.70,196.50,1.0000,-1,-1,-1
510,46,233.50,139.70,56.40,163.80,1.0000,-1,-1,-1
510,50,295.50,315.80,67.70,207.60,1.0000,-1,-1,-1
510,52,1273.50,184.20,64.20,164.20,1.0000,-1,-1,-1
510,54,1706.60,202.20,63.20,181.10,1.0000,-1,-1,-1
510,55,1679.10,679.00,81.10,236.30,1.0000,-1,-1,-1
510,58,1131.80,571.60,89.30,242.40,1.0000,-1,-1,-1
510,59,308.20,2.50,35.90,127.30,1.0000,-1,-1,-1
510,60,484.60,312.10,76.30,195.30,1.0000,-1,-1,-1
510,61,288.60,127.60,52.90,169.00,1.0000,-1,-1,-1
510,63,371.80,102.50,59.40,177.70,1.0000,-1,-1,-1
510,64,581.50,543.50,68.50,248.90,1.0000,-1,-1,-1
510,65,440.20,172.50,62.80,166.40,1.0000,-1,-1,-1
511,0,1222.10,29.90,61.40,118.60,1.0000,-1,-1,-1
511,1,1469.20,209.50,70.10,163.30,1.0000,-1,-1,-1
511,2,686.90,206.90,79.50,114.30,1.0000,-1,-1,-1
511,3,1719.80,456.00,80.60,214.80,1.0000,-1,-1,-1
511,9,794.20,141.50,69.90,172.50,1.0000,-1,-1,-1
511,16,1852.40,240.20,66.10,200.60,1.0000,-1,-1,-1
511,17,539.70,119.00,58.00,172.10,0.9970,-1,-1,-1
511,23,1572.80,588.50,104.30,239.70,1.0000,-1,-1,-1
511,25,375.20,504.50,65.80,233.60,1.0000,-1,-1,-1
511,31,494.40,167.20,71.70,196.60,1.0000,-1,-1,-1
511,32,751.80,75.00,53.30,162.60,1.0000,-1,-1,-1
511,36,283.40,527.50,92.10,211.20,1.0000,-1,-1,-1
511,38,363.30,319.80,74.80,203.20,1.0000,-1,-1,-1
511,39,937.00,240.40,66.00,204.40,1.0000,-1,-1,-1
511,41,848.70,254.20,64.00,196.30,1.0000,-1,-1,-1
511,46,233.20,138.80,55.90,164.50,1.0000,-1,-1,-1
511,50,294.30,316.60,68.50,207.70,1.0000,-1,-1,-1
511,52,1277.70,186.10,64.60,163.70,1.0000,-1,-1,-1
511,54,1708.50,202.80,61.60,181.60,1.0000,-1,-1,-1
511,55,1674.50,675.40,81.50,239.90,1.0000,-1,-1,-1
511,58,1130.00,570.90,90.30,243.90,1.0000,-1,-1,-1
511,59,307.80,2.40,36.10,126.90,1.0000,-1,-1,-1
511,60,484.80,312.80,74.00,196.30,1.0000,-1,-1,-1
511,61,288.80,127.40,52.40,169.40,1.0000,-1,-1,-1
511,63,372.10,105.00,58.50,175.10,1.0000,-1,-1,-1
511,64,580.90,541.80,68.50,250.20,1.0000,-1,-1,-1
511,65,440.70,172.30,66.30,167.50,1.0000,-1,-1,-1
512,0,1222.30,30.20,61.00,118.60,1.0000,-1,-1,-1
512,1,1469.20,210.60,72.90,166.80,1.0000,-1,-1,-1
512,2,686.80,206.90,79.80,114.50,1.0000,-1,-1,-1
512,3,1719.40,455.50,80.40,215.30,1.0000,-1,-1,-1
512,9,794.00,141.40,70.80,172.70,1.0000,-1,-1,-1
512,16,1854.40,240.20,65.20,200.20,1.0000,-1,-1,-1
512,17,538.10,117.20,60.70,179.30,0.9980,-1,-1,-1
512,23,1574.00,588.30,104.10,242.40,1.0000,-1,-1,-1
512,25,374.90,505.20,66.20,234.10,1.0000,-1,-1,-1
512,31,496.20,169.50,70.60,189.60,0.9990,-1,-1,-1
512,32,751.50,74.90,53.50,162.00,1.0000,-1,-1,-1
512,36,282.20,529.80,93.60,210.70,1.0000,-1,-1,-1
512,38,364.80,326.50,73.60,190.70,1.0000,-1,-1,-1
512,39,937.30,238.70,66.70,205.30,1.0000,-1,-1,-1
512,41,849.30,251.40,64.20,198.20,1.0000,-1,-1,-1
512,46,232.50,138.10,55.20,165.70,1.0000,-1,-1,-1
512,50,293.60,317.10,68.90,206.80,1.0000,-1,-1,-1
512,52,1280.30,186.20,64.50,165.10,1.0000,-1,-1,-1
512,54,1710.00,204.50,61.00,179.80,1.0000,-1,-1,-1
512,55,1671.10,675.80,82.80,237.60,1.0000,-1,-1,-1
512,57,431.10,68.50,63.40,207.50,0.9240,-1,-1,-1
512,58,1129.00,563.20,91.10,254.20,1.0000,-1,-1,-1
512,59,308.10,2.60,36.40,127.40,1.0000,-1,-1,-1
512,60,483.90,313.70,75.20,198.40,1.0000,-1,-1,-1
512,61,288.80,127.00,52.40,170.30,1.0000,-1,-1,-1
512,63,372.10,105.20,57.70,176.20,1.0000,-1,-1,-1
512,64,580.70,538.20,69.50,253.40,1.0000,-1,-1,-1
512,65,444.10,172.90,65.00,165.40,1.0000,-1,-1,-1
513,0,1221.60,29.80,61.10,119.80,1.0000,-1,-1,-1
513,1,1468.40,210.00,74.50,168.80,1.0000,-1,-1,-1
513,2,687.10,206.50,79.40,114.50,1.0000,-1,-1,-1
513,3,1720.30,455.80,80.20,215.20,1.0000,-1,-1,-1
513,9,794.00,142.00,70.10,172.00,1.0000,-1,-1,-1
513,16,1855.40,241.00,65.00,198.40,1.0000,-1,-1,-1
513,17,539.40,117.10,58.60,177.30,0.9940,-1,-1,-1
513,23,1573.70,589.00,103.80,241.70,1.0000,-1,-1,-1
513,25,374.40,506.40,66.30,234.10,1.0000,-1,-1,-1
513,31,498.60,169.00,72.40,189.80,1.0000,-1,-1,-1
513,32,751.70,74.90,54.10,161.40,1.0000,-1,-1,-1
513,36,279.70,534.30,94.90,203.90,1.0000,-1,-1,-1
513,38,363.30,322.20,74.40,196.40,1.0000,-1,-1,-1
513,39,937.60,237.80,66.10,205.20,1.0000,-1,-1,-1
513,41,850.00,250.70,63.80,198.30,1.0000,-1,-1,-1
513,46,232.00,139.00,55.50,163.90,1.0000,-1,-1,-1
513,50,293.00,317.60,70.10,205.90,1.0000,-1,-1,-1
513,52,1285.40,188.10,64.00,165.50,1.0000,-1,-1,-1
513,54,1712.60,206.10,59.20,180.50,1.0000,-1,-1,-1
513,55,1664.10,674.70,89.40,236.80,1.0000,-1,-1,-1
513,57,431.70,67.10,66.00,190.80,0.9840,-1,-1,-1
513,58,1127.80,561.60,90.50,256.00,1.0000,-1,-1,-1
513,59,307.60,2.60,37.40,127.30,1.0000,-1,-1,-1
513,60,482.30,316.20,75.20,197.80,1.0000,-1,-1,-1
513,61,289.70,127.60,52.20,169.30,1.0000,-1,-1,-1
513,63,370.50,104.50,58.50,175.20,1.0000,-1,-1,-1
513,64,580.70,538.70,69.40,252.90,1.0000,-1,-1,-1
513,65,445.60,170.70,64.40,170.20,1.0000,-1,-1,-1
514,0,1221.50,29.70,62.00,120.20,1.0000,-1,-1,-1
514,1,1468.00,213.40,75.70,164.30,1.0000,-1,-1,-1
514,2,686.80,206.50,80.00,114.50,1.0000,-1,-1,-1
514,3,1720.30,455.10,79.70,216.50,1.0000,-1,-1,-1
514,9,793.30,141.10,71.20,173.30,1.0000,-1,-1,-1
514,16,1856.70,242.10,64.30,194.30,1.0000,-1,-1,-1
514,17,539.70,117.40,59.70,179.80,0.9940,-1,-1,-1
514,23,1573.10,589.70,104.50,240.60,1.0000,-1,-1,-1
514,25,374.40,506.80,67.20,235.90,1.0000,-1,-1,-1
514,31,497.40,168.90,78.10,191.60,1.0000,-1,-1,-1
514,32,751.90,76.30,53.80,159.90,1.0000,-1,-1,-1
514,36,278.50,532.90,96.30,204.10,1.0000,-1,-1,-1
514,38,363.00,327.10,73.40,191.00,1.0000,-1,-1,-1
514,39,937.50,237.20,66.10,205.80,1.0000,-1,-1,-1
514,41,851.40,250.30,62.50,193.50,1.0000,-1,-1,-1
514,46,232.00,138.40,54.80,164.30,1.0000,-1,-1,-1
514,50,292.60,319.40,70.60,206.80,1.0000,-1,-1,-1
514,52,1289.00,190.40,65.20,167.00,1.0000,-1,-1,-1
514,54,1715.50,208.10,58.30,180.60,1.0000,-1,-1,-1
514,55,1663.10,675.40,88.40,240.10,1.0000,-1,-1,-1
514,57,431.40,66.60,64.20,187.60,0.9980,-1,-1,-1
514,58,1126.90,561.70,89.60,255.30,1.0000,-1,-1,-1
514,59,307.90,2.60,36.10,127.00,1.0000,-1,-1,-1
514,60,479.60,318.00,77.60,198.30,1.0000,-1,-1,-1
514,61,289.20,127.80,52.10,169.90,1.0000,-1,-1,-1
514,63,370.90,104.60,58.10,176.00,1.0000,-1,-1,-1
514,64,581.20,536.80,69.10,253.80,1.0000,-1,-1,-1
514,65,448.40,168.20,63.50,172.60,1.0000,-1,-1,-1
515,0,1221.70,29.20,61.40,119.70,1.0000,-1,-1,-1
515,1,1468.90,212.70,75.20,169.00,1.0000,-1,-1,-1
515,2,686.90,206.40,79.90,115.20,1.0000,-1,-1,-1
515,3,1720.30,454.20,80.70,218.30,1.0000,-1,-1,-1
515,9,793.40,141.30,70.80,172.60,1.0000,-1,-1,-1
515,16,1857.70,242.00,63.30,199.30,1.0000,-1,-1,-1
515,23,1573.70,589.90,102.90,240.20,1.0000,-1,-1,-1
515,25,374.70,509.50,66.50,237.50,1.0000,-1,-1,-1
515,31,501.70,168.10,75.00,196.90,1.0000,-1,-1,-1
515,32,751.20,74.90,54.20,161.30,1.0000,-1,-1,-1
515,36,277.30,533.90,97.10,203.60,1.0000,-1,-1,-1
515,38,362.30,323.80,73.70,200.60,1.0000,-1,-1,-1
515,39,937.30,236.90,66.30,206.10,1.0000,-1,-1,-1
515,41,851.60,249.10,62.30,191.00,1.0000,-1,-1,-1
515,46,230.90,138.60,55.50,164.20,1.0000,-1,-1,-1
515,50,292.80,319.70,70.60,208.10,1.0000,-1,-1,-1
515,52,1289.80,191.80,64.50,163.90,1.0000,-1,-1,-1
515,54,1716.70,209.40,58.30,179.20,1.0000,-1,-1,-1
515,55,1660.40,682.10,92.20,233.70,1.0000,-1,-1,-1
515,57,433.20,66.70,62.20,176.70,0.9980,-1,-1,-1
515,58,1126.10,560.20,88.70,256.60,1.0000,-1,-1,-1
515,59,307.20,2.90,37.20,126.50,1.0000,-1,-1,-1
515,60,478.40,320.20,77.30,196.70,1.0000,-1,-1,-1
515,61,289.10,126.90,52.40,171.80,1.0000,-1,-1,-1
515,63,372.00,102.80,58.30,177.60,1.0000,-1,-1,-1
515,64,582.50,536.10,64.90,254.50,1.0000,-1,-1,-1
515,65,454.20,167.80,60.80,175.20,1.0000,-1,-1,-1
515,17,541.30,114.60,56.90,175.70,0.3710,-1,-1,-1
516,0,1221.30,29.60,62.10,120.40,1.0000,-1,-1,-1
516,1,1470.40,213.80,72.60,167.50,1.0000,-1,-1,-1
516,2,687.30,206.60,79.00,114.80,1.0000,-1,-1,-1
516,3,1720.70,454.80,80.20,216.30,1.0000,-1,-1,-1
516,9,794.10,141.00,70.90,173.20,1.0000,-1,-1,-1
516,16,1858.20,247.70,62.80,198.30,1.0000,-1,-1,-1
516,23,1573.20,589.40,103.40,241.30,1.0000,-1,-1,-1
516,25,374.20,511.70,68.00,236.10,1.0000,-1,-1,-1
516,31,502.70,167.80,73.40,195.60,1.0000,-1,-1,-1
516,32,751.50,75.10,53.50,161.70,1.0000,-1,-1,-1
516,36,274.80,534.80,98.50,203.20,1.0000,-1,-1,-1
516,38,363.50,325.00,72.60,202.60,1.0000,-1,-1,-1
516,39,937.70,235.80,65.00,204.70,1.0000,-1,-1,-1
516,41,851.80,247.30,63.60,190.60,1.0000,-1,-1,-1
516,46,230.60,138.00,55.40,165.70,1.0000,-1,-1,-1
516,50,292.40,321.20,71.30,210.60,1.0000,-1,-1,-1
516,52,1291.20,193.20,65.90,165.50,1.0000,-1,-1,-1
516,54,1718.20,213.30,57.60,176.20,1.0000,-1,-1,-1
516,55,1656.10,680.10,95.00,233.10,1.0000,-1,-1,-1
516,57,433.10,65.80,62.30,176.80,0.9990,-1,-1,-1
516,58,1124.10,560.30,87.60,252.70,1.0000,-1,-1,-1
516,59,307.90,3.10,37.20,126.00,1.0000,-1,-1,-1
516,60,477.10,321.20,79.20,196.80,1.0000,-1,-1,-1
516,61,288.60,127.30,52.80,171.80,1.0000,-1,-1,-1
516,63,373.20,103.80,57.40,176.50,1.0000,-1,-1,-1
516,64,582.20,536.20,64.80,254.40,1.0000,-1,-1,-1
516,65,455.90,176.20,59.90,164.40,1.0000,-1,-1,-1
516,17,543.90,114.60,54.80,172.90,0.4740,-1,-1,-1
517,0,1221.80,29.90,61.50,119.50,1.0000,-1,-1,-1
517,1,1470.20,213.70,74.30,168.10,1.0000,-1,-1,-1
517,2,687.30,206.90,79.50,114.30,1.0000,-1,-1,-1
517,3,1720.30,455.40,80.30,215.50,1.0000,-1,-1,-1
517,9,793.60,140.50,71.40,175.20,1.0000,-1,-1,-1
517,16,1860.20,251.90,60.80,199.10,1.0000,-1,-1,-1
517,23,1574.30,589.60,101.30,240.70,1.0000,-1,-1,-1
517,25,373.90,514.20,68.80,236.50,1.0000,-1,-1,-1
517,31,502.30,167.90,76.10,199.30,1.0000,-1,-1,-1
517,32,751.60,74.80,54.00,162.30,1.0000,-1,-1,-1
517,36,275.10,536.00,96.20,200.60,1.0000,-1,-1,-1
517,38,363.00,325.90,72.30,199.60,1.0000,-1,-1,-1
517,39,937.90,235.80,64.40,204.60,1.0000,-1,-1,-1
517,41,851.30,243.60,64.60,192.10,1.0000,-1,-1,-1
517,46,230.20,138.50,55.90,164.60,1.0000,-1,-1,-1
517,50,292.00,323.30,71.30,211.20,1.0000,-1,-1,-1
517,52,1295.20,194.90,62.60,165.20,1.0000,-1,-1,-1
517,54,1718.10,214.30,59.10,175.90,1.0000,-1,-1,-1
517,55,1654.00,683.10,95.80,230.40,1.0000,-1,-1,-1
517,57,433.00,64.80,62.70,177.00,0.9980,-1,-1,-1
517,58,1123.20,563.30,85.70,247.10,1.0000,-1,-1,-1
517,59,307.90,3.00,37.90,127.20,1.0000,-1,-1,-1
517,60,476.90,322.60,77.90,196.80,1.0000,-1,-1,-1
517,61,288.70,126.60,52.70,171.40,1.0000,-1,-1,-1
517,63,373.60,102.60,57.20,176.40,1.0000,-1,-1,-1
517,64,582.50,536.40,64.90,254.30,1.0000,-1,-1,-1
517,65,461.50,170.70,54.50,170.20,0.9990,-1,-1,-1
518,0,1221.50,30.10,62.00,119.50,1.0000,-1,-1,-1
518,1,1469.10,217.30,75.60,165.30,1.0000,-1,-1,-1
518,2,686.40,206.80,80.50,114.80,1.0000,-1,-1,-1
518,3,1721.00,455.00,78.80,214.90,1.0000,-1,-1,-1
518,9,794.20,141.90,70.60,171.30,1.0000,-1,-1,-1
518,16,1861.40,253.80,59.60,199.40,1.0000,-1,-1,-1
518,23,1573.40,589.90,102.10,240.70,1.0000,-1,-1,-1
518,25,373.40,514.60,69.20,239.00,1.0000,-1,-1,-1
518,31,503.70,168.20,77.70,201.50,1.0000,-1,-1,-1
518,32,751.30,73.80,54.70,162.80,1.0000,-1,-1,-1
518,36,272.90,537.30,97.20,200.60,1.0000,-1,-1,-1
518,38,361.50,325.60,73.10,206.70,1.0000,-1,-1,-1
518,39,937.10,235.50,65.00,203.20,1.0000,-1,-1,-1
518,41,851.60,241.00,65.10,194.70,1.0000,-1,-1,-1
518,46,230.00,137.60,55.90,166.10,1.0000,-1,-1,-1
518,50,291.10,325.60,72.50,210.20,1.0000,-1,-1,-1
518,52,1296.90,198.00,62.30,163.20,1.0000,-1,-1,-1
518,54,1718.50,218.00,59.00,173.20,1.0000,-1,-1,-1
518,55,1651.80,678.30,97.30,234.80,1.0000,-1,-1,-1
518,57,433.10,64.80,62.60,176.00,0.9990,-1,-1,-1
518,58,1121.10,557.10,87.50,253.10,1.0000,-1,-1,-1
518,59,308.50,2.60,38.10,128.10,1.0000,-1,-1,-1
518,60,476.80,322.30,76.40,197.30,1.0000,-1,-1,-1
518,61,288.40,126.00,53.40,172.40,1.0000,-1,-1,-1
518,63,374.00,102.00,57.50,177.90,1.0000,-1,-1,-1
518,64,582.50,536.60,65.20,253.00,1.0000,-1,-1,-1
518,65,464.70,172.30,55.60,168.90,1.0000,-1,-1,-1
519,0,1221.60,29.80,61.20,118.90,1.0000,-1,-1,-1
519,1,1468.40,218.50,77.50,168.70,1.0000,-1,-1,-1
519,2,686.30,206.70,80.40,114.20,1.0000,-1,-1,-1
519,3,1721.00,455.60,79.20,214.40,1.0000,-1,-1,-1
519,9,795.40,142.60,70.60,171.10,1.0000,-1,-1,-1
519,16,1861.50,254.10,59.50,202.60,0.9990,-1,-1,-1
519,23,1573.50,589.50,103.10,242.10,1.0000,-1,-1,-1
519,25,374.60,517.00,68.00,238.10,1.0000,-1,-1,-1
519,31,506.60,171.40,76.40,196.50,1.0000,-1,-1,-1
519,32,751.20,73.60,53.90,164.10,1.0000,-1,-1,-1
519,36,274.40,539.00,93.70,201.80,1.0000,-1,-1,-1
519,38,359.80,325.80,73.60,211.50,1.0000,-1,-1,-1
519,39,937.10,234.60,65.10,201.70,1.0000,-1,-1,-1
519,41,851.00,239.10,66.90,194.40,1.0000,-1,-1,-1
519,46,229.90,137.90,55.40,164.80,1.0000,-1,-1,-1
519,50,290.60,328.50,72.40,209.20,1.0000,-1,-1,-1
519,52,1301.00,199.10,60.20,162.80,1.0000,-1,-1,-1
519,54,1720.30,216.80,59.60,175.40,1.0000,-1,-1,-1
519,55,1651.30,678.30,95.20,233.50,1.0000,-1,-1,-1
519,57,432.50,72.20,62.70,169.70,0.9980,-1,-1,-1
519,58,1121.30,555.00,86.60,253.60,1.0000,-1,-1,-1
519,59,309.10,2.10,37.60,129.50,1.0000,-1,-1,-1
519,60,476.00,322.90,76.60,197.40,1.0000,-1,-1,-1
519,61,287.70,125.30,53.90,174.00,1.0000,-1,-1,-1
519,63,373.10,99.60,58.80,180.40,1.0000,-1,-1,-1
519,64,583.50,535.40,64.00,255.40,1.0000,-1,-1,-1
519,65,467.20,175.70,55.00,164.20,1.0000,-1,-1,-1
520,0,1222.10,30.20,61.20,118.80,1.0000,-1,-1,-1
520,1,1470.70,219.20,73.40,167.20,1.0000,-1,-1,-1
520,2,686.90,206.70,79.80,114.40,1.0000,-1,-1,-1
520,3,1719.90,455.90,80.20,214.00,1.0000,-1,-1,-1
520,9,795.00,141.80,71.40,172.10,1.0000,-1,-1,-1
520,16,1863.10,258.80,57.90,198.00,0.9960,-1,-1,-1
520,23,1573.20,589.80,103.40,241.10,1.0000,-1,-1,-1
520,25,374.40,518.00,67.80,239.00,1.0000,-1,-1,-1
520,31,511.10,171.20,72.90,193.50,1.0000,-1,-1,-1
520,32,751.30,74.30,54.30,164.00,1.0000,-1,-1,-1
520,36,275.80,541.40,91.90,204.30,1.0000,-1,-1,-1
520,38,357.70,327.50,76.20,211.60,1.0000,-1,-1,-1
520,39,936.80,233.60,65.60,201.50,1.0000,-1,-1,-1
520,41,851.50,238.50,65.80,193.80,1.0000,-1,-1,-1
520,46,229.30,137.60,55.30,165.30,1.0000,-1,-1,-1
520,50,289.40,329.50,72.50,208.10,1.0000,-1,-1,-1
520,52,1304.50,199.80,60.80,164.80,1.0000,-1,-1,-1
520,54,1722.20,219.20,57.30,173.50,1.0000,-1,-1,-1
520,55,1650.70,676.20,94.90,236.90,1.0000,-1,-1,-1
520,57,433.90,66.60,61.80,176.20,0.9990,-1,-1,-1
520,58,1119.30,554.00,86.60,248.80,1.0000,-1,-1,-1
520,59,308.70,2.00,38.10,129.70,1.0000,-1,-1,-1
520,60,476.80,324.10,75.80,195.60,1.0000,-1,-1,-1
520,61,288.10,125.20,53.80,173.70,1.0000,-1,-1,-1
520,63,374.00,100.50,57.60,179.00,1.0000,-1,-1,-1
520,64,583.00,536.40,64.70,254.70,1.0000,-1,-1,-1
520,65,469.30,175.10,54.00,163.80,1.0000,-1,-1,-1
520,-1,876.90,927.10,70.30,153.90,0.0550,-1,-1,-1
521,0,1221.80,30.10,61.70,119.30,1.0000,-1,-1,-1
521,1,1470.70,218.90,73.60,167.60,1.0000,-1,-1,-1
521,2,687.00,206.70,79.80,114.60,1.0000,-1,-1,-1
521,3,1720.20,455.50,79.80,215.30,1.0000,-1,-1,-1
521,9,794.90,142.30,70.00,171.30,1.0000,-1,-1,-1
521,16,1863.40,262.40,57.60,197.70,0.9950,-1,-1,-1
521,23,1573.20,589.10,103.00,240.90,1.0000,-1,-1,-1
521,25,374.70,518.40,67.50,241.30,1.0000,-1,-1,-1
521,31,510.70,171.50,75.60,194.90,1.0000,-1,-1,-1
521,32,751.30,73.90,53.90,162.40,1.0000,-1,-1,-1
521,36,274.70,540.70,95.30,211.60,1.0000,-1,-1,-1
521,38,356.80,330.50,76.60,209.80,1.0000,-1,-1,-1
521,39,936.20,232.50,65.50,201.90,1.0000,-1,-1,-1
521,41,852.80,237.70,65.40,193.10,1.0000,-1,-1,-1
521,46,229.10,137.80,54.50,163.90,1.0000,-1,-1,-1
521,50,288.20,331.70,74.00,207.50,1.0000,-1,-1,-1
521,52,1308.70,199.60,58.10,165.50,1.0000,-1,-1,-1
521,54,1722.30,218.50,58.90,177.10,1.0000,-1,-1,-1
521,55,1649.50,676.40,96.10,237.70,1.0000,-1,-1,-1
521,57,430.00,70.40,65.90,171.80,0.9990,-1,-1,-1
521,58,1117.50,550.50,87.30,248.40,1.0000,-1,-1,-1
521,59,308.30,2.50,38.70,130.80,1.0000,-1,-1,-1
521,60,476.30,323.70,76.40,195.90,1.0000,-1,-1,-1
521,61,287.70,125.00,54.60,174.90,1.0000,-1,-1,-1
521,63,373.70,99.90,58.40,179.80,1.0000,-1,-1,-1
521,64,583.70,537.10,63.00,254.00,1.0000,-1,-1,-1
521,65,469.40,172.60,55.60,165.40,1.0000,-1,-1,-1
521,-1,876.10,927.20,70.70,153.80,0.1010,-1,-1,-1
522,0,1221.80,29.60,61.90,119.60,1.0000,-1,-1,-1
522,1,1471.30,219.80,74.10,166.60,1.0000,-1,-1,-1
522,2,686.90,206.50,79.70,114.60,1.0000,-1,-1,-1
522,3,1720.20,455.60,79.40,215.10,1.0000,-1,-1,-1
522,9,794.50,141.90,71.10,172.70,1.0000,-1,-1,-1
522,16,1865.10,262.00,55.90,201.80,0.9920,-1,-1,-1
522,23,1573.10,588.80,102.10,241.00,1.0000,-1,-1,-1
522,25,373.10,519.30,68.90,240.00,1.0000,-1,-1,-1
522,31,513.60,170.50,75.20,194.10,1.0000,-1,-1,-1
522,32,751.50,74.70,53.90,162.20,1.0000,-1,-1,-1
522,36,274.60,541.70,94.90,213.80,1.0000,-1,-1,-1
522,38,357.60,335.40,73.40,204.70,1.0000,-1,-1,-1
522,39,935.50,232.00,65.20,196.60,1.0000,-1,-1,-1
522,41,851.90,236.90,66.70,193.70,1.0000,-1,-1,-1
522,46,229.10,138.10,53.90,163.20,1.0000,-1,-1,-1
522,50,288.90,332.60,72.00,207.40,1.0000,-1,-1,-1
522,52,1312.30,200.20,56.50,163.80,1.0000,-1,-1,-1
522,54,1724.90,222.30,57.20,172.60,1.0000,-1,-1,-1
522,55,1649.00,679.10,96.70,233.70,1.0000,-1,-1,-1
522,57,433.40,67.70,62.30,177.90,0.9990,-1,-1,-1
522,58,1117.90,550.10,84.60,244.30,1.0000,-1,-1,-1
522,59,308.10,2.80,38.70,130.60,1.0000,-1,-1,-1
522,60,476.40,324.90,75.50,197.50,1.0000,-1,-1,-1
522,61,287.70,125.90,54.60,173.50,1.0000,-1,-1,-1
522,63,374.30,99.20,58.90,180.60,1.0000,-1,-1,-1
522,64,583.80,536.80,62.70,255.10,1.0000,-1,-1,-1
522,65,471.50,169.10,53.90,172.70,1.0000,-1,-1,-1
523,0,1222.20,30.20,61.10,118.70,1.0000,-1,-1,-1
523,1,1474.80,221.60,70.60,164.80,1.0000,-1,-1,-1
523,2,687.10,206.50,79.50,114.70,1.0000,-1,-1,-1
523,3,1720.50,456.30,79.00,214.10,1.0000,-1,-1,-1
523,9,794.20,141.60,71.80,172.50,1.0000,-1,-1,-1
523,16,1865.90,262.90,55.10,202.50,0.9890,-1,-1,-1
523,23,1572.80,590.20,101.60,242.50,1.0000,-1,-1,-1
523,25,374.00,520.90,68.30,238.50,1.0000,-1,-1,-1
523,31,512.70,173.20,75.70,190.00,1.0000,-1,-1,-1
523,32,751.40,75.60,53.80,161.80,1.0000,-1,-1,-1
523,36,276.70,544.20,90.80,211.60,1.0000,-1,-1,-1
523,38,356.70,337.30,75.10,204.80,1.0000,-1,-1,-1
523,39,934.40,229.70,65.90,195.10,1.0000,-1,-1,-1
523,41,851.50,236.80,67.20,192.70,1.0000,-1,-1,-1
523,46,229.10,139.50,54.50,161.30,1.0000,-1,-1,-1
523,50,288.50,335.30,72.70,207.70,1.0000,-1,-1,-1
523,52,1315.40,203.10,54.80,162.40,1.0000,-1,-1,-1
523,54,1725.10,221.90,56.80,173.40,1.0000,-1,-1,-1
523,55,1648.60,673.40,94.60,239.00,1.0000,-1,-1,-1
523,57,432.80,66.80,63.40,176.70,0.9990,-1,-1,-1
523,58,1115.80,547.70,85.00,241.90,1.0000,-1,-1,-1
523,59,308.00,2.50,39.50,129.20,1.0000,-1,-1,-1
523,60,476.30,325.20,75.10,197.20,1.0000,-1,-1,-1
523,61,287.90,126.00,54.10,172.60,1.0000,-1,-1,-1
523,63,373.30,98.90,59.40,179.60,1.0000,-1,-1,-1
523,64,583.90,536.30,63.60,253.80,1.0000,-1,-1,-1
523,65,472.80,169.30,55.40,173.40,1.0000,-1,-1,-1
523,-1,875.80,928.10,69.90,152.90,0.0600,-1,-1,-1
524,0,1221.50,30.20,61.90,119.20,1.0000,-1,-1,-1
524,1,1474.70,219.90,72.10,170.10,1.0000,-1,-1,-1
524,2,687.20,206.60,79.80,114.50,1.0000,-1,-1,-1
524,3,1720.20,455.30,79.80,215.80,1.0000,-1,-1,-1
524,9,794.30,141.50,71.60,173.00,1.0000,-1,-1,-1
524,16,1867.40,262.70,53.60,202.70,0.9770,-1,-1,-1
524,23,1571.90,588.60,101.60,242.40,1.0000,-1,-1,-1
524,25,374.50,523.20,68.30,236.00,1.0000,-1,-1,-1
524,31,515.00,172.00,76.30,193.00,1.0000,-1,-1,-1
524,32,750.80,74.20,54.90,163.10,1.0000,-1,-1,-1
524,36,276.80,547.70,89.90,213.30,1.0000,-1,-1,-1
524,38,355.90,338.50,75.60,204.20,1.0000,-1,-1,-1
524,39,935.00,227.60,65.90,195.80,1.0000,-1,-1,-1
524,41,852.20,235.40,67.50,193.20,1.0000,-1,-1,-1
524,46,229.10,140.20,54.10,161.40,1.0000,-1,-1,-1
524,50,286.50,335.90,73.80,207.00,1.0000,-1,-1,-1
524,52,1315.20,202.30,56.80,163.30,1.0000,-1,-1,-1
524,54,1725.70,222.10,56.50,174.90,1.0000,-1,-1,-1
524,55,1648.10,677.50,90.10,232.10,1.0000,-1,-1,-1
524,57,433.90,67.50,62.50,175.70,0.9990,-1,-1,-1
524,58,1113.30,544.40,84.30,241.70,1.0000,-1,-1,-1
524,59,308.20,1.90,39.90,129.70,1.0000,-1,-1,-1
524,60,476.20,324.80,76.10,200.00,1.0000,-1,-1,-1
524,61,287.90,126.50,54.20,173.40,1.0000,-1,-1,-1
524,63,374.90,99.20,61.40,180.70,1.0000,-1,-1,-1
524,64,584.60,535.60,62.10,255.20,1.0000,-1,-1,-1
524,65,473.30,168.30,57.20,179.50,1.0000,-1,-1,-1
524,-1,875.10,927.30,70.80,153.70,0.0590,-1,-1,-1
