1,-1,753.60,282.30,27.50,75.80,0.3320,-1,-1,-1
1,-1,685.00,282.80,22.30,75.50,0.2060,-1,-1,-1
1,-1,975.10,279.00,40.10,85.00,0.1320,-1,-1,-1
1,-1,1619.30,203.80,244.30,790.70,1.0000,-1,-1,-1
1,-1,764.00,248.20,92.80,228.30,1.0000,-1,-1,-1
1,-1,1160.90,275.30,64.50,157.90,1.0000,-1,-1,-1
1,-1,936.30,275.80,53.10,136.60,1.0000,-1,-1,-1
1,-1,35.20,285.50,36.00,100.10,1.0000,-1,-1,-1
1,-1,1070.00,261.80,54.40,154.30,1.0000,-1,-1,-1
1,-1,1221.20,269.50,39.40,120.90,1.0000,-1,-1,-1
1,-1,865.80,266.70,57.20,151.70,1.0000,-1,-1,-1
1,-1,545.90,280.80,48.60,119.10,0.9990,-1,-1,-1
1,-1,159.70,254.80,105.80,247.30,0.9990,-1,-1,-1
1,-1,1008.30,285.10,24.30,59.20,0.9950,-1,-1,-1
1,-1,91.20,277.20,54.20,155.10,0.9940,-1,-1,-1
1,-1,721.40,282.40,20.90,66.20,0.8050,-1,-1,-1
2,0,1622.30,214.20,254.50,775.10,1.0000,-1,-1,-1
2,1,764.20,252.40,90.60,224.80,1.0000,-1,-1,-1
2,2,1165.80,277.40,63.10,157.70,1.0000,-1,-1,-1
2,3,941.20,279.20,51.00,132.40,1.0000,-1,-1,-1
2,4,35.20,288.40,36.50,99.90,1.0000,-1,-1,-1
2,5,1074.00,264.80,54.20,153.30,1.0000,-1,-1,-1
2,6,1223.60,270.50,41.40,122.70,1.0000,-1,-1,-1
2,7,868.80,267.30,59.20,155.00,1.0000,-1,-1,-1
2,8,547.60,283.40,48.30,116.90,1.0000,-1,-1,-1
2,9,150.60,257.30,112.90,252.40,1.0000,-1,-1,-1
2,10,1015.30,285.30,22.90,59.60,0.9880,-1,-1,-1
2,11,89.30,280.60,55.20,152.50,0.9980,-1,-1,-1
2,12,729.40,285.90,20.10,65.10,0.9070,-1,-1,-1
2,-1,983.00,283.70,47.80,74.90,0.0590,-1,-1,-1
2,-1,693.20,285.30,21.10,74.70,0.0530,-1,-1,-1
2,-1,750.50,286.70,26.30,70.70,0.8340,-1,-1,-1
3,0,1637.20,209.30,245.50,779.90,1.0000,-1,-1,-1
3,1,761.30,249.60,93.40,232.00,1.0000,-1,-1,-1
3,2,1167.60,276.00,63.20,159.20,1.0000,-1,-1,-1
3,3,944.90,278.90,49.80,133.00,1.0000,-1,-1,-1
3,4,33.00,283.20,35.40,100.30,1.0000,-1,-1,-1
3,5,1075.10,264.40,53.10,152.90,1.0000,-1,-1,-1
3,6,1224.50,270.10,41.30,125.00,1.0000,-1,-1,-1
3,7,870.60,267.00,58.70,155.80,1.0000,-1,-1,-1
3,8,550.50,282.50,47.90,114.70,0.9900,-1,-1,-1
3,9,149.50,255.80,114.20,255.70,1.0000,-1,-1,-1
3,10,1016.20,284.80,22.60,58.70,0.9740,-1,-1,-1
3,11,98.20,273.60,46.20,164.10,0.6800,-1,-1,-1
3,12,732.70,282.60,21.20,67.90,0.8780,-1,-1,-1
3,13,750.80,284.80,27.90,77.80,0.5900,-1,-1,-1
3,-1,991.30,281.50,32.10,69.80,0.4090,-1,-1,-1
4,0,1643.60,235.20,262.00,767.80,1.0000,-1,-1,-1
4,1,762.50,252.00,90.40,234.90,1.0000,-1,-1,-1
4,2,1169.30,279.10,64.70,156.20,1.0000,-1,-1,-1
4,3,946.30,279.40,50.60,132.40,1.0000,-1,-1,-1
4,4,30.00,281.00,38.10,102.00,1.0000,-1,-1,-1
4,5,1078.30,264.30,52.90,156.40,1.0000,-1,-1,-1
4,6,1227.30,272.10,38.80,122.60,1.0000,-1,-1,-1
4,7,871.00,268.40,59.50,155.60,1.0000,-1,-1,-1
4,8,552.10,283.70,47.20,113.40,0.9860,-1,-1,-1
4,9,144.70,256.50,111.40,259.30,1.0000,-1,-1,-1
4,10,1018.60,286.20,24.50,58.90,0.9910,-1,-1,-1
4,12,733.90,285.00,20.90,68.40,0.9040,-1,-1,-1
4,13,748.50,285.00,32.20,93.60,0.1440,-1,-1,-1
5,0,1650.90,236.90,256.40,760.30,1.0000,-1,-1,-1
5,1,758.30,250.70,93.80,237.70,1.0000,-1,-1,-1
5,2,1170.20,279.40,64.20,155.00,1.0000,-1,-1,-1
5,3,946.90,277.90,51.00,136.60,1.0000,-1,-1,-1
5,4,28.80,280.00,36.10,98.90,0.9990,-1,-1,-1
5,5,1078.80,265.40,52.30,156.90,1.0000,-1,-1,-1
5,6,1227.10,273.60,38.30,122.70,1.0000,-1,-1,-1
5,7,872.60,266.70,58.50,157.90,1.0000,-1,-1,-1
5,8,552.00,286.20,48.00,105.50,0.8170,-1,-1,-1
5,9,131.90,254.10,117.60,261.30,1.0000,-1,-1,-1
5,10,1018.60,287.00,23.80,59.10,0.9930,-1,-1,-1
5,12,729.10,283.20,22.00,70.20,0.9210,-1,-1,-1
5,-1,699.50,286.60,20.90,71.10,0.2360,-1,-1,-1
6,0,1660.00,238.10,257.50,770.50,1.0000,-1,-1,-1
6,1,756.50,251.40,92.20,239.30,1.0000,-1,-1,-1
6,2,1170.90,279.80,64.20,156.40,1.0000,-1,-1,-1
6,3,945.70,277.80,51.90,138.10,1.0000,-1,-1,-1
6,4,26.40,278.80,35.80,101.80,0.9990,-1,-1,-1
6,5,1078.40,265.30,54.60,156.90,1.0000,-1,-1,-1
6,6,1226.90,274.60,38.50,125.10,0.9990,-1,-1,-1
6,7,872.60,267.30,57.10,156.20,1.0000,-1,-1,-1
6,8,552.20,285.10,47.00,109.00,0.9760,-1,-1,-1
6,9,127.70,264.60,115.80,251.90,1.0000,-1,-1,-1
6,10,1018.50,286.80,24.90,59.30,0.9950,-1,-1,-1
6,12,728.10,285.50,22.30,68.80,0.9510,-1,-1,-1
6,-1,702.40,287.70,20.50,67.20,0.5560,-1,-1,-1
7,0,1666.60,235.80,254.40,768.10,1.0000,-1,-1,-1
7,1,752.10,253.00,92.80,237.20,1.0000,-1,-1,-1
7,2,1170.40,278.20,64.30,158.60,1.0000,-1,-1,-1
7,3,943.30,277.60,52.20,136.70,1.0000,-1,-1,-1
7,4,24.20,276.40,36.40,106.30,0.9990,-1,-1,-1
7,5,1078.50,264.70,54.80,157.60,1.0000,-1,-1,-1
7,6,1227.40,275.00,36.90,121.40,1.0000,-1,-1,-1
7,7,869.40,265.90,58.80,158.20,1.0000,-1,-1,-1
7,8,550.50,286.30,46.40,106.80,0.9990,-1,-1,-1
7,9,118.70,261.40,120.80,257.80,1.0000,-1,-1,-1
7,10,1017.80,285.70,23.00,61.00,0.9920,-1,-1,-1
7,12,725.40,286.20,26.40,68.80,0.9650,-1,-1,-1
7,-1,976.70,281.60,38.00,88.40,0.1020,-1,-1,-1
8,0,1667.70,235.50,253.30,777.50,1.0000,-1,-1,-1
8,1,746.20,249.10,96.00,249.80,1.0000,-1,-1,-1
8,2,1168.30,277.70,66.10,160.10,1.0000,-1,-1,-1
8,3,941.70,275.30,53.00,139.60,1.0000,-1,-1,-1
8,4,21.90,274.00,37.30,108.10,0.9990,-1,-1,-1
8,5,1077.40,265.00,56.00,157.00,1.0000,-1,-1,-1
8,6,1226.90,274.10,36.50,123.00,1.0000,-1,-1,-1
8,7,868.30,264.70,58.00,156.10,1.0000,-1,-1,-1
8,8,549.70,283.80,46.30,111.50,0.9990,-1,-1,-1
8,9,110.30,251.00,118.80,265.70,1.0000,-1,-1,-1
8,10,1015.60,284.50,23.10,60.00,0.9910,-1,-1,-1
8,12,718.90,287.30,25.40,67.00,0.9570,-1,-1,-1
8,-1,988.10,281.90,36.00,72.60,0.4370,-1,-1,-1
8,-1,691.10,287.80,23.40,64.10,0.8170,-1,-1,-1
9,0,1678.90,209.70,242.10,797.70,1.0000,-1,-1,-1
9,1,740.30,254.40,92.60,241.70,1.0000,-1,-1,-1
9,2,1167.90,281.20,65.30,157.90,1.0000,-1,-1,-1
9,3,938.10,279.80,54.70,139.40,1.0000,-1,-1,-1
9,4,12.20,275.30,35.60,105.60,1.0000,-1,-1,-1
9,5,1075.50,266.90,55.90,158.10,1.0000,-1,-1,-1
9,6,1228.40,277.30,37.50,122.20,1.0000,-1,-1,-1
9,7,866.80,267.60,58.60,157.00,1.0000,-1,-1,-1
9,8,547.50,284.90,44.90,112.90,1.0000,-1,-1,-1
9,9,94.00,248.10,118.00,277.30,1.0000,-1,-1,-1
9,10,1011.20,288.40,22.90,60.70,0.9900,-1,-1,-1
9,12,713.90,288.50,26.60,71.40,0.9340,-1,-1,-1
9,14,693.70,290.30,23.50,62.90,0.9380,-1,-1,-1
9,-1,597.30,299.80,27.10,88.60,0.0810,-1,-1,-1
10,0,1674.30,217.30,246.70,772.00,1.0000,-1,-1,-1
10,1,734.80,254.00,89.80,242.90,1.0000,-1,-1,-1
10,2,1166.10,282.10,65.70,158.70,1.0000,-1,-1,-1
10,3,935.50,280.20,54.20,140.40,1.0000,-1,-1,-1
10,4,4.40,279.60,35.70,103.10,1.0000,-1,-1,-1
10,5,1073.70,268.10,56.40,162.00,1.0000,-1,-1,-1
10,6,1227.90,278.90,38.10,121.60,1.0000,-1,-1,-1
10,7,864.90,270.20,58.00,156.90,1.0000,-1,-1,-1
10,8,544.90,284.60,44.60,112.40,1.0000,-1,-1,-1
10,9,84.30,245.10,115.30,279.30,1.0000,-1,-1,-1
10,10,1008.00,288.70,24.40,60.20,0.9910,-1,-1,-1
10,12,712.00,286.20,27.30,74.90,0.7980,-1,-1,-1
10,14,695.20,291.00,22.20,64.10,0.9390,-1,-1,-1
11,0,1683.70,218.80,237.30,789.40,1.0000,-1,-1,-1
11,1,731.00,257.70,92.50,243.00,1.0000,-1,-1,-1
11,2,1162.40,286.00,65.60,157.30,1.0000,-1,-1,-1
11,3,935.70,284.20,53.00,139.50,1.0000,-1,-1,-1
11,4,2.70,283.20,34.30,102.20,0.9990,-1,-1,-1
11,5,1073.20,272.80,54.60,159.00,1.0000,-1,-1,-1
11,6,1227.50,280.10,38.30,122.20,1.0000,-1,-1,-1
11,7,862.50,273.90,55.80,155.50,1.0000,-1,-1,-1
11,8,544.80,288.30,44.20,115.30,0.9990,-1,-1,-1
11,9,75.80,255.80,109.80,268.30,1.0000,-1,-1,-1
11,10,1006.50,295.30,24.70,58.70,0.9960,-1,-1,-1
11,14,693.60,293.60,24.70,66.40,0.9410,-1,-1,-1
11,-1,655.80,296.70,24.00,67.80,0.1440,-1,-1,-1
12,0,1683.90,216.00,237.10,794.80,1.0000,-1,-1,-1
12,1,724.20,248.30,98.90,259.70,1.0000,-1,-1,-1
12,2,1160.80,288.30,65.80,157.20,1.0000,-1,-1,-1
12,3,933.50,287.30,53.20,138.00,1.0000,-1,-1,-1
12,5,1071.50,275.70,52.50,157.60,0.9990,-1,-1,-1
12,6,1226.60,283.20,37.70,122.80,1.0000,-1,-1,-1
12,7,861.50,276.70,55.80,155.70,1.0000,-1,-1,-1
12,8,545.10,287.90,43.90,113.50,0.9970,-1,-1,-1
12,9,57.50,247.10,121.30,284.60,1.0000,-1,-1,-1
12,10,1003.20,297.40,25.60,58.50,0.9980,-1,-1,-1
12,14,689.20,295.80,22.50,67.30,0.9120,-1,-1,-1
12,4,5.00,286.30,30.00,105.30,0.4930,-1,-1,-1
12,-1,656.50,299.00,23.30,64.90,0.4020,-1,-1,-1
12,-1,588.60,293.50,39.00,117.50,0.1990,-1,-1,-1
13,0,1684.30,221.90,236.70,793.70,1.0000,-1,-1,-1
13,1,719.10,248.20,100.70,265.30,1.0000,-1,-1,-1
13,2,1157.50,296.10,66.90,154.60,1.0000,-1,-1,-1
13,3,931.60,291.80,53.30,137.60,1.0000,-1,-1,-1
13,5,1071.50,279.60,51.80,158.70,0.9990,-1,-1,-1
13,6,1225.10,287.00,37.00,120.60,0.9990,-1,-1,-1
13,7,858.50,282.80,55.20,148.90,1.0000,-1,-1,-1
13,8,544.70,293.10,43.10,109.60,0.9810,-1,-1,-1
13,9,48.60,257.60,117.90,279.00,1.0000,-1,-1,-1
13,10,1002.20,301.30,26.10,57.80,0.9980,-1,-1,-1
13,14,683.70,302.20,21.70,65.30,0.8250,-1,-1,-1
13,-1,651.80,306.00,23.30,65.10,0.5170,-1,-1,-1
13,-1,596.30,298.00,32.90,102.20,0.2150,-1,-1,-1
14,0,1701.70,233.50,219.30,811.50,1.0000,-1,-1,-1
14,1,710.70,260.50,103.60,262.20,1.0000,-1,-1,-1
14,2,1156.60,301.00,67.50,159.00,1.0000,-1,-1,-1
14,3,928.60,299.30,55.00,138.40,1.0000,-1,-1,-1
14,5,1066.40,285.60,50.50,163.20,1.0000,-1,-1,-1
14,6,1224.80,294.50,37.30,119.00,0.9990,-1,-1,-1
14,7,856.20,288.00,54.90,149.50,1.0000,-1,-1,-1
14,8,544.00,301.80,43.10,111.20,0.9320,-1,-1,-1
14,9,29.90,261.70,114.40,285.50,1.0000,-1,-1,-1
14,10,1001.40,310.10,25.00,55.40,0.9990,-1,-1,-1
14,14,662.20,312.00,26.00,69.60,0.9680,-1,-1,-1
14,12,685.60,311.50,26.60,73.40,0.3630,-1,-1,-1
14,-1,586.70,305.80,31.60,105.00,0.3010,-1,-1,-1
14,-1,635.90,308.70,37.90,73.60,0.1820,-1,-1,-1
15,0,1708.20,234.30,212.80,836.50,1.0000,-1,-1,-1
15,1,708.30,268.50,100.80,254.30,1.0000,-1,-1,-1
15,2,1155.00,302.50,67.70,161.00,1.0000,-1,-1,-1
15,3,926.60,300.90,56.60,137.60,1.0000,-1,-1,-1
15,5,1067.90,288.80,50.20,163.40,0.9990,-1,-1,-1
15,6,1226.70,297.20,39.50,120.00,1.0000,-1,-1,-1
15,7,853.10,290.50,58.70,151.90,1.0000,-1,-1,-1
15,9,19.10,262.40,116.80,293.50,1.0000,-1,-1,-1
15,10,996.80,313.10,25.90,59.20,0.9980,-1,-1,-1
15,12,675.00,317.40,21.90,64.10,0.9440,-1,-1,-1
15,14,656.70,316.80,24.00,63.50,0.9320,-1,-1,-1
15,8,555.90,307.00,42.40,116.90,0.0850,-1,-1,-1
15,-1,580.10,305.40,40.50,111.50,0.2650,-1,-1,-1
15,-1,686.80,318.70,29.60,71.10,0.2510,-1,-1,-1
16,0,1717.00,237.60,204.00,808.40,0.9990,-1,-1,-1
16,1,701.50,263.60,106.40,267.80,1.0000,-1,-1,-1
16,2,1155.80,307.10,67.00,157.90,1.0000,-1,-1,-1
16,3,927.20,305.40,54.90,138.20,1.0000,-1,-1,-1
16,5,1068.90,291.00,51.30,163.10,1.0000,-1,-1,-1
16,6,1227.60,300.30,40.00,124.10,1.0000,-1,-1,-1
16,7,855.00,296.30,55.90,149.10,1.0000,-1,-1,-1
16,9,13.60,275.60,117.60,276.90,1.0000,-1,-1,-1
16,10,1001.40,314.80,27.30,62.60,0.9990,-1,-1,-1
16,12,672.70,315.30,22.40,66.70,0.9280,-1,-1,-1
16,14,657.50,316.30,24.00,65.40,0.9390,-1,-1,-1
17,0,1724.20,244.00,196.80,826.50,0.9990,-1,-1,-1
17,1,693.20,271.80,112.10,264.50,1.0000,-1,-1,-1
17,2,1154.90,306.00,68.40,162.50,1.0000,-1,-1,-1
17,3,927.70,305.30,58.20,141.50,1.0000,-1,-1,-1
17,5,1069.90,289.10,52.50,166.40,1.0000,-1,-1,-1
17,6,1229.80,304.80,40.10,122.40,1.0000,-1,-1,-1
17,7,853.00,292.30,58.40,157.80,1.0000,-1,-1,-1
17,9,9.30,275.80,117.50,283.00,1.0000,-1,-1,-1
17,10,999.90,318.40,27.50,59.50,0.9980,-1,-1,-1
17,12,680.50,317.50,25.30,66.70,0.7640,-1,-1,-1
17,14,656.50,318.10,23.10,62.30,0.8290,-1,-1,-1
17,-1,981.20,315.80,32.80,75.60,0.3920,-1,-1,-1
18,0,1723.90,262.70,197.10,804.30,0.9990,-1,-1,-1
18,1,691.10,275.80,107.20,272.70,1.0000,-1,-1,-1
18,2,1152.40,309.30,69.20,159.90,1.0000,-1,-1,-1
18,3,925.00,308.20,56.50,142.50,1.0000,-1,-1,-1
18,5,1068.40,294.00,53.20,165.90,1.0000,-1,-1,-1
18,6,1229.60,305.70,39.80,125.30,1.0000,-1,-1,-1
18,7,850.30,298.10,58.20,153.00,1.0000,-1,-1,-1
18,9,4.00,274.00,115.00,291.00,1.0000,-1,-1,-1
18,10,999.00,320.50,27.30,60.80,0.9990,-1,-1,-1
18,12,679.00,316.90,24.70,75.00,0.7050,-1,-1,-1
18,14,658.50,318.90,22.30,65.30,0.8820,-1,-1,-1
18,-1,976.70,316.40,29.20,68.90,0.3930,-1,-1,-1
18,-1,605.20,320.00,26.30,80.80,0.0820,-1,-1,-1
19,0,1728.20,247.00,192.80,805.20,0.9980,-1,-1,-1
19,1,679.90,272.30,114.10,285.10,1.0000,-1,-1,-1
19,2,1156.70,310.30,66.10,160.10,1.0000,-1,-1,-1
19,3,925.80,313.30,55.40,141.20,1.0000,-1,-1,-1
19,5,1070.20,296.70,53.80,165.10,1.0000,-1,-1,-1
19,6,1232.20,308.40,39.50,125.70,1.0000,-1,-1,-1
19,7,852.20,302.10,55.70,146.90,1.0000,-1,-1,-1
19,9,1.00,277.50,109.90,289.50,1.0000,-1,-1,-1
19,10,1004.90,320.60,26.40,59.90,1.0000,-1,-1,-1
19,14,661.90,318.10,22.20,70.30,0.7670,-1,-1,-1
20,0,1732.20,255.90,188.80,811.80,0.9980,-1,-1,-1
20,1,669.60,273.70,118.60,290.60,1.0000,-1,-1,-1
20,2,1154.60,312.30,67.40,160.70,1.0000,-1,-1,-1
20,3,923.50,315.00,57.10,142.10,1.0000,-1,-1,-1
20,5,1069.90,299.10,52.30,164.00,1.0000,-1,-1,-1
20,6,1231.80,308.90,40.20,125.70,1.0000,-1,-1,-1
20,7,848.40,301.80,58.80,151.60,1.0000,-1,-1,-1
20,9,1.00,277.40,104.10,293.40,1.0000,-1,-1,-1
20,10,1003.90,323.30,26.20,57.70,0.9990,-1,-1,-1
20,14,657.40,320.70,22.70,72.50,0.7380,-1,-1,-1
20,8,571.50,319.10,46.00,119.30,0.0720,-1,-1,-1
21,0,1737.30,250.20,183.70,806.50,0.9950,-1,-1,-1
21,1,663.60,279.20,119.70,284.20,1.0000,-1,-1,-1
21,2,1155.30,315.70,65.00,158.40,1.0000,-1,-1,-1
21,3,921.50,316.70,55.40,137.80,1.0000,-1,-1,-1
21,5,1067.70,300.30,52.90,162.60,1.0000,-1,-1,-1
21,6,1232.20,310.70,39.70,123.30,1.0000,-1,-1,-1
21,7,846.80,303.50,57.80,152.50,1.0000,-1,-1,-1
21,9,1.10,279.00,86.40,296.50,0.9990,-1,-1,-1
21,10,1001.80,324.10,26.70,57.60,0.9990,-1,-1,-1
21,14,654.10,321.50,22.40,70.30,0.5250,-1,-1,-1
21,-1,983.50,327.40,28.60,56.00,0.0720,-1,-1,-1
22,0,1741.90,252.60,179.10,823.00,0.9580,-1,-1,-1
22,1,657.30,279.70,118.30,285.40,1.0000,-1,-1,-1
22,2,1154.40,314.80,66.30,159.10,1.0000,-1,-1,-1
22,3,921.90,315.80,55.20,137.30,1.0000,-1,-1,-1
22,5,1069.60,299.10,51.70,162.50,1.0000,-1,-1,-1
22,6,1233.20,311.00,39.00,122.00,1.0000,-1,-1,-1
22,7,846.60,302.40,58.60,153.30,1.0000,-1,-1,-1
22,10,1001.00,322.80,27.40,57.80,0.9990,-1,-1,-1
22,8,563.00,324.80,47.90,124.50,0.0740,-1,-1,-1
22,9,15.40,286.50,68.60,279.50,0.4620,-1,-1,-1
22,14,649.60,320.70,23.10,68.30,0.5280,-1,-1,-1
23,0,1750.10,252.40,170.90,821.40,0.9680,-1,-1,-1
23,1,656.20,280.60,114.30,287.60,1.0000,-1,-1,-1
23,2,1155.60,315.50,64.30,156.90,1.0000,-1,-1,-1
23,3,918.40,314.90,54.80,137.10,1.0000,-1,-1,-1
23,5,1068.00,298.70,53.00,162.60,1.0000,-1,-1,-1
23,6,1234.30,311.10,38.70,120.60,1.0000,-1,-1,-1
23,7,845.70,301.90,58.30,153.30,1.0000,-1,-1,-1
23,9,13.70,292.50,62.20,236.20,0.9120,-1,-1,-1
23,10,1002.20,322.10,25.70,56.80,0.9990,-1,-1,-1
23,8,567.20,319.50,46.10,134.60,0.1340,-1,-1,-1
23,14,652.50,317.60,24.10,70.10,0.3020,-1,-1,-1
23,-1,615.00,320.70,22.50,67.10,0.2370,-1,-1,-1
24,0,1735.20,240.50,185.80,821.90,0.9970,-1,-1,-1
24,1,642.10,275.80,117.90,296.30,1.0000,-1,-1,-1
24,2,1156.20,318.50,63.00,156.70,1.0000,-1,-1,-1
24,3,916.30,314.60,53.90,136.40,1.0000,-1,-1,-1
24,5,1067.00,300.50,52.70,163.70,1.0000,-1,-1,-1
24,6,1236.30,311.10,37.60,122.20,1.0000,-1,-1,-1
24,7,844.00,301.70,58.00,158.30,1.0000,-1,-1,-1
24,8,564.10,315.10,45.90,139.90,0.9930,-1,-1,-1
24,9,14.10,307.90,53.10,155.90,1.0000,-1,-1,-1
24,10,999.50,324.30,26.20,59.00,0.9980,-1,-1,-1
25,0,1733.80,258.80,187.20,772.30,0.9810,-1,-1,-1
25,1,635.50,276.40,120.40,295.90,1.0000,-1,-1,-1
25,2,1155.60,320.50,62.80,156.10,1.0000,-1,-1,-1
25,3,913.00,313.90,55.30,138.90,1.0000,-1,-1,-1
25,5,1066.60,301.80,52.10,163.80,1.0000,-1,-1,-1
25,6,1236.90,315.20,38.90,121.40,1.0000,-1,-1,-1
25,7,842.20,302.40,58.40,156.70,1.0000,-1,-1,-1
25,8,561.90,315.10,46.90,142.20,0.9990,-1,-1,-1
25,9,7.50,308.10,54.00,157.20,1.0000,-1,-1,-1
25,10,996.50,324.40,26.50,60.30,1.0000,-1,-1,-1
26,0,1752.00,251.00,169.00,806.90,0.9530,-1,-1,-1
26,1,628.30,279.70,118.80,298.60,1.0000,-1,-1,-1
26,2,1154.10,320.80,65.70,157.20,1.0000,-1,-1,-1
26,3,909.60,313.70,57.60,141.60,1.0000,-1,-1,-1
26,5,1066.80,303.80,51.10,163.90,1.0000,-1,-1,-1
26,6,1236.20,316.60,41.30,125.30,1.0000,-1,-1,-1
26,7,842.20,304.50,58.30,155.10,1.0000,-1,-1,-1
26,8,562.80,316.90,45.60,138.60,1.0000,-1,-1,-1
26,9,3.60,308.10,51.00,156.40,1.0000,-1,-1,-1
26,10,997.20,326.10,26.50,61.30,0.9990,-1,-1,-1
27,0,1730.90,254.60,190.10,798.30,0.9760,-1,-1,-1
27,1,625.70,279.10,117.70,306.20,1.0000,-1,-1,-1
27,2,1155.20,325.60,62.60,155.00,1.0000,-1,-1,-1
27,3,911.00,319.60,56.50,140.90,1.0000,-1,-1,-1
27,5,1066.40,306.10,52.80,166.70,1.0000,-1,-1,-1
27,6,1237.60,321.50,41.00,123.40,1.0000,-1,-1,-1
27,7,840.10,308.30,59.30,155.90,1.0000,-1,-1,-1
27,8,560.70,320.10,45.00,143.50,1.0000,-1,-1,-1
27,9,3.20,313.70,48.80,153.50,1.0000,-1,-1,-1
27,10,994.80,330.20,27.00,60.60,1.0000,-1,-1,-1
27,-1,529.90,332.30,31.60,99.40,0.1700,-1,-1,-1
28,0,1714.00,250.10,207.00,830.90,0.9820,-1,-1,-1
28,1,620.30,282.40,115.40,300.40,1.0000,-1,-1,-1
28,2,1153.00,323.80,64.80,156.80,1.0000,-1,-1,-1
28,3,909.60,320.30,55.60,142.00,1.0000,-1,-1,-1
28,5,1065.50,309.50,53.60,166.70,1.0000,-1,-1,-1
28,6,1236.70,323.30,42.50,117.70,1.0000,-1,-1,-1
28,7,838.90,309.20,59.40,153.90,1.0000,-1,-1,-1
28,8,556.60,319.20,46.60,141.80,1.0000,-1,-1,-1
28,9,1.00,314.80,45.70,153.40,0.9980,-1,-1,-1
28,10,991.60,333.20,27.60,60.70,0.9990,-1,-1,-1
29,0,1729.20,260.30,191.80,805.80,0.9810,-1,-1,-1
29,1,614.90,279.30,119.50,309.50,1.0000,-1,-1,-1
29,2,1151.30,332.60,63.80,153.40,1.0000,-1,-1,-1
29,3,906.10,327.40,56.80,142.50,1.0000,-1,-1,-1
29,5,1063.20,318.10,53.20,161.60,1.0000,-1,-1,-1
29,6,1238.50,327.70,42.40,124.60,1.0000,-1,-1,-1
29,7,837.80,318.40,57.40,149.10,1.0000,-1,-1,-1
29,8,554.00,320.90,47.70,144.60,0.9990,-1,-1,-1
29,9,1.00,314.20,42.10,160.60,0.9990,-1,-1,-1
29,10,992.10,339.00,27.30,61.90,1.0000,-1,-1,-1
29,-1,727.40,335.40,26.90,65.90,0.9850,-1,-1,-1
29,-1,514.20,325.60,46.40,118.80,0.9510,-1,-1,-1
30,0,1721.40,277.10,199.60,765.70,0.9810,-1,-1,-1
30,1,606.60,278.30,125.70,321.40,1.0000,-1,-1,-1
30,2,1150.00,332.90,64.20,155.60,1.0000,-1,-1,-1
30,3,906.00,330.60,54.80,139.10,1.0000,-1,-1,-1
30,5,1063.10,319.10,52.40,161.90,1.0000,-1,-1,-1
30,6,1238.00,329.90,43.40,120.90,0.9990,-1,-1,-1
30,7,834.60,318.00,56.50,154.50,1.0000,-1,-1,-1
30,8,552.70,323.90,46.70,138.80,0.9970,-1,-1,-1
30,9,1.00,318.80,40.60,158.70,1.0000,-1,-1,-1
30,10,991.70,340.20,26.70,61.30,1.0000,-1,-1,-1
30,15,730.00,336.40,23.90,62.30,0.9870,-1,-1,-1
30,16,511.00,324.40,47.10,126.40,0.9980,-1,-1,-1
31,0,1716.90,273.90,204.10,799.00,0.9930,-1,-1,-1
31,1,598.00,283.80,125.70,316.60,1.0000,-1,-1,-1
31,2,1147.40,334.50,63.30,157.60,1.0000,-1,-1,-1
31,3,904.80,331.20,52.00,139.50,1.0000,-1,-1,-1
31,5,1060.10,321.90,52.20,164.70,1.0000,-1,-1,-1
31,6,1236.90,332.40,42.50,121.80,0.9990,-1,-1,-1
31,7,832.20,319.60,57.90,154.20,0.9990,-1,-1,-1
31,8,549.50,326.80,44.00,137.60,0.9930,-1,-1,-1
31,9,1.00,315.60,35.40,173.00,0.9700,-1,-1,-1
31,10,988.70,342.50,27.00,62.90,1.0000,-1,-1,-1
31,15,727.00,339.90,22.70,63.50,0.9800,-1,-1,-1
31,16,505.40,327.80,46.40,125.80,0.9980,-1,-1,-1
32,0,1729.50,288.90,191.50,766.00,0.9890,-1,-1,-1
32,1,591.40,274.90,130.90,336.10,1.0000,-1,-1,-1
32,2,1146.40,335.10,62.80,159.40,1.0000,-1,-1,-1
32,3,902.70,332.80,52.00,137.80,1.0000,-1,-1,-1
32,5,1058.30,322.70,53.90,167.30,1.0000,-1,-1,-1
32,6,1238.90,333.90,39.80,125.20,1.0000,-1,-1,-1
32,7,831.50,319.50,58.00,160.80,0.9990,-1,-1,-1
32,8,543.80,328.60,48.80,147.40,0.8920,-1,-1,-1
32,10,987.90,342.00,27.70,64.70,1.0000,-1,-1,-1
32,15,721.10,337.50,23.40,65.20,0.9810,-1,-1,-1
32,16,499.40,327.70,48.30,131.80,0.9960,-1,-1,-1
32,9,2.20,309.50,31.10,178.50,0.3540,-1,-1,-1
32,-1,706.40,335.50,24.50,72.20,0.4780,-1,-1,-1
33,0,1721.00,292.80,200.00,763.40,0.9910,-1,-1,-1
33,1,580.80,275.80,131.30,334.80,1.0000,-1,-1,-1
33,2,1144.60,337.80,63.20,157.30,1.0000,-1,-1,-1
33,3,903.50,334.90,50.00,134.60,1.0000,-1,-1,-1
33,5,1057.30,323.70,53.50,166.70,1.0000,-1,-1,-1
33,6,1239.70,335.40,39.20,126.30,0.9990,-1,-1,-1
33,7,831.20,319.50,56.90,158.80,0.9990,-1,-1,-1
33,10,987.30,342.70,27.80,63.30,1.0000,-1,-1,-1
33,15,721.50,335.70,22.70,67.90,0.9920,-1,-1,-1
33,16,497.60,327.60,46.50,128.80,0.9980,-1,-1,-1
33,8,547.60,332.00,33.70,135.30,0.1680,-1,-1,-1
33,-1,946.30,348.20,29.30,63.70,0.1500,-1,-1,-1
34,0,1727.70,305.60,193.30,763.30,0.9640,-1,-1,-1
34,1,563.00,276.30,134.10,347.70,1.0000,-1,-1,-1
34,2,1142.30,341.20,63.40,153.60,1.0000,-1,-1,-1
34,3,901.40,332.00,52.50,139.90,1.0000,-1,-1,-1
34,5,1056.00,325.20,50.80,165.10,1.0000,-1,-1,-1
34,6,1239.50,335.50,41.40,126.40,1.0000,-1,-1,-1
34,7,830.60,320.50,58.60,155.90,1.0000,-1,-1,-1
34,8,533.60,325.90,42.00,142.80,0.8440,-1,-1,-1
34,10,986.70,343.60,26.90,62.20,1.0000,-1,-1,-1
34,15,717.70,337.70,22.90,65.80,0.9980,-1,-1,-1
34,16,487.90,324.90,46.10,131.00,0.9940,-1,-1,-1
34,-1,946.30,346.90,29.30,66.20,0.2140,-1,-1,-1
35,0,1745.70,274.20,175.30,806.80,0.8960,-1,-1,-1
35,1,558.10,280.80,134.10,338.40,1.0000,-1,-1,-1
35,2,1142.30,340.10,63.10,154.50,1.0000,-1,-1,-1
35,3,900.30,329.70,54.00,141.10,1.0000,-1,-1,-1
35,5,1055.10,322.20,51.40,167.90,1.0000,-1,-1,-1
35,6,1238.90,333.20,42.80,128.00,1.0000,-1,-1,-1
35,7,830.80,318.40,57.90,156.30,1.0000,-1,-1,-1
35,10,986.60,341.90,26.80,62.10,1.0000,-1,-1,-1
35,15,716.60,335.00,22.60,65.00,0.9970,-1,-1,-1
35,16,486.80,322.40,46.60,136.80,0.8480,-1,-1,-1
35,8,527.70,325.30,39.60,142.60,0.2950,-1,-1,-1
35,-1,947.10,345.10,29.00,64.70,0.2100,-1,-1,-1
36,1,547.30,283.70,135.00,335.10,1.0000,-1,-1,-1
36,2,1141.80,337.90,63.30,155.80,1.0000,-1,-1,-1
36,3,897.80,326.80,57.00,144.70,1.0000,-1,-1,-1
36,5,1054.70,320.90,51.40,169.40,1.0000,-1,-1,-1
36,6,1238.40,332.60,43.80,128.00,1.0000,-1,-1,-1
36,7,830.50,315.80,58.90,159.50,1.0000,-1,-1,-1
36,10,985.20,341.10,28.20,62.40,1.0000,-1,-1,-1
36,15,713.40,336.60,23.60,65.30,0.9960,-1,-1,-1
36,16,483.50,324.00,42.70,125.10,0.8560,-1,-1,-1
36,0,1752.60,291.40,168.40,789.60,0.5640,-1,-1,-1
36,8,523.30,327.20,36.40,129.90,0.0640,-1,-1,-1
36,12,664.90,335.50,25.90,79.50,0.5460,-1,-1,-1
36,-1,945.60,344.10,29.30,64.00,0.3580,-1,-1,-1
36,-1,965.90,341.60,30.40,63.30,0.1040,-1,-1,-1
36,-1,681.00,335.50,25.40,69.30,0.8840,-1,-1,-1
37,1,540.70,283.20,135.40,333.10,1.0000,-1,-1,-1
37,2,1139.80,338.00,62.60,156.00,1.0000,-1,-1,-1
37,3,896.20,329.10,55.20,142.70,1.0000,-1,-1,-1
37,5,1053.90,323.30,50.70,167.60,1.0000,-1,-1,-1
37,6,1238.40,332.80,43.50,128.40,1.0000,-1,-1,-1
37,7,829.80,318.60,58.40,155.30,1.0000,-1,-1,-1
37,10,984.30,342.10,28.00,61.70,1.0000,-1,-1,-1
37,12,666.80,335.70,26.10,75.80,0.9120,-1,-1,-1
37,15,710.20,337.50,22.70,64.30,0.9830,-1,-1,-1
37,0,1741.70,279.70,179.30,801.30,0.3350,-1,-1,-1
37,-1,950.90,346.60,27.50,56.90,0.2340,-1,-1,-1
38,1,536.00,283.10,138.30,335.80,1.0000,-1,-1,-1
38,2,1138.60,335.60,63.30,155.80,1.0000,-1,-1,-1
38,3,895.40,326.50,56.90,143.20,1.0000,-1,-1,-1
38,5,1054.30,321.60,50.00,168.40,1.0000,-1,-1,-1
38,6,1239.10,334.00,44.80,125.50,1.0000,-1,-1,-1
38,7,830.30,318.00,58.00,154.90,1.0000,-1,-1,-1
38,10,983.60,341.60,28.30,61.60,1.0000,-1,-1,-1
38,12,671.40,335.10,25.80,74.00,0.9180,-1,-1,-1
38,15,711.90,338.30,22.20,64.60,0.9910,-1,-1,-1
38,-1,950.60,347.50,28.30,58.90,0.1430,-1,-1,-1
39,1,532.30,282.20,134.50,342.50,1.0000,-1,-1,-1
39,2,1138.20,335.80,63.90,154.10,1.0000,-1,-1,-1
39,3,897.20,324.30,57.90,146.50,1.0000,-1,-1,-1
39,5,1056.60,320.80,50.70,167.90,1.0000,-1,-1,-1
39,6,1246.00,334.80,41.80,124.50,1.0000,-1,-1,-1
39,7,830.20,318.50,59.10,156.30,1.0000,-1,-1,-1
39,10,985.90,341.70,28.00,64.20,1.0000,-1,-1,-1
39,12,670.00,334.70,24.90,75.90,0.9540,-1,-1,-1
39,15,709.30,338.90,24.50,66.20,0.9880,-1,-1,-1
39,-1,685.70,335.70,32.60,72.00,0.5900,-1,-1,-1
40,1,533.80,275.40,132.80,362.20,1.0000,-1,-1,-1
40,2,1137.10,334.20,64.30,153.90,1.0000,-1,-1,-1
40,3,897.60,325.00,57.10,145.60,1.0000,-1,-1,-1
40,5,1058.10,320.60,52.40,168.90,1.0000,-1,-1,-1
40,6,1251.00,333.80,41.50,125.60,1.0000,-1,-1,-1
40,7,828.60,321.60,58.50,150.30,1.0000,-1,-1,-1
40,10,986.00,341.00,27.70,63.60,1.0000,-1,-1,-1
40,12,669.10,334.70,25.10,74.50,0.9820,-1,-1,-1
40,15,710.70,339.70,24.90,66.30,0.9940,-1,-1,-1
41,1,521.20,271.00,140.80,370.70,1.0000,-1,-1,-1
41,2,1137.60,329.50,61.80,154.10,1.0000,-1,-1,-1
41,3,898.30,327.40,59.10,145.40,1.0000,-1,-1,-1
41,5,1063.20,318.20,51.80,167.00,1.0000,-1,-1,-1
41,6,1257.90,336.80,42.10,121.30,1.0000,-1,-1,-1
41,7,828.90,316.90,59.80,155.50,1.0000,-1,-1,-1
41,10,993.10,339.20,26.90,61.30,0.9990,-1,-1,-1
41,12,680.20,333.60,26.60,74.10,0.9690,-1,-1,-1
41,15,698.00,333.30,26.20,72.90,0.7380,-1,-1,-1
41,14,646.80,336.70,28.70,82.50,0.2620,-1,-1,-1
41,16,457.50,328.80,46.20,101.10,0.3140,-1,-1,-1
41,-1,728.90,337.80,20.70,67.80,0.2370,-1,-1,-1
41,-1,942.00,334.90,39.20,79.10,0.1920,-1,-1,-1
42,1,521.60,271.70,139.60,374.50,1.0000,-1,-1,-1
42,2,1140.50,332.00,63.70,158.60,1.0000,-1,-1,-1
42,3,900.80,332.30,52.70,137.90,1.0000,-1,-1,-1
42,5,1064.00,318.90,52.00,171.80,1.0000,-1,-1,-1
42,6,1260.90,335.20,39.30,121.90,1.0000,-1,-1,-1
42,7,828.30,323.40,56.70,158.60,0.9990,-1,-1,-1
42,10,990.70,343.10,27.20,63.40,1.0000,-1,-1,-1
42,12,666.90,336.50,25.10,72.40,0.9920,-1,-1,-1
42,15,712.20,339.20,22.90,66.40,0.9910,-1,-1,-1
42,16,453.10,328.50,33.30,104.90,0.1670,-1,-1,-1
42,-1,691.10,336.40,30.90,71.90,0.1320,-1,-1,-1
42,-1,313.30,286.20,134.30,322.90,0.0850,-1,-1,-1
42,-1,941.60,342.20,30.30,71.70,0.0510,-1,-1,-1
43,1,520.30,268.80,140.60,377.60,1.0000,-1,-1,-1
43,2,1146.70,333.90,64.20,157.30,1.0000,-1,-1,-1
43,3,908.30,332.10,50.50,139.30,1.0000,-1,-1,-1
43,5,1070.60,320.70,52.90,171.20,1.0000,-1,-1,-1
43,6,1269.40,334.30,38.30,125.40,1.0000,-1,-1,-1
43,7,829.80,321.70,57.00,153.20,1.0000,-1,-1,-1
43,10,997.50,341.80,28.30,63.20,1.0000,-1,-1,-1
43,12,670.80,333.50,27.00,76.60,0.9960,-1,-1,-1
43,15,716.70,339.70,25.70,67.20,0.9980,-1,-1,-1
43,-1,691.90,335.80,33.20,73.10,0.2380,-1,-1,-1
43,-1,316.30,291.10,136.00,303.90,0.1480,-1,-1,-1
43,-1,963.30,341.90,37.00,58.00,0.0610,-1,-1,-1
44,1,514.60,267.40,140.60,381.50,1.0000,-1,-1,-1
44,2,1156.30,331.10,65.10,154.40,1.0000,-1,-1,-1
44,3,912.40,329.30,54.40,139.30,1.0000,-1,-1,-1
44,5,1082.60,317.60,51.80,171.80,1.0000,-1,-1,-1
44,6,1280.80,333.40,39.20,120.30,0.9990,-1,-1,-1
44,7,834.00,319.10,56.20,149.80,1.0000,-1,-1,-1
44,10,1008.50,340.40,28.80,59.20,1.0000,-1,-1,-1
44,12,675.60,332.50,27.30,75.30,0.9810,-1,-1,-1
44,15,709.70,335.20,24.70,68.20,0.9310,-1,-1,-1
44,14,662.90,336.00,25.20,73.90,0.3480,-1,-1,-1
44,-1,723.30,335.80,24.40,67.00,0.9970,-1,-1,-1
45,1,510.60,268.00,151.80,379.50,1.0000,-1,-1,-1
45,2,1162.20,329.20,62.40,155.40,1.0000,-1,-1,-1
45,3,914.00,323.10,57.60,145.70,1.0000,-1,-1,-1
45,5,1085.80,309.70,52.50,176.90,1.0000,-1,-1,-1
45,6,1285.40,330.20,39.60,121.30,1.0000,-1,-1,-1
45,7,834.20,314.00,58.30,155.20,1.0000,-1,-1,-1
45,10,1010.30,336.60,30.50,61.20,1.0000,-1,-1,-1
45,12,672.40,328.50,29.90,79.50,0.9680,-1,-1,-1
45,14,657.60,330.60,25.80,80.10,0.8520,-1,-1,-1
45,15,698.20,329.70,27.50,73.50,0.8980,-1,-1,-1
45,17,723.20,331.60,25.90,67.70,0.9910,-1,-1,-1
45,-1,335.30,283.30,148.60,319.90,0.4090,-1,-1,-1
46,1,504.70,263.00,154.00,393.50,1.0000,-1,-1,-1
46,2,1168.40,328.30,62.20,154.00,1.0000,-1,-1,-1
46,3,918.00,321.90,57.60,142.60,1.0000,-1,-1,-1
46,5,1093.40,307.20,54.40,175.50,1.0000,-1,-1,-1
46,6,1293.80,327.80,37.50,118.00,0.9990,-1,-1,-1
46,7,836.40,309.90,59.70,158.80,1.0000,-1,-1,-1
46,10,1018.00,332.60,28.30,60.10,1.0000,-1,-1,-1
46,12,669.80,327.60,25.30,70.20,0.9410,-1,-1,-1
46,14,654.60,332.10,24.10,72.20,0.7990,-1,-1,-1
46,15,704.10,328.80,25.40,71.60,0.9440,-1,-1,-1
46,17,727.40,331.00,25.70,68.50,0.9650,-1,-1,-1
46,-1,343.90,278.30,147.90,320.60,0.1110,-1,-1,-1
46,-1,684.10,328.50,27.30,73.10,0.9630,-1,-1,-1
47,1,498.10,260.80,153.30,399.10,1.0000,-1,-1,-1
47,2,1170.80,323.50,62.70,156.10,1.0000,-1,-1,-1
47,3,921.20,318.30,58.30,144.20,1.0000,-1,-1,-1
47,5,1095.60,305.30,55.10,176.20,1.0000,-1,-1,-1
47,6,1301.50,325.00,39.30,122.40,1.0000,-1,-1,-1
47,7,842.10,307.40,57.80,152.60,1.0000,-1,-1,-1
47,10,1021.50,327.40,27.80,63.10,1.0000,-1,-1,-1
47,12,665.50,328.30,24.70,70.20,0.9540,-1,-1,-1
47,15,705.10,326.20,27.50,74.00,0.9650,-1,-1,-1
47,17,731.20,325.30,27.10,71.90,0.9860,-1,-1,-1
47,18,681.80,326.90,26.90,72.10,0.9660,-1,-1,-1
47,-1,346.50,272.80,148.60,320.20,0.9450,-1,-1,-1
48,1,487.70,265.90,159.20,395.00,0.9990,-1,-1,-1
48,2,1173.20,322.40,60.40,154.60,1.0000,-1,-1,-1
48,3,925.00,313.90,56.40,148.30,1.0000,-1,-1,-1
48,5,1098.40,304.30,54.90,175.40,1.0000,-1,-1,-1
48,6,1304.30,319.90,41.40,125.50,1.0000,-1,-1,-1
48,7,843.70,303.80,57.80,157.60,1.0000,-1,-1,-1
48,10,1023.80,326.20,27.80,62.20,1.0000,-1,-1,-1
48,12,664.90,326.20,23.70,70.20,0.9470,-1,-1,-1
48,15,703.40,324.00,26.60,72.80,0.9830,-1,-1,-1
48,17,737.20,326.60,26.60,65.50,0.9850,-1,-1,-1
48,19,357.50,268.50,135.20,332.60,0.7540,-1,-1,-1
49,1,464.70,258.30,168.60,406.40,1.0000,-1,-1,-1
49,2,1181.10,312.10,59.50,154.30,1.0000,-1,-1,-1
49,3,931.30,310.00,56.00,145.10,1.0000,-1,-1,-1
49,5,1104.30,297.60,58.50,175.60,0.9990,-1,-1,-1
49,6,1313.90,316.60,40.90,120.40,1.0000,-1,-1,-1
49,7,851.10,296.60,57.90,158.70,1.0000,-1,-1,-1
49,10,1028.90,319.10,28.30,63.90,1.0000,-1,-1,-1
49,12,670.70,319.60,25.90,68.20,0.9570,-1,-1,-1
49,15,707.90,319.40,30.00,70.60,0.9650,-1,-1,-1
49,17,739.30,317.40,29.00,71.10,0.9990,-1,-1,-1
49,18,694.00,320.20,27.30,68.30,0.9700,-1,-1,-1
50,1,465.00,253.10,163.40,415.70,1.0000,-1,-1,-1
50,2,1183.40,311.30,60.00,151.70,1.0000,-1,-1,-1
50,3,932.00,310.40,57.00,143.90,1.0000,-1,-1,-1
50,5,1107.90,298.30,57.80,172.90,1.0000,-1,-1,-1
50,6,1316.70,312.40,42.30,121.80,1.0000,-1,-1,-1
50,7,853.70,293.80,57.10,158.10,1.0000,-1,-1,-1
50,10,1032.20,317.80,27.60,65.10,1.0000,-1,-1,-1
50,12,681.10,318.40,28.10,69.90,0.9550,-1,-1,-1
50,15,703.90,318.30,30.20,72.80,0.9570,-1,-1,-1
50,17,742.00,317.20,31.10,72.70,0.9990,-1,-1,-1
50,18,719.90,318.30,32.00,74.90,0.5550,-1,-1,-1
51,1,463.60,255.10,156.40,409.80,1.0000,-1,-1,-1
51,2,1185.90,312.20,59.60,150.10,1.0000,-1,-1,-1
51,3,933.10,309.90,57.00,144.00,1.0000,-1,-1,-1
51,5,1109.80,297.70,59.90,174.00,1.0000,-1,-1,-1
51,6,1321.60,313.90,43.20,123.00,1.0000,-1,-1,-1
51,7,854.70,293.90,58.10,159.60,1.0000,-1,-1,-1
51,10,1034.80,316.20,29.90,66.60,1.0000,-1,-1,-1
51,12,679.00,318.20,27.70,70.40,0.9620,-1,-1,-1
51,15,708.20,317.90,29.80,71.30,0.9510,-1,-1,-1
51,17,741.50,315.70,32.10,74.40,1.0000,-1,-1,-1
51,18,723.70,317.40,32.00,75.50,0.4690,-1,-1,-1
51,-1,602.00,320.00,31.50,88.30,0.0560,-1,-1,-1
52,1,458.40,254.30,163.50,414.20,1.0000,-1,-1,-1
52,2,1189.00,307.10,61.70,155.30,1.0000,-1,-1,-1
52,3,933.80,306.50,58.30,147.00,1.0000,-1,-1,-1
52,5,1113.40,294.70,58.20,175.80,1.0000,-1,-1,-1
52,6,1327.40,311.90,44.70,125.10,1.0000,-1,-1,-1
52,7,855.80,293.30,59.40,159.50,1.0000,-1,-1,-1
52,10,1038.40,316.80,30.70,62.90,1.0000,-1,-1,-1
52,12,689.70,319.20,27.00,69.30,0.9570,-1,-1,-1
52,14,672.90,319.40,26.80,68.50,0.9300,-1,-1,-1
52,15,708.40,318.20,29.90,71.50,0.9540,-1,-1,-1
52,17,742.00,313.70,31.90,75.50,1.0000,-1,-1,-1
52,-1,602.80,320.70,30.10,90.30,0.0830,-1,-1,-1
53,1,461.00,250.80,156.30,415.20,1.0000,-1,-1,-1
53,2,1193.50,308.10,58.50,152.30,1.0000,-1,-1,-1
53,3,936.40,307.00,57.30,146.50,1.0000,-1,-1,-1
53,5,1118.40,295.60,56.10,174.00,1.0000,-1,-1,-1
53,6,1333.50,311.10,46.30,124.70,1.0000,-1,-1,-1
53,7,858.90,294.80,59.60,159.60,1.0000,-1,-1,-1
53,10,1042.10,319.30,29.40,62.00,1.0000,-1,-1,-1
53,12,697.70,318.50,30.30,72.10,0.9710,-1,-1,-1
53,14,671.70,318.80,27.00,70.40,0.8660,-1,-1,-1
53,17,742.50,314.00,32.20,76.50,0.9990,-1,-1,-1
53,15,718.80,317.00,33.10,75.80,0.2890,-1,-1,-1
54,1,433.40,249.40,173.50,421.60,1.0000,-1,-1,-1
54,2,1192.00,309.10,62.30,154.30,1.0000,-1,-1,-1
54,3,938.10,306.90,56.40,147.50,1.0000,-1,-1,-1
54,5,1121.40,296.30,56.80,176.30,1.0000,-1,-1,-1
54,6,1338.60,309.50,47.00,126.30,0.9990,-1,-1,-1
54,7,858.80,297.60,59.20,158.50,1.0000,-1,-1,-1
54,10,1045.50,318.50,30.70,65.70,1.0000,-1,-1,-1
54,12,696.70,321.70,29.50,70.60,0.9920,-1,-1,-1
54,14,662.20,320.00,24.40,67.50,0.6600,-1,-1,-1
54,17,744.50,316.20,32.00,74.90,1.0000,-1,-1,-1
54,-1,590.00,314.90,37.40,119.10,0.1510,-1,-1,-1
55,1,405.20,242.10,191.60,437.80,1.0000,-1,-1,-1
55,2,1192.30,309.00,61.90,156.40,1.0000,-1,-1,-1
55,3,938.60,308.50,56.00,147.10,1.0000,-1,-1,-1
55,5,1124.30,295.30,57.20,178.80,1.0000,-1,-1,-1
55,6,1342.60,309.60,45.50,126.30,0.9990,-1,-1,-1
55,7,859.40,300.70,58.00,159.40,1.0000,-1,-1,-1
55,10,1047.60,321.00,29.90,65.10,1.0000,-1,-1,-1
55,12,698.60,325.10,26.80,66.50,0.9980,-1,-1,-1
55,17,744.60,319.70,29.50,69.80,1.0000,-1,-1,-1
55,14,666.50,325.70,23.30,62.90,0.5790,-1,-1,-1
55,-1,575.50,319.40,45.60,139.70,0.0670,-1,-1,-1
56,1,380.20,239.90,198.00,455.00,1.0000,-1,-1,-1
56,2,1192.80,310.50,61.50,157.30,1.0000,-1,-1,-1
56,3,935.90,308.80,59.00,149.30,1.0000,-1,-1,-1
56,5,1133.50,301.20,56.20,175.90,0.9990,-1,-1,-1
56,6,1347.60,311.20,44.80,127.70,0.9990,-1,-1,-1
56,7,859.60,299.60,57.70,159.70,1.0000,-1,-1,-1
56,10,1048.40,323.50,30.10,64.40,1.0000,-1,-1,-1
56,12,696.30,323.80,28.10,69.70,0.9920,-1,-1,-1
56,17,744.40,319.60,30.00,71.00,0.9960,-1,-1,-1
56,-1,568.90,311.90,39.90,140.10,0.4290,-1,-1,-1
56,-1,608.00,316.50,35.00,107.30,0.2690,-1,-1,-1
56,-1,646.40,320.90,24.00,72.10,0.1510,-1,-1,-1
57,1,387.10,249.40,187.50,442.80,1.0000,-1,-1,-1
57,2,1194.30,313.10,63.70,154.10,1.0000,-1,-1,-1
57,3,937.80,310.20,56.50,146.50,1.0000,-1,-1,-1
57,5,1130.00,297.20,57.20,180.20,1.0000,-1,-1,-1
57,6,1350.50,309.20,44.30,131.20,0.9980,-1,-1,-1
57,7,861.30,302.60,58.30,154.70,1.0000,-1,-1,-1
57,10,1051.70,321.10,29.60,67.20,1.0000,-1,-1,-1
57,12,702.90,323.30,26.60,70.80,0.9930,-1,-1,-1
57,17,747.40,320.80,29.60,70.10,1.0000,-1,-1,-1
57,-1,609.00,318.20,40.00,113.00,0.3090,-1,-1,-1
57,-1,580.20,315.80,39.10,144.50,0.0630,-1,-1,-1
58,1,359.30,238.90,196.20,473.40,1.0000,-1,-1,-1
58,2,1192.80,315.20,62.30,152.40,1.0000,-1,-1,-1
58,3,938.00,310.70,55.10,146.10,1.0000,-1,-1,-1
58,5,1129.80,298.80,58.00,179.00,1.0000,-1,-1,-1
58,6,1354.60,314.50,40.30,126.60,0.9940,-1,-1,-1
58,7,859.80,302.90,58.90,156.30,1.0000,-1,-1,-1
58,10,1051.50,321.00,29.90,67.00,1.0000,-1,-1,-1
58,12,703.30,321.80,26.50,72.60,0.9970,-1,-1,-1
58,17,746.30,319.20,30.40,71.60,1.0000,-1,-1,-1
58,-1,578.90,320.90,38.80,138.90,0.1300,-1,-1,-1
58,-1,604.30,323.60,45.80,121.00,0.0580,-1,-1,-1
59,1,341.70,239.40,197.40,471.50,1.0000,-1,-1,-1
59,2,1192.60,320.10,62.20,153.40,1.0000,-1,-1,-1
59,3,938.70,312.60,55.20,145.90,1.0000,-1,-1,-1
59,5,1132.70,303.60,57.50,179.10,1.0000,-1,-1,-1
59,7,860.90,303.80,59.20,160.00,1.0000,-1,-1,-1
59,10,1052.40,322.90,30.50,66.40,1.0000,-1,-1,-1
59,12,702.20,318.00,28.30,76.80,0.9980,-1,-1,-1
59,17,745.10,318.40,31.70,73.50,1.0000,-1,-1,-1
59,6,1358.30,323.00,39.60,121.10,0.4060,-1,-1,-1
59,-1,609.30,325.70,36.60,108.00,0.0970,-1,-1,-1
59,-1,578.50,323.30,40.50,143.00,0.0910,-1,-1,-1
60,1,323.10,235.20,203.90,485.20,1.0000,-1,-1,-1
60,2,1191.40,320.30,62.40,153.30,1.0000,-1,-1,-1
60,3,937.20,311.40,56.40,146.10,1.0000,-1,-1,-1
60,5,1132.00,307.40,57.00,173.70,1.0000,-1,-1,-1
60,7,861.00,302.90,59.60,156.60,1.0000,-1,-1,-1
60,10,1052.20,323.00,30.10,65.80,1.0000,-1,-1,-1
60,12,701.60,317.50,29.10,76.80,0.9980,-1,-1,-1
60,17,743.90,317.70,31.90,74.70,1.0000,-1,-1,-1
60,15,720.90,316.40,22.90,79.20,0.0530,-1,-1,-1
60,-1,579.10,318.20,37.90,149.10,0.5360,-1,-1,-1
60,-1,608.60,322.00,36.10,110.50,0.5210,-1,-1,-1
61,1,306.10,237.30,203.30,493.40,1.0000,-1,-1,-1
61,2,1192.30,322.50,60.10,149.10,1.0000,-1,-1,-1
61,3,937.50,312.60,55.30,144.60,1.0000,-1,-1,-1
61,5,1131.40,308.50,57.90,173.40,1.0000,-1,-1,-1
61,7,861.00,303.50,59.60,156.60,1.0000,-1,-1,-1
61,10,1051.00,324.70,30.30,65.50,1.0000,-1,-1,-1
61,12,701.30,316.80,30.30,77.90,0.9970,-1,-1,-1
61,17,742.70,319.90,31.70,71.90,1.0000,-1,-1,-1
61,-1,628.30,323.20,27.70,79.90,0.0940,-1,-1,-1
61,-1,574.00,320.00,37.30,145.80,0.9180,-1,-1,-1
61,-1,609.20,319.70,32.90,118.70,0.8500,-1,-1,-1
62,1,285.20,229.80,213.80,496.80,1.0000,-1,-1,-1
62,2,1191.60,320.80,59.80,148.20,1.0000,-1,-1,-1
62,3,936.60,309.80,54.90,147.80,1.0000,-1,-1,-1
62,5,1131.20,304.40,59.30,177.00,1.0000,-1,-1,-1
62,7,861.30,300.90,60.30,157.20,1.0000,-1,-1,-1
62,10,1051.00,322.90,29.60,66.20,1.0000,-1,-1,-1
62,12,701.80,313.50,31.70,79.80,0.9970,-1,-1,-1
62,17,743.60,317.00,32.10,74.20,1.0000,-1,-1,-1
62,20,569.40,315.30,43.50,145.60,0.9980,-1,-1,-1
62,21,611.90,315.60,34.10,113.50,0.8780,-1,-1,-1
63,1,264.50,231.40,223.80,496.70,1.0000,-1,-1,-1
63,2,1190.70,317.10,59.30,149.80,1.0000,-1,-1,-1
63,3,936.50,309.90,54.90,146.80,1.0000,-1,-1,-1
63,5,1130.30,300.50,60.10,180.20,1.0000,-1,-1,-1
63,7,861.00,298.30,61.00,160.90,1.0000,-1,-1,-1
63,10,1050.40,321.40,30.20,67.40,1.0000,-1,-1,-1
63,12,701.60,312.00,33.10,81.80,0.9990,-1,-1,-1
63,17,741.60,315.80,32.70,76.60,1.0000,-1,-1,-1
63,20,568.80,312.70,44.50,145.60,0.9990,-1,-1,-1
63,21,611.40,310.90,36.90,115.80,0.9670,-1,-1,-1
64,1,227.50,229.50,241.60,517.50,1.0000,-1,-1,-1
64,2,1186.50,312.80,62.30,155.70,1.0000,-1,-1,-1
64,3,935.80,310.60,54.40,144.80,1.0000,-1,-1,-1
64,5,1129.90,297.50,61.40,182.90,1.0000,-1,-1,-1
64,7,859.60,296.90,61.30,164.10,1.0000,-1,-1,-1
64,10,1050.70,319.70,30.10,67.50,1.0000,-1,-1,-1
64,12,701.20,313.20,31.80,79.60,0.9980,-1,-1,-1
64,17,740.60,315.20,32.10,76.50,1.0000,-1,-1,-1
64,20,566.60,311.70,45.30,148.20,1.0000,-1,-1,-1
64,21,610.30,310.90,37.70,112.60,0.9800,-1,-1,-1
65,1,217.50,221.80,241.60,532.90,1.0000,-1,-1,-1
65,2,1185.90,311.90,62.60,155.10,1.0000,-1,-1,-1
65,3,936.50,309.60,55.60,145.60,1.0000,-1,-1,-1
65,5,1129.50,296.20,63.00,183.10,1.0000,-1,-1,-1
65,7,859.80,296.10,61.50,164.00,1.0000,-1,-1,-1
65,10,1050.10,318.80,30.70,69.20,1.0000,-1,-1,-1
65,12,700.80,311.70,33.70,80.50,0.9990,-1,-1,-1
65,17,739.90,314.40,32.80,76.50,1.0000,-1,-1,-1
65,20,565.40,310.40,46.00,147.30,1.0000,-1,-1,-1
65,21,609.70,308.10,41.60,111.30,0.9970,-1,-1,-1
66,1,199.00,222.30,236.50,520.90,1.0000,-1,-1,-1
66,2,1185.50,311.10,63.40,155.90,1.0000,-1,-1,-1
66,3,936.10,309.00,55.90,147.60,1.0000,-1,-1,-1
66,5,1128.90,294.40,64.00,185.60,1.0000,-1,-1,-1
66,7,859.60,296.10,61.60,164.30,1.0000,-1,-1,-1
66,10,1050.20,319.20,30.40,69.30,1.0000,-1,-1,-1
66,12,700.80,312.50,33.40,79.60,0.9990,-1,-1,-1
66,17,740.40,315.30,31.80,75.50,1.0000,-1,-1,-1
66,20,564.30,308.90,46.30,149.00,1.0000,-1,-1,-1
66,21,609.70,307.70,41.10,111.00,0.9980,-1,-1,-1
67,1,193.70,224.80,226.10,533.80,1.0000,-1,-1,-1
67,2,1185.50,312.20,63.40,156.70,1.0000,-1,-1,-1
67,3,935.10,310.80,55.60,146.30,1.0000,-1,-1,-1
67,5,1131.00,295.60,62.80,185.40,1.0000,-1,-1,-1
67,7,859.70,297.80,61.30,163.80,1.0000,-1,-1,-1
67,10,1051.40,321.00,29.80,68.20,1.0000,-1,-1,-1
67,12,701.10,313.90,33.10,79.50,0.9970,-1,-1,-1
67,17,740.60,315.50,29.60,76.20,0.9990,-1,-1,-1
67,20,562.80,310.10,46.10,148.60,1.0000,-1,-1,-1
67,21,607.80,308.70,42.60,115.10,0.9980,-1,-1,-1
68,1,190.70,213.20,214.80,540.30,1.0000,-1,-1,-1
68,2,1185.20,309.80,63.40,156.60,1.0000,-1,-1,-1
68,3,935.30,308.90,57.10,146.80,1.0000,-1,-1,-1
68,5,1134.40,294.60,61.20,184.90,1.0000,-1,-1,-1
68,7,861.10,297.40,60.00,162.00,1.0000,-1,-1,-1
68,10,1051.40,318.90,30.20,69.90,1.0000,-1,-1,-1
68,12,700.00,312.70,33.60,79.30,0.9990,-1,-1,-1
68,17,740.40,313.30,30.50,77.00,0.9990,-1,-1,-1
68,20,564.10,307.90,44.10,146.50,1.0000,-1,-1,-1
68,21,607.00,308.10,42.40,109.80,0.9980,-1,-1,-1
68,-1,370.00,255.10,106.00,337.10,0.5460,-1,-1,-1
69,1,183.40,212.60,201.30,564.70,1.0000,-1,-1,-1
69,2,1188.80,311.10,63.40,153.10,0.9990,-1,-1,-1
69,3,936.70,306.40,57.20,150.30,1.0000,-1,-1,-1
69,5,1137.70,296.30,60.10,181.30,1.0000,-1,-1,-1
69,7,860.80,298.80,59.70,159.40,1.0000,-1,-1,-1
69,10,1055.10,317.70,29.70,72.80,1.0000,-1,-1,-1
69,12,703.30,313.50,30.90,75.90,0.9980,-1,-1,-1
69,17,738.40,313.50,26.60,72.00,0.9870,-1,-1,-1
69,20,563.10,310.60,43.80,145.60,0.9990,-1,-1,-1
69,21,609.70,310.70,45.00,112.40,0.9930,-1,-1,-1
69,-1,1029.90,319.90,24.40,49.90,0.1770,-1,-1,-1
69,-1,354.20,254.50,123.20,332.90,0.9110,-1,-1,-1
70,1,181.60,207.90,179.00,570.30,1.0000,-1,-1,-1
70,2,1193.50,312.80,61.90,155.20,1.0000,-1,-1,-1
70,3,941.00,308.20,56.70,149.20,1.0000,-1,-1,-1
70,5,1140.70,297.40,60.40,180.00,1.0000,-1,-1,-1
70,7,862.00,299.90,58.40,157.40,1.0000,-1,-1,-1
70,10,1058.10,321.10,28.90,67.40,1.0000,-1,-1,-1
70,12,700.10,313.40,32.30,79.00,0.9990,-1,-1,-1
70,17,736.70,313.90,33.10,78.10,0.9990,-1,-1,-1
70,20,564.20,311.50,46.40,148.10,1.0000,-1,-1,-1
70,21,610.20,310.50,43.40,114.70,0.9990,-1,-1,-1
70,22,347.00,257.00,132.30,332.90,0.9970,-1,-1,-1
70,-1,1029.40,327.70,22.80,44.90,0.5900,-1,-1,-1
70,-1,1041.90,324.70,23.00,51.30,0.3300,-1,-1,-1
71,1,151.80,206.20,202.10,573.40,1.0000,-1,-1,-1
71,2,1196.90,311.30,61.20,147.40,0.9990,-1,-1,-1
71,3,940.00,301.40,60.50,156.70,1.0000,-1,-1,-1
71,5,1143.40,294.00,67.30,185.40,1.0000,-1,-1,-1
71,7,861.60,293.90,60.50,164.20,1.0000,-1,-1,-1
71,10,1062.50,317.80,29.50,66.70,1.0000,-1,-1,-1
71,12,700.60,313.70,32.30,81.70,0.9970,-1,-1,-1
71,17,739.90,313.70,31.50,74.70,0.9990,-1,-1,-1
71,20,565.70,307.80,43.50,142.60,0.9990,-1,-1,-1
71,21,613.00,306.90,45.20,115.50,1.0000,-1,-1,-1
71,22,348.20,248.10,129.60,348.10,0.9990,-1,-1,-1
71,-1,1012.70,323.80,27.50,50.80,0.8190,-1,-1,-1
72,1,113.40,194.60,214.20,592.90,1.0000,-1,-1,-1
72,2,1200.80,313.70,61.50,152.20,1.0000,-1,-1,-1
72,3,942.70,306.70,58.20,150.00,1.0000,-1,-1,-1
72,5,1147.90,293.50,61.70,184.70,1.0000,-1,-1,-1
72,7,862.90,298.50,58.80,157.20,1.0000,-1,-1,-1
72,10,1063.40,314.80,30.40,70.10,1.0000,-1,-1,-1
72,12,701.90,311.60,30.50,78.00,0.9990,-1,-1,-1
72,17,738.10,311.40,33.00,76.70,0.9990,-1,-1,-1
72,20,564.50,307.20,44.70,146.90,1.0000,-1,-1,-1
72,21,613.60,309.20,44.20,112.20,1.0000,-1,-1,-1
72,22,349.10,255.40,129.30,339.40,1.0000,-1,-1,-1
72,23,1013.00,324.00,23.10,45.30,0.7160,-1,-1,-1
73,1,75.60,194.00,246.90,588.90,1.0000,-1,-1,-1
73,2,1205.20,309.60,61.20,150.60,1.0000,-1,-1,-1
73,3,943.80,301.50,59.00,154.70,1.0000,-1,-1,-1
73,5,1152.90,291.00,59.30,186.80,1.0000,-1,-1,-1
73,7,862.80,292.90,60.50,162.50,1.0000,-1,-1,-1
73,10,1064.90,314.90,31.40,68.20,1.0000,-1,-1,-1
73,12,699.10,309.70,31.40,79.90,0.9960,-1,-1,-1
73,17,739.50,308.20,30.60,72.90,0.9990,-1,-1,-1
73,20,565.40,304.90,45.40,144.90,0.9980,-1,-1,-1
73,21,614.00,303.30,44.70,116.50,1.0000,-1,-1,-1
73,22,353.10,247.40,125.70,341.00,0.9990,-1,-1,-1
73,23,1004.90,322.80,23.70,46.20,0.8370,-1,-1,-1
73,-1,924.60,311.10,44.20,124.30,0.0760,-1,-1,-1
74,1,37.70,187.50,265.30,612.50,1.0000,-1,-1,-1
74,2,1207.50,306.50,62.60,150.50,1.0000,-1,-1,-1
74,3,949.70,298.70,58.10,154.40,1.0000,-1,-1,-1
74,5,1159.40,286.40,58.40,185.10,1.0000,-1,-1,-1
74,7,859.60,287.40,59.80,165.10,1.0000,-1,-1,-1
74,10,1068.60,311.80,30.90,66.70,1.0000,-1,-1,-1
74,12,699.80,306.90,31.20,79.80,0.9990,-1,-1,-1
74,17,737.80,303.20,34.50,77.90,0.9990,-1,-1,-1
74,20,564.60,298.30,47.70,150.50,1.0000,-1,-1,-1
74,21,617.40,302.70,43.50,116.70,1.0000,-1,-1,-1
74,22,342.80,239.10,137.50,356.90,0.9990,-1,-1,-1
74,23,1005.60,307.90,30.80,66.00,0.1320,-1,-1,-1
74,-1,918.50,316.40,43.40,101.70,0.3070,-1,-1,-1
75,1,14.70,192.40,270.20,609.20,1.0000,-1,-1,-1
75,2,1208.70,303.80,61.80,151.50,1.0000,-1,-1,-1
75,3,947.80,296.90,59.00,152.30,1.0000,-1,-1,-1
75,5,1161.30,284.50,56.00,185.60,0.9990,-1,-1,-1
75,7,858.70,285.20,60.00,165.30,1.0000,-1,-1,-1
75,10,1070.40,308.30,31.10,67.10,1.0000,-1,-1,-1
75,12,700.30,304.90,30.20,78.70,0.9990,-1,-1,-1
75,17,739.00,303.20,32.20,73.60,0.9990,-1,-1,-1
75,20,564.30,297.50,46.90,145.50,1.0000,-1,-1,-1
75,21,618.10,301.70,42.90,111.90,1.0000,-1,-1,-1
75,22,329.00,233.20,151.60,367.10,0.9990,-1,-1,-1
75,-1,922.70,312.00,41.30,107.50,0.2120,-1,-1,-1
76,1,1.00,170.80,280.60,648.30,1.0000,-1,-1,-1
76,2,1208.70,298.70,61.50,156.10,1.0000,-1,-1,-1
76,3,949.90,293.40,57.70,152.10,1.0000,-1,-1,-1
76,5,1162.30,280.90,57.20,187.30,1.0000,-1,-1,-1
76,7,858.10,283.00,58.70,165.40,1.0000,-1,-1,-1
76,10,1074.00,306.90,29.90,64.40,1.0000,-1,-1,-1
76,12,700.90,301.30,31.10,79.70,1.0000,-1,-1,-1
76,17,739.30,300.30,30.60,73.20,0.9980,-1,-1,-1
76,20,564.40,293.50,45.70,145.60,1.0000,-1,-1,-1
76,21,619.10,298.40,44.30,113.70,1.0000,-1,-1,-1
76,22,318.20,234.50,163.60,363.60,0.9990,-1,-1,-1
76,23,997.50,299.30,33.10,77.80,0.0810,-1,-1,-1
76,-1,922.80,312.50,40.30,95.50,0.4250,-1,-1,-1
77,1,1.00,178.80,272.30,643.80,1.0000,-1,-1,-1
77,2,1207.60,298.00,61.20,156.20,0.9990,-1,-1,-1
77,3,950.90,293.90,57.80,151.80,1.0000,-1,-1,-1
77,5,1163.80,279.60,57.10,191.50,0.9990,-1,-1,-1
77,7,857.30,281.80,59.80,164.10,1.0000,-1,-1,-1
77,10,1074.90,304.20,29.70,66.20,1.0000,-1,-1,-1
77,12,698.70,296.30,32.10,85.00,1.0000,-1,-1,-1
77,17,739.40,298.00,31.30,75.80,0.9980,-1,-1,-1
77,20,564.50,292.80,45.80,147.60,1.0000,-1,-1,-1
77,21,620.90,296.30,43.50,112.20,1.0000,-1,-1,-1
77,22,320.80,227.50,156.90,375.00,0.9990,-1,-1,-1
77,-1,921.90,313.10,39.80,91.40,0.5330,-1,-1,-1
78,1,1.00,186.70,261.00,636.70,1.0000,-1,-1,-1
78,2,1207.20,296.50,61.30,157.20,0.9990,-1,-1,-1
78,3,951.30,293.40,57.70,151.70,1.0000,-1,-1,-1
78,5,1164.70,278.70,56.30,191.50,0.9990,-1,-1,-1
78,7,857.50,280.60,59.50,165.30,1.0000,-1,-1,-1
78,10,1075.00,303.80,29.30,64.30,1.0000,-1,-1,-1
78,12,699.00,296.20,32.00,84.80,1.0000,-1,-1,-1
78,17,739.00,296.80,31.60,75.30,0.9970,-1,-1,-1
78,20,563.30,293.00,46.30,146.40,1.0000,-1,-1,-1
78,21,620.20,296.00,43.90,112.70,1.0000,-1,-1,-1
78,22,305.60,233.60,170.20,359.30,1.0000,-1,-1,-1
79,1,4.20,180.80,232.60,645.70,0.9990,-1,-1,-1
79,2,1207.40,295.10,61.20,160.80,0.9980,-1,-1,-1
79,3,952.30,293.80,56.70,149.60,1.0000,-1,-1,-1
79,5,1168.50,274.60,54.20,194.10,0.9990,-1,-1,-1
79,7,857.20,279.40,58.80,165.10,1.0000,-1,-1,-1
79,10,1080.70,300.70,28.60,67.30,1.0000,-1,-1,-1
79,12,700.60,293.10,32.60,84.70,1.0000,-1,-1,-1
79,17,737.40,292.70,28.50,75.10,0.9910,-1,-1,-1
79,20,563.20,290.60,47.50,148.10,1.0000,-1,-1,-1
79,21,624.60,294.50,42.40,113.50,1.0000,-1,-1,-1
79,22,306.80,226.50,171.50,374.40,1.0000,-1,-1,-1
80,1,2.50,183.90,219.60,647.40,0.9980,-1,-1,-1
80,2,1207.80,296.90,60.40,159.80,0.9990,-1,-1,-1
80,3,953.00,297.20,55.00,147.90,1.0000,-1,-1,-1
80,5,1170.80,278.10,55.80,193.50,0.9980,-1,-1,-1
80,7,857.50,279.80,61.20,164.30,1.0000,-1,-1,-1
80,10,1081.30,302.60,28.50,69.60,1.0000,-1,-1,-1
80,12,700.50,295.10,33.60,82.50,0.9990,-1,-1,-1
80,17,738.20,295.20,32.40,74.70,0.9980,-1,-1,-1
80,20,562.10,291.20,49.10,147.50,1.0000,-1,-1,-1
80,21,625.40,293.30,42.60,111.50,1.0000,-1,-1,-1
80,22,309.50,222.90,164.00,375.80,1.0000,-1,-1,-1
80,18,1059.00,312.60,20.40,41.90,0.0630,-1,-1,-1
80,-1,919.90,314.30,40.50,87.90,0.7700,-1,-1,-1
81,2,1208.50,299.60,59.40,158.30,0.9970,-1,-1,-1
81,3,950.50,298.90,56.20,149.60,1.0000,-1,-1,-1
81,5,1174.00,282.40,55.10,191.10,0.9950,-1,-1,-1
81,7,858.30,282.30,60.30,163.90,1.0000,-1,-1,-1
81,10,1081.50,304.40,28.20,69.80,1.0000,-1,-1,-1
81,12,700.00,297.00,33.50,81.10,0.9990,-1,-1,-1
81,17,737.40,297.30,32.40,75.20,0.9990,-1,-1,-1
81,20,559.40,291.20,49.00,151.00,1.0000,-1,-1,-1
81,21,626.20,294.60,42.30,110.20,1.0000,-1,-1,-1
81,22,310.20,224.90,161.40,369.30,1.0000,-1,-1,-1
81,24,921.20,316.00,41.00,92.00,0.4980,-1,-1,-1
82,2,1207.90,297.20,60.40,162.70,0.9930,-1,-1,-1
82,3,948.90,299.80,55.40,144.20,1.0000,-1,-1,-1
82,5,1179.00,279.70,51.50,196.70,0.9880,-1,-1,-1
82,7,859.60,283.70,59.20,164.00,1.0000,-1,-1,-1
82,10,1083.70,304.80,27.90,69.20,1.0000,-1,-1,-1
82,12,699.10,298.00,32.80,80.00,0.9990,-1,-1,-1
82,17,737.00,297.70,32.30,76.90,0.9990,-1,-1,-1
82,20,557.70,290.50,50.50,155.30,1.0000,-1,-1,-1
82,21,628.30,295.60,41.70,107.60,1.0000,-1,-1,-1
82,22,311.00,224.10,158.60,371.00,1.0000,-1,-1,-1
82,23,982.30,307.70,33.30,75.50,0.1750,-1,-1,-1
82,24,922.80,315.10,44.30,92.50,0.2220,-1,-1,-1
82,-1,1000.40,303.90,33.10,64.50,0.1610,-1,-1,-1
83,2,1207.00,294.80,56.40,164.30,0.9370,-1,-1,-1
83,3,944.90,297.20,56.80,147.70,1.0000,-1,-1,-1
83,5,1178.60,284.50,55.90,195.20,0.9990,-1,-1,-1
83,7,864.40,285.00,59.90,163.60,1.0000,-1,-1,-1
83,10,1082.70,306.20,30.10,74.50,1.0000,-1,-1,-1
83,12,700.30,299.70,30.70,79.50,0.9970,-1,-1,-1
83,17,736.70,298.10,31.50,74.70,0.9980,-1,-1,-1
83,20,553.10,292.80,54.50,157.90,1.0000,-1,-1,-1
83,21,626.70,296.80,43.60,107.10,1.0000,-1,-1,-1
83,22,304.50,234.20,162.70,368.70,1.0000,-1,-1,-1
83,23,992.10,308.60,29.70,64.90,0.8960,-1,-1,-1
83,-1,722.10,299.70,27.30,75.90,0.1100,-1,-1,-1
83,-1,1049.80,313.20,21.90,41.60,0.1030,-1,-1,-1
84,2,1208.40,301.30,58.40,166.00,0.9020,-1,-1,-1
84,3,947.20,303.60,56.20,146.90,1.0000,-1,-1,-1
84,5,1181.50,288.50,53.80,196.10,0.9990,-1,-1,-1
84,7,861.40,292.30,58.10,162.60,1.0000,-1,-1,-1
84,10,1083.90,311.70,30.00,72.60,1.0000,-1,-1,-1
84,12,701.40,305.40,29.60,76.80,0.9940,-1,-1,-1
84,17,734.20,305.60,32.30,76.70,0.9990,-1,-1,-1
84,20,550.20,298.20,55.70,158.00,1.0000,-1,-1,-1
84,21,628.50,302.50,41.30,105.70,1.0000,-1,-1,-1
84,22,293.10,233.60,176.90,376.70,1.0000,-1,-1,-1
84,23,996.00,313.00,29.40,65.40,0.9870,-1,-1,-1
84,24,920.50,314.60,48.40,100.80,0.0800,-1,-1,-1
85,3,951.00,304.10,55.30,146.60,1.0000,-1,-1,-1
85,5,1182.40,290.40,56.50,199.10,1.0000,-1,-1,-1
85,7,860.80,291.00,60.80,164.60,1.0000,-1,-1,-1
85,10,1084.80,312.10,30.00,75.00,1.0000,-1,-1,-1
85,12,704.50,305.10,29.00,75.60,0.9800,-1,-1,-1
85,17,735.70,305.80,33.10,77.40,1.0000,-1,-1,-1
85,20,552.30,296.50,53.40,162.50,1.0000,-1,-1,-1
85,21,629.70,303.40,41.20,103.40,1.0000,-1,-1,-1
85,22,297.10,232.40,172.20,378.20,1.0000,-1,-1,-1
85,23,997.00,312.00,34.60,70.50,0.7070,-1,-1,-1
85,2,1211.30,299.30,53.80,163.70,0.3670,-1,-1,-1
85,24,920.00,319.40,43.80,97.20,0.4150,-1,-1,-1
86,3,950.70,305.80,54.90,150.70,1.0000,-1,-1,-1
86,5,1184.40,295.40,56.70,198.40,1.0000,-1,-1,-1
86,7,859.20,296.20,60.80,159.60,1.0000,-1,-1,-1
86,10,1085.80,318.70,29.60,72.80,1.0000,-1,-1,-1
86,12,715.40,308.50,26.20,72.90,0.7740,-1,-1,-1
86,17,733.80,308.00,34.60,77.20,1.0000,-1,-1,-1
86,20,556.90,301.60,48.30,159.50,1.0000,-1,-1,-1
86,21,629.30,305.40,43.00,107.00,1.0000,-1,-1,-1
86,22,293.50,240.20,174.10,382.90,1.0000,-1,-1,-1
86,23,992.90,318.50,30.40,70.50,0.8040,-1,-1,-1
86,24,914.70,323.40,44.50,86.20,0.3830,-1,-1,-1
86,-1,694.20,309.30,27.00,76.30,0.5050,-1,-1,-1
86,-1,1056.80,324.70,20.20,39.80,0.4170,-1,-1,-1
87,3,949.90,308.90,55.50,149.30,1.0000,-1,-1,-1
87,5,1187.70,295.10,57.10,199.00,1.0000,-1,-1,-1
87,7,859.20,296.90,60.80,162.40,1.0000,-1,-1,-1
87,10,1087.40,316.90,30.30,75.70,1.0000,-1,-1,-1
87,12,716.60,311.40,26.60,71.50,0.7530,-1,-1,-1
87,17,733.60,310.60,31.30,76.20,1.0000,-1,-1,-1
87,20,555.60,304.70,47.60,157.20,1.0000,-1,-1,-1
87,21,628.60,307.90,43.10,106.90,1.0000,-1,-1,-1
87,22,292.60,241.80,175.00,387.40,1.0000,-1,-1,-1
87,23,996.90,320.40,28.60,62.40,0.9630,-1,-1,-1
87,24,920.20,327.20,42.30,90.80,0.1840,-1,-1,-1
87,-1,1063.30,324.20,23.00,47.30,0.2600,-1,-1,-1
87,-1,691.40,311.90,26.10,75.10,0.2400,-1,-1,-1
87,-1,1052.70,325.10,20.50,39.40,0.7620,-1,-1,-1
88,3,951.00,311.80,54.70,146.50,1.0000,-1,-1,-1
88,5,1188.20,294.70,58.70,201.00,1.0000,-1,-1,-1
88,7,861.00,297.50,60.00,160.30,1.0000,-1,-1,-1
88,10,1087.30,320.30,29.80,73.20,1.0000,-1,-1,-1
88,17,734.10,313.00,31.80,75.40,1.0000,-1,-1,-1
88,20,554.90,305.50,46.10,156.80,1.0000,-1,-1,-1
88,21,629.20,308.10,43.00,106.00,1.0000,-1,-1,-1
88,22,291.30,238.50,179.70,386.80,1.0000,-1,-1,-1
88,23,994.00,321.10,30.80,68.00,0.9090,-1,-1,-1
88,12,702.00,312.60,29.60,74.30,0.1650,-1,-1,-1
88,24,921.40,329.70,40.30,91.70,0.2950,-1,-1,-1
88,25,1052.20,328.20,19.60,38.30,0.5020,-1,-1,-1
88,-1,680.80,309.90,27.40,75.20,0.2480,-1,-1,-1
89,3,947.40,313.30,57.10,146.50,1.0000,-1,-1,-1
89,5,1190.20,295.10,61.60,201.80,1.0000,-1,-1,-1
89,7,861.10,297.50,60.70,162.60,1.0000,-1,-1,-1
89,10,1088.40,322.60,28.70,69.50,1.0000,-1,-1,-1
89,17,733.90,314.90,31.60,75.40,1.0000,-1,-1,-1
89,20,551.20,307.40,46.40,160.10,1.0000,-1,-1,-1
89,21,630.20,309.80,42.80,106.80,1.0000,-1,-1,-1
89,22,292.00,246.00,180.50,373.80,1.0000,-1,-1,-1
89,23,995.60,323.20,30.80,64.00,0.9730,-1,-1,-1
89,12,716.40,312.20,32.30,75.60,0.2440,-1,-1,-1
89,24,920.20,330.20,42.50,93.40,0.3310,-1,-1,-1
89,25,1056.40,329.50,19.90,37.90,0.5990,-1,-1,-1
89,-1,672.80,309.80,28.60,79.50,0.2420,-1,-1,-1
90,3,947.00,311.40,57.10,147.50,1.0000,-1,-1,-1
90,5,1190.30,293.60,63.60,202.70,1.0000,-1,-1,-1
90,7,863.20,296.70,61.10,163.50,1.0000,-1,-1,-1
90,10,1088.70,320.60,29.50,71.40,1.0000,-1,-1,-1
90,17,733.00,315.80,31.30,72.40,0.9990,-1,-1,-1
90,20,550.60,307.20,45.70,157.70,1.0000,-1,-1,-1
90,21,629.90,308.70,44.10,107.20,1.0000,-1,-1,-1
90,22,292.70,243.80,180.80,380.60,1.0000,-1,-1,-1
90,23,998.00,323.00,30.40,61.40,0.9850,-1,-1,-1
90,24,916.70,325.70,43.80,97.90,0.2900,-1,-1,-1
90,25,1051.00,327.90,19.30,38.70,0.4770,-1,-1,-1
90,-1,666.10,307.10,29.00,84.50,0.2170,-1,-1,-1
90,-1,247.30,299.70,72.00,160.30,0.9050,-1,-1,-1
91,3,947.30,314.30,55.40,146.10,1.0000,-1,-1,-1
91,5,1190.70,293.70,65.00,203.70,1.0000,-1,-1,-1
91,7,862.20,297.40,60.90,164.90,1.0000,-1,-1,-1
91,10,1088.90,320.70,29.10,70.30,1.0000,-1,-1,-1
91,17,733.10,316.80,29.70,72.20,1.0000,-1,-1,-1
91,20,546.20,311.20,48.00,158.40,1.0000,-1,-1,-1
91,21,630.90,311.70,42.70,104.90,1.0000,-1,-1,-1
91,22,295.50,241.40,183.80,396.00,1.0000,-1,-1,-1
91,23,998.50,324.20,29.80,60.20,0.9920,-1,-1,-1
91,25,1058.10,328.30,19.90,38.90,0.6620,-1,-1,-1
91,26,247.60,305.40,68.20,153.90,0.9910,-1,-1,-1
91,12,712.00,315.10,32.90,73.30,0.2480,-1,-1,-1
91,-1,662.80,314.90,32.70,79.60,0.4800,-1,-1,-1
91,-1,1072.70,327.00,23.20,50.90,0.0530,-1,-1,-1
92,3,948.00,313.00,56.40,148.60,1.0000,-1,-1,-1
92,5,1190.50,291.60,65.50,206.80,1.0000,-1,-1,-1
92,7,862.70,297.70,60.90,164.20,1.0000,-1,-1,-1
92,10,1088.80,320.50,29.50,72.20,1.0000,-1,-1,-1
92,17,731.70,317.70,29.10,71.20,0.9980,-1,-1,-1
92,20,543.90,309.30,48.90,160.90,1.0000,-1,-1,-1
92,21,631.70,310.30,44.00,107.50,1.0000,-1,-1,-1
92,22,294.10,244.50,183.20,389.40,1.0000,-1,-1,-1
92,23,995.80,322.60,30.30,63.70,0.9680,-1,-1,-1
92,25,1058.20,327.90,20.20,39.00,0.6090,-1,-1,-1
92,26,241.90,306.50,67.40,156.90,0.9980,-1,-1,-1
92,24,917.40,328.20,42.50,97.00,0.3470,-1,-1,-1
92,-1,672.80,312.40,42.20,81.20,0.0570,-1,-1,-1
93,3,947.60,313.50,56.10,149.10,1.0000,-1,-1,-1
93,5,1191.30,292.00,62.80,207.80,1.0000,-1,-1,-1
93,7,861.90,299.00,60.50,163.90,1.0000,-1,-1,-1
93,10,1088.20,320.60,29.50,71.90,1.0000,-1,-1,-1
93,17,731.20,319.00,28.70,71.30,0.9990,-1,-1,-1
93,20,540.00,311.70,49.70,161.90,1.0000,-1,-1,-1
93,21,631.70,314.20,42.40,104.90,1.0000,-1,-1,-1
93,22,290.80,245.30,189.50,393.90,1.0000,-1,-1,-1
93,23,995.50,323.80,30.20,63.40,0.9640,-1,-1,-1
93,26,235.90,310.40,68.20,155.90,0.9980,-1,-1,-1
93,24,919.30,331.10,42.80,93.40,0.3610,-1,-1,-1
93,25,1062.30,328.20,21.00,40.50,0.5880,-1,-1,-1
93,-1,660.10,317.00,32.60,83.40,0.3400,-1,-1,-1
94,3,949.70,315.20,54.90,148.50,1.0000,-1,-1,-1
94,5,1196.10,292.20,56.20,210.70,1.0000,-1,-1,-1
94,7,862.40,302.10,59.10,162.70,1.0000,-1,-1,-1
94,10,1088.20,320.50,31.10,76.20,1.0000,-1,-1,-1
94,12,715.40,321.40,25.80,71.90,0.6970,-1,-1,-1
94,17,729.00,320.30,29.80,71.30,0.9980,-1,-1,-1
94,20,536.00,317.00,52.30,158.90,1.0000,-1,-1,-1
94,21,632.90,318.00,42.20,107.10,1.0000,-1,-1,-1
94,22,289.30,250.80,186.40,389.80,1.0000,-1,-1,-1
94,23,998.50,319.80,30.40,69.50,0.7280,-1,-1,-1
94,24,916.30,335.50,41.60,88.70,0.8150,-1,-1,-1
94,25,1058.00,329.70,20.60,39.40,0.6530,-1,-1,-1
94,26,221.80,314.00,70.70,155.60,1.0000,-1,-1,-1
94,-1,667.20,317.70,29.60,83.10,0.5440,-1,-1,-1
95,3,950.20,316.20,54.80,148.40,1.0000,-1,-1,-1
95,5,1199.00,292.80,54.50,215.20,1.0000,-1,-1,-1
95,7,861.30,303.20,59.90,165.30,1.0000,-1,-1,-1
95,10,1089.10,325.10,30.90,71.80,1.0000,-1,-1,-1
95,17,729.90,322.00,29.80,73.60,0.9990,-1,-1,-1
95,20,535.60,318.50,51.40,157.70,1.0000,-1,-1,-1
95,21,633.20,321.60,42.70,106.20,1.0000,-1,-1,-1
95,22,290.70,255.90,185.70,393.70,1.0000,-1,-1,-1
95,23,990.20,323.20,32.30,72.80,0.7400,-1,-1,-1
95,24,915.90,340.30,44.90,83.80,0.8830,-1,-1,-1
95,26,210.80,315.80,71.50,160.00,1.0000,-1,-1,-1
95,25,1049.30,332.60,19.20,39.10,0.2730,-1,-1,-1
96,3,951.40,314.20,56.30,152.00,1.0000,-1,-1,-1
96,5,1200.90,291.00,53.20,216.30,1.0000,-1,-1,-1
96,7,860.70,305.00,60.80,165.70,1.0000,-1,-1,-1
96,10,1090.80,326.70,33.30,72.30,1.0000,-1,-1,-1
96,17,728.80,325.20,29.30,70.30,0.9980,-1,-1,-1
96,20,532.00,320.40,53.50,155.40,1.0000,-1,-1,-1
96,21,633.20,322.10,44.40,108.00,1.0000,-1,-1,-1
96,22,289.10,254.30,188.40,390.20,1.0000,-1,-1,-1
96,24,918.40,338.20,45.20,88.50,0.7320,-1,-1,-1
96,26,200.60,313.80,75.40,159.90,1.0000,-1,-1,-1
96,23,985.00,322.30,37.70,86.70,0.1680,-1,-1,-1
96,25,1057.70,333.10,22.60,43.50,0.3580,-1,-1,-1
96,-1,1042.00,334.30,19.50,40.00,0.4430,-1,-1,-1
96,-1,271.70,327.50,34.20,117.50,0.1490,-1,-1,-1
97,3,951.60,316.20,56.60,153.10,1.0000,-1,-1,-1
97,5,1202.00,298.90,54.30,209.80,1.0000,-1,-1,-1
97,7,861.20,308.40,57.60,166.70,1.0000,-1,-1,-1
97,10,1091.90,326.10,32.50,71.30,1.0000,-1,-1,-1
97,12,699.90,329.20,26.50,70.60,0.8710,-1,-1,-1
97,17,724.50,326.40,30.20,71.20,0.9970,-1,-1,-1
97,20,531.60,325.60,53.00,147.40,1.0000,-1,-1,-1
97,21,633.90,326.60,43.20,101.00,1.0000,-1,-1,-1
97,22,303.20,253.80,178.80,398.50,1.0000,-1,-1,-1
97,24,908.40,338.60,51.30,83.80,0.9530,-1,-1,-1
97,25,1053.70,333.70,21.30,47.30,0.8020,-1,-1,-1
97,26,196.40,318.20,76.70,159.90,1.0000,-1,-1,-1
97,23,995.20,327.20,32.10,72.30,0.2300,-1,-1,-1
97,-1,1039.80,335.60,22.00,47.30,0.2900,-1,-1,-1
97,-1,279.60,327.20,37.70,134.00,0.2880,-1,-1,-1
97,-1,662.00,326.80,40.00,84.70,0.1360,-1,-1,-1
98,3,953.60,314.90,56.00,156.50,1.0000,-1,-1,-1
98,5,1203.90,295.30,58.00,215.40,1.0000,-1,-1,-1
98,7,860.10,306.60,60.60,170.00,1.0000,-1,-1,-1
98,10,1092.50,329.90,33.30,70.50,1.0000,-1,-1,-1
98,17,728.30,330.00,30.40,71.80,0.9960,-1,-1,-1
98,20,530.40,322.30,52.30,155.60,1.0000,-1,-1,-1
98,21,635.00,325.40,42.30,103.50,1.0000,-1,-1,-1
98,22,302.20,256.80,181.90,401.20,1.0000,-1,-1,-1
98,24,910.80,338.60,43.70,83.80,0.9750,-1,-1,-1
98,26,184.40,317.60,84.30,158.90,1.0000,-1,-1,-1
98,12,660.60,329.50,50.00,79.40,0.3460,-1,-1,-1
98,25,1046.70,338.80,19.20,40.50,0.4480,-1,-1,-1
98,-1,267.40,324.30,55.50,150.90,0.9730,-1,-1,-1
99,3,955.50,319.70,57.00,152.70,1.0000,-1,-1,-1
99,5,1207.50,298.30,58.10,214.60,1.0000,-1,-1,-1
99,7,862.20,309.70,59.90,167.50,1.0000,-1,-1,-1
99,10,1096.80,330.60,33.20,67.20,1.0000,-1,-1,-1
99,12,675.50,331.10,45.30,78.30,0.7700,-1,-1,-1
99,17,722.30,330.60,31.10,77.80,0.9970,-1,-1,-1
99,20,528.50,324.50,54.30,154.60,1.0000,-1,-1,-1
99,21,642.20,327.60,41.50,102.80,1.0000,-1,-1,-1
99,22,306.70,256.60,180.70,405.40,1.0000,-1,-1,-1
99,24,909.10,343.40,52.10,79.70,0.9810,-1,-1,-1
99,25,1046.70,337.00,21.50,42.70,0.7910,-1,-1,-1
99,26,177.80,325.60,87.80,162.80,1.0000,-1,-1,-1
99,27,263.50,328.70,51.00,143.60,0.9980,-1,-1,-1
99,-1,706.00,332.10,27.90,74.90,0.9360,-1,-1,-1
100,3,955.40,319.90,55.70,152.00,1.0000,-1,-1,-1
100,5,1208.00,294.80,58.70,218.40,1.0000,-1,-1,-1
100,7,861.20,310.80,60.40,165.40,1.0000,-1,-1,-1
100,10,1096.10,331.80,32.10,65.50,1.0000,-1,-1,-1
100,17,725.50,331.90,29.60,74.70,0.9950,-1,-1,-1
100,20,527.00,322.70,50.60,160.80,0.9990,-1,-1,-1
100,21,640.60,326.30,43.10,102.90,1.0000,-1,-1,-1
100,22,310.40,259.80,187.50,403.50,1.0000,-1,-1,-1
100,24,911.10,348.70,49.30,72.30,0.9720,-1,-1,-1
100,25,1041.40,338.70,21.80,42.30,0.6720,-1,-1,-1
100,26,173.90,324.20,89.10,158.70,1.0000,-1,-1,-1
100,27,256.10,328.80,61.80,146.70,1.0000,-1,-1,-1
100,23,1002.20,326.30,39.20,63.90,0.5890,-1,-1,-1
101,3,958.20,319.10,56.10,150.70,1.0000,-1,-1,-1
101,5,1210.40,295.30,59.20,218.20,1.0000,-1,-1,-1
101,7,863.40,310.50,59.10,160.60,1.0000,-1,-1,-1
101,10,1097.60,328.90,33.00,68.10,1.0000,-1,-1,-1
101,17,725.50,333.30,30.60,72.20,0.9940,-1,-1,-1
101,20,528.90,322.30,50.50,160.50,0.9990,-1,-1,-1
101,21,643.80,326.70,42.80,103.50,1.0000,-1,-1,-1
101,22,313.50,255.00,182.50,406.10,1.0000,-1,-1,-1
101,24,916.00,345.10,44.00,75.10,0.9780,-1,-1,-1
101,25,1034.90,336.30,22.20,45.20,0.9380,-1,-1,-1
101,26,166.50,326.90,91.10,158.70,1.0000,-1,-1,-1
101,27,255.90,329.70,62.90,149.80,1.0000,-1,-1,-1
101,12,671.70,329.90,45.80,80.30,0.4460,-1,-1,-1
101,23,999.20,325.00,44.00,69.20,0.4490,-1,-1,-1
101,-1,747.80,332.50,25.40,63.00,0.2880,-1,-1,-1
101,-1,941.00,337.50,41.80,104.30,0.1050,-1,-1,-1
102,3,959.90,317.10,55.70,151.00,1.0000,-1,-1,-1
102,5,1213.40,292.60,57.20,217.20,1.0000,-1,-1,-1
102,7,862.90,308.90,60.70,157.90,1.0000,-1,-1,-1
102,10,1099.10,325.30,31.60,70.20,1.0000,-1,-1,-1
102,17,727.40,330.80,30.10,75.80,0.9970,-1,-1,-1
102,20,527.20,321.60,50.70,165.10,1.0000,-1,-1,-1
102,21,646.00,325.30,41.90,103.90,1.0000,-1,-1,-1
102,22,321.30,260.80,187.80,399.30,1.0000,-1,-1,-1
102,23,1001.20,325.90,42.40,71.80,0.6170,-1,-1,-1
102,24,917.70,343.00,42.80,76.30,0.9750,-1,-1,-1
102,25,1031.80,332.50,21.60,47.80,0.9530,-1,-1,-1
102,26,164.60,324.60,91.80,161.70,1.0000,-1,-1,-1
102,27,254.10,327.60,65.20,152.70,1.0000,-1,-1,-1
102,12,668.50,328.20,71.10,83.10,0.1220,-1,-1,-1
103,3,960.40,317.10,55.30,150.60,1.0000,-1,-1,-1
103,5,1215.60,288.60,57.10,220.40,1.0000,-1,-1,-1
103,7,863.00,305.10,60.80,164.90,1.0000,-1,-1,-1
103,10,1101.20,322.90,32.50,71.10,1.0000,-1,-1,-1
103,12,708.30,331.10,28.70,69.70,0.9020,-1,-1,-1
103,17,724.00,330.40,30.30,74.10,0.9960,-1,-1,-1
103,20,525.40,321.70,52.20,160.60,1.0000,-1,-1,-1
103,21,646.40,325.50,41.00,103.40,1.0000,-1,-1,-1
103,22,324.20,254.60,188.30,410.90,1.0000,-1,-1,-1
103,24,917.70,340.70,41.80,78.40,0.9760,-1,-1,-1
103,25,1027.20,331.50,22.20,47.90,0.9550,-1,-1,-1
103,26,160.00,324.70,95.80,166.10,1.0000,-1,-1,-1
103,27,250.40,327.70,67.60,153.10,1.0000,-1,-1,-1
103,-1,670.10,325.40,44.50,85.90,0.2120,-1,-1,-1
104,3,959.40,313.40,54.60,149.70,1.0000,-1,-1,-1
104,5,1218.60,286.50,57.40,220.30,1.0000,-1,-1,-1
104,7,860.10,300.40,60.80,164.30,1.0000,-1,-1,-1
104,10,1100.60,320.00,32.40,71.00,1.0000,-1,-1,-1
104,12,707.50,327.10,29.00,71.30,0.9040,-1,-1,-1
104,17,723.00,326.90,29.10,72.60,0.9970,-1,-1,-1
104,20,521.30,315.40,52.40,175.80,1.0000,-1,-1,-1
104,21,643.50,321.40,42.40,106.40,1.0000,-1,-1,-1
104,22,330.00,252.10,192.00,411.50,1.0000,-1,-1,-1
104,24,917.50,339.50,42.40,74.00,0.9760,-1,-1,-1
104,25,1035.00,327.20,20.20,45.40,0.9330,-1,-1,-1
104,26,144.00,323.10,102.40,160.10,1.0000,-1,-1,-1
104,27,233.90,321.70,73.80,151.00,1.0000,-1,-1,-1
105,3,957.80,310.80,54.70,152.70,1.0000,-1,-1,-1
105,5,1219.50,286.70,58.00,221.20,1.0000,-1,-1,-1
105,7,857.60,302.50,61.30,162.20,1.0000,-1,-1,-1
105,10,1099.60,315.70,33.40,76.00,1.0000,-1,-1,-1
105,17,719.70,326.00,30.10,73.70,0.9960,-1,-1,-1
105,20,521.30,318.90,49.50,169.80,1.0000,-1,-1,-1
105,21,642.20,321.30,41.70,105.70,1.0000,-1,-1,-1
105,22,328.70,251.50,182.20,418.60,1.0000,-1,-1,-1
105,24,913.40,340.50,46.30,66.50,0.9870,-1,-1,-1
105,25,1034.50,325.90,19.80,45.20,0.9070,-1,-1,-1
105,26,134.60,321.80,96.60,165.10,1.0000,-1,-1,-1
105,27,231.50,321.20,69.20,151.00,1.0000,-1,-1,-1
105,12,667.20,326.70,66.60,81.10,0.1230,-1,-1,-1
106,3,953.20,314.20,54.80,149.00,1.0000,-1,-1,-1
106,5,1216.40,284.20,60.40,223.30,1.0000,-1,-1,-1
106,7,854.10,298.20,62.60,170.20,1.0000,-1,-1,-1
106,10,1098.40,316.20,33.50,76.60,1.0000,-1,-1,-1
106,17,715.90,327.00,29.80,74.50,0.9980,-1,-1,-1
106,20,518.90,317.60,48.20,174.70,1.0000,-1,-1,-1
106,21,640.10,321.60,42.20,106.10,1.0000,-1,-1,-1
106,22,326.00,253.40,183.40,418.10,1.0000,-1,-1,-1
106,23,1000.50,313.20,31.70,69.20,0.7520,-1,-1,-1
106,24,910.60,342.40,46.60,71.70,0.9860,-1,-1,-1
106,25,1031.30,325.40,19.90,45.70,0.9410,-1,-1,-1
106,26,121.80,319.10,92.70,170.20,1.0000,-1,-1,-1
106,27,221.60,323.70,70.40,147.40,1.0000,-1,-1,-1
106,12,665.50,326.80,62.50,82.20,0.1080,-1,-1,-1
106,-1,1044.00,326.10,19.80,42.40,0.8210,-1,-1,-1
107,3,949.40,313.90,56.20,148.70,1.0000,-1,-1,-1
107,5,1216.70,285.90,58.70,222.00,0.9990,-1,-1,-1
107,7,851.60,299.10,62.30,165.40,1.0000,-1,-1,-1
107,10,1096.70,316.40,33.80,77.10,1.0000,-1,-1,-1
107,17,714.40,324.80,30.30,73.80,0.9990,-1,-1,-1
107,20,514.40,316.50,49.50,173.10,0.9990,-1,-1,-1
107,21,637.50,320.90,42.30,106.80,1.0000,-1,-1,-1
107,22,326.90,240.80,187.70,417.40,1.0000,-1,-1,-1
107,23,1000.20,320.00,30.70,61.20,0.9900,-1,-1,-1
107,24,910.60,338.70,45.60,73.80,0.9640,-1,-1,-1
107,25,1032.90,324.60,19.90,43.70,0.8490,-1,-1,-1
107,26,114.70,321.80,91.70,164.20,1.0000,-1,-1,-1
107,27,213.50,321.60,76.40,149.60,1.0000,-1,-1,-1
107,28,1045.10,325.60,19.80,40.90,0.7070,-1,-1,-1
107,12,658.50,326.90,59.70,81.10,0.0830,-1,-1,-1
108,3,947.70,311.60,56.80,149.00,1.0000,-1,-1,-1
108,5,1214.70,283.90,60.30,225.70,0.9990,-1,-1,-1
108,7,851.00,297.90,61.30,163.70,1.0000,-1,-1,-1
108,10,1095.50,316.40,33.70,75.30,1.0000,-1,-1,-1
108,17,716.00,323.80,30.40,71.80,0.9990,-1,-1,-1
108,20,511.60,314.30,49.50,169.70,0.9970,-1,-1,-1
108,21,636.40,319.40,41.50,105.70,1.0000,-1,-1,-1
108,22,323.40,250.30,195.80,412.40,1.0000,-1,-1,-1
108,23,1001.10,319.50,29.80,61.80,0.9940,-1,-1,-1
108,24,910.40,338.50,43.60,71.00,0.9800,-1,-1,-1
108,25,1033.50,325.00,20.80,44.00,0.9170,-1,-1,-1
108,26,100.90,316.80,91.50,169.10,1.0000,-1,-1,-1
108,27,211.10,320.80,72.10,149.40,1.0000,-1,-1,-1
108,28,1049.60,324.60,20.40,42.30,0.8180,-1,-1,-1
108,12,656.00,326.40,59.70,77.50,0.3050,-1,-1,-1
108,-1,928.40,325.70,47.30,105.70,0.0730,-1,-1,-1
109,3,943.30,312.00,57.20,149.80,1.0000,-1,-1,-1
109,5,1211.20,285.60,61.80,225.70,1.0000,-1,-1,-1
109,7,846.80,301.40,63.10,161.80,1.0000,-1,-1,-1
109,10,1094.60,319.90,32.20,72.50,1.0000,-1,-1,-1
109,12,673.90,322.50,32.00,77.40,0.8560,-1,-1,-1
109,17,711.70,326.10,30.00,69.50,0.9970,-1,-1,-1
109,21,633.50,322.00,41.60,106.20,1.0000,-1,-1,-1
109,22,319.20,248.70,204.60,428.10,1.0000,-1,-1,-1
109,23,999.80,322.70,27.50,60.30,0.9930,-1,-1,-1
109,25,1032.90,327.70,20.60,43.00,0.9390,-1,-1,-1
109,26,81.90,316.10,91.80,173.60,1.0000,-1,-1,-1
109,27,197.70,321.50,71.30,149.50,1.0000,-1,-1,-1
109,28,1048.70,328.40,21.40,42.50,0.8110,-1,-1,-1
109,20,502.50,320.70,48.60,162.50,0.3440,-1,-1,-1
109,24,913.20,328.90,43.90,89.10,0.5750,-1,-1,-1
110,3,941.00,312.60,56.70,149.20,1.0000,-1,-1,-1
110,5,1204.10,284.90,68.30,228.30,1.0000,-1,-1,-1
110,7,845.30,304.00,60.60,160.60,1.0000,-1,-1,-1
110,10,1091.10,322.10,33.30,72.70,1.0000,-1,-1,-1
110,12,683.60,326.00,30.80,75.40,0.7790,-1,-1,-1
110,17,708.00,325.60,28.10,71.00,0.9990,-1,-1,-1
110,21,629.20,323.00,41.80,104.50,1.0000,-1,-1,-1
110,22,309.60,242.20,214.90,425.40,1.0000,-1,-1,-1
110,23,995.80,324.00,27.40,60.00,0.9810,-1,-1,-1
110,25,1040.00,329.30,20.40,40.20,0.8740,-1,-1,-1
110,26,75.10,313.90,94.80,173.60,1.0000,-1,-1,-1
110,27,188.80,320.50,71.80,150.20,1.0000,-1,-1,-1
110,20,499.60,323.00,48.10,166.20,0.1160,-1,-1,-1
110,28,1061.30,329.30,24.80,46.00,0.1260,-1,-1,-1
111,3,940.10,314.10,55.00,149.20,1.0000,-1,-1,-1
111,5,1197.40,283.30,75.00,236.50,1.0000,-1,-1,-1
111,7,843.80,306.70,61.30,162.00,1.0000,-1,-1,-1
111,10,1089.60,322.30,33.30,75.40,1.0000,-1,-1,-1
111,12,673.90,329.00,30.10,73.70,0.8690,-1,-1,-1
111,17,705.70,327.50,28.90,72.80,0.9980,-1,-1,-1
111,21,625.80,322.80,43.00,105.60,1.0000,-1,-1,-1
111,22,322.70,242.40,194.90,426.90,1.0000,-1,-1,-1
111,23,996.30,325.50,27.80,59.90,0.9790,-1,-1,-1
111,25,1046.90,330.30,20.60,40.90,0.6520,-1,-1,-1
111,26,60.90,321.30,93.00,163.70,1.0000,-1,-1,-1
111,27,182.40,318.80,74.10,159.30,1.0000,-1,-1,-1
112,3,937.90,315.80,54.30,149.60,1.0000,-1,-1,-1
112,5,1202.50,288.10,68.10,230.00,1.0000,-1,-1,-1
112,7,840.70,307.40,59.50,167.50,1.0000,-1,-1,-1
112,10,1086.60,326.60,31.90,72.90,1.0000,-1,-1,-1
112,17,694.90,327.90,31.90,74.50,0.9960,-1,-1,-1
112,21,625.30,324.50,42.60,104.10,1.0000,-1,-1,-1
112,22,312.00,241.30,210.40,432.80,1.0000,-1,-1,-1
112,23,995.70,329.60,26.10,57.00,0.9830,-1,-1,-1
112,26,51.90,318.70,95.20,174.10,1.0000,-1,-1,-1
112,27,177.20,321.50,65.30,154.50,1.0000,-1,-1,-1
112,24,893.30,329.60,34.20,101.50,0.5270,-1,-1,-1
113,3,939.20,321.00,48.90,146.60,1.0000,-1,-1,-1
113,5,1211.00,288.80,57.80,233.60,1.0000,-1,-1,-1
113,7,840.20,308.10,59.90,165.30,1.0000,-1,-1,-1
113,10,1087.60,327.90,31.90,73.80,1.0000,-1,-1,-1
113,17,695.50,329.90,29.20,74.50,0.9940,-1,-1,-1
113,21,623.30,326.40,42.80,103.40,1.0000,-1,-1,-1
113,22,319.80,244.00,211.00,430.70,1.0000,-1,-1,-1
113,23,995.90,332.60,26.10,56.30,0.9700,-1,-1,-1
113,26,43.30,326.20,95.90,169.80,1.0000,-1,-1,-1
113,27,167.20,324.30,70.80,157.40,1.0000,-1,-1,-1
113,24,897.70,340.90,33.80,85.80,0.5140,-1,-1,-1
113,-1,977.00,322.60,37.20,84.00,0.2670,-1,-1,-1
113,-1,716.20,330.50,26.50,62.30,0.7470,-1,-1,-1
114,3,932.70,328.30,52.70,144.20,1.0000,-1,-1,-1
114,5,1213.30,293.20,53.00,238.60,0.9990,-1,-1,-1
114,7,834.10,313.80,60.80,164.60,1.0000,-1,-1,-1
114,10,1084.60,334.90,29.80,71.20,1.0000,-1,-1,-1
114,12,651.40,334.00,54.30,75.50,0.7350,-1,-1,-1
114,17,690.40,336.90,29.70,70.50,0.9880,-1,-1,-1
114,21,618.00,329.20,43.20,102.60,1.0000,-1,-1,-1
114,22,316.80,250.80,210.30,431.80,1.0000,-1,-1,-1
114,23,997.80,339.70,23.20,52.60,0.9890,-1,-1,-1
114,24,888.50,348.30,49.00,78.00,0.9750,-1,-1,-1
114,26,22.50,324.40,99.60,176.40,1.0000,-1,-1,-1
114,27,150.60,327.40,75.30,159.20,1.0000,-1,-1,-1
114,29,711.40,337.40,26.50,62.10,0.9090,-1,-1,-1
114,-1,965.20,330.30,33.20,98.30,0.0810,-1,-1,-1
115,3,928.20,325.00,55.40,149.00,1.0000,-1,-1,-1
115,5,1212.20,299.60,55.10,233.60,0.9990,-1,-1,-1
115,7,832.30,312.70,59.30,170.10,1.0000,-1,-1,-1
115,10,1082.20,333.70,31.50,72.80,1.0000,-1,-1,-1
115,12,675.70,336.90,29.30,72.40,0.9180,-1,-1,-1
115,17,695.00,338.30,27.80,69.50,0.9920,-1,-1,-1
115,21,614.10,330.80,42.70,103.60,1.0000,-1,-1,-1
115,22,313.00,245.60,216.90,439.50,1.0000,-1,-1,-1
115,23,992.70,338.60,22.90,53.80,0.9830,-1,-1,-1
115,24,887.20,348.30,44.40,74.30,0.9870,-1,-1,-1
115,26,10.30,326.00,104.80,179.30,1.0000,-1,-1,-1
115,27,146.20,328.00,69.60,158.10,1.0000,-1,-1,-1
115,29,714.90,338.50,23.60,60.30,0.2870,-1,-1,-1
115,-1,975.10,332.60,30.40,72.10,0.8680,-1,-1,-1
116,3,924.30,328.30,54.90,148.00,1.0000,-1,-1,-1
116,5,1210.10,294.10,52.70,234.70,1.0000,-1,-1,-1
116,7,828.70,314.30,60.90,165.60,1.0000,-1,-1,-1
116,10,1080.00,334.60,32.20,75.20,1.0000,-1,-1,-1
116,12,677.00,338.10,28.40,70.80,0.9030,-1,-1,-1
116,17,695.30,340.00,27.20,68.70,0.9850,-1,-1,-1
116,21,612.30,330.20,44.10,103.30,1.0000,-1,-1,-1
116,22,312.90,234.70,209.80,451.70,1.0000,-1,-1,-1
116,23,993.50,339.00,23.40,54.40,0.9660,-1,-1,-1
116,24,881.60,352.30,51.70,71.40,0.9860,-1,-1,-1
116,26,3.10,325.60,93.50,180.50,1.0000,-1,-1,-1
116,27,133.00,332.20,73.10,154.30,1.0000,-1,-1,-1
116,29,712.90,339.40,25.30,62.00,0.6730,-1,-1,-1
116,30,975.60,335.40,28.90,64.40,0.9830,-1,-1,-1
116,-1,628.40,333.90,68.20,84.00,0.3650,-1,-1,-1
117,3,919.60,329.20,56.00,147.40,1.0000,-1,-1,-1
117,5,1207.10,296.30,53.50,232.90,1.0000,-1,-1,-1
117,7,825.40,313.70,60.50,165.70,1.0000,-1,-1,-1
117,10,1077.70,335.30,33.00,74.60,1.0000,-1,-1,-1
117,12,674.80,336.30,28.30,71.70,0.9270,-1,-1,-1
117,17,691.80,337.20,28.10,69.60,0.9880,-1,-1,-1
117,21,610.70,327.80,44.20,105.00,1.0000,-1,-1,-1
117,22,315.20,248.30,215.20,436.70,1.0000,-1,-1,-1
117,23,1003.30,340.00,22.10,50.30,0.9800,-1,-1,-1
117,24,884.10,352.80,45.80,76.80,0.9640,-1,-1,-1
117,26,1.90,326.90,79.40,178.80,1.0000,-1,-1,-1
117,27,125.60,329.10,73.10,157.80,1.0000,-1,-1,-1
117,30,975.50,338.60,27.80,59.30,0.9720,-1,-1,-1
117,29,709.40,337.20,26.00,61.00,0.4150,-1,-1,-1
117,-1,960.90,334.40,29.90,84.80,0.1810,-1,-1,-1
118,3,917.80,330.40,55.10,144.10,1.0000,-1,-1,-1
118,5,1204.30,296.20,52.40,234.30,1.0000,-1,-1,-1
118,7,821.80,313.80,61.80,166.70,1.0000,-1,-1,-1
118,10,1075.90,334.40,33.20,74.80,1.0000,-1,-1,-1
118,12,667.00,340.00,28.00,70.80,0.9600,-1,-1,-1
118,17,693.90,340.90,27.20,68.00,0.9870,-1,-1,-1
118,21,609.60,331.50,43.20,101.20,1.0000,-1,-1,-1
118,22,317.70,248.30,222.20,436.40,1.0000,-1,-1,-1
118,23,1004.90,342.10,22.00,46.80,0.9780,-1,-1,-1
118,24,880.00,351.80,48.30,74.60,0.9730,-1,-1,-1
118,26,1.00,334.20,60.10,172.80,1.0000,-1,-1,-1
118,27,120.30,334.40,69.90,154.40,1.0000,-1,-1,-1
118,30,971.60,339.10,27.30,59.90,0.9790,-1,-1,-1
118,29,712.10,341.20,26.00,60.00,0.1370,-1,-1,-1
119,3,911.30,331.00,60.30,147.10,1.0000,-1,-1,-1
119,5,1199.50,299.70,53.00,234.50,1.0000,-1,-1,-1
119,7,814.40,314.70,60.90,163.90,1.0000,-1,-1,-1
119,10,1069.60,333.40,34.60,74.40,1.0000,-1,-1,-1
119,12,663.00,340.60,29.40,69.70,0.9840,-1,-1,-1
119,17,692.60,340.50,26.10,67.10,0.9850,-1,-1,-1
119,21,603.40,330.20,42.40,105.00,1.0000,-1,-1,-1
119,22,321.30,247.20,215.10,436.70,1.0000,-1,-1,-1
119,23,1001.50,341.70,22.40,45.50,0.9600,-1,-1,-1
119,24,878.70,350.50,44.50,76.00,0.8950,-1,-1,-1
119,26,1.00,332.00,45.10,178.30,0.9120,-1,-1,-1
119,27,108.40,340.30,74.20,150.10,1.0000,-1,-1,-1
119,30,971.10,338.60,28.10,62.00,0.9940,-1,-1,-1
119,-1,1165.70,313.70,44.10,183.70,0.0740,-1,-1,-1
119,-1,639.80,334.30,30.00,83.20,0.7410,-1,-1,-1
120,3,910.90,330.70,59.30,148.60,1.0000,-1,-1,-1
120,5,1197.50,295.70,54.50,239.00,1.0000,-1,-1,-1
120,7,811.40,316.60,60.80,162.90,1.0000,-1,-1,-1
120,10,1068.10,333.50,35.20,75.50,1.0000,-1,-1,-1
120,12,660.10,340.70,30.10,69.80,0.9880,-1,-1,-1
120,17,695.10,341.70,25.90,65.10,0.9890,-1,-1,-1
120,21,601.00,330.80,43.70,104.60,1.0000,-1,-1,-1
120,22,312.70,247.40,215.90,437.30,1.0000,-1,-1,-1
120,23,1005.30,341.50,22.10,44.00,0.9440,-1,-1,-1
120,24,883.90,349.00,42.00,82.70,0.7150,-1,-1,-1
120,27,101.80,340.60,73.40,150.40,1.0000,-1,-1,-1
120,30,968.70,340.00,28.40,62.00,0.9960,-1,-1,-1
120,31,637.20,334.50,28.60,83.10,0.7000,-1,-1,-1
120,-1,1159.30,319.90,45.30,173.10,0.2820,-1,-1,-1
121,3,912.50,329.00,57.80,150.90,1.0000,-1,-1,-1
121,5,1196.30,295.20,56.20,240.10,1.0000,-1,-1,-1
121,7,809.90,316.30,60.10,162.10,1.0000,-1,-1,-1
121,10,1067.90,332.70,35.20,75.20,1.0000,-1,-1,-1
121,12,656.70,338.50,31.30,74.00,0.9970,-1,-1,-1
121,17,695.70,339.80,26.10,65.10,0.9830,-1,-1,-1
121,21,599.90,329.80,43.70,107.10,1.0000,-1,-1,-1
121,22,315.70,244.40,213.10,445.00,1.0000,-1,-1,-1
121,23,1005.30,342.40,21.90,42.60,0.9470,-1,-1,-1
121,24,875.10,350.90,36.90,75.70,0.8490,-1,-1,-1
121,27,97.10,338.60,72.50,150.80,1.0000,-1,-1,-1
121,30,966.90,339.30,28.70,62.60,0.9950,-1,-1,-1
121,31,626.60,333.20,37.90,86.10,0.0690,-1,-1,-1
121,-1,891.70,341.50,50.20,107.20,0.1850,-1,-1,-1
121,-1,1152.00,323.90,50.30,158.50,0.9390,-1,-1,-1
122,3,910.10,328.90,59.50,149.40,1.0000,-1,-1,-1
122,5,1195.60,293.80,56.60,241.10,1.0000,-1,-1,-1
122,7,808.10,319.80,59.00,159.20,1.0000,-1,-1,-1
122,10,1067.70,332.60,34.90,74.90,1.0000,-1,-1,-1
122,12,655.80,337.70,31.80,75.00,0.9970,-1,-1,-1
122,17,695.60,342.40,25.10,62.70,0.9740,-1,-1,-1
122,21,599.20,330.70,44.10,103.60,1.0000,-1,-1,-1
122,22,317.50,235.40,214.80,462.00,1.0000,-1,-1,-1
122,23,1004.90,342.20,21.50,43.10,0.9500,-1,-1,-1
122,24,865.80,349.90,42.80,77.00,0.8630,-1,-1,-1
122,27,93.10,338.20,72.70,152.10,1.0000,-1,-1,-1
122,30,966.60,338.80,29.70,63.80,0.9910,-1,-1,-1
122,32,1151.70,327.00,50.70,154.60,0.9680,-1,-1,-1
122,29,709.00,345.00,24.90,58.30,0.1200,-1,-1,-1
123,3,909.60,330.10,58.90,147.90,1.0000,-1,-1,-1
123,5,1195.50,291.20,58.70,242.60,1.0000,-1,-1,-1
123,7,803.80,319.70,60.30,164.10,1.0000,-1,-1,-1
123,10,1066.00,332.60,35.40,78.00,1.0000,-1,-1,-1
123,12,657.40,343.80,30.20,69.70,0.9900,-1,-1,-1
123,17,690.80,343.70,26.10,66.60,0.9730,-1,-1,-1
123,21,597.50,336.40,42.50,100.80,1.0000,-1,-1,-1
123,22,318.60,240.60,221.10,454.30,1.0000,-1,-1,-1
123,23,1004.00,343.60,21.60,41.80,0.8450,-1,-1,-1
123,24,868.70,356.30,44.10,74.30,0.9660,-1,-1,-1
123,27,82.40,336.80,72.40,156.00,1.0000,-1,-1,-1
123,30,966.80,340.80,28.60,60.10,0.9950,-1,-1,-1
123,31,643.40,339.80,27.30,75.90,0.9350,-1,-1,-1
123,32,1146.40,325.60,58.20,159.90,0.9950,-1,-1,-1
123,-1,943.30,333.60,37.90,89.10,0.0780,-1,-1,-1
124,3,911.00,330.20,56.70,149.10,1.0000,-1,-1,-1
124,5,1194.30,291.70,62.50,243.50,1.0000,-1,-1,-1
124,7,802.90,323.30,61.20,158.90,1.0000,-1,-1,-1
124,10,1066.60,335.00,34.50,74.70,1.0000,-1,-1,-1
124,12,656.80,341.30,30.20,72.10,0.9880,-1,-1,-1
124,17,692.50,344.00,25.70,66.40,0.9540,-1,-1,-1
124,21,595.70,334.30,43.80,102.70,1.0000,-1,-1,-1
124,22,312.70,244.70,221.90,453.00,1.0000,-1,-1,-1
124,23,1005.40,344.40,22.70,44.10,0.9400,-1,-1,-1
124,24,867.20,356.90,45.50,72.50,0.9670,-1,-1,-1
124,27,77.80,336.80,73.00,158.30,1.0000,-1,-1,-1
124,30,967.10,342.20,29.20,59.10,0.9890,-1,-1,-1
124,32,1142.60,327.90,56.70,151.10,0.9990,-1,-1,-1
124,31,619.50,336.50,38.40,85.90,0.1860,-1,-1,-1
124,-1,675.40,341.30,26.00,71.10,0.7570,-1,-1,-1
125,3,910.90,329.70,59.70,158.10,1.0000,-1,-1,-1
125,5,1194.80,297.70,64.60,242.30,1.0000,-1,-1,-1
125,7,800.10,325.30,62.60,159.60,1.0000,-1,-1,-1
125,10,1068.10,337.30,35.30,76.90,1.0000,-1,-1,-1
125,12,664.30,346.00,26.90,69.90,0.9830,-1,-1,-1
125,21,596.20,337.30,44.40,101.40,1.0000,-1,-1,-1
125,22,318.40,252.90,219.90,438.40,1.0000,-1,-1,-1
125,23,1003.30,346.60,24.50,44.90,0.9580,-1,-1,-1
125,24,866.70,361.00,43.80,69.40,0.9960,-1,-1,-1
125,27,66.80,342.10,74.20,151.90,1.0000,-1,-1,-1
125,30,968.50,344.00,29.50,60.20,0.9950,-1,-1,-1
125,31,639.00,341.40,28.20,75.70,0.9120,-1,-1,-1
125,32,1139.60,329.60,59.50,151.90,0.9990,-1,-1,-1
125,33,683.20,348.00,26.00,67.10,0.9500,-1,-1,-1
125,-1,885.20,346.40,52.90,107.10,0.1450,-1,-1,-1
126,3,910.60,329.40,61.90,158.50,1.0000,-1,-1,-1
126,5,1195.90,299.10,66.60,241.80,1.0000,-1,-1,-1
126,7,802.50,325.40,62.90,163.80,1.0000,-1,-1,-1
126,10,1070.10,339.30,35.70,74.70,1.0000,-1,-1,-1
126,12,662.60,345.90,28.20,71.00,0.9810,-1,-1,-1
126,17,690.30,348.60,25.90,67.60,0.9750,-1,-1,-1
126,21,598.40,337.00,45.00,102.70,1.0000,-1,-1,-1
126,22,320.40,252.80,220.40,446.20,1.0000,-1,-1,-1
126,23,1002.80,347.90,24.00,46.50,0.9680,-1,-1,-1
126,24,870.90,359.10,43.20,67.90,0.9900,-1,-1,-1
126,27,64.00,340.50,72.50,158.10,1.0000,-1,-1,-1
126,30,968.50,345.60,30.70,60.40,0.9870,-1,-1,-1
126,31,641.70,340.30,29.10,78.70,0.9040,-1,-1,-1
126,32,1138.80,332.50,59.00,148.10,1.0000,-1,-1,-1
127,3,915.00,329.30,58.40,157.90,1.0000,-1,-1,-1
127,5,1198.70,300.00,68.00,242.10,1.0000,-1,-1,-1
127,7,804.40,323.70,60.90,164.10,1.0000,-1,-1,-1
127,10,1072.40,338.10,36.30,75.30,1.0000,-1,-1,-1
127,12,655.10,342.20,35.80,74.90,0.8390,-1,-1,-1
127,17,681.30,346.70,24.20,66.80,0.9350,-1,-1,-1
127,21,602.80,338.60,43.30,102.20,1.0000,-1,-1,-1
127,22,322.70,246.90,218.00,457.90,1.0000,-1,-1,-1
127,23,1007.50,344.50,23.10,45.40,0.9520,-1,-1,-1
127,24,873.90,361.40,45.40,70.20,0.9680,-1,-1,-1
127,27,57.70,341.20,72.20,158.50,1.0000,-1,-1,-1
127,30,969.60,342.30,30.60,64.50,0.9960,-1,-1,-1
127,32,1139.60,331.60,61.40,150.10,0.9990,-1,-1,-1
127,33,693.90,347.20,27.30,68.80,0.9930,-1,-1,-1
128,3,915.30,329.60,57.60,158.60,1.0000,-1,-1,-1
128,5,1200.90,301.90,69.00,239.90,1.0000,-1,-1,-1
128,7,805.00,325.70,60.40,159.20,1.0000,-1,-1,-1
128,10,1078.00,339.20,33.20,79.70,1.0000,-1,-1,-1
128,12,669.00,346.30,27.20,69.80,0.9400,-1,-1,-1
128,21,604.80,338.20,45.10,103.60,1.0000,-1,-1,-1
128,22,320.40,257.30,218.10,447.40,1.0000,-1,-1,-1
128,23,1004.40,347.00,23.00,47.20,0.9590,-1,-1,-1
128,24,877.60,362.60,44.20,70.40,0.9920,-1,-1,-1
128,27,53.90,341.80,72.50,156.70,1.0000,-1,-1,-1
128,30,972.10,345.50,32.00,61.80,0.9940,-1,-1,-1
128,32,1138.60,336.30,61.40,146.30,1.0000,-1,-1,-1
128,33,693.80,349.60,27.00,67.10,0.9850,-1,-1,-1
128,31,627.20,343.80,45.90,88.50,0.1170,-1,-1,-1
129,3,917.40,330.70,56.60,158.10,1.0000,-1,-1,-1
129,5,1200.40,304.30,70.30,236.70,1.0000,-1,-1,-1
129,7,807.20,326.40,60.30,157.20,1.0000,-1,-1,-1
129,10,1079.90,339.60,33.00,79.10,1.0000,-1,-1,-1
129,12,659.30,343.10,35.20,75.90,0.6870,-1,-1,-1
129,17,683.60,348.70,25.70,68.00,0.8750,-1,-1,-1
129,21,608.30,343.00,43.50,100.10,1.0000,-1,-1,-1
129,22,327.10,250.80,221.30,466.60,1.0000,-1,-1,-1
129,23,1004.30,347.30,21.70,44.90,0.9460,-1,-1,-1
129,24,878.10,363.90,46.80,72.40,0.9980,-1,-1,-1
129,27,49.50,340.80,76.90,159.80,1.0000,-1,-1,-1
129,30,971.80,344.50,30.10,62.30,0.9940,-1,-1,-1
129,32,1139.30,336.70,62.10,147.30,0.9990,-1,-1,-1
129,33,700.70,350.90,25.20,65.90,0.9830,-1,-1,-1
130,3,919.80,331.00,55.70,153.10,1.0000,-1,-1,-1
130,5,1195.60,300.00,82.90,244.80,1.0000,-1,-1,-1
130,7,809.70,323.10,61.10,161.50,1.0000,-1,-1,-1
130,10,1080.90,336.90,33.80,80.10,1.0000,-1,-1,-1
130,17,673.90,347.40,26.30,69.10,0.9180,-1,-1,-1
130,21,609.70,340.80,42.10,101.80,1.0000,-1,-1,-1
130,22,328.10,256.90,216.20,453.80,1.0000,-1,-1,-1
130,23,998.70,348.40,21.80,47.50,0.9280,-1,-1,-1
130,24,878.20,362.10,47.30,73.40,0.9970,-1,-1,-1
130,27,41.60,342.00,75.70,158.80,1.0000,-1,-1,-1
130,30,972.40,345.30,28.10,62.30,0.9870,-1,-1,-1
130,32,1141.80,332.10,59.60,145.30,0.9980,-1,-1,-1
130,33,697.20,350.00,25.80,66.30,0.9850,-1,-1,-1
130,31,636.10,343.20,45.80,84.50,0.2650,-1,-1,-1
131,3,920.70,329.10,54.60,152.40,1.0000,-1,-1,-1
131,5,1193.90,295.80,87.80,247.60,1.0000,-1,-1,-1
131,7,810.80,321.00,61.40,163.50,1.0000,-1,-1,-1
131,10,1081.00,335.70,34.00,77.60,1.0000,-1,-1,-1
131,17,670.70,344.10,26.50,70.80,0.9450,-1,-1,-1
131,21,609.70,337.20,44.10,102.80,1.0000,-1,-1,-1
131,22,333.50,244.80,214.60,472.50,1.0000,-1,-1,-1
131,23,995.80,345.70,22.70,48.70,0.9610,-1,-1,-1
131,24,880.10,359.40,47.30,72.60,0.9980,-1,-1,-1
131,27,39.00,338.60,74.50,158.70,1.0000,-1,-1,-1
131,30,974.60,343.70,27.80,61.60,0.9860,-1,-1,-1
131,32,1143.30,329.80,59.70,145.00,0.9970,-1,-1,-1
131,33,696.50,347.50,25.40,66.90,0.9800,-1,-1,-1
132,3,922.00,329.30,54.20,150.90,1.0000,-1,-1,-1
132,5,1193.10,293.20,90.80,249.00,1.0000,-1,-1,-1
132,7,813.40,319.60,61.50,163.10,1.0000,-1,-1,-1
132,10,1084.30,333.40,33.80,79.10,1.0000,-1,-1,-1
132,17,671.50,343.60,27.10,69.60,0.9380,-1,-1,-1
132,21,611.10,337.70,43.90,104.30,1.0000,-1,-1,-1
132,22,334.20,246.40,223.20,477.30,1.0000,-1,-1,-1
132,23,992.30,343.10,23.10,51.20,0.9740,-1,-1,-1
132,24,880.40,355.50,47.30,77.60,0.9980,-1,-1,-1
132,27,30.20,337.20,76.90,158.30,1.0000,-1,-1,-1
132,30,973.60,342.20,27.60,59.40,0.9770,-1,-1,-1
132,32,1144.90,325.30,59.30,149.10,0.9970,-1,-1,-1
132,33,700.70,347.00,25.60,65.20,0.9900,-1,-1,-1
133,3,921.50,329.70,54.80,149.40,1.0000,-1,-1,-1
133,5,1194.70,290.80,90.50,250.40,1.0000,-1,-1,-1
133,7,813.70,318.40,61.30,162.80,1.0000,-1,-1,-1
133,10,1084.40,331.60,33.80,79.70,1.0000,-1,-1,-1
133,17,672.70,342.60,27.10,68.70,0.9010,-1,-1,-1
133,21,612.40,336.80,43.20,104.70,1.0000,-1,-1,-1
133,22,322.90,246.50,233.30,472.90,1.0000,-1,-1,-1
133,23,994.70,341.30,22.60,51.00,0.9550,-1,-1,-1
133,24,880.90,354.60,47.40,77.30,0.9990,-1,-1,-1
133,27,27.30,335.50,75.70,157.40,1.0000,-1,-1,-1
133,30,970.20,341.10,29.70,63.00,0.9620,-1,-1,-1
133,32,1143.20,322.30,59.40,150.50,0.9990,-1,-1,-1
133,33,701.60,344.90,26.20,66.70,0.9940,-1,-1,-1
134,3,921.20,328.70,55.60,150.30,1.0000,-1,-1,-1
134,5,1198.70,291.30,84.40,252.30,1.0000,-1,-1,-1
134,7,812.60,319.20,60.60,161.80,1.0000,-1,-1,-1
134,10,1086.60,331.20,33.70,80.70,1.0000,-1,-1,-1
134,17,669.90,341.40,27.50,70.30,0.9170,-1,-1,-1
134,21,612.10,336.30,43.20,105.50,1.0000,-1,-1,-1
134,22,332.30,247.90,216.00,464.00,1.0000,-1,-1,-1
134,23,996.00,340.60,22.60,51.40,0.9560,-1,-1,-1
134,24,879.70,355.00,47.40,77.30,0.9980,-1,-1,-1
134,27,24.80,335.30,75.00,157.70,1.0000,-1,-1,-1
134,30,970.10,340.70,29.60,63.70,0.9580,-1,-1,-1
134,32,1142.80,322.60,57.80,148.20,1.0000,-1,-1,-1
134,33,701.70,343.50,26.50,67.60,0.9940,-1,-1,-1
135,3,920.20,329.20,56.00,150.00,1.0000,-1,-1,-1
135,5,1208.30,290.20,78.50,251.00,1.0000,-1,-1,-1
135,7,812.90,317.20,61.30,165.80,1.0000,-1,-1,-1
135,10,1089.50,328.70,34.70,83.50,1.0000,-1,-1,-1
135,17,673.90,341.40,27.30,68.40,0.9010,-1,-1,-1
135,21,612.90,336.70,43.40,103.10,1.0000,-1,-1,-1
135,22,318.10,244.80,223.50,469.80,1.0000,-1,-1,-1
135,23,985.00,337.90,26.00,58.80,0.9950,-1,-1,-1
135,24,881.30,355.10,46.70,76.80,0.9970,-1,-1,-1
135,27,17.50,332.80,75.60,162.40,1.0000,-1,-1,-1
135,32,1142.90,324.10,59.40,147.70,1.0000,-1,-1,-1
135,33,701.10,341.10,25.50,68.60,0.9940,-1,-1,-1
135,31,633.20,336.20,64.90,82.00,0.3090,-1,-1,-1
135,-1,1057.90,337.20,23.70,50.00,0.2230,-1,-1,-1
136,3,921.10,330.10,56.00,148.30,1.0000,-1,-1,-1
136,5,1211.90,289.90,75.40,252.10,1.0000,-1,-1,-1
136,7,813.50,317.00,60.60,166.00,1.0000,-1,-1,-1
136,10,1090.90,329.20,34.90,81.10,1.0000,-1,-1,-1
136,17,674.00,340.80,26.90,67.60,0.9050,-1,-1,-1
136,21,613.00,337.10,42.80,103.90,1.0000,-1,-1,-1
136,22,318.10,241.00,219.90,472.90,1.0000,-1,-1,-1
136,23,988.70,339.00,24.70,55.40,0.9860,-1,-1,-1
136,24,881.20,354.90,47.20,76.00,0.9960,-1,-1,-1
136,27,10.20,334.30,77.00,159.90,1.0000,-1,-1,-1
136,30,972.50,337.50,30.00,66.60,0.8770,-1,-1,-1
136,32,1142.70,324.70,58.00,147.20,1.0000,-1,-1,-1
136,33,700.50,340.50,25.60,68.30,0.9900,-1,-1,-1
136,31,633.10,336.00,64.00,81.50,0.3000,-1,-1,-1
136,-1,1056.70,337.20,24.30,49.20,0.3320,-1,-1,-1
137,3,920.00,328.60,57.30,150.60,1.0000,-1,-1,-1
137,5,1214.90,291.40,73.80,250.10,1.0000,-1,-1,-1
137,7,813.50,317.70,60.50,164.30,1.0000,-1,-1,-1
137,10,1090.90,330.30,34.80,81.00,1.0000,-1,-1,-1
137,17,677.00,342.60,26.70,67.10,0.8750,-1,-1,-1
137,21,615.00,339.40,41.50,103.30,1.0000,-1,-1,-1
137,22,312.70,241.20,225.20,469.50,1.0000,-1,-1,-1
137,23,978.80,338.00,28.70,61.40,0.9890,-1,-1,-1
137,24,881.00,355.70,47.90,74.00,0.9900,-1,-1,-1
137,27,5.80,334.50,78.30,162.90,1.0000,-1,-1,-1
137,32,1142.10,325.60,59.60,147.80,1.0000,-1,-1,-1
137,33,701.50,341.70,25.90,68.60,0.9920,-1,-1,-1
137,-1,1061.10,338.10,25.30,47.70,0.4730,-1,-1,-1
138,3,919.50,327.70,58.00,151.20,1.0000,-1,-1,-1
138,5,1219.90,287.00,75.50,256.10,1.0000,-1,-1,-1
138,7,813.30,316.20,61.10,166.30,1.0000,-1,-1,-1
138,10,1092.50,329.20,35.10,81.70,1.0000,-1,-1,-1
138,17,674.10,341.70,26.00,65.90,0.9100,-1,-1,-1
138,21,613.30,338.00,44.40,104.60,1.0000,-1,-1,-1
138,22,309.90,242.20,228.30,476.80,1.0000,-1,-1,-1
138,23,984.70,339.50,27.20,57.40,0.9930,-1,-1,-1
138,24,881.60,355.10,47.70,74.00,0.9900,-1,-1,-1
138,27,2.40,332.60,77.00,165.90,1.0000,-1,-1,-1
138,32,1142.40,324.00,59.10,148.40,1.0000,-1,-1,-1
138,33,705.40,342.00,25.60,66.00,0.9880,-1,-1,-1
138,-1,1034.70,340.50,22.30,46.90,0.8630,-1,-1,-1
139,3,918.40,326.60,56.20,152.20,1.0000,-1,-1,-1
139,5,1218.30,285.00,78.10,258.50,1.0000,-1,-1,-1
139,7,809.90,317.70,59.80,163.70,1.0000,-1,-1,-1
139,10,1095.10,331.80,33.50,79.40,1.0000,-1,-1,-1
139,17,673.70,341.00,26.20,67.30,0.7920,-1,-1,-1
139,21,611.50,338.10,43.70,99.70,1.0000,-1,-1,-1
139,22,319.10,247.00,202.30,464.40,1.0000,-1,-1,-1
139,23,988.00,340.00,27.50,57.90,0.9910,-1,-1,-1
139,24,878.10,356.50,48.40,72.60,0.9880,-1,-1,-1
139,27,1.00,332.60,71.40,162.50,1.0000,-1,-1,-1
139,32,1142.40,321.70,58.90,151.70,1.0000,-1,-1,-1
139,33,702.90,341.60,26.10,66.20,0.9910,-1,-1,-1
139,34,1028.20,341.20,22.60,46.00,0.9320,-1,-1,-1
139,30,969.30,338.00,32.00,79.40,0.4670,-1,-1,-1
139,31,629.80,336.80,60.00,80.40,0.1550,-1,-1,-1
140,3,921.30,328.50,55.40,151.80,1.0000,-1,-1,-1
140,5,1222.30,291.20,73.90,261.80,1.0000,-1,-1,-1
140,7,814.40,316.70,61.00,166.50,1.0000,-1,-1,-1
140,10,1093.70,333.00,34.80,79.90,1.0000,-1,-1,-1
140,12,685.80,342.00,26.80,68.60,0.8580,-1,-1,-1
140,21,614.60,340.90,42.40,102.20,1.0000,-1,-1,-1
140,22,312.20,244.30,212.20,484.90,1.0000,-1,-1,-1
140,23,981.20,338.70,28.10,62.00,0.9900,-1,-1,-1
140,24,881.30,354.00,47.70,78.70,0.9930,-1,-1,-1
140,27,1.00,335.60,64.00,159.70,1.0000,-1,-1,-1
140,32,1143.70,327.90,58.60,146.60,1.0000,-1,-1,-1
140,33,702.20,343.40,25.90,68.50,0.9940,-1,-1,-1
140,34,1031.60,341.70,20.40,47.10,0.9340,-1,-1,-1
140,31,651.90,339.00,45.50,75.60,0.3070,-1,-1,-1
140,-1,996.90,341.90,24.90,53.20,0.8910,-1,-1,-1
141,3,918.10,330.60,57.50,151.30,1.0000,-1,-1,-1
141,5,1221.50,289.50,76.50,259.10,1.0000,-1,-1,-1
141,7,811.90,320.50,64.10,167.70,1.0000,-1,-1,-1
141,10,1090.70,333.30,36.80,83.80,1.0000,-1,-1,-1
141,17,679.10,345.90,26.00,67.20,0.8880,-1,-1,-1
141,21,615.90,343.30,42.30,100.80,1.0000,-1,-1,-1
141,22,311.60,249.20,204.10,480.90,1.0000,-1,-1,-1
141,24,879.60,357.50,46.90,77.70,0.9970,-1,-1,-1
141,27,1.90,335.80,57.70,161.40,1.0000,-1,-1,-1
141,29,695.30,346.20,26.60,67.10,0.9710,-1,-1,-1
141,30,975.10,341.50,29.10,66.80,0.9920,-1,-1,-1
141,32,1143.40,331.60,58.50,146.00,1.0000,-1,-1,-1
141,34,1035.50,344.30,20.80,45.10,0.9690,-1,-1,-1
141,35,1000.50,344.80,23.70,51.70,0.8190,-1,-1,-1
141,31,649.00,340.90,37.90,77.40,0.2500,-1,-1,-1
141,-1,1047.40,342.80,24.30,47.40,0.3760,-1,-1,-1
141,-1,1014.20,346.70,21.20,46.50,0.8410,-1,-1,-1
142,3,919.40,332.20,55.70,152.70,1.0000,-1,-1,-1
142,5,1223.70,290.40,73.40,265.00,1.0000,-1,-1,-1
142,7,809.10,324.30,62.80,162.20,1.0000,-1,-1,-1
142,10,1088.80,336.40,36.90,82.20,1.0000,-1,-1,-1
142,12,685.70,345.80,25.10,67.20,0.8480,-1,-1,-1
142,21,615.80,342.50,41.00,100.90,1.0000,-1,-1,-1
142,22,314.70,249.30,192.20,483.80,1.0000,-1,-1,-1
142,24,879.10,361.40,45.80,74.00,0.9960,-1,-1,-1
142,27,1.00,342.30,55.90,155.00,1.0000,-1,-1,-1
142,30,975.20,344.10,29.10,64.80,0.9950,-1,-1,-1
142,32,1141.30,332.00,57.30,148.00,0.9990,-1,-1,-1
142,33,702.00,348.10,24.90,65.30,0.9930,-1,-1,-1
142,34,1034.40,346.20,20.80,45.90,0.7210,-1,-1,-1
142,35,998.90,346.90,23.50,51.30,0.9120,-1,-1,-1
142,31,656.30,340.60,39.90,76.10,0.1690,-1,-1,-1
142,-1,1051.20,345.00,25.10,48.60,0.1670,-1,-1,-1
143,3,919.70,332.70,53.90,150.60,1.0000,-1,-1,-1
143,5,1222.10,290.20,72.50,264.20,1.0000,-1,-1,-1
143,7,807.30,321.20,63.50,164.10,1.0000,-1,-1,-1
143,10,1089.80,333.80,37.30,83.90,1.0000,-1,-1,-1
143,12,684.20,344.60,25.90,66.40,0.8890,-1,-1,-1
143,21,615.60,341.20,42.00,102.00,1.0000,-1,-1,-1
143,22,311.80,248.40,188.10,486.00,1.0000,-1,-1,-1
143,24,881.10,356.40,46.90,81.10,0.9990,-1,-1,-1
143,27,1.60,338.70,50.70,156.50,1.0000,-1,-1,-1
143,30,974.60,343.00,29.30,66.30,0.9970,-1,-1,-1
143,32,1140.90,332.90,58.30,146.70,1.0000,-1,-1,-1
143,33,702.10,346.00,25.20,66.00,0.9910,-1,-1,-1
143,34,1031.80,345.60,21.70,45.60,0.9510,-1,-1,-1
143,35,1014.60,347.10,20.90,46.70,0.9150,-1,-1,-1
143,31,651.00,340.20,37.40,78.00,0.2480,-1,-1,-1
143,-1,582.30,341.20,36.00,84.10,0.9570,-1,-1,-1
144,3,918.60,336.70,53.70,146.80,1.0000,-1,-1,-1
144,5,1222.40,291.40,74.00,265.60,1.0000,-1,-1,-1
144,7,805.80,320.40,63.00,166.90,1.0000,-1,-1,-1
144,10,1091.10,335.00,36.30,83.70,1.0000,-1,-1,-1
144,17,682.10,346.70,25.50,64.00,0.8910,-1,-1,-1
144,21,614.30,341.90,40.80,104.30,1.0000,-1,-1,-1
144,22,309.30,251.40,188.10,486.60,1.0000,-1,-1,-1
144,24,882.70,357.50,45.00,81.70,0.9990,-1,-1,-1
144,27,2.20,333.50,40.70,167.80,0.8720,-1,-1,-1
144,30,974.70,344.90,28.90,65.10,0.9970,-1,-1,-1
144,32,1137.10,328.80,62.10,150.20,1.0000,-1,-1,-1
144,33,697.80,347.30,25.10,64.10,0.9850,-1,-1,-1
144,34,1028.80,346.90,22.30,45.40,0.9900,-1,-1,-1
144,35,1015.50,347.40,20.90,46.50,0.9150,-1,-1,-1
144,36,580.60,339.70,34.20,85.20,0.9350,-1,-1,-1
144,29,713.10,346.40,23.10,61.80,0.0870,-1,-1,-1
144,31,653.10,342.00,37.70,73.20,0.2240,-1,-1,-1
145,3,913.80,335.50,55.90,149.80,1.0000,-1,-1,-1
145,5,1220.90,292.10,74.50,270.50,1.0000,-1,-1,-1
145,7,801.80,323.70,62.30,164.10,1.0000,-1,-1,-1
145,10,1087.70,335.70,35.40,86.00,1.0000,-1,-1,-1
145,17,680.50,346.10,25.70,63.00,0.9080,-1,-1,-1
145,21,614.50,341.30,41.20,105.40,1.0000,-1,-1,-1
145,22,290.30,250.30,202.30,497.00,1.0000,-1,-1,-1
145,24,880.60,359.80,44.70,79.50,0.9970,-1,-1,-1
145,30,969.20,344.30,31.20,67.00,0.9980,-1,-1,-1
145,32,1133.20,329.60,62.00,151.30,1.0000,-1,-1,-1
145,33,695.50,346.60,25.20,64.40,0.9800,-1,-1,-1
145,35,1019.30,347.50,21.20,46.80,0.9740,-1,-1,-1
145,36,581.70,337.50,36.70,85.20,0.9890,-1,-1,-1
145,31,647.80,340.30,35.20,75.60,0.2830,-1,-1,-1
145,34,1035.50,344.80,24.00,49.70,0.1680,-1,-1,-1
146,3,914.10,336.10,56.40,149.20,1.0000,-1,-1,-1
146,5,1220.80,292.10,73.60,270.90,1.0000,-1,-1,-1
146,7,800.00,322.00,62.80,165.60,1.0000,-1,-1,-1
146,10,1087.20,335.20,35.30,88.20,1.0000,-1,-1,-1
146,17,679.70,346.10,25.50,63.20,0.9050,-1,-1,-1
146,21,613.80,341.30,41.30,107.90,1.0000,-1,-1,-1
146,22,276.20,249.60,219.30,492.20,1.0000,-1,-1,-1
146,24,879.90,360.40,44.00,79.10,0.9990,-1,-1,-1
146,30,968.30,344.80,31.30,65.90,0.9970,-1,-1,-1
146,32,1133.10,332.70,61.30,151.10,1.0000,-1,-1,-1
146,33,696.60,347.00,23.90,63.20,0.9850,-1,-1,-1
146,35,1017.20,347.20,21.30,46.70,0.9650,-1,-1,-1
146,36,580.10,337.40,38.10,84.40,0.9910,-1,-1,-1
146,31,647.70,340.60,37.00,74.90,0.2290,-1,-1,-1
146,34,1045.00,345.30,22.30,47.60,0.1670,-1,-1,-1
147,3,912.00,334.60,57.90,153.70,1.0000,-1,-1,-1
147,5,1218.90,290.90,75.10,274.40,1.0000,-1,-1,-1
147,7,799.10,322.60,62.50,166.30,1.0000,-1,-1,-1
147,10,1087.20,335.90,36.00,88.40,1.0000,-1,-1,-1
147,17,679.90,346.70,25.60,63.80,0.9250,-1,-1,-1
147,21,614.30,342.20,41.90,106.10,1.0000,-1,-1,-1
147,22,272.20,245.60,226.20,504.90,1.0000,-1,-1,-1
147,24,877.70,359.60,45.50,80.70,0.9990,-1,-1,-1
147,30,969.60,344.30,30.80,66.80,0.9970,-1,-1,-1
147,32,1134.00,334.50,59.80,149.10,1.0000,-1,-1,-1
147,33,694.30,346.70,25.30,65.00,0.9860,-1,-1,-1
147,35,1016.20,347.50,21.20,46.20,0.9630,-1,-1,-1
147,36,583.20,340.60,35.10,83.20,0.9770,-1,-1,-1
147,31,640.60,341.10,37.50,81.70,0.2690,-1,-1,-1
148,3,913.60,334.40,55.80,152.50,1.0000,-1,-1,-1
148,5,1218.50,290.40,76.20,271.50,1.0000,-1,-1,-1
148,7,798.50,324.10,61.50,165.00,1.0000,-1,-1,-1
148,10,1087.30,337.10,35.60,88.30,1.0000,-1,-1,-1
148,17,677.20,345.30,25.60,65.50,0.9310,-1,-1,-1
148,21,614.70,342.30,40.30,107.10,1.0000,-1,-1,-1
148,22,268.70,246.20,227.30,498.10,1.0000,-1,-1,-1
148,24,877.60,359.80,44.40,81.10,0.9990,-1,-1,-1
148,30,971.60,344.20,29.80,66.00,0.9980,-1,-1,-1
148,32,1128.80,336.60,63.40,145.00,1.0000,-1,-1,-1
148,33,694.40,347.20,23.30,64.50,0.9870,-1,-1,-1
148,35,1016.60,347.50,21.50,47.30,0.9760,-1,-1,-1
148,36,580.40,337.40,37.60,85.20,0.9880,-1,-1,-1
148,31,645.10,340.80,36.30,77.90,0.4050,-1,-1,-1
148,34,1037.20,346.10,23.40,48.10,0.0690,-1,-1,-1
149,3,911.90,334.30,56.80,153.30,1.0000,-1,-1,-1
149,5,1220.10,290.70,76.90,276.40,1.0000,-1,-1,-1
149,7,794.70,328.40,62.70,161.30,1.0000,-1,-1,-1
149,10,1086.40,336.70,37.00,88.30,1.0000,-1,-1,-1
149,17,676.10,346.30,26.00,67.10,0.9490,-1,-1,-1
149,21,613.90,343.40,39.90,107.50,1.0000,-1,-1,-1
149,22,262.50,250.00,233.10,499.20,1.0000,-1,-1,-1
149,24,877.80,361.50,44.00,78.90,0.9980,-1,-1,-1
149,30,972.70,345.60,29.40,64.10,0.9990,-1,-1,-1
149,32,1125.30,336.60,65.40,146.70,1.0000,-1,-1,-1
149,33,693.90,348.10,24.00,64.70,0.9820,-1,-1,-1
149,35,1016.10,348.30,21.20,46.90,0.9770,-1,-1,-1
149,36,579.80,339.90,36.10,83.90,0.9880,-1,-1,-1
149,31,645.70,342.60,35.90,78.40,0.2820,-1,-1,-1
150,3,910.70,336.10,55.10,153.50,1.0000,-1,-1,-1
150,5,1219.20,290.30,82.20,281.50,1.0000,-1,-1,-1
150,7,792.40,326.50,62.10,164.60,1.0000,-1,-1,-1
150,10,1087.80,340.30,38.40,86.40,1.0000,-1,-1,-1
150,17,678.10,347.10,25.40,66.70,0.9380,-1,-1,-1
150,21,612.60,346.60,40.50,103.70,1.0000,-1,-1,-1
150,22,247.70,251.50,242.90,501.40,1.0000,-1,-1,-1
150,24,875.90,361.80,44.80,82.90,0.9970,-1,-1,-1
150,30,973.90,347.60,29.90,63.80,0.9970,-1,-1,-1
150,32,1125.00,337.10,62.70,148.00,1.0000,-1,-1,-1
150,33,693.60,349.20,24.80,65.30,0.9810,-1,-1,-1
150,35,1009.40,351.80,22.40,48.80,0.9680,-1,-1,-1
150,36,572.30,341.80,37.60,85.40,0.9960,-1,-1,-1
150,31,637.40,343.60,35.10,85.00,0.1990,-1,-1,-1
151,3,912.10,335.30,53.40,155.10,1.0000,-1,-1,-1
151,5,1218.80,286.70,88.70,277.70,1.0000,-1,-1,-1
151,7,796.00,325.10,61.30,166.20,1.0000,-1,-1,-1
151,10,1087.40,343.50,39.10,81.20,0.9990,-1,-1,-1
151,17,677.20,349.80,26.00,63.60,0.8870,-1,-1,-1
151,21,613.50,347.20,41.40,100.70,1.0000,-1,-1,-1
151,22,251.00,262.10,238.40,490.50,1.0000,-1,-1,-1
151,24,878.40,365.10,34.90,78.70,0.8840,-1,-1,-1
151,30,973.30,349.50,31.10,59.90,0.9930,-1,-1,-1
151,32,1125.60,338.30,60.50,146.60,1.0000,-1,-1,-1
151,33,697.90,352.00,26.90,63.00,0.9910,-1,-1,-1
151,35,1001.80,349.50,24.70,52.20,0.9600,-1,-1,-1
151,36,570.90,341.60,37.70,83.00,0.9840,-1,-1,-1
151,31,641.80,342.80,35.80,82.20,0.0840,-1,-1,-1
151,34,1055.50,345.20,25.30,47.40,0.0510,-1,-1,-1
151,-1,592.90,349.10,31.00,81.40,0.5250,-1,-1,-1
152,3,909.70,335.50,56.10,157.30,1.0000,-1,-1,-1
152,5,1221.20,296.60,85.30,277.20,1.0000,-1,-1,-1
152,7,791.30,330.50,61.40,167.00,1.0000,-1,-1,-1
152,10,1087.90,344.90,39.60,93.90,1.0000,-1,-1,-1
152,12,686.00,351.20,25.90,66.60,0.9970,-1,-1,-1
152,21,613.30,351.40,40.10,103.80,1.0000,-1,-1,-1
152,22,242.80,259.00,247.50,505.60,1.0000,-1,-1,-1
152,24,873.60,364.30,41.30,80.80,0.9960,-1,-1,-1
152,30,976.10,347.90,28.90,62.30,0.9990,-1,-1,-1
152,32,1120.40,342.50,62.70,149.10,1.0000,-1,-1,-1
152,35,1003.00,351.90,21.30,49.90,0.9450,-1,-1,-1
152,23,958.90,339.80,30.20,80.30,0.0750,-1,-1,-1
152,31,647.10,347.30,35.90,77.10,0.0860,-1,-1,-1
152,36,574.80,345.70,27.40,79.10,0.3250,-1,-1,-1
153,3,911.80,339.40,51.70,149.80,1.0000,-1,-1,-1
153,5,1223.80,297.70,81.90,278.90,1.0000,-1,-1,-1
153,7,793.30,329.70,63.50,167.10,1.0000,-1,-1,-1
153,10,1093.70,348.10,38.60,83.50,0.9980,-1,-1,-1
153,17,673.50,351.60,26.60,66.20,0.9380,-1,-1,-1
153,21,615.20,350.90,39.90,102.40,1.0000,-1,-1,-1
153,22,244.90,262.60,247.00,498.50,1.0000,-1,-1,-1
153,24,876.20,359.10,47.00,92.30,0.9970,-1,-1,-1
153,30,976.10,348.70,30.00,65.70,0.9990,-1,-1,-1
153,32,1123.70,341.10,61.10,148.00,1.0000,-1,-1,-1
153,33,692.90,353.80,25.70,65.50,0.9860,-1,-1,-1
153,35,995.60,351.10,23.80,55.90,0.9220,-1,-1,-1
153,36,576.60,346.80,31.50,77.30,0.3820,-1,-1,-1
153,-1,599.70,352.90,34.90,80.70,0.1400,-1,-1,-1
153,-1,1026.10,355.30,20.60,46.00,0.8570,-1,-1,-1
154,3,913.50,337.00,51.30,152.30,1.0000,-1,-1,-1
154,5,1226.60,297.30,85.80,269.00,1.0000,-1,-1,-1
154,7,797.50,329.20,61.70,167.70,1.0000,-1,-1,-1
154,10,1094.50,346.10,38.60,81.30,0.9970,-1,-1,-1
154,21,616.70,349.30,41.70,105.30,1.0000,-1,-1,-1
154,22,234.70,265.60,255.10,502.70,1.0000,-1,-1,-1
154,24,879.20,358.80,49.40,93.30,0.9950,-1,-1,-1
154,30,977.40,348.00,30.10,66.40,0.9990,-1,-1,-1
154,32,1124.70,336.70,63.00,151.10,1.0000,-1,-1,-1
154,33,699.50,353.60,25.80,64.80,0.9850,-1,-1,-1
154,35,995.70,354.60,24.00,56.80,0.8240,-1,-1,-1
154,37,1027.30,355.60,20.70,44.60,0.8340,-1,-1,-1
154,36,577.20,348.40,33.00,73.40,0.1560,-1,-1,-1
154,-1,713.70,352.20,24.40,61.80,0.0730,-1,-1,-1
155,3,915.40,336.70,51.60,151.10,1.0000,-1,-1,-1
155,5,1235.90,297.20,83.10,279.90,1.0000,-1,-1,-1
155,7,798.80,328.80,60.90,167.00,1.0000,-1,-1,-1
155,10,1098.90,345.20,36.60,79.00,0.9950,-1,-1,-1
155,12,683.70,355.10,26.70,63.10,0.8030,-1,-1,-1
155,21,620.10,349.90,41.80,108.90,1.0000,-1,-1,-1
155,22,232.90,259.50,252.30,511.30,1.0000,-1,-1,-1
155,24,883.70,361.90,47.00,91.90,0.9970,-1,-1,-1
155,30,981.30,349.50,27.90,66.60,0.9980,-1,-1,-1
155,32,1126.20,337.90,61.60,152.00,1.0000,-1,-1,-1
155,33,702.80,354.40,25.90,64.10,0.9900,-1,-1,-1
155,35,997.60,353.80,25.10,57.90,0.8500,-1,-1,-1
155,36,597.00,352.70,33.00,72.90,0.6410,-1,-1,-1
155,37,1031.50,354.70,20.60,43.10,0.9820,-1,-1,-1
155,-1,579.90,347.50,32.20,74.40,0.1500,-1,-1,-1
156,3,914.10,333.60,56.60,156.40,1.0000,-1,-1,-1
156,5,1246.70,293.70,76.60,285.70,1.0000,-1,-1,-1
156,7,799.50,327.30,62.70,168.10,1.0000,-1,-1,-1
156,10,1103.00,344.00,37.30,79.20,0.9900,-1,-1,-1
156,12,681.10,351.70,25.00,64.30,0.8860,-1,-1,-1
156,17,664.60,350.00,29.80,71.10,0.7060,-1,-1,-1
156,21,624.30,347.10,42.10,110.50,1.0000,-1,-1,-1
156,22,229.10,259.80,252.60,513.20,1.0000,-1,-1,-1
156,24,883.70,358.70,48.30,94.60,0.9580,-1,-1,-1
156,30,986.00,349.80,26.90,64.20,0.9980,-1,-1,-1
156,32,1130.60,337.60,61.70,149.90,1.0000,-1,-1,-1
156,33,705.20,353.80,25.60,62.60,0.9860,-1,-1,-1
156,36,598.40,351.40,32.30,68.60,0.7640,-1,-1,-1
156,37,1034.10,354.60,21.40,43.30,0.9810,-1,-1,-1
156,-1,1015.70,347.70,25.70,57.30,0.1410,-1,-1,-1
157,3,915.40,334.80,56.00,156.30,1.0000,-1,-1,-1
157,5,1247.50,290.50,77.40,287.60,1.0000,-1,-1,-1
157,7,799.90,323.60,64.10,173.50,1.0000,-1,-1,-1
157,10,1105.60,343.70,36.60,81.50,0.9750,-1,-1,-1
157,12,674.60,347.30,26.70,71.00,0.8760,-1,-1,-1
157,21,626.90,345.90,42.10,111.50,1.0000,-1,-1,-1
157,22,221.00,261.30,253.70,518.10,1.0000,-1,-1,-1
157,24,886.10,356.20,46.50,98.20,0.9700,-1,-1,-1
157,30,987.80,350.20,28.30,65.10,0.9990,-1,-1,-1
157,32,1130.10,337.50,62.60,149.30,1.0000,-1,-1,-1
157,33,705.50,352.70,26.50,64.70,0.9840,-1,-1,-1
157,36,600.00,350.20,30.00,64.20,0.7210,-1,-1,-1
157,37,1034.40,354.00,21.90,44.60,0.9810,-1,-1,-1
157,-1,1015.40,347.20,26.00,57.60,0.1040,-1,-1,-1
157,-1,721.60,359.30,23.40,59.80,0.0660,-1,-1,-1
158,3,914.30,336.40,55.10,152.00,1.0000,-1,-1,-1
158,5,1247.60,293.30,77.40,285.20,1.0000,-1,-1,-1
158,7,801.80,321.60,62.90,175.10,1.0000,-1,-1,-1
158,10,1106.50,341.60,37.90,84.50,0.9750,-1,-1,-1
158,12,674.90,347.90,27.70,73.50,0.8310,-1,-1,-1
158,21,628.60,344.40,41.70,111.20,1.0000,-1,-1,-1
158,22,217.20,265.90,254.90,519.10,1.0000,-1,-1,-1
158,24,887.40,354.80,46.60,100.70,0.9360,-1,-1,-1
158,30,988.90,349.20,28.00,63.90,1.0000,-1,-1,-1
158,32,1132.40,337.80,61.50,146.90,1.0000,-1,-1,-1
158,33,709.00,350.90,25.60,63.90,0.9920,-1,-1,-1
158,37,1033.90,353.10,20.80,43.90,0.9790,-1,-1,-1
158,35,1005.40,344.70,27.90,62.10,0.1200,-1,-1,-1
158,36,599.70,349.70,31.10,63.70,0.4910,-1,-1,-1
159,3,912.90,331.30,58.30,155.30,1.0000,-1,-1,-1
159,5,1249.70,286.20,83.90,283.50,1.0000,-1,-1,-1
159,7,804.00,320.80,60.60,171.50,1.0000,-1,-1,-1
159,10,1106.60,340.70,37.00,80.90,0.9850,-1,-1,-1
159,21,632.30,338.70,40.70,114.90,1.0000,-1,-1,-1
159,22,216.20,268.70,254.70,512.10,1.0000,-1,-1,-1
159,30,990.60,347.20,29.20,62.60,1.0000,-1,-1,-1
159,32,1134.10,335.10,60.90,147.30,1.0000,-1,-1,-1
159,33,710.20,347.90,25.40,67.00,0.9960,-1,-1,-1
159,37,1035.60,347.90,21.40,45.20,0.9790,-1,-1,-1
159,12,683.70,344.50,42.50,71.10,0.4920,-1,-1,-1
159,17,667.20,336.60,30.10,83.10,0.5470,-1,-1,-1
159,36,599.20,345.60,31.00,63.80,0.5640,-1,-1,-1
160,3,913.00,329.70,56.90,156.10,1.0000,-1,-1,-1
160,5,1251.80,286.10,82.70,289.40,1.0000,-1,-1,-1
160,7,806.10,321.00,60.10,169.50,1.0000,-1,-1,-1
160,10,1110.20,332.40,38.80,92.80,0.9980,-1,-1,-1
160,12,698.90,346.50,27.20,64.90,0.9410,-1,-1,-1
160,21,637.90,339.20,37.70,111.50,1.0000,-1,-1,-1
160,22,203.80,276.10,259.40,509.20,1.0000,-1,-1,-1
160,30,992.60,344.00,28.90,65.10,0.9990,-1,-1,-1
160,32,1139.20,335.00,59.70,143.10,1.0000,-1,-1,-1
160,33,714.10,347.20,25.20,65.10,0.9910,-1,-1,-1
160,37,1036.70,347.30,21.60,43.40,0.9740,-1,-1,-1
160,17,674.80,340.70,40.30,75.80,0.4800,-1,-1,-1
160,24,879.30,351.90,51.80,88.40,0.0690,-1,-1,-1
160,31,660.40,338.80,32.70,90.60,0.2460,-1,-1,-1
160,36,599.80,343.30,29.30,67.60,0.4040,-1,-1,-1
161,3,913.70,332.40,56.60,152.90,1.0000,-1,-1,-1
161,5,1254.50,283.90,83.10,290.30,1.0000,-1,-1,-1
161,7,807.80,319.40,60.80,170.10,1.0000,-1,-1,-1
161,10,1112.10,332.10,36.90,92.40,0.9980,-1,-1,-1
161,21,641.10,342.00,39.50,107.00,1.0000,-1,-1,-1
161,22,203.80,272.10,265.90,513.30,1.0000,-1,-1,-1
161,30,993.80,343.10,29.40,66.60,1.0000,-1,-1,-1
161,32,1141.90,332.80,59.50,145.60,1.0000,-1,-1,-1
161,33,715.30,347.80,25.40,63.90,0.9930,-1,-1,-1
161,37,1039.70,345.80,21.70,44.80,0.9720,-1,-1,-1
161,31,662.50,341.20,37.60,89.20,0.1930,-1,-1,-1
161,35,1024.60,338.40,25.90,57.80,0.0780,-1,-1,-1
161,36,600.90,342.90,28.70,68.00,0.0930,-1,-1,-1
162,3,915.20,332.90,55.20,151.70,1.0000,-1,-1,-1
162,5,1259.40,279.90,84.00,294.20,1.0000,-1,-1,-1
162,7,811.80,319.30,61.20,169.80,1.0000,-1,-1,-1
162,10,1108.50,333.60,43.30,85.40,0.9960,-1,-1,-1
162,12,703.50,347.60,26.20,63.80,0.9530,-1,-1,-1
162,21,644.10,342.90,40.20,104.60,1.0000,-1,-1,-1
162,22,201.70,277.80,268.50,507.30,1.0000,-1,-1,-1
162,30,995.80,342.30,29.30,65.90,1.0000,-1,-1,-1
162,32,1143.90,331.80,58.90,147.20,1.0000,-1,-1,-1
162,33,718.70,348.80,26.10,63.30,0.9890,-1,-1,-1
162,36,609.90,340.00,30.00,71.70,0.7470,-1,-1,-1
162,37,1040.50,345.50,22.10,45.10,0.9700,-1,-1,-1
162,35,1020.90,338.10,24.90,60.10,0.0580,-1,-1,-1
163,3,915.80,332.60,55.40,153.10,1.0000,-1,-1,-1
163,5,1262.90,280.40,84.30,295.60,1.0000,-1,-1,-1
163,7,814.40,319.90,61.10,168.70,1.0000,-1,-1,-1
163,10,1111.30,334.40,44.30,90.10,0.9960,-1,-1,-1
163,21,645.80,343.50,41.40,103.80,1.0000,-1,-1,-1
163,22,200.00,268.10,265.00,527.00,1.0000,-1,-1,-1
163,30,997.20,344.20,29.60,65.60,1.0000,-1,-1,-1
163,32,1145.20,332.10,57.70,146.30,1.0000,-1,-1,-1
163,33,715.80,346.70,27.00,65.20,0.9840,-1,-1,-1
163,36,612.80,340.40,31.10,74.30,0.8240,-1,-1,-1
163,37,1041.70,346.30,22.70,46.80,0.9820,-1,-1,-1
164,3,916.50,331.90,54.20,153.30,1.0000,-1,-1,-1
164,5,1266.40,283.60,83.90,295.70,1.0000,-1,-1,-1
164,7,814.80,321.80,61.40,170.20,1.0000,-1,-1,-1
164,10,1117.40,335.10,38.70,93.70,0.9770,-1,-1,-1
164,12,701.70,347.40,25.20,63.80,0.9510,-1,-1,-1
164,21,647.70,343.70,41.80,103.90,1.0000,-1,-1,-1
164,22,194.80,268.10,266.20,533.80,1.0000,-1,-1,-1
164,30,998.80,344.40,29.70,66.40,1.0000,-1,-1,-1
164,32,1144.20,331.40,59.50,147.70,1.0000,-1,-1,-1
164,33,719.50,349.40,26.30,64.00,0.9810,-1,-1,-1
164,36,614.40,343.10,32.30,74.50,0.8720,-1,-1,-1
164,37,1043.90,346.40,22.60,48.00,0.9780,-1,-1,-1
165,3,913.80,331.10,57.00,153.00,1.0000,-1,-1,-1
165,5,1271.20,281.20,84.60,298.40,1.0000,-1,-1,-1
165,7,815.50,321.70,61.00,175.90,1.0000,-1,-1,-1
165,12,704.40,349.60,25.70,65.50,0.9250,-1,-1,-1
165,21,651.00,345.00,41.70,104.20,1.0000,-1,-1,-1
165,22,187.20,265.50,263.90,546.00,1.0000,-1,-1,-1
165,30,1000.80,345.40,30.80,68.50,1.0000,-1,-1,-1
165,32,1144.80,330.50,62.60,151.50,1.0000,-1,-1,-1
165,33,726.70,351.40,26.60,65.00,0.9840,-1,-1,-1
165,35,1035.80,349.60,21.90,49.30,0.9540,-1,-1,-1
165,36,617.50,347.00,34.20,73.50,0.9860,-1,-1,-1
165,37,1048.50,349.90,21.90,45.30,0.9800,-1,-1,-1
165,10,1125.50,344.70,35.40,85.30,0.4110,-1,-1,-1
166,3,915.20,328.10,57.10,157.90,1.0000,-1,-1,-1
166,5,1278.70,284.40,82.60,300.60,1.0000,-1,-1,-1
166,7,817.10,324.00,60.00,170.90,1.0000,-1,-1,-1
166,21,653.10,344.00,40.80,105.10,1.0000,-1,-1,-1
166,22,177.40,279.40,270.10,529.00,1.0000,-1,-1,-1
166,30,1002.10,347.40,30.00,66.80,1.0000,-1,-1,-1
166,32,1148.10,331.90,61.00,148.50,1.0000,-1,-1,-1
166,33,728.80,352.00,24.20,63.40,0.9740,-1,-1,-1
166,35,1031.90,349.80,22.40,47.80,0.9310,-1,-1,-1
166,36,621.60,350.30,32.30,73.80,0.9750,-1,-1,-1
166,37,1056.30,353.30,21.50,41.00,0.8410,-1,-1,-1
166,10,1124.50,344.80,35.40,87.20,0.1720,-1,-1,-1
166,12,711.60,358.60,28.50,64.10,0.5290,-1,-1,-1
167,3,919.60,332.80,55.50,154.10,1.0000,-1,-1,-1
167,5,1279.70,285.50,88.20,295.90,1.0000,-1,-1,-1
167,7,819.50,325.90,60.50,170.10,1.0000,-1,-1,-1
167,10,1126.40,344.10,37.40,82.90,0.8960,-1,-1,-1
167,12,712.80,353.80,25.40,65.30,0.9020,-1,-1,-1
167,21,655.10,346.80,41.30,104.80,1.0000,-1,-1,-1
167,22,165.30,261.50,277.20,560.40,1.0000,-1,-1,-1
167,30,1003.70,348.80,29.90,68.30,1.0000,-1,-1,-1
167,32,1149.70,335.30,60.90,148.70,1.0000,-1,-1,-1
167,33,731.00,352.50,25.30,64.40,0.9800,-1,-1,-1
167,35,1036.80,351.70,21.50,49.40,0.9520,-1,-1,-1
167,36,626.40,351.70,31.70,69.30,0.9710,-1,-1,-1
167,37,1051.90,353.10,21.20,43.90,0.9700,-1,-1,-1
168,3,922.70,330.50,55.10,155.70,1.0000,-1,-1,-1
168,5,1282.80,285.10,86.70,301.30,1.0000,-1,-1,-1
168,7,819.40,322.60,62.30,172.00,1.0000,-1,-1,-1
168,12,713.20,349.70,25.70,66.20,0.8600,-1,-1,-1
168,21,657.40,345.40,40.20,104.40,1.0000,-1,-1,-1
168,22,163.50,262.20,272.10,563.40,1.0000,-1,-1,-1
168,30,1005.10,345.80,30.30,68.30,1.0000,-1,-1,-1
168,32,1149.30,333.20,63.80,149.60,1.0000,-1,-1,-1
168,33,729.80,350.80,26.40,65.10,0.9850,-1,-1,-1
168,35,1035.10,347.80,24.20,52.90,0.9040,-1,-1,-1
168,36,625.50,351.60,31.80,68.40,0.9830,-1,-1,-1
168,37,1054.50,351.50,21.70,45.40,0.9810,-1,-1,-1
168,10,1129.30,344.10,33.50,76.10,0.5490,-1,-1,-1
168,31,694.30,350.70,28.60,78.80,0.0510,-1,-1,-1
169,3,922.40,334.10,54.10,153.40,1.0000,-1,-1,-1
169,5,1278.30,287.90,94.30,300.40,1.0000,-1,-1,-1
169,7,820.50,326.20,60.00,169.20,1.0000,-1,-1,-1
169,12,712.30,353.90,25.20,65.50,0.8960,-1,-1,-1
169,21,657.40,348.20,39.90,103.70,1.0000,-1,-1,-1
169,22,155.20,265.50,275.90,568.10,1.0000,-1,-1,-1
169,30,1006.30,347.50,29.60,68.90,1.0000,-1,-1,-1
169,32,1150.20,338.00,60.90,145.90,1.0000,-1,-1,-1
169,33,731.00,353.90,25.60,63.20,0.9940,-1,-1,-1
169,35,1028.20,350.60,21.70,55.80,0.9120,-1,-1,-1
169,36,626.70,351.60,32.40,69.90,0.9870,-1,-1,-1
169,37,1054.90,353.80,22.30,45.70,0.9450,-1,-1,-1
169,10,1127.70,348.50,33.40,78.50,0.5020,-1,-1,-1
170,3,927.50,333.00,51.10,155.40,1.0000,-1,-1,-1
170,5,1288.40,278.70,102.10,314.40,1.0000,-1,-1,-1
170,7,825.60,322.30,59.00,170.40,1.0000,-1,-1,-1
170,21,662.20,342.30,39.50,108.20,1.0000,-1,-1,-1
170,22,151.60,272.40,288.30,558.70,1.0000,-1,-1,-1
170,30,1008.60,346.90,29.60,67.40,1.0000,-1,-1,-1
170,31,700.60,345.10,28.30,76.90,0.8350,-1,-1,-1
170,32,1150.70,336.90,62.70,146.00,1.0000,-1,-1,-1
170,33,732.80,350.30,26.40,65.30,0.9890,-1,-1,-1
170,35,1038.90,348.20,23.50,53.00,0.8990,-1,-1,-1
170,36,627.90,348.40,32.80,72.90,0.9890,-1,-1,-1
170,37,1056.10,352.00,21.20,46.70,0.9890,-1,-1,-1
170,10,1129.40,348.10,34.70,79.10,0.4100,-1,-1,-1
170,-1,747.90,351.20,22.50,60.90,0.0590,-1,-1,-1
171,3,928.40,334.50,46.40,152.20,1.0000,-1,-1,-1
171,5,1287.70,283.50,99.90,311.20,1.0000,-1,-1,-1
171,7,825.90,321.70,59.90,171.10,1.0000,-1,-1,-1
171,21,663.30,340.10,40.70,110.70,1.0000,-1,-1,-1
171,22,140.60,264.40,291.30,572.60,1.0000,-1,-1,-1
171,30,1009.30,346.60,29.80,67.00,1.0000,-1,-1,-1
171,31,707.80,343.40,27.50,75.80,0.8410,-1,-1,-1
171,32,1151.00,336.20,61.50,145.70,1.0000,-1,-1,-1
171,33,732.90,350.50,26.30,63.70,0.9920,-1,-1,-1
171,35,1037.10,348.40,23.70,51.70,0.8850,-1,-1,-1
171,36,626.00,346.60,33.20,73.20,0.9930,-1,-1,-1
171,37,1056.80,351.30,20.70,45.70,0.9880,-1,-1,-1
171,10,1128.60,348.00,33.50,77.30,0.1950,-1,-1,-1
172,3,925.80,332.10,47.80,154.60,1.0000,-1,-1,-1
172,5,1291.00,284.70,97.20,306.60,1.0000,-1,-1,-1
172,7,825.10,321.70,60.00,169.30,1.0000,-1,-1,-1
172,21,664.80,338.70,40.20,112.00,1.0000,-1,-1,-1
172,22,135.70,272.20,291.20,568.70,1.0000,-1,-1,-1
172,30,1008.90,345.10,29.20,66.80,1.0000,-1,-1,-1
172,31,706.30,341.20,28.30,75.80,0.8240,-1,-1,-1
172,32,1149.10,336.00,61.80,145.20,1.0000,-1,-1,-1
172,33,731.50,349.00,25.70,63.70,0.9650,-1,-1,-1
172,35,1044.00,347.60,23.30,52.20,0.9070,-1,-1,-1
172,36,623.50,344.80,33.70,72.20,0.9960,-1,-1,-1
172,37,1058.80,350.20,20.90,47.00,0.9940,-1,-1,-1
172,10,1128.20,348.90,33.90,75.30,0.1180,-1,-1,-1
173,3,930.00,332.20,44.30,152.10,1.0000,-1,-1,-1
173,5,1296.00,282.60,90.90,307.30,1.0000,-1,-1,-1
173,7,828.80,317.80,59.00,169.70,1.0000,-1,-1,-1
173,21,667.90,336.30,40.60,111.30,1.0000,-1,-1,-1
173,22,127.80,268.00,301.50,568.50,1.0000,-1,-1,-1
173,30,1011.70,343.50,28.20,65.60,1.0000,-1,-1,-1
173,32,1149.40,332.70,61.00,145.90,1.0000,-1,-1,-1
173,33,737.00,347.10,24.60,61.90,0.9910,-1,-1,-1
173,35,1035.00,345.50,25.10,55.00,0.8240,-1,-1,-1
173,36,624.00,342.70,33.70,72.00,0.9940,-1,-1,-1
173,37,1060.80,347.10,20.80,46.70,0.9970,-1,-1,-1
173,31,697.50,338.50,31.40,86.90,0.5210,-1,-1,-1
174,3,924.90,332.20,46.30,148.20,1.0000,-1,-1,-1
174,5,1299.00,281.50,88.40,308.60,1.0000,-1,-1,-1
174,7,827.80,316.10,60.30,171.50,1.0000,-1,-1,-1
174,21,669.30,336.60,40.40,109.90,1.0000,-1,-1,-1
174,22,127.60,264.30,295.40,572.30,1.0000,-1,-1,-1
174,30,1011.60,341.90,29.70,65.70,1.0000,-1,-1,-1
174,32,1148.70,330.80,60.50,146.80,1.0000,-1,-1,-1
174,33,737.90,346.10,25.10,62.40,0.9830,-1,-1,-1
174,35,1036.50,343.90,25.30,55.90,0.8410,-1,-1,-1
174,36,622.90,341.40,33.60,72.30,0.9960,-1,-1,-1
174,37,1060.10,345.40,21.80,48.30,0.9960,-1,-1,-1
174,31,694.70,338.20,32.10,87.60,0.3350,-1,-1,-1
175,3,922.30,331.00,47.40,142.00,0.9990,-1,-1,-1
175,5,1303.00,279.30,87.80,312.80,1.0000,-1,-1,-1
175,7,826.70,316.30,60.60,171.50,1.0000,-1,-1,-1
175,21,671.10,334.70,40.90,109.60,1.0000,-1,-1,-1
175,22,105.90,261.90,305.10,584.80,1.0000,-1,-1,-1
175,30,1012.00,340.90,29.40,66.50,0.9990,-1,-1,-1
175,32,1148.10,329.30,60.00,144.90,1.0000,-1,-1,-1
175,33,731.60,343.30,26.40,64.10,0.9870,-1,-1,-1
175,35,1038.00,343.30,26.60,55.40,0.7720,-1,-1,-1
175,36,620.80,339.50,35.20,71.40,0.9990,-1,-1,-1
175,37,1063.50,343.30,21.60,49.10,0.9960,-1,-1,-1
175,-1,650.60,339.60,29.20,77.40,0.2400,-1,-1,-1
175,-1,953.90,355.80,44.30,109.50,0.9450,-1,-1,-1
176,3,919.70,324.50,48.90,147.60,1.0000,-1,-1,-1
176,5,1307.00,277.30,87.20,315.90,1.0000,-1,-1,-1
176,7,828.40,313.70,60.80,172.80,1.0000,-1,-1,-1
176,21,674.10,332.30,43.50,110.70,1.0000,-1,-1,-1
176,22,92.60,255.80,314.10,592.50,1.0000,-1,-1,-1
176,30,1014.60,338.30,31.20,66.80,1.0000,-1,-1,-1
176,32,1148.60,327.50,60.90,145.00,1.0000,-1,-1,-1
176,33,737.90,341.50,27.40,62.40,0.9910,-1,-1,-1
176,36,622.10,340.20,34.50,68.20,0.9980,-1,-1,-1
176,37,1062.00,342.10,21.70,48.30,0.9940,-1,-1,-1
176,38,957.00,355.60,42.30,103.90,0.9480,-1,-1,-1
177,3,916.20,329.60,52.10,146.50,1.0000,-1,-1,-1
177,5,1307.30,269.70,89.60,325.40,1.0000,-1,-1,-1
177,7,825.20,317.00,59.80,170.10,1.0000,-1,-1,-1
177,21,672.50,334.70,40.90,110.50,1.0000,-1,-1,-1
177,22,90.30,250.00,311.90,611.90,1.0000,-1,-1,-1
177,30,1013.00,340.50,29.30,65.10,0.9980,-1,-1,-1
177,32,1147.50,326.40,59.90,145.70,1.0000,-1,-1,-1
177,33,734.40,343.40,26.40,64.80,0.9960,-1,-1,-1
177,35,1034.10,343.20,27.30,56.80,0.6860,-1,-1,-1
177,36,621.10,341.00,34.10,70.30,0.9980,-1,-1,-1
177,37,1062.20,342.90,21.80,49.50,0.9970,-1,-1,-1
177,38,955.90,361.00,45.50,98.30,0.9880,-1,-1,-1
177,-1,652.40,340.80,29.40,75.70,0.2220,-1,-1,-1
178,3,916.20,328.30,51.20,147.60,1.0000,-1,-1,-1
178,5,1307.70,276.40,88.10,317.50,1.0000,-1,-1,-1
178,7,826.20,313.50,61.10,174.10,1.0000,-1,-1,-1
178,21,674.60,333.30,41.90,110.00,1.0000,-1,-1,-1
178,22,79.70,259.00,320.80,597.70,1.0000,-1,-1,-1
178,30,1015.90,339.80,29.40,63.80,0.9980,-1,-1,-1
178,32,1147.70,325.30,60.30,146.20,1.0000,-1,-1,-1
178,33,731.80,341.60,26.60,64.40,0.9910,-1,-1,-1
178,36,619.20,339.70,34.20,69.00,0.9990,-1,-1,-1
178,37,1061.60,341.70,21.60,49.90,0.9950,-1,-1,-1
178,38,953.30,358.40,49.20,99.20,0.9970,-1,-1,-1
178,-1,638.40,340.80,29.70,63.30,0.5390,-1,-1,-1
179,3,914.10,326.00,55.80,143.90,1.0000,-1,-1,-1
179,5,1312.70,267.50,91.50,317.30,1.0000,-1,-1,-1
179,7,829.70,310.90,60.80,171.90,1.0000,-1,-1,-1
179,21,681.60,330.00,41.00,105.80,1.0000,-1,-1,-1
179,22,81.50,262.20,314.30,606.00,1.0000,-1,-1,-1
179,30,1019.40,339.50,28.30,61.70,0.9970,-1,-1,-1
179,32,1146.60,322.10,60.80,149.50,1.0000,-1,-1,-1
179,33,729.10,337.60,28.90,66.20,0.9800,-1,-1,-1
179,36,618.00,338.60,36.00,71.60,0.9980,-1,-1,-1
179,37,1064.60,338.80,22.80,51.30,0.9780,-1,-1,-1
179,38,961.60,346.60,39.90,97.90,0.9760,-1,-1,-1
179,17,748.30,340.40,28.20,60.30,0.0760,-1,-1,-1
179,-1,993.60,344.20,26.50,69.90,0.4690,-1,-1,-1
179,-1,646.00,340.10,30.10,71.10,0.2150,-1,-1,-1
180,3,912.20,329.00,57.10,147.80,1.0000,-1,-1,-1
180,5,1315.10,273.70,93.50,324.10,0.9990,-1,-1,-1
180,7,829.70,310.30,59.90,175.20,1.0000,-1,-1,-1
180,17,747.10,343.10,26.90,59.50,0.9230,-1,-1,-1
180,21,682.50,333.40,42.00,108.30,1.0000,-1,-1,-1
180,22,61.40,269.10,331.20,599.20,1.0000,-1,-1,-1
180,30,1020.10,338.30,30.50,66.10,0.9980,-1,-1,-1
180,32,1147.50,329.20,63.70,145.90,1.0000,-1,-1,-1
180,33,728.70,341.30,28.50,65.20,0.9810,-1,-1,-1
180,36,620.90,340.20,34.00,73.80,1.0000,-1,-1,-1
180,37,1066.70,341.70,22.30,49.10,0.9870,-1,-1,-1
180,38,958.70,358.20,47.20,89.60,0.9980,-1,-1,-1
180,-1,1083.30,341.60,21.50,48.50,0.1120,-1,-1,-1
181,3,914.70,321.40,55.10,157.90,1.0000,-1,-1,-1
181,5,1320.60,267.80,93.50,329.20,1.0000,-1,-1,-1
181,7,831.20,306.50,60.70,176.20,1.0000,-1,-1,-1
181,17,745.60,338.40,25.80,60.40,0.9830,-1,-1,-1
181,21,687.40,328.10,41.30,110.20,1.0000,-1,-1,-1
181,22,55.90,250.60,336.70,625.50,1.0000,-1,-1,-1
181,30,1025.30,334.70,30.40,66.20,0.9990,-1,-1,-1
181,32,1153.30,325.10,63.80,146.80,1.0000,-1,-1,-1
181,33,723.50,339.50,28.40,68.40,0.9530,-1,-1,-1
181,36,623.30,335.20,33.10,74.30,1.0000,-1,-1,-1
181,37,1070.30,337.80,24.30,51.80,0.9900,-1,-1,-1
181,38,960.90,352.10,46.80,94.10,0.9970,-1,-1,-1
181,-1,993.90,346.80,29.60,67.90,0.1430,-1,-1,-1
182,3,921.40,318.90,51.10,159.10,1.0000,-1,-1,-1
182,5,1329.30,270.50,88.40,323.70,1.0000,-1,-1,-1
182,7,830.20,305.40,61.70,175.60,1.0000,-1,-1,-1
182,17,747.70,338.10,26.70,62.50,0.9960,-1,-1,-1
182,21,691.40,327.40,40.80,111.20,1.0000,-1,-1,-1
182,22,50.50,240.00,331.40,640.70,1.0000,-1,-1,-1
182,30,1028.10,335.00,28.80,67.40,1.0000,-1,-1,-1
182,32,1159.50,323.40,59.20,146.50,1.0000,-1,-1,-1
182,33,732.10,334.90,27.50,70.80,0.9600,-1,-1,-1
182,36,626.00,337.10,32.40,74.90,1.0000,-1,-1,-1
182,37,1075.90,339.10,23.50,50.10,0.9880,-1,-1,-1
182,38,963.40,355.40,45.50,83.80,0.9940,-1,-1,-1
182,-1,988.20,352.10,28.40,64.10,0.2150,-1,-1,-1
183,3,923.20,318.00,50.60,156.30,1.0000,-1,-1,-1
183,5,1332.10,264.20,92.80,334.20,1.0000,-1,-1,-1
183,7,831.10,304.30,63.00,176.50,1.0000,-1,-1,-1
183,17,750.80,336.00,24.70,61.00,0.9890,-1,-1,-1
183,21,694.20,326.60,40.60,109.70,1.0000,-1,-1,-1
183,22,45.50,254.70,339.20,630.20,1.0000,-1,-1,-1
183,30,1031.40,332.70,29.00,67.30,1.0000,-1,-1,-1
183,32,1163.10,324.40,59.70,144.20,1.0000,-1,-1,-1
183,33,719.90,331.70,29.80,84.30,0.6470,-1,-1,-1
183,36,628.50,336.30,33.30,72.90,1.0000,-1,-1,-1
183,37,1082.30,337.50,21.00,50.20,0.9920,-1,-1,-1
183,38,964.70,352.80,42.00,84.90,0.9830,-1,-1,-1
183,-1,1061.30,339.60,22.30,50.70,0.8710,-1,-1,-1
184,3,920.60,317.10,53.70,155.50,1.0000,-1,-1,-1
184,5,1338.50,262.10,92.10,333.70,1.0000,-1,-1,-1
184,7,832.90,302.30,61.90,174.60,1.0000,-1,-1,-1
184,17,757.90,332.80,25.80,64.10,0.9970,-1,-1,-1
184,21,696.70,321.90,39.90,113.50,1.0000,-1,-1,-1
184,22,36.20,246.20,337.50,640.70,1.0000,-1,-1,-1
184,30,1034.00,330.50,28.80,66.80,1.0000,-1,-1,-1
184,32,1166.10,319.40,60.00,147.30,1.0000,-1,-1,-1
184,36,630.70,333.70,32.20,72.90,1.0000,-1,-1,-1
184,37,1086.80,333.50,22.70,52.90,0.9940,-1,-1,-1
184,38,967.60,354.70,44.10,81.80,0.9870,-1,-1,-1
184,39,1071.50,338.00,22.70,50.50,0.8690,-1,-1,-1
184,33,726.90,325.80,31.70,90.30,0.3170,-1,-1,-1
185,3,915.50,312.10,57.20,157.00,1.0000,-1,-1,-1
185,5,1344.60,255.70,95.60,338.90,1.0000,-1,-1,-1
185,7,836.00,299.40,62.00,173.90,1.0000,-1,-1,-1
185,17,759.00,327.00,27.00,68.00,0.9970,-1,-1,-1
185,21,699.60,321.10,38.90,107.90,1.0000,-1,-1,-1
185,22,25.40,249.10,344.60,651.50,1.0000,-1,-1,-1
185,30,1038.80,322.60,28.20,66.30,1.0000,-1,-1,-1
185,32,1170.90,314.00,61.10,147.40,1.0000,-1,-1,-1
185,36,632.00,326.50,34.60,72.80,1.0000,-1,-1,-1
185,37,1089.60,326.90,20.80,52.60,0.9920,-1,-1,-1
185,38,967.90,349.80,47.80,82.00,0.9960,-1,-1,-1
185,39,1070.80,326.00,23.30,55.40,0.9220,-1,-1,-1
185,33,729.80,319.10,35.60,84.60,0.3390,-1,-1,-1
185,-1,339.10,303.80,80.80,293.60,0.0660,-1,-1,-1
186,3,916.20,307.10,55.10,158.30,1.0000,-1,-1,-1
186,5,1351.50,257.70,94.70,334.30,1.0000,-1,-1,-1
186,7,836.40,296.60,61.20,173.70,1.0000,-1,-1,-1
186,17,763.30,325.00,25.10,66.50,0.9930,-1,-1,-1
186,21,701.90,314.60,39.10,111.00,1.0000,-1,-1,-1
186,22,14.40,240.00,353.10,663.70,1.0000,-1,-1,-1
186,30,1040.50,318.90,28.90,67.10,1.0000,-1,-1,-1
186,32,1172.80,309.50,59.60,144.10,1.0000,-1,-1,-1
186,36,632.20,320.30,35.70,75.80,1.0000,-1,-1,-1
186,37,1091.30,323.50,21.40,52.60,0.9950,-1,-1,-1
186,38,970.20,345.20,46.40,82.90,0.9970,-1,-1,-1
186,39,1071.20,320.70,22.90,53.70,0.9210,-1,-1,-1
186,33,727.30,312.80,36.00,90.60,0.2510,-1,-1,-1
186,-1,342.50,303.30,74.40,285.60,0.1360,-1,-1,-1
187,3,917.30,303.30,55.70,161.00,1.0000,-1,-1,-1
187,5,1352.70,252.00,97.30,334.90,1.0000,-1,-1,-1
187,7,835.40,292.50,61.20,176.80,1.0000,-1,-1,-1
187,17,764.10,324.30,24.40,65.80,0.9950,-1,-1,-1
187,21,703.50,314.30,39.00,108.90,1.0000,-1,-1,-1
187,22,7.00,235.20,351.00,667.10,1.0000,-1,-1,-1
187,30,1041.10,316.50,29.20,68.50,1.0000,-1,-1,-1
187,32,1173.10,305.50,61.50,145.70,1.0000,-1,-1,-1
187,36,631.70,318.60,35.30,74.00,1.0000,-1,-1,-1
187,37,1091.00,321.90,22.50,52.30,0.9970,-1,-1,-1
187,38,972.20,344.00,47.00,83.70,0.9970,-1,-1,-1
187,39,1064.60,318.20,25.80,60.50,0.8210,-1,-1,-1
187,-1,342.10,296.50,70.70,289.50,0.2110,-1,-1,-1
188,3,917.10,304.00,55.70,158.50,1.0000,-1,-1,-1
188,5,1354.10,248.30,98.60,333.30,1.0000,-1,-1,-1
188,7,834.20,290.60,62.00,177.80,1.0000,-1,-1,-1
188,17,764.10,322.30,24.50,66.20,0.9940,-1,-1,-1
188,21,704.90,313.00,39.20,108.70,1.0000,-1,-1,-1
188,22,15.40,233.80,336.10,674.80,1.0000,-1,-1,-1
188,30,1040.70,315.40,29.10,68.70,1.0000,-1,-1,-1
188,32,1173.50,303.40,62.00,146.70,1.0000,-1,-1,-1
188,36,631.50,318.00,33.80,73.70,1.0000,-1,-1,-1
188,37,1092.90,318.20,22.50,54.30,0.9980,-1,-1,-1
188,38,973.50,342.00,44.70,83.50,0.9990,-1,-1,-1
188,39,1072.40,318.20,23.80,54.10,0.9230,-1,-1,-1
188,-1,347.40,297.90,62.00,273.40,0.0880,-1,-1,-1
189,3,917.70,304.00,56.50,156.60,1.0000,-1,-1,-1
189,5,1359.40,244.20,95.80,340.40,1.0000,-1,-1,-1
189,7,837.20,288.00,61.60,179.10,1.0000,-1,-1,-1
189,17,763.10,320.10,25.50,66.00,0.9920,-1,-1,-1
189,21,706.70,311.80,40.10,107.70,1.0000,-1,-1,-1
189,22,8.60,220.10,338.00,693.90,1.0000,-1,-1,-1
189,30,1041.90,315.00,28.50,67.60,1.0000,-1,-1,-1
189,32,1174.80,300.50,61.00,148.70,1.0000,-1,-1,-1
189,36,631.70,316.90,33.40,73.90,1.0000,-1,-1,-1
189,37,1092.10,318.70,22.40,52.50,0.9960,-1,-1,-1
189,38,975.70,339.70,45.80,84.80,0.9990,-1,-1,-1
189,39,1068.70,315.10,24.80,59.30,0.8370,-1,-1,-1
189,-1,338.10,291.60,73.20,292.20,0.4100,-1,-1,-1
190,3,918.10,305.40,54.50,154.80,1.0000,-1,-1,-1
190,5,1362.00,244.90,101.90,343.10,0.9990,-1,-1,-1
190,7,839.40,285.90,60.80,181.90,1.0000,-1,-1,-1
190,17,760.80,318.80,25.20,65.00,0.9890,-1,-1,-1
190,21,709.50,310.50,38.80,107.40,1.0000,-1,-1,-1
190,22,2.00,214.70,329.10,712.60,1.0000,-1,-1,-1
190,30,1042.80,314.20,28.60,68.50,1.0000,-1,-1,-1
190,32,1175.90,301.60,60.50,146.10,1.0000,-1,-1,-1
190,36,629.00,315.90,34.30,74.40,1.0000,-1,-1,-1
190,37,1094.80,318.10,21.00,50.80,0.9960,-1,-1,-1
190,38,974.70,340.30,48.70,81.90,0.9990,-1,-1,-1
190,31,697.70,316.80,30.90,75.40,0.0520,-1,-1,-1
190,39,1063.90,318.50,27.00,60.30,0.3390,-1,-1,-1
190,-1,686.10,312.30,23.40,51.20,0.1730,-1,-1,-1
190,-1,325.90,301.90,81.80,276.00,0.9990,-1,-1,-1
191,3,919.00,303.20,55.00,154.70,1.0000,-1,-1,-1
191,5,1362.70,238.90,109.90,348.80,1.0000,-1,-1,-1
191,7,839.90,283.90,61.90,182.80,1.0000,-1,-1,-1
191,17,763.90,318.30,24.50,64.50,0.9900,-1,-1,-1
191,21,710.70,310.10,39.90,107.20,1.0000,-1,-1,-1
191,22,4.80,211.90,321.10,716.40,1.0000,-1,-1,-1
191,30,1044.10,313.80,28.60,68.20,0.9990,-1,-1,-1
191,32,1175.50,299.60,61.70,148.80,1.0000,-1,-1,-1
191,36,627.50,316.50,35.10,72.80,1.0000,-1,-1,-1
191,37,1097.00,318.10,21.20,49.90,0.9970,-1,-1,-1
191,38,976.20,339.60,48.80,82.10,1.0000,-1,-1,-1
191,40,319.20,306.00,88.00,265.60,0.9980,-1,-1,-1
191,31,689.10,317.60,25.80,54.50,0.5380,-1,-1,-1
192,3,920.00,307.10,50.30,152.70,1.0000,-1,-1,-1
192,5,1366.30,246.10,105.00,347.80,1.0000,-1,-1,-1
192,7,838.80,287.50,61.60,177.50,1.0000,-1,-1,-1
192,17,763.00,320.30,25.50,69.00,0.9920,-1,-1,-1
192,21,711.10,311.60,40.30,109.20,1.0000,-1,-1,-1
192,22,6.60,218.90,305.40,710.20,1.0000,-1,-1,-1
192,30,1043.00,316.00,28.50,67.00,1.0000,-1,-1,-1
192,32,1174.50,301.70,61.40,147.90,1.0000,-1,-1,-1
192,36,625.90,318.40,35.60,75.70,1.0000,-1,-1,-1
192,37,1093.10,320.40,21.50,50.70,0.9950,-1,-1,-1
192,38,975.80,343.40,48.10,78.10,0.9990,-1,-1,-1
192,39,1063.70,319.40,25.00,57.10,0.8260,-1,-1,-1
192,40,316.00,294.90,91.60,284.60,1.0000,-1,-1,-1
193,3,918.90,305.10,48.40,152.10,1.0000,-1,-1,-1
193,5,1368.50,244.00,102.10,349.20,1.0000,-1,-1,-1
193,7,839.20,285.60,60.90,181.10,1.0000,-1,-1,-1
193,17,760.40,318.30,26.00,70.90,0.9890,-1,-1,-1
193,21,710.60,309.40,40.50,110.70,1.0000,-1,-1,-1
193,22,2.40,217.40,318.90,726.20,1.0000,-1,-1,-1
193,30,1042.40,315.00,29.00,69.30,1.0000,-1,-1,-1
193,32,1174.00,301.70,61.70,148.50,1.0000,-1,-1,-1
193,36,624.00,316.70,36.70,78.10,1.0000,-1,-1,-1
193,37,1092.60,320.20,22.20,51.70,0.9950,-1,-1,-1
193,38,974.40,343.20,48.00,76.40,0.9990,-1,-1,-1
193,39,1065.90,319.70,27.10,58.70,0.7920,-1,-1,-1
193,40,313.70,285.20,86.90,293.60,1.0000,-1,-1,-1
193,31,694.50,316.50,28.70,66.70,0.0850,-1,-1,-1
194,3,914.00,306.90,53.20,141.20,1.0000,-1,-1,-1
194,5,1365.30,245.70,103.50,355.00,1.0000,-1,-1,-1
194,7,835.60,286.70,62.80,176.60,1.0000,-1,-1,-1
194,17,763.00,321.10,26.40,68.50,0.9930,-1,-1,-1
194,21,708.90,314.00,39.00,103.80,1.0000,-1,-1,-1
194,22,2.00,216.60,288.60,725.50,1.0000,-1,-1,-1
194,30,1038.50,316.10,29.10,66.10,0.9990,-1,-1,-1
194,32,1174.20,306.70,59.40,144.70,1.0000,-1,-1,-1
194,36,621.10,317.00,37.00,75.30,0.9990,-1,-1,-1
194,37,1084.60,322.40,22.50,49.50,0.9640,-1,-1,-1
194,38,974.30,342.00,45.70,77.20,1.0000,-1,-1,-1
194,39,1069.80,323.20,26.30,56.60,0.8450,-1,-1,-1
194,40,305.60,300.90,95.10,283.00,0.9980,-1,-1,-1
194,31,688.60,321.20,26.30,55.50,0.3190,-1,-1,-1
194,-1,1054.70,317.40,25.60,59.50,0.9170,-1,-1,-1
195,3,910.30,302.30,51.80,158.60,1.0000,-1,-1,-1
195,5,1369.50,243.00,101.60,366.00,1.0000,-1,-1,-1
195,7,832.10,287.70,62.80,180.90,1.0000,-1,-1,-1
195,17,760.80,323.60,25.60,67.90,0.9920,-1,-1,-1
195,21,711.10,315.00,37.30,105.30,1.0000,-1,-1,-1
195,22,3.10,226.60,280.70,734.50,1.0000,-1,-1,-1
195,30,1041.10,317.30,28.70,70.30,1.0000,-1,-1,-1
195,32,1171.50,307.70,59.90,145.70,1.0000,-1,-1,-1
195,36,620.00,320.10,35.10,73.30,1.0000,-1,-1,-1
195,37,1090.30,322.90,22.10,53.40,0.9940,-1,-1,-1
195,38,967.90,344.10,48.50,78.10,0.9980,-1,-1,-1
195,39,1067.40,318.70,24.10,57.40,0.8830,-1,-1,-1
195,40,299.20,286.90,90.60,297.40,0.9940,-1,-1,-1
196,3,902.80,310.10,54.90,159.80,1.0000,-1,-1,-1
196,5,1370.00,246.10,98.30,365.20,1.0000,-1,-1,-1
196,7,826.40,292.00,63.10,175.60,1.0000,-1,-1,-1
196,17,757.20,324.80,27.00,67.90,0.9940,-1,-1,-1
196,21,703.10,315.90,39.80,107.10,1.0000,-1,-1,-1
196,22,1.40,236.00,251.70,741.80,0.9990,-1,-1,-1
196,30,1036.50,318.10,28.80,69.90,1.0000,-1,-1,-1
196,32,1165.60,310.00,61.30,143.20,1.0000,-1,-1,-1
196,33,737.10,317.60,34.00,84.40,0.6400,-1,-1,-1
196,36,611.80,323.50,38.80,73.20,1.0000,-1,-1,-1
196,37,1088.90,325.10,20.80,49.90,0.9350,-1,-1,-1
196,38,967.60,342.70,43.50,81.70,1.0000,-1,-1,-1
196,39,1068.30,322.20,24.20,54.60,0.9290,-1,-1,-1
196,40,287.10,288.80,103.10,295.30,0.9210,-1,-1,-1
197,3,899.50,310.40,57.10,159.00,1.0000,-1,-1,-1
197,5,1370.90,241.90,99.70,368.80,1.0000,-1,-1,-1
197,7,824.90,290.30,62.90,175.00,1.0000,-1,-1,-1
197,17,758.20,321.80,25.50,70.50,0.9890,-1,-1,-1
197,21,703.00,313.50,40.40,108.40,1.0000,-1,-1,-1
197,22,4.40,232.20,234.80,751.50,0.9990,-1,-1,-1
197,30,1035.30,317.00,29.70,69.60,1.0000,-1,-1,-1
197,32,1162.50,304.70,63.20,148.10,1.0000,-1,-1,-1
197,36,608.70,319.30,41.40,79.10,1.0000,-1,-1,-1
197,37,1089.00,324.10,21.40,47.70,0.8730,-1,-1,-1
197,38,967.10,341.40,43.60,83.50,1.0000,-1,-1,-1
197,39,1063.20,321.20,24.80,55.00,0.9060,-1,-1,-1
197,40,278.30,290.30,117.80,294.30,0.9920,-1,-1,-1
198,3,898.60,309.40,55.00,158.20,1.0000,-1,-1,-1
198,5,1369.30,248.50,100.80,363.00,1.0000,-1,-1,-1
198,7,821.60,291.70,63.80,176.60,1.0000,-1,-1,-1
198,17,756.10,325.60,26.10,66.50,0.9950,-1,-1,-1
198,21,703.00,313.90,39.90,110.10,1.0000,-1,-1,-1
198,22,8.60,248.90,228.70,737.60,0.9990,-1,-1,-1
198,30,1034.30,318.20,29.10,70.30,1.0000,-1,-1,-1
198,32,1159.20,308.60,62.60,144.70,1.0000,-1,-1,-1
198,36,605.80,322.40,37.10,71.70,0.9990,-1,-1,-1
198,37,1088.40,322.00,21.10,54.80,0.9860,-1,-1,-1
198,38,964.60,346.30,45.20,79.30,1.0000,-1,-1,-1
198,39,1065.00,322.30,28.00,58.00,0.8310,-1,-1,-1
198,40,281.60,293.10,94.00,288.00,0.9990,-1,-1,-1
198,-1,254.60,328.20,31.40,87.70,0.0650,-1,-1,-1
198,-1,629.60,319.90,26.90,59.00,0.8680,-1,-1,-1
199,3,891.40,307.20,56.50,158.80,1.0000,-1,-1,-1
199,5,1367.70,245.20,102.20,367.70,1.0000,-1,-1,-1
199,7,817.40,289.90,62.40,175.70,1.0000,-1,-1,-1
199,17,753.30,324.40,27.90,66.70,0.9960,-1,-1,-1
199,21,701.80,312.50,39.30,111.20,1.0000,-1,-1,-1
199,22,4.00,245.50,211.00,765.60,0.9960,-1,-1,-1
199,30,1031.40,318.70,28.30,69.80,1.0000,-1,-1,-1
199,32,1154.70,304.90,63.90,147.50,1.0000,-1,-1,-1
199,36,597.70,320.30,37.30,75.50,0.9990,-1,-1,-1
199,37,1086.00,321.10,22.80,54.40,0.9860,-1,-1,-1
199,38,961.60,344.50,45.10,78.50,1.0000,-1,-1,-1
199,39,1074.00,323.50,21.80,51.40,0.9590,-1,-1,-1
199,40,274.70,288.50,89.00,292.10,0.9990,-1,-1,-1
199,41,636.40,318.60,23.20,50.20,0.8590,-1,-1,-1
199,-1,249.00,327.60,32.20,93.00,0.1590,-1,-1,-1
200,3,886.30,304.40,51.20,155.90,1.0000,-1,-1,-1
200,5,1367.80,242.70,100.20,367.20,1.0000,-1,-1,-1
200,7,808.50,284.10,63.20,177.90,1.0000,-1,-1,-1
200,21,697.40,306.90,41.80,111.40,1.0000,-1,-1,-1
200,22,7.00,216.00,188.10,826.00,0.9050,-1,-1,-1
200,30,1025.40,317.30,29.30,65.40,1.0000,-1,-1,-1
200,32,1149.80,302.80,61.40,146.50,1.0000,-1,-1,-1
200,36,592.30,317.30,35.40,69.30,0.9970,-1,-1,-1
200,38,956.60,340.90,48.30,81.20,1.0000,-1,-1,-1
200,39,1074.20,317.50,24.00,53.90,0.9910,-1,-1,-1
200,40,251.70,282.80,108.30,305.50,1.0000,-1,-1,-1
200,17,759.90,311.30,23.70,64.60,0.1010,-1,-1,-1
200,33,728.80,311.50,39.90,86.90,0.4210,-1,-1,-1
200,41,641.60,313.10,26.00,47.60,0.4910,-1,-1,-1
200,-1,1058.00,320.20,24.40,56.70,0.4700,-1,-1,-1
200,-1,613.10,310.00,26.60,57.90,0.2320,-1,-1,-1
201,3,881.60,303.30,53.40,155.50,1.0000,-1,-1,-1
201,5,1364.30,245.00,99.80,363.50,1.0000,-1,-1,-1
201,7,802.90,285.80,63.10,175.30,1.0000,-1,-1,-1
201,21,692.80,306.10,42.80,113.60,1.0000,-1,-1,-1
201,30,1022.40,316.00,29.90,64.30,1.0000,-1,-1,-1
201,32,1146.40,301.40,61.30,147.70,1.0000,-1,-1,-1
201,36,590.80,317.50,33.90,69.40,0.9880,-1,-1,-1
201,38,950.60,340.10,51.40,82.40,1.0000,-1,-1,-1
201,39,1070.50,317.20,22.50,54.40,0.9930,-1,-1,-1
201,40,241.70,270.10,103.50,306.20,1.0000,-1,-1,-1
201,22,17.30,182.30,165.20,855.40,0.0960,-1,-1,-1
201,31,663.40,314.70,31.10,56.20,0.1120,-1,-1,-1
201,33,718.20,309.80,29.70,96.40,0.5180,-1,-1,-1
201,41,646.90,313.30,23.20,46.40,0.0740,-1,-1,-1
201,-1,611.70,309.40,26.70,56.90,0.1590,-1,-1,-1
202,3,878.60,300.10,53.00,160.00,1.0000,-1,-1,-1
202,5,1362.00,244.40,102.00,367.10,1.0000,-1,-1,-1
202,7,799.30,283.60,63.10,178.50,1.0000,-1,-1,-1
202,21,690.70,305.30,43.20,112.80,1.0000,-1,-1,-1
202,30,1017.30,313.20,29.90,67.20,1.0000,-1,-1,-1
202,32,1141.40,300.60,62.00,149.00,1.0000,-1,-1,-1
202,33,726.00,311.70,28.00,80.00,0.8940,-1,-1,-1
202,36,607.50,311.80,27.40,55.60,0.7720,-1,-1,-1
202,38,948.40,341.20,48.40,81.00,1.0000,-1,-1,-1
202,39,1069.40,314.60,22.90,58.00,0.9960,-1,-1,-1
202,40,232.20,282.70,106.70,293.20,1.0000,-1,-1,-1
202,41,644.90,310.20,23.90,49.60,0.2530,-1,-1,-1
203,3,877.30,300.40,49.90,157.10,1.0000,-1,-1,-1
203,5,1360.20,242.80,101.20,369.40,1.0000,-1,-1,-1
203,7,795.00,284.50,62.80,176.40,1.0000,-1,-1,-1
203,21,689.30,304.40,43.50,112.30,1.0000,-1,-1,-1
203,30,1012.80,311.50,28.60,68.30,1.0000,-1,-1,-1
203,32,1139.80,300.30,59.70,146.60,1.0000,-1,-1,-1
203,33,726.20,312.20,26.90,75.80,0.9240,-1,-1,-1
203,35,1040.90,312.10,24.50,57.90,0.8840,-1,-1,-1
203,36,610.90,308.70,25.50,53.70,0.8000,-1,-1,-1
203,38,946.00,337.60,46.60,83.10,1.0000,-1,-1,-1
203,39,1063.90,313.90,22.70,54.40,0.9960,-1,-1,-1
203,40,221.10,283.70,113.60,286.20,1.0000,-1,-1,-1
203,41,651.80,310.20,26.20,51.60,0.1540,-1,-1,-1
203,-1,594.50,310.70,28.50,58.10,0.2320,-1,-1,-1
204,3,871.20,299.80,54.50,157.40,1.0000,-1,-1,-1
204,5,1360.90,239.20,101.90,376.30,1.0000,-1,-1,-1
204,7,790.40,283.60,64.00,176.30,1.0000,-1,-1,-1
204,21,686.70,306.80,42.30,109.20,1.0000,-1,-1,-1
204,30,1010.30,312.10,28.60,67.30,1.0000,-1,-1,-1
204,32,1135.50,299.70,60.80,146.60,1.0000,-1,-1,-1
204,33,719.50,314.80,26.20,75.30,0.8940,-1,-1,-1
204,35,1037.80,311.90,25.50,58.70,0.8660,-1,-1,-1
204,36,606.10,310.00,25.00,53.20,0.6990,-1,-1,-1
204,38,943.80,336.90,47.40,85.20,1.0000,-1,-1,-1
204,39,1061.40,314.70,23.10,52.30,0.9980,-1,-1,-1
204,40,211.90,278.60,116.20,297.50,1.0000,-1,-1,-1
204,31,669.40,315.30,31.20,68.70,0.2620,-1,-1,-1
204,41,647.90,310.40,23.10,48.60,0.0790,-1,-1,-1
204,-1,581.90,312.60,32.30,62.20,0.5410,-1,-1,-1
204,-1,918.00,330.40,38.20,91.70,0.2010,-1,-1,-1
204,-1,734.60,316.00,24.50,63.90,0.9160,-1,-1,-1
205,3,866.80,301.70,55.50,156.50,1.0000,-1,-1,-1
205,5,1359.50,235.20,102.60,382.40,1.0000,-1,-1,-1
205,7,785.30,280.90,64.20,178.60,1.0000,-1,-1,-1
205,21,680.10,307.60,44.20,110.70,1.0000,-1,-1,-1
205,30,1005.10,311.20,31.20,69.70,1.0000,-1,-1,-1
205,32,1127.10,301.00,64.70,145.50,1.0000,-1,-1,-1
205,36,608.70,313.70,25.50,50.50,0.8700,-1,-1,-1
205,38,938.40,337.90,49.60,85.40,1.0000,-1,-1,-1
205,39,1054.80,313.80,25.40,57.50,0.9990,-1,-1,-1
205,40,198.30,281.10,116.10,300.10,1.0000,-1,-1,-1
205,42,726.10,317.20,25.60,65.10,0.9530,-1,-1,-1
206,3,865.00,299.30,58.00,157.20,1.0000,-1,-1,-1
206,5,1358.90,234.30,101.90,383.10,1.0000,-1,-1,-1
206,7,786.80,281.90,66.50,178.50,1.0000,-1,-1,-1
206,21,683.10,305.70,42.00,110.90,1.0000,-1,-1,-1
206,30,1002.70,311.60,31.90,67.80,1.0000,-1,-1,-1
206,32,1125.20,297.20,64.30,145.90,1.0000,-1,-1,-1
206,36,608.90,317.00,24.00,46.70,0.9170,-1,-1,-1
206,38,938.30,336.30,50.10,84.20,1.0000,-1,-1,-1
206,39,1053.30,314.00,25.20,52.40,0.9970,-1,-1,-1
206,40,190.30,288.90,112.40,287.10,1.0000,-1,-1,-1
206,42,727.00,314.60,24.70,66.20,0.9310,-1,-1,-1
207,3,863.00,298.30,57.70,159.50,1.0000,-1,-1,-1
207,5,1359.90,237.60,100.50,384.00,1.0000,-1,-1,-1
207,7,779.40,282.30,63.70,179.80,1.0000,-1,-1,-1
207,21,678.20,310.80,44.70,110.00,1.0000,-1,-1,-1
207,30,999.80,313.60,30.20,67.30,1.0000,-1,-1,-1
207,32,1120.90,300.40,60.00,144.40,1.0000,-1,-1,-1
207,38,935.00,335.00,46.90,90.20,1.0000,-1,-1,-1
207,39,1052.90,312.30,24.90,57.90,0.9940,-1,-1,-1
207,40,178.50,289.00,116.70,292.50,1.0000,-1,-1,-1
207,17,742.80,315.90,26.50,58.80,0.4180,-1,-1,-1
207,36,612.10,318.30,26.20,49.40,0.0550,-1,-1,-1
207,-1,1155.90,298.60,45.40,117.60,0.5290,-1,-1,-1
208,3,862.60,299.70,57.40,153.30,1.0000,-1,-1,-1
208,5,1363.00,231.30,100.60,392.60,1.0000,-1,-1,-1
208,7,779.60,281.10,66.60,176.30,1.0000,-1,-1,-1
208,17,742.70,316.00,21.80,62.20,0.8760,-1,-1,-1
208,21,681.30,305.90,44.00,113.80,1.0000,-1,-1,-1
208,30,1000.10,314.20,30.80,65.50,1.0000,-1,-1,-1
208,32,1121.40,299.00,64.70,146.30,1.0000,-1,-1,-1
208,36,612.70,318.10,22.70,43.30,0.7100,-1,-1,-1
208,38,935.70,334.10,46.50,87.30,1.0000,-1,-1,-1
208,39,1052.00,315.30,24.30,51.10,0.9960,-1,-1,-1
208,40,176.20,296.30,114.20,279.60,1.0000,-1,-1,-1
208,42,705.60,307.50,39.60,96.30,0.1600,-1,-1,-1
208,-1,560.50,320.80,33.80,64.40,0.1220,-1,-1,-1
209,3,860.20,296.60,59.90,156.70,1.0000,-1,-1,-1
209,5,1363.60,233.50,102.80,383.80,1.0000,-1,-1,-1
209,7,777.80,279.70,65.60,181.60,1.0000,-1,-1,-1
209,17,741.30,316.00,23.30,61.90,0.9200,-1,-1,-1
209,21,682.40,304.70,45.50,115.90,1.0000,-1,-1,-1
209,30,1000.90,311.00,31.30,70.80,1.0000,-1,-1,-1
209,32,1122.70,298.80,63.90,145.00,1.0000,-1,-1,-1
209,36,601.10,316.80,23.80,47.70,0.8820,-1,-1,-1
209,38,933.60,336.80,47.10,85.70,1.0000,-1,-1,-1
209,39,1055.20,312.80,25.90,54.80,0.9980,-1,-1,-1
209,40,173.70,286.40,111.80,295.70,1.0000,-1,-1,-1
209,31,664.30,316.90,31.40,68.10,0.2950,-1,-1,-1
209,-1,622.30,313.70,22.90,45.80,0.5810,-1,-1,-1
209,-1,585.70,319.70,26.60,51.90,0.4580,-1,-1,-1
210,3,853.70,289.70,58.80,164.10,1.0000,-1,-1,-1
210,5,1366.80,226.30,105.60,392.80,1.0000,-1,-1,-1
210,7,773.50,277.70,63.50,179.50,1.0000,-1,-1,-1
210,17,736.80,309.60,25.00,63.80,0.8660,-1,-1,-1
210,21,681.90,301.80,42.60,113.80,1.0000,-1,-1,-1
210,30,1000.40,306.50,31.70,71.20,1.0000,-1,-1,-1
210,32,1122.40,297.20,59.10,141.20,1.0000,-1,-1,-1
210,36,604.60,310.90,23.10,49.50,0.9740,-1,-1,-1
210,38,930.50,333.30,49.30,87.10,1.0000,-1,-1,-1
210,39,1051.20,308.80,24.60,55.50,0.9940,-1,-1,-1
210,40,164.10,283.10,110.20,302.40,1.0000,-1,-1,-1
210,41,647.80,309.60,22.40,47.30,0.2670,-1,-1,-1
210,-1,1157.70,292.10,45.60,120.00,0.5510,-1,-1,-1
210,-1,585.00,313.80,21.90,49.50,0.0740,-1,-1,-1
211,3,854.30,287.50,58.20,164.00,1.0000,-1,-1,-1
211,5,1369.40,218.80,114.20,404.30,1.0000,-1,-1,-1
211,7,773.90,277.70,64.20,177.60,1.0000,-1,-1,-1
211,17,734.70,306.80,27.20,65.30,0.6100,-1,-1,-1
211,21,682.10,295.00,43.20,117.50,1.0000,-1,-1,-1
211,30,1001.20,300.40,31.50,73.20,1.0000,-1,-1,-1
211,32,1124.70,289.20,57.10,145.90,1.0000,-1,-1,-1
211,36,608.90,306.40,23.80,49.90,0.9510,-1,-1,-1
211,38,929.90,330.00,47.40,86.50,1.0000,-1,-1,-1
211,39,1055.50,305.50,25.30,56.10,0.9990,-1,-1,-1
211,40,160.40,280.00,112.30,301.80,1.0000,-1,-1,-1
211,41,648.20,307.60,22.10,46.60,0.5230,-1,-1,-1
211,-1,579.50,312.40,23.50,53.80,0.1410,-1,-1,-1
212,3,852.50,287.30,59.10,164.00,1.0000,-1,-1,-1
212,5,1368.80,219.80,113.80,402.50,1.0000,-1,-1,-1
212,7,771.20,269.30,64.50,186.70,1.0000,-1,-1,-1
212,21,683.60,292.80,43.10,119.70,1.0000,-1,-1,-1
212,30,1001.30,299.40,30.90,72.50,1.0000,-1,-1,-1
212,32,1124.50,285.10,59.50,151.60,1.0000,-1,-1,-1
212,36,603.80,302.90,24.20,52.00,0.9460,-1,-1,-1
212,38,928.90,330.10,48.80,84.50,1.0000,-1,-1,-1
212,39,1057.80,303.00,25.20,57.70,0.9990,-1,-1,-1
212,40,160.10,274.10,103.50,309.90,1.0000,-1,-1,-1
212,41,646.80,303.40,22.00,45.50,0.8010,-1,-1,-1
212,17,736.20,300.70,31.00,72.30,0.3120,-1,-1,-1
212,-1,583.90,305.90,23.90,53.90,0.3380,-1,-1,-1
212,-1,1165.30,288.40,44.10,114.70,0.9750,-1,-1,-1
213,3,849.60,286.70,58.40,161.60,1.0000,-1,-1,-1
213,5,1372.30,217.20,111.50,402.20,1.0000,-1,-1,-1
213,7,770.40,273.70,64.00,178.50,1.0000,-1,-1,-1
213,21,683.70,291.00,41.50,117.50,1.0000,-1,-1,-1
213,30,1000.10,296.80,30.50,72.90,1.0000,-1,-1,-1
213,32,1123.20,286.10,60.00,148.10,1.0000,-1,-1,-1
213,36,602.00,300.10,24.90,52.90,0.9310,-1,-1,-1
213,38,928.20,325.80,48.60,86.60,1.0000,-1,-1,-1
213,39,1056.00,298.60,25.80,61.00,0.9990,-1,-1,-1
213,40,151.50,270.40,104.70,312.80,1.0000,-1,-1,-1
213,43,1164.00,285.90,45.00,114.30,0.9690,-1,-1,-1
213,41,647.80,302.10,21.40,44.90,0.5430,-1,-1,-1
213,-1,581.00,302.80,24.60,56.40,0.0900,-1,-1,-1
214,3,846.60,283.00,58.90,163.30,1.0000,-1,-1,-1
214,5,1374.30,211.90,111.40,405.30,1.0000,-1,-1,-1
214,7,768.50,269.40,64.60,179.00,1.0000,-1,-1,-1
214,21,684.50,289.90,41.40,115.80,1.0000,-1,-1,-1
214,30,999.30,294.80,30.50,71.20,1.0000,-1,-1,-1
214,32,1122.00,283.50,58.80,144.10,1.0000,-1,-1,-1
214,36,604.30,297.10,23.40,52.60,0.9410,-1,-1,-1
214,38,929.10,320.80,48.40,89.90,1.0000,-1,-1,-1
214,39,1056.40,295.50,25.60,60.50,0.9990,-1,-1,-1
214,40,148.20,270.10,101.90,310.60,1.0000,-1,-1,-1
214,41,652.00,301.40,23.10,45.30,0.6640,-1,-1,-1
214,43,1162.50,281.50,48.20,116.80,0.9950,-1,-1,-1
214,-1,582.40,300.20,24.20,54.10,0.3160,-1,-1,-1
214,-1,891.20,309.00,37.30,102.60,0.2820,-1,-1,-1
215,3,844.40,282.70,60.40,161.80,1.0000,-1,-1,-1
215,5,1381.30,205.70,112.00,409.90,1.0000,-1,-1,-1
215,7,769.00,266.70,62.20,176.30,1.0000,-1,-1,-1
215,21,685.20,289.90,40.70,111.20,1.0000,-1,-1,-1
215,30,999.00,291.00,29.50,70.10,1.0000,-1,-1,-1
215,32,1120.90,281.00,58.90,141.50,1.0000,-1,-1,-1
215,36,604.70,293.00,23.10,51.90,0.9550,-1,-1,-1
215,38,928.30,319.20,48.40,89.80,1.0000,-1,-1,-1
215,39,1055.60,291.70,25.00,61.00,0.9990,-1,-1,-1
215,40,138.20,269.80,103.50,312.80,1.0000,-1,-1,-1
215,41,651.80,299.60,22.60,44.80,0.6730,-1,-1,-1
215,43,1161.60,278.50,50.30,117.90,0.9980,-1,-1,-1
215,17,719.20,299.90,59.40,71.20,0.0560,-1,-1,-1
215,-1,589.60,294.30,26.10,53.20,0.5270,-1,-1,-1
215,-1,885.70,306.00,41.90,110.30,0.7920,-1,-1,-1
216,3,842.10,280.60,56.90,161.80,1.0000,-1,-1,-1
216,5,1380.90,205.10,116.40,415.10,1.0000,-1,-1,-1
216,7,767.90,266.90,61.90,175.80,0.9990,-1,-1,-1
216,21,685.00,289.00,41.50,111.80,1.0000,-1,-1,-1
216,30,998.10,290.30,29.90,70.20,1.0000,-1,-1,-1
216,32,1117.70,278.40,60.80,143.70,1.0000,-1,-1,-1
216,36,604.30,291.90,22.70,52.30,0.9410,-1,-1,-1
216,38,928.70,319.40,48.10,88.40,1.0000,-1,-1,-1
216,39,1054.80,289.40,25.70,62.60,0.9990,-1,-1,-1
216,40,133.40,269.60,104.50,313.10,1.0000,-1,-1,-1
216,41,656.70,301.40,24.50,48.20,0.6780,-1,-1,-1
216,43,1162.20,277.60,48.70,115.20,0.9990,-1,-1,-1
216,44,891.60,311.50,47.00,96.30,0.9840,-1,-1,-1
216,17,718.70,299.70,59.70,71.20,0.0800,-1,-1,-1
216,-1,583.30,290.40,24.90,53.30,0.4530,-1,-1,-1
216,-1,223.60,290.90,32.60,79.10,0.1100,-1,-1,-1
217,3,839.30,279.80,57.80,162.10,1.0000,-1,-1,-1
217,5,1390.10,199.80,105.00,422.20,1.0000,-1,-1,-1
217,7,766.70,265.30,62.50,176.80,0.9990,-1,-1,-1
217,21,685.70,288.50,41.40,112.70,1.0000,-1,-1,-1
217,30,998.90,289.30,29.20,71.00,1.0000,-1,-1,-1
217,32,1114.60,278.60,62.70,143.20,1.0000,-1,-1,-1
217,36,606.10,289.30,23.70,50.50,0.9290,-1,-1,-1
217,38,928.80,316.70,48.30,89.40,1.0000,-1,-1,-1
217,39,1054.70,290.20,25.50,60.60,0.9990,-1,-1,-1
217,40,128.10,263.20,100.60,318.30,1.0000,-1,-1,-1
217,41,655.00,298.10,23.90,47.00,0.6890,-1,-1,-1
217,43,1160.70,275.60,50.50,118.70,0.9990,-1,-1,-1
217,44,896.10,313.50,44.40,89.00,0.9920,-1,-1,-1
217,-1,580.00,288.60,25.70,54.10,0.3400,-1,-1,-1
217,-1,215.90,289.40,34.90,79.40,0.8090,-1,-1,-1
218,3,838.80,277.70,56.90,164.90,1.0000,-1,-1,-1
218,5,1391.90,199.10,108.60,426.70,1.0000,-1,-1,-1
218,7,767.80,266.50,61.90,175.10,1.0000,-1,-1,-1
218,21,686.70,287.80,42.00,115.00,1.0000,-1,-1,-1
218,30,998.80,287.80,30.20,71.50,1.0000,-1,-1,-1
218,32,1113.80,278.40,62.40,142.20,1.0000,-1,-1,-1
218,36,603.80,290.90,23.60,50.50,0.9490,-1,-1,-1
218,38,927.90,318.60,48.10,85.70,1.0000,-1,-1,-1
218,39,1054.70,289.90,25.30,60.90,0.9990,-1,-1,-1
218,40,122.70,262.40,99.70,333.90,0.9990,-1,-1,-1
218,41,651.60,297.30,22.30,45.20,0.6770,-1,-1,-1
218,43,1160.90,275.60,50.90,119.40,1.0000,-1,-1,-1
218,44,892.90,312.30,47.40,91.60,0.9970,-1,-1,-1
218,45,210.90,288.50,37.30,88.50,0.9970,-1,-1,-1
218,17,744.40,290.90,34.50,89.60,0.3770,-1,-1,-1
218,-1,583.30,289.20,25.00,53.50,0.3930,-1,-1,-1
219,3,837.90,281.40,56.10,159.60,1.0000,-1,-1,-1
219,5,1392.00,196.70,112.10,430.00,1.0000,-1,-1,-1
219,7,767.40,270.30,61.30,172.00,1.0000,-1,-1,-1
219,21,687.90,289.00,41.90,115.30,1.0000,-1,-1,-1
219,30,998.00,289.90,30.30,71.40,1.0000,-1,-1,-1
219,32,1114.10,279.90,60.40,140.20,1.0000,-1,-1,-1
219,36,596.70,292.90,24.70,52.00,0.9550,-1,-1,-1
219,38,929.10,318.70,47.80,89.10,1.0000,-1,-1,-1
219,39,1055.20,290.70,24.70,60.90,0.9990,-1,-1,-1
219,40,114.30,261.30,103.80,332.20,1.0000,-1,-1,-1
219,41,648.80,297.80,21.80,44.00,0.7420,-1,-1,-1
219,43,1159.60,276.40,53.90,120.40,1.0000,-1,-1,-1
219,44,891.50,313.60,49.10,92.90,0.9990,-1,-1,-1
219,45,207.50,290.20,36.30,88.50,0.9990,-1,-1,-1
219,-1,578.80,293.10,26.10,52.00,0.1260,-1,-1,-1
220,3,839.00,279.10,52.30,160.30,1.0000,-1,-1,-1
220,5,1394.30,198.70,111.30,421.00,1.0000,-1,-1,-1
220,7,762.80,267.50,63.60,180.10,1.0000,-1,-1,-1
220,21,688.60,289.50,41.60,114.70,1.0000,-1,-1,-1
220,30,998.80,291.20,29.60,70.20,1.0000,-1,-1,-1
220,32,1111.60,284.40,61.60,138.90,1.0000,-1,-1,-1
220,36,592.70,295.80,24.70,52.00,0.9730,-1,-1,-1
220,38,929.90,318.20,48.50,90.00,1.0000,-1,-1,-1
220,39,1055.20,290.70,25.30,62.80,0.9980,-1,-1,-1
220,40,107.80,265.70,101.10,340.60,1.0000,-1,-1,-1
220,41,649.10,300.10,21.00,42.20,0.8500,-1,-1,-1
220,43,1158.60,279.40,56.30,116.80,1.0000,-1,-1,-1
220,44,892.40,313.10,50.70,94.50,0.9990,-1,-1,-1
220,45,203.40,291.90,35.70,85.10,1.0000,-1,-1,-1
221,3,836.20,280.10,53.40,154.90,1.0000,-1,-1,-1
221,5,1398.50,195.80,114.70,434.60,0.9990,-1,-1,-1
221,7,760.80,268.90,65.80,174.50,1.0000,-1,-1,-1
221,21,687.20,290.40,43.30,114.50,1.0000,-1,-1,-1
221,30,997.20,292.60,28.70,68.20,1.0000,-1,-1,-1
221,32,1111.90,282.40,61.10,140.70,1.0000,-1,-1,-1
221,36,597.50,295.90,25.10,51.60,0.9410,-1,-1,-1
221,38,929.60,316.40,48.00,91.90,1.0000,-1,-1,-1
221,39,1052.10,294.60,24.10,59.40,0.9780,-1,-1,-1
221,40,96.00,264.80,104.70,342.20,1.0000,-1,-1,-1
221,41,645.10,300.50,21.20,45.40,0.8440,-1,-1,-1
221,43,1157.60,277.60,58.00,117.70,1.0000,-1,-1,-1
221,44,892.30,313.40,50.00,91.30,0.9990,-1,-1,-1
221,45,201.00,294.70,35.60,83.30,0.9980,-1,-1,-1
222,3,840.30,280.90,51.60,159.20,1.0000,-1,-1,-1
222,5,1407.20,198.90,114.80,438.00,0.9990,-1,-1,-1
222,7,762.60,270.60,63.20,177.50,1.0000,-1,-1,-1
222,21,688.80,291.20,41.80,113.80,1.0000,-1,-1,-1
222,30,998.30,292.10,32.10,73.70,1.0000,-1,-1,-1
222,32,1113.90,281.20,61.90,145.70,1.0000,-1,-1,-1
222,36,592.90,298.10,25.10,52.30,0.9690,-1,-1,-1
222,38,931.00,320.80,48.20,88.00,1.0000,-1,-1,-1
222,39,1053.50,292.80,26.40,61.70,0.9980,-1,-1,-1
222,40,93.30,267.30,108.90,345.80,0.9990,-1,-1,-1
222,41,645.20,300.80,21.30,43.10,0.8890,-1,-1,-1
222,43,1163.30,279.60,57.20,120.10,1.0000,-1,-1,-1
222,44,892.80,314.00,49.60,92.70,0.9990,-1,-1,-1
222,45,201.00,292.50,36.50,87.70,1.0000,-1,-1,-1
223,3,839.60,278.10,51.30,158.80,1.0000,-1,-1,-1
223,5,1408.20,196.90,120.10,441.80,1.0000,-1,-1,-1
223,7,762.80,268.40,63.80,177.00,1.0000,-1,-1,-1
223,21,688.80,290.30,41.90,113.40,1.0000,-1,-1,-1
223,30,998.80,292.70,29.00,69.10,1.0000,-1,-1,-1
223,32,1113.80,278.40,63.00,146.10,1.0000,-1,-1,-1
223,36,592.60,295.60,25.70,53.10,0.9600,-1,-1,-1
223,38,931.00,317.20,49.70,90.60,1.0000,-1,-1,-1
223,39,1053.00,292.40,25.60,60.20,0.9970,-1,-1,-1
223,40,86.50,267.10,105.90,342.20,1.0000,-1,-1,-1
223,41,642.90,299.90,21.80,43.50,0.8920,-1,-1,-1
223,43,1163.10,277.80,57.00,121.30,1.0000,-1,-1,-1
223,44,893.10,312.90,49.40,91.30,0.9990,-1,-1,-1
223,45,196.30,293.40,37.10,85.20,0.9990,-1,-1,-1
223,-1,575.20,296.70,26.40,54.00,0.0840,-1,-1,-1
224,3,838.40,282.80,53.00,158.10,1.0000,-1,-1,-1
224,5,1414.50,195.00,119.50,441.50,1.0000,-1,-1,-1
224,7,760.20,268.20,65.10,180.70,1.0000,-1,-1,-1
224,21,689.50,291.40,42.00,116.50,1.0000,-1,-1,-1
224,30,999.00,294.60,31.10,71.80,1.0000,-1,-1,-1
224,32,1114.90,279.70,61.70,148.30,1.0000,-1,-1,-1
224,36,598.50,300.60,24.80,52.50,0.9740,-1,-1,-1
224,38,929.10,321.60,50.70,89.10,1.0000,-1,-1,-1
224,39,1051.70,295.70,25.60,60.30,0.9960,-1,-1,-1
224,40,83.80,267.80,101.10,356.00,0.9990,-1,-1,-1
224,41,639.90,300.60,22.20,44.60,0.8540,-1,-1,-1
224,43,1165.80,281.00,55.80,122.40,1.0000,-1,-1,-1
224,44,893.20,316.80,51.90,89.90,0.9990,-1,-1,-1
224,45,193.40,296.80,39.00,88.70,1.0000,-1,-1,-1
224,31,662.80,304.90,29.60,56.50,0.2350,-1,-1,-1
224,-1,584.90,302.40,25.20,50.50,0.0970,-1,-1,-1
225,3,832.30,282.40,55.20,155.90,1.0000,-1,-1,-1
225,5,1417.30,195.50,114.70,442.60,1.0000,-1,-1,-1
225,7,756.90,268.40,64.60,177.80,1.0000,-1,-1,-1
225,21,689.40,289.80,41.50,115.90,1.0000,-1,-1,-1
225,30,995.00,292.00,30.20,71.50,1.0000,-1,-1,-1
225,32,1108.90,279.60,63.50,144.90,1.0000,-1,-1,-1
225,36,591.50,297.30,25.50,52.00,0.9860,-1,-1,-1
225,38,929.90,318.60,49.70,91.30,1.0000,-1,-1,-1
225,39,1052.40,292.20,25.40,60.80,0.9960,-1,-1,-1
225,40,68.40,261.90,104.80,378.40,0.9890,-1,-1,-1
225,41,644.20,299.00,21.30,43.70,0.8250,-1,-1,-1
225,43,1165.10,278.60,56.20,125.50,1.0000,-1,-1,-1
225,44,889.70,313.00,52.30,92.20,1.0000,-1,-1,-1
225,45,187.40,294.30,37.40,86.60,1.0000,-1,-1,-1
226,3,832.50,280.90,55.60,158.00,1.0000,-1,-1,-1
226,5,1421.50,192.20,119.60,449.80,1.0000,-1,-1,-1
226,7,756.50,267.30,64.90,179.40,1.0000,-1,-1,-1
226,21,689.30,289.10,41.40,114.60,1.0000,-1,-1,-1
226,30,995.30,290.10,30.10,72.40,1.0000,-1,-1,-1
226,32,1110.50,279.60,63.70,142.50,1.0000,-1,-1,-1
226,36,589.40,295.00,25.60,52.90,0.9740,-1,-1,-1
226,38,931.70,316.10,48.30,92.60,1.0000,-1,-1,-1
226,39,1054.00,291.90,25.90,60.50,0.9980,-1,-1,-1
226,40,71.60,273.50,91.30,357.40,0.6760,-1,-1,-1
226,41,641.40,298.10,21.50,42.80,0.8960,-1,-1,-1
226,43,1165.80,277.10,57.10,126.50,1.0000,-1,-1,-1
226,44,890.90,311.50,51.30,92.70,1.0000,-1,-1,-1
226,45,186.30,292.40,37.10,87.50,1.0000,-1,-1,-1
227,3,829.10,277.70,58.90,162.80,1.0000,-1,-1,-1
227,5,1420.60,190.50,125.80,451.70,1.0000,-1,-1,-1
227,7,754.80,265.90,64.80,178.50,1.0000,-1,-1,-1
227,21,688.40,288.10,42.60,114.80,1.0000,-1,-1,-1
227,30,995.20,288.80,30.30,71.70,1.0000,-1,-1,-1
227,32,1109.70,277.20,63.60,143.20,1.0000,-1,-1,-1
227,36,591.60,293.80,26.20,51.60,0.9780,-1,-1,-1
227,38,930.20,316.30,49.90,91.80,1.0000,-1,-1,-1
227,39,1051.50,290.60,25.60,60.30,0.9970,-1,-1,-1
227,41,641.40,295.90,21.20,42.50,0.8850,-1,-1,-1
227,43,1166.70,274.50,55.30,124.60,1.0000,-1,-1,-1
227,44,890.60,312.10,48.80,92.10,0.9990,-1,-1,-1
227,45,181.90,291.30,38.00,91.40,1.0000,-1,-1,-1
227,40,65.00,291.40,92.80,335.00,0.1850,-1,-1,-1
227,-1,577.50,293.90,26.20,53.20,0.0980,-1,-1,-1
228,3,829.70,276.10,58.20,163.70,1.0000,-1,-1,-1
228,5,1424.80,186.00,122.50,464.80,0.9990,-1,-1,-1
228,7,755.80,267.40,61.80,174.50,1.0000,-1,-1,-1
228,21,687.50,287.50,42.20,112.70,1.0000,-1,-1,-1
228,30,993.20,285.90,30.40,71.70,1.0000,-1,-1,-1
228,32,1108.00,274.50,62.60,143.50,1.0000,-1,-1,-1
228,36,584.90,292.30,27.00,53.50,0.9730,-1,-1,-1
228,38,930.30,316.20,48.60,87.40,1.0000,-1,-1,-1
228,39,1051.50,289.50,25.80,59.90,0.9970,-1,-1,-1
228,41,644.10,295.60,22.00,44.40,0.8790,-1,-1,-1
228,43,1165.90,272.40,54.60,122.50,1.0000,-1,-1,-1
228,44,886.90,308.00,52.90,96.80,1.0000,-1,-1,-1
228,45,179.30,292.50,38.40,90.10,1.0000,-1,-1,-1
228,40,61.90,277.20,85.80,346.40,0.0840,-1,-1,-1
228,-1,599.50,291.80,25.50,50.70,0.9060,-1,-1,-1
229,3,828.70,276.10,56.40,162.60,1.0000,-1,-1,-1
229,5,1422.70,187.30,131.10,464.50,0.9970,-1,-1,-1
229,7,752.20,267.70,65.80,176.50,1.0000,-1,-1,-1
229,21,687.00,288.50,40.80,110.80,1.0000,-1,-1,-1
229,30,991.70,287.20,31.10,70.90,1.0000,-1,-1,-1
229,32,1107.40,273.70,62.40,145.60,1.0000,-1,-1,-1
229,36,584.30,293.60,27.40,52.40,0.9830,-1,-1,-1
229,38,928.90,315.10,49.40,94.20,1.0000,-1,-1,-1
229,39,1050.60,289.00,27.10,62.20,0.9990,-1,-1,-1
229,41,651.10,299.90,21.80,43.90,0.7850,-1,-1,-1
229,43,1164.70,272.00,54.40,124.00,1.0000,-1,-1,-1
229,44,885.60,309.50,51.70,94.80,1.0000,-1,-1,-1
229,45,174.90,296.10,38.30,90.50,1.0000,-1,-1,-1
229,46,600.80,293.20,24.50,50.50,0.8830,-1,-1,-1
230,3,831.70,276.70,54.10,159.50,1.0000,-1,-1,-1
230,5,1434.20,185.20,169.30,463.10,0.9970,-1,-1,-1
230,7,748.60,268.60,65.00,173.80,1.0000,-1,-1,-1
230,21,685.50,287.20,42.80,111.90,1.0000,-1,-1,-1
230,30,991.00,286.70,31.10,70.00,1.0000,-1,-1,-1
230,32,1108.40,271.70,61.30,144.80,1.0000,-1,-1,-1
230,36,584.80,292.60,26.90,51.10,0.9740,-1,-1,-1
230,38,929.00,314.80,49.20,90.70,1.0000,-1,-1,-1
230,39,1051.10,288.90,25.60,62.20,0.9990,-1,-1,-1
230,41,649.50,297.60,22.30,45.10,0.8070,-1,-1,-1
230,43,1168.20,270.70,55.70,125.50,1.0000,-1,-1,-1
230,44,886.00,306.80,51.60,94.00,1.0000,-1,-1,-1
230,45,170.30,295.60,38.70,88.50,1.0000,-1,-1,-1
230,46,599.80,292.50,24.30,49.40,0.9080,-1,-1,-1
231,3,829.20,279.70,54.40,155.40,1.0000,-1,-1,-1
231,5,1436.90,186.70,175.80,467.50,0.9980,-1,-1,-1
231,7,744.80,271.30,64.80,174.30,1.0000,-1,-1,-1
231,21,686.70,289.40,41.10,112.00,1.0000,-1,-1,-1
231,30,991.00,289.00,31.40,71.10,1.0000,-1,-1,-1
231,32,1108.10,274.80,60.50,142.60,1.0000,-1,-1,-1
231,36,580.90,295.80,26.10,52.50,0.9960,-1,-1,-1
231,38,928.30,314.30,50.50,95.20,1.0000,-1,-1,-1
231,39,1051.80,291.70,25.50,61.80,0.9980,-1,-1,-1
231,41,643.40,298.50,20.70,43.60,0.7950,-1,-1,-1
231,43,1170.40,276.40,56.70,124.30,1.0000,-1,-1,-1
231,44,884.00,306.20,51.80,97.90,1.0000,-1,-1,-1
231,45,167.70,297.80,39.90,91.70,1.0000,-1,-1,-1
231,46,595.30,296.30,24.00,49.90,0.9090,-1,-1,-1
231,-1,106.30,291.40,46.90,111.80,0.1920,-1,-1,-1
232,3,828.50,279.70,54.50,158.10,1.0000,-1,-1,-1
232,5,1441.90,185.60,148.70,473.40,0.9970,-1,-1,-1
232,7,741.80,272.60,64.10,173.70,1.0000,-1,-1,-1
232,21,686.40,289.10,42.20,114.40,1.0000,-1,-1,-1
232,30,990.60,291.20,31.00,69.30,1.0000,-1,-1,-1
232,32,1108.20,276.50,59.30,140.40,1.0000,-1,-1,-1
232,36,580.80,297.30,26.20,52.70,0.9930,-1,-1,-1
232,38,927.30,315.40,51.30,96.40,1.0000,-1,-1,-1
232,39,1048.70,293.20,25.60,61.40,0.9960,-1,-1,-1
232,41,647.60,298.30,20.80,45.30,0.8020,-1,-1,-1
232,43,1170.10,278.40,56.20,122.70,1.0000,-1,-1,-1
232,44,884.70,310.40,51.40,93.70,1.0000,-1,-1,-1
232,45,164.70,297.80,40.80,94.70,1.0000,-1,-1,-1
232,46,596.00,297.60,24.60,50.40,0.9220,-1,-1,-1
232,-1,101.70,291.60,46.20,115.10,0.2080,-1,-1,-1
233,3,829.80,281.50,53.90,159.40,1.0000,-1,-1,-1
233,5,1437.40,186.20,131.60,480.70,0.9960,-1,-1,-1
233,7,737.30,272.40,63.10,172.90,1.0000,-1,-1,-1
233,21,686.30,291.40,42.30,109.90,1.0000,-1,-1,-1
233,30,990.20,291.80,31.90,69.90,1.0000,-1,-1,-1
233,32,1109.70,279.50,56.70,141.30,1.0000,-1,-1,-1
233,36,577.60,300.20,25.60,52.80,0.9950,-1,-1,-1
233,38,927.80,316.90,52.90,94.20,1.0000,-1,-1,-1
233,39,1050.80,293.30,25.10,63.40,0.9970,-1,-1,-1
233,41,630.90,297.10,22.00,48.70,0.9260,-1,-1,-1
233,43,1172.10,280.40,57.90,121.20,1.0000,-1,-1,-1
233,44,882.50,307.90,53.90,98.60,1.0000,-1,-1,-1
233,45,162.30,301.70,39.90,90.60,1.0000,-1,-1,-1
233,46,612.20,299.70,24.50,48.60,0.9370,-1,-1,-1
233,-1,98.20,292.00,44.10,113.60,0.7770,-1,-1,-1
234,3,830.60,282.50,55.00,162.20,1.0000,-1,-1,-1
234,5,1439.50,186.10,122.50,485.20,0.9990,-1,-1,-1
234,7,735.70,272.60,62.70,175.40,1.0000,-1,-1,-1
234,21,686.30,291.40,45.80,115.00,0.9990,-1,-1,-1
234,30,989.60,296.00,32.00,69.20,0.9990,-1,-1,-1
234,32,1106.40,281.00,58.00,141.80,1.0000,-1,-1,-1
234,36,580.30,304.50,25.00,51.50,0.9940,-1,-1,-1
234,38,931.80,319.00,51.20,91.70,1.0000,-1,-1,-1
234,39,1045.60,295.90,24.50,60.30,0.9610,-1,-1,-1
234,41,637.60,302.40,21.40,47.70,0.8750,-1,-1,-1
234,43,1173.40,283.20,60.00,120.00,1.0000,-1,-1,-1
234,44,887.40,313.20,49.40,95.00,1.0000,-1,-1,-1
234,45,158.90,299.60,39.10,97.70,1.0000,-1,-1,-1
234,46,613.90,305.30,22.30,47.00,0.9350,-1,-1,-1
234,31,652.30,307.70,28.60,51.10,0.2590,-1,-1,-1
234,40,17.40,281.00,90.70,337.30,0.1970,-1,-1,-1
234,47,81.50,288.90,58.20,115.20,0.3050,-1,-1,-1
234,-1,123.40,295.00,28.60,96.10,0.3140,-1,-1,-1
234,-1,1071.40,295.20,25.40,58.60,0.2220,-1,-1,-1
235,3,836.20,282.30,56.10,159.50,1.0000,-1,-1,-1
235,5,1451.90,189.00,126.10,483.80,0.9990,-1,-1,-1
235,7,738.90,274.80,62.20,175.50,1.0000,-1,-1,-1
235,21,692.40,294.70,45.80,112.40,1.0000,-1,-1,-1
235,30,995.10,296.30,31.90,72.60,0.9990,-1,-1,-1
235,32,1109.20,288.50,58.00,140.70,1.0000,-1,-1,-1
235,36,583.30,309.30,25.30,50.50,0.9730,-1,-1,-1
235,38,936.70,327.70,48.70,87.50,1.0000,-1,-1,-1
235,39,1060.00,300.30,26.70,59.90,0.9820,-1,-1,-1
235,41,623.70,309.20,22.50,46.40,0.9610,-1,-1,-1
235,43,1177.40,283.00,60.80,127.30,1.0000,-1,-1,-1
235,44,890.40,315.40,52.20,99.30,1.0000,-1,-1,-1
235,45,158.90,301.30,40.70,100.90,1.0000,-1,-1,-1
235,46,605.90,309.30,24.70,49.00,0.9070,-1,-1,-1
235,47,67.50,288.40,73.70,123.70,0.8910,-1,-1,-1
235,31,647.40,306.90,25.10,48.60,0.3360,-1,-1,-1
236,3,838.90,288.20,54.60,156.10,1.0000,-1,-1,-1
236,5,1464.80,189.70,126.50,495.80,0.9980,-1,-1,-1
236,7,745.10,279.60,63.10,175.00,1.0000,-1,-1,-1
236,21,698.00,296.30,46.60,114.40,1.0000,-1,-1,-1
236,30,1004.90,300.70,30.80,70.20,1.0000,-1,-1,-1
236,32,1115.70,291.40,57.60,143.70,1.0000,-1,-1,-1
236,36,588.00,312.60,25.90,50.60,0.9730,-1,-1,-1
236,38,939.60,328.70,53.30,91.80,1.0000,-1,-1,-1
236,39,1062.60,302.50,25.30,58.40,0.9960,-1,-1,-1
236,41,634.00,310.40,23.40,46.80,0.9830,-1,-1,-1
236,43,1183.10,287.80,62.40,123.00,1.0000,-1,-1,-1
236,44,893.60,315.30,50.50,101.30,1.0000,-1,-1,-1
236,45,163.00,308.20,40.70,97.70,1.0000,-1,-1,-1
236,46,614.20,314.40,23.50,46.30,0.9000,-1,-1,-1
236,47,81.60,293.10,67.90,131.00,1.0000,-1,-1,-1
236,-1,1043.20,303.10,26.90,58.40,0.9380,-1,-1,-1
237,3,839.90,287.90,58.50,159.90,1.0000,-1,-1,-1
237,5,1470.60,186.60,124.20,502.30,1.0000,-1,-1,-1
237,7,745.50,278.80,64.80,179.10,1.0000,-1,-1,-1
237,21,699.40,298.60,46.40,111.70,0.9980,-1,-1,-1
237,30,1008.50,298.00,31.70,71.80,0.9990,-1,-1,-1
237,32,1118.50,287.40,59.00,145.30,1.0000,-1,-1,-1
237,36,589.30,309.00,25.40,53.80,0.8740,-1,-1,-1
237,38,940.20,325.10,53.90,94.70,1.0000,-1,-1,-1
237,39,1063.40,297.40,27.40,61.90,0.8550,-1,-1,-1
237,41,630.40,312.40,23.50,47.50,0.9470,-1,-1,-1
237,43,1184.80,286.60,64.10,123.70,1.0000,-1,-1,-1
237,44,898.40,313.90,52.20,102.20,1.0000,-1,-1,-1
237,45,165.70,303.30,44.00,101.70,1.0000,-1,-1,-1
237,46,603.50,312.00,25.40,51.40,0.9410,-1,-1,-1
237,47,77.90,287.80,74.50,142.10,0.9990,-1,-1,-1
237,48,1029.70,298.70,28.20,64.00,0.8380,-1,-1,-1
238,3,844.80,291.70,54.50,155.20,1.0000,-1,-1,-1
238,5,1475.90,188.30,136.50,512.50,0.9970,-1,-1,-1
238,7,749.40,280.90,62.70,176.20,1.0000,-1,-1,-1
238,21,703.40,297.50,47.10,111.90,0.9990,-1,-1,-1
238,30,1011.20,300.50,33.60,75.00,1.0000,-1,-1,-1
238,31,636.50,312.10,24.00,48.40,0.9750,-1,-1,-1
238,32,1123.10,292.40,60.70,142.60,1.0000,-1,-1,-1
238,36,596.20,313.20,26.20,50.90,0.9900,-1,-1,-1
238,38,943.30,329.30,51.80,94.10,1.0000,-1,-1,-1
238,39,1066.40,304.00,24.10,57.20,0.9850,-1,-1,-1
238,43,1190.60,286.40,63.40,128.20,1.0000,-1,-1,-1
238,44,901.60,319.60,53.10,101.20,1.0000,-1,-1,-1
238,45,166.40,305.20,42.60,97.70,1.0000,-1,-1,-1
238,47,77.40,295.00,75.50,130.40,1.0000,-1,-1,-1
238,-1,670.80,308.20,22.40,49.30,0.1970,-1,-1,-1
239,3,847.30,291.10,58.60,159.00,1.0000,-1,-1,-1
239,5,1488.80,193.80,133.40,504.20,0.9980,-1,-1,-1
239,7,750.00,277.70,65.00,179.70,1.0000,-1,-1,-1
239,21,709.10,301.80,44.80,106.30,0.9970,-1,-1,-1
239,30,1015.70,299.80,33.80,75.70,1.0000,-1,-1,-1
239,31,632.70,313.10,22.40,46.40,0.9440,-1,-1,-1
239,32,1125.80,290.30,60.90,143.40,1.0000,-1,-1,-1
239,36,603.00,313.80,25.60,49.90,0.9740,-1,-1,-1
239,38,947.60,329.30,51.60,94.50,1.0000,-1,-1,-1
239,39,1067.60,303.10,24.00,54.70,0.9790,-1,-1,-1
239,41,645.00,314.00,22.50,45.70,0.8700,-1,-1,-1
239,43,1196.40,284.90,65.60,132.30,1.0000,-1,-1,-1
239,44,905.60,317.70,51.90,101.90,1.0000,-1,-1,-1
239,45,172.60,307.10,43.00,97.60,1.0000,-1,-1,-1
239,47,71.80,293.80,83.70,132.80,1.0000,-1,-1,-1
239,-1,666.50,309.00,21.80,47.00,0.2750,-1,-1,-1
239,-1,587.50,311.60,25.90,50.20,0.1210,-1,-1,-1
239,-1,1082.90,304.10,23.80,55.40,0.9110,-1,-1,-1
240,3,849.70,290.30,55.20,162.10,1.0000,-1,-1,-1
240,5,1502.30,182.40,137.30,528.60,0.9980,-1,-1,-1
240,7,754.10,278.70,64.10,177.60,1.0000,-1,-1,-1
240,21,713.90,298.90,44.70,109.80,0.9990,-1,-1,-1
240,30,1019.60,297.60,34.00,76.70,1.0000,-1,-1,-1
240,32,1127.70,285.80,61.60,147.50,1.0000,-1,-1,-1
240,36,606.20,309.20,25.50,52.50,0.9910,-1,-1,-1
240,38,951.40,329.90,53.40,95.20,1.0000,-1,-1,-1
240,39,1072.10,301.70,25.10,60.20,0.9850,-1,-1,-1
240,41,637.60,310.00,23.30,48.90,0.9550,-1,-1,-1
240,43,1202.70,283.30,65.00,132.40,1.0000,-1,-1,-1
240,44,909.30,320.40,53.90,101.30,1.0000,-1,-1,-1
240,45,172.90,305.90,42.00,99.10,1.0000,-1,-1,-1
240,47,70.00,292.10,81.70,137.60,1.0000,-1,-1,-1
241,3,851.40,292.10,57.00,153.60,1.0000,-1,-1,-1
241,5,1508.60,183.90,137.70,525.60,1.0000,-1,-1,-1
241,7,753.80,278.60,63.80,174.60,1.0000,-1,-1,-1
241,21,715.50,298.50,45.00,111.90,0.9990,-1,-1,-1
241,30,1021.40,297.10,34.20,75.80,1.0000,-1,-1,-1
241,32,1130.90,290.40,59.30,142.60,1.0000,-1,-1,-1
241,36,606.20,308.10,26.00,54.20,0.9950,-1,-1,-1
241,38,953.40,328.50,53.00,98.90,1.0000,-1,-1,-1
241,39,1077.40,302.00,26.90,63.30,0.9940,-1,-1,-1
241,41,640.20,308.70,23.50,49.00,0.9430,-1,-1,-1
241,43,1210.10,283.30,59.70,130.00,1.0000,-1,-1,-1
241,44,912.10,321.40,53.20,98.10,1.0000,-1,-1,-1
241,45,171.60,304.10,42.00,100.30,1.0000,-1,-1,-1
241,47,64.20,293.00,84.50,139.70,1.0000,-1,-1,-1
241,-1,1452.50,208.90,94.00,433.30,0.1020,-1,-1,-1
241,-1,661.30,306.30,21.70,48.80,0.8180,-1,-1,-1
242,3,853.70,287.90,57.00,159.50,1.0000,-1,-1,-1
242,5,1514.20,183.20,138.30,520.80,1.0000,-1,-1,-1
242,7,758.20,275.20,61.20,176.40,1.0000,-1,-1,-1
242,21,719.90,295.30,46.30,115.10,0.9990,-1,-1,-1
242,30,1025.60,295.60,32.90,73.80,1.0000,-1,-1,-1
242,32,1133.60,284.80,59.30,143.60,1.0000,-1,-1,-1
242,36,610.10,305.10,25.50,55.40,0.9940,-1,-1,-1
242,38,955.10,325.60,52.50,102.10,1.0000,-1,-1,-1
242,39,1081.80,297.20,27.00,63.60,0.9930,-1,-1,-1
242,41,643.40,305.60,23.00,49.60,0.9490,-1,-1,-1
242,43,1215.90,279.70,60.20,131.70,1.0000,-1,-1,-1
242,44,915.70,314.10,52.80,105.30,1.0000,-1,-1,-1
242,45,171.10,299.70,41.40,102.60,1.0000,-1,-1,-1
242,47,61.70,291.50,81.10,140.10,1.0000,-1,-1,-1
242,49,659.80,303.50,21.70,50.30,0.9410,-1,-1,-1
242,-1,678.50,306.20,24.80,46.50,0.1460,-1,-1,-1
242,-1,1101.90,299.90,26.30,59.20,0.1200,-1,-1,-1
242,-1,1465.10,210.00,85.60,430.20,0.0750,-1,-1,-1
243,3,854.30,288.40,57.70,162.00,1.0000,-1,-1,-1
243,5,1522.00,179.20,139.90,528.30,1.0000,-1,-1,-1
243,7,759.40,276.30,61.20,175.50,1.0000,-1,-1,-1
243,21,723.50,296.50,46.60,113.20,0.9980,-1,-1,-1
243,30,1027.40,296.80,32.60,73.20,1.0000,-1,-1,-1
243,32,1135.40,285.30,58.90,142.00,1.0000,-1,-1,-1
243,36,609.90,305.00,25.20,55.70,0.9940,-1,-1,-1
243,38,956.90,325.80,52.10,102.80,1.0000,-1,-1,-1
243,39,1085.20,298.20,26.30,61.70,0.9920,-1,-1,-1
243,41,640.60,304.70,23.00,50.40,0.9320,-1,-1,-1
243,43,1221.50,280.90,58.50,129.40,1.0000,-1,-1,-1
243,44,916.90,315.50,52.20,103.40,1.0000,-1,-1,-1
243,45,172.00,302.40,41.40,100.20,1.0000,-1,-1,-1
243,47,59.20,290.10,78.20,143.10,1.0000,-1,-1,-1
243,49,664.50,303.60,21.50,49.40,0.8420,-1,-1,-1
243,-1,694.40,306.40,26.00,50.50,0.3260,-1,-1,-1
243,-1,1100.30,300.50,26.20,58.30,0.2850,-1,-1,-1
244,3,853.90,289.60,57.90,161.00,1.0000,-1,-1,-1
244,5,1528.20,175.10,148.20,538.70,0.9990,-1,-1,-1
244,7,760.90,273.80,62.50,177.50,1.0000,-1,-1,-1
244,21,725.80,296.10,45.60,110.90,0.9970,-1,-1,-1
244,30,1029.80,295.60,32.40,73.60,1.0000,-1,-1,-1
244,32,1137.20,284.80,59.30,142.90,1.0000,-1,-1,-1
244,36,610.40,304.70,25.20,55.50,0.9940,-1,-1,-1
244,38,957.30,324.80,52.50,103.40,1.0000,-1,-1,-1
244,39,1084.00,299.40,24.30,59.90,0.9560,-1,-1,-1
244,41,643.10,304.50,22.80,49.70,0.9400,-1,-1,-1
244,43,1227.70,281.20,56.50,129.80,1.0000,-1,-1,-1
244,44,917.30,313.80,54.40,102.90,1.0000,-1,-1,-1
244,45,171.00,300.80,42.40,100.10,1.0000,-1,-1,-1
244,47,60.20,288.20,73.80,138.50,1.0000,-1,-1,-1
244,49,661.00,302.50,21.80,50.60,0.9360,-1,-1,-1
244,-1,1469.20,208.30,95.70,437.00,0.3220,-1,-1,-1
244,-1,683.40,304.60,23.50,47.60,0.2910,-1,-1,-1
244,-1,123.40,302.90,40.70,101.60,0.9420,-1,-1,-1
244,-1,630.50,304.90,23.10,51.50,0.9190,-1,-1,-1
244,-1,1103.40,302.10,24.90,56.00,0.7310,-1,-1,-1
245,3,851.50,291.30,59.00,162.00,1.0000,-1,-1,-1
245,5,1539.00,173.70,147.00,546.80,1.0000,-1,-1,-1
245,7,763.50,275.00,62.10,178.20,1.0000,-1,-1,-1
245,21,727.10,294.50,45.00,114.60,0.9970,-1,-1,-1
245,30,1031.10,296.00,32.90,75.60,1.0000,-1,-1,-1
245,32,1138.00,281.80,62.10,149.90,1.0000,-1,-1,-1
245,36,614.70,304.60,25.10,54.50,0.9880,-1,-1,-1
245,38,959.90,325.70,53.10,101.40,1.0000,-1,-1,-1
245,39,1079.60,301.20,24.70,59.40,0.9700,-1,-1,-1
245,41,640.70,305.80,23.40,49.30,0.9370,-1,-1,-1
245,43,1232.20,282.60,57.90,130.20,1.0000,-1,-1,-1
245,44,916.60,316.60,55.00,102.80,1.0000,-1,-1,-1
245,45,168.80,301.00,42.10,100.60,1.0000,-1,-1,-1
245,47,53.30,286.10,77.70,144.00,1.0000,-1,-1,-1
245,49,662.60,302.80,22.70,50.00,0.9560,-1,-1,-1
245,50,124.80,302.00,32.80,99.50,0.9690,-1,-1,-1
245,51,1099.80,301.90,26.20,58.10,0.6620,-1,-1,-1
245,-1,1484.10,195.80,93.50,460.30,0.4340,-1,-1,-1
245,-1,147.60,303.90,37.90,98.70,0.2580,-1,-1,-1
246,3,851.20,291.80,56.10,157.40,1.0000,-1,-1,-1
246,5,1543.20,172.40,149.50,549.00,0.9990,-1,-1,-1
246,7,762.10,274.20,63.20,180.60,1.0000,-1,-1,-1
246,21,727.10,296.30,44.80,113.40,0.9960,-1,-1,-1
246,30,1032.30,299.00,32.60,71.60,1.0000,-1,-1,-1
246,32,1138.50,282.50,61.10,149.20,1.0000,-1,-1,-1
246,36,614.50,306.40,25.50,52.50,0.9910,-1,-1,-1
246,38,961.90,328.00,52.50,98.60,1.0000,-1,-1,-1
246,39,1080.10,302.50,24.60,59.00,0.9730,-1,-1,-1
246,41,643.80,307.50,23.50,46.90,0.9340,-1,-1,-1
246,43,1229.80,281.60,62.60,135.20,1.0000,-1,-1,-1
246,44,917.30,317.50,56.10,101.20,1.0000,-1,-1,-1
246,45,168.60,300.60,41.30,103.00,1.0000,-1,-1,-1
246,47,52.60,284.50,72.20,141.30,1.0000,-1,-1,-1
246,49,661.00,305.00,23.10,48.30,0.9730,-1,-1,-1
246,50,119.80,305.10,41.80,99.40,0.9990,-1,-1,-1
246,51,1100.40,303.30,25.60,57.70,0.7070,-1,-1,-1
246,-1,708.70,305.00,24.30,58.90,0.4500,-1,-1,-1
246,-1,1488.60,195.10,95.40,462.60,0.1720,-1,-1,-1
246,-1,674.90,304.20,24.60,48.70,0.9190,-1,-1,-1
247,3,852.30,290.90,57.80,156.40,1.0000,-1,-1,-1
247,5,1555.40,167.70,147.70,572.70,1.0000,-1,-1,-1
247,7,764.10,278.30,62.60,176.00,1.0000,-1,-1,-1
247,21,727.50,299.70,45.50,105.90,0.9950,-1,-1,-1
247,30,1038.00,302.90,32.00,67.90,0.9990,-1,-1,-1
247,32,1139.90,283.40,61.70,150.30,1.0000,-1,-1,-1
247,36,616.50,307.40,26.50,53.10,0.9830,-1,-1,-1
247,38,964.20,330.30,53.20,96.60,1.0000,-1,-1,-1
247,39,1068.50,304.90,26.20,59.20,0.9560,-1,-1,-1
247,41,642.90,306.60,24.00,50.10,0.9230,-1,-1,-1
247,43,1231.90,286.60,63.60,131.90,1.0000,-1,-1,-1
247,44,918.90,320.00,56.80,100.20,1.0000,-1,-1,-1
247,45,167.30,301.00,41.60,102.10,1.0000,-1,-1,-1
247,47,51.90,285.40,71.50,140.60,1.0000,-1,-1,-1
247,49,668.10,306.90,23.60,48.00,0.9770,-1,-1,-1
247,50,118.30,305.30,42.00,94.60,0.9990,-1,-1,-1
247,51,1106.00,306.80,24.50,54.70,0.7220,-1,-1,-1
247,-1,707.10,306.20,23.70,54.20,0.4530,-1,-1,-1
247,-1,1487.50,198.00,109.80,466.20,0.9480,-1,-1,-1
248,3,852.30,293.50,53.50,158.30,1.0000,-1,-1,-1
248,5,1554.50,169.40,156.10,574.60,1.0000,-1,-1,-1
248,7,762.50,278.40,64.50,178.80,1.0000,-1,-1,-1
248,21,727.90,303.40,43.80,97.20,0.9880,-1,-1,-1
248,30,1038.80,303.80,32.00,71.10,1.0000,-1,-1,-1
248,32,1139.80,286.70,61.00,149.30,1.0000,-1,-1,-1
248,36,616.30,308.30,26.90,53.90,0.9860,-1,-1,-1
248,38,964.70,332.30,53.60,95.50,1.0000,-1,-1,-1
248,39,1070.80,303.30,25.50,60.60,0.9400,-1,-1,-1
248,41,640.50,308.50,23.90,50.90,0.9340,-1,-1,-1
248,43,1230.90,286.10,67.50,136.00,1.0000,-1,-1,-1
248,44,917.60,321.30,56.10,101.30,1.0000,-1,-1,-1
248,45,165.40,300.40,42.30,104.50,1.0000,-1,-1,-1
248,47,48.50,284.70,71.40,141.40,1.0000,-1,-1,-1
248,49,663.90,307.50,22.90,49.20,0.9690,-1,-1,-1
248,50,114.50,303.90,46.70,98.40,0.9990,-1,-1,-1
248,52,1491.70,197.70,116.70,474.90,0.8320,-1,-1,-1
248,51,1116.90,302.40,33.20,73.30,0.1420,-1,-1,-1
248,-1,709.80,307.80,22.60,52.70,0.3220,-1,-1,-1
249,3,848.50,294.90,58.40,155.30,1.0000,-1,-1,-1
249,5,1568.80,174.20,142.00,574.50,0.9990,-1,-1,-1
249,7,761.10,277.70,64.40,179.10,1.0000,-1,-1,-1
249,21,729.60,305.60,37.70,88.90,0.8770,-1,-1,-1
249,30,1037.80,308.20,31.40,68.10,1.0000,-1,-1,-1
249,32,1141.10,293.10,59.10,142.90,1.0000,-1,-1,-1
249,36,620.90,311.30,27.10,54.90,0.9890,-1,-1,-1
249,38,966.30,333.80,53.60,94.10,1.0000,-1,-1,-1
249,39,1063.20,308.10,26.10,62.60,0.9130,-1,-1,-1
249,41,641.60,308.30,24.10,54.70,0.8200,-1,-1,-1
249,43,1232.20,289.30,67.50,137.60,1.0000,-1,-1,-1
249,44,920.30,322.70,52.90,102.50,1.0000,-1,-1,-1
249,45,159.00,297.40,44.10,105.30,1.0000,-1,-1,-1
249,47,43.30,284.10,69.10,139.00,1.0000,-1,-1,-1
249,49,666.50,310.50,22.50,49.40,0.9100,-1,-1,-1
249,50,115.50,303.10,42.60,102.20,1.0000,-1,-1,-1
249,52,1491.10,205.80,120.00,477.60,0.9540,-1,-1,-1
249,51,1112.70,305.90,34.00,64.80,0.2400,-1,-1,-1
250,3,848.60,297.30,54.90,155.70,1.0000,-1,-1,-1
250,5,1573.90,184.20,168.90,577.70,1.0000,-1,-1,-1
250,7,763.70,282.70,62.60,181.30,1.0000,-1,-1,-1
250,21,730.50,307.00,45.70,107.20,0.9830,-1,-1,-1
250,30,1037.30,311.70,31.50,68.80,0.9990,-1,-1,-1
250,32,1142.00,298.80,57.80,145.10,1.0000,-1,-1,-1
250,36,622.20,313.20,25.50,55.00,0.9780,-1,-1,-1
250,38,964.90,339.30,52.90,95.60,1.0000,-1,-1,-1
250,39,1075.10,311.70,26.60,63.60,0.9730,-1,-1,-1
250,43,1235.90,293.50,63.80,137.80,1.0000,-1,-1,-1
250,44,917.20,326.10,57.80,103.40,1.0000,-1,-1,-1
250,45,153.80,297.50,44.00,109.50,1.0000,-1,-1,-1
250,47,42.00,290.70,66.90,132.70,1.0000,-1,-1,-1
250,49,666.20,314.60,22.90,48.10,0.9480,-1,-1,-1
250,50,108.70,300.20,42.40,108.20,1.0000,-1,-1,-1
250,52,1493.50,209.70,130.80,486.00,0.9870,-1,-1,-1
250,41,640.80,311.00,36.80,56.80,0.0510,-1,-1,-1
250,-1,1092.40,312.50,24.50,59.70,0.9680,-1,-1,-1
251,3,846.80,301.60,55.40,160.60,1.0000,-1,-1,-1
251,5,1573.00,180.90,185.60,592.80,1.0000,-1,-1,-1
251,7,758.80,284.70,64.80,182.90,1.0000,-1,-1,-1
251,21,727.30,314.30,41.10,89.80,0.8770,-1,-1,-1
251,30,1034.60,314.80,31.90,67.20,1.0000,-1,-1,-1
251,32,1142.70,300.80,57.10,143.40,1.0000,-1,-1,-1
251,36,614.40,317.40,26.50,53.10,0.9950,-1,-1,-1
251,38,964.50,341.90,54.30,96.10,1.0000,-1,-1,-1
251,39,1072.30,315.90,26.20,60.00,0.9370,-1,-1,-1
251,41,630.10,318.60,25.10,51.50,0.8780,-1,-1,-1
251,43,1234.80,295.40,66.70,137.00,1.0000,-1,-1,-1
251,44,917.20,328.90,57.00,103.20,1.0000,-1,-1,-1
251,45,142.20,300.50,48.50,105.20,1.0000,-1,-1,-1
251,47,36.00,287.30,65.10,137.90,1.0000,-1,-1,-1
251,49,666.20,316.00,22.30,48.50,0.9480,-1,-1,-1
251,50,106.20,302.20,38.50,109.60,0.9910,-1,-1,-1
251,52,1499.20,217.20,128.90,478.10,0.9760,-1,-1,-1
251,53,1106.60,316.20,24.50,56.10,0.8650,-1,-1,-1
252,3,846.30,303.10,53.80,160.30,1.0000,-1,-1,-1
252,5,1578.70,177.50,175.10,599.80,1.0000,-1,-1,-1
252,7,756.80,285.20,65.60,182.30,1.0000,-1,-1,-1
252,21,727.40,313.40,44.00,97.20,0.8900,-1,-1,-1
252,30,1033.90,315.00,31.90,67.70,1.0000,-1,-1,-1
252,32,1141.40,301.50,58.90,144.60,1.0000,-1,-1,-1
252,36,616.30,315.90,26.30,55.70,0.9880,-1,-1,-1
252,38,961.50,341.70,52.20,98.10,1.0000,-1,-1,-1
252,39,1078.80,316.10,26.20,61.10,0.9640,-1,-1,-1
252,41,634.90,317.70,24.10,51.80,0.8940,-1,-1,-1
252,43,1237.40,297.30,63.60,140.90,1.0000,-1,-1,-1
252,44,916.60,332.30,56.10,99.70,1.0000,-1,-1,-1
252,45,141.60,303.20,46.20,101.70,1.0000,-1,-1,-1
252,47,32.30,292.20,66.80,132.50,1.0000,-1,-1,-1
252,49,665.30,315.20,22.50,48.40,0.9530,-1,-1,-1
252,50,100.20,304.60,39.30,103.60,0.9990,-1,-1,-1
252,52,1502.10,215.30,130.40,485.00,0.9970,-1,-1,-1
252,53,1096.90,317.90,25.80,58.50,0.8970,-1,-1,-1
252,-1,125.70,304.50,34.60,97.90,0.4170,-1,-1,-1
253,3,843.70,304.40,53.10,157.20,1.0000,-1,-1,-1
253,5,1592.20,187.00,151.10,601.60,1.0000,-1,-1,-1
253,7,755.50,285.90,64.70,180.90,1.0000,-1,-1,-1
253,21,724.80,314.90,42.90,97.00,0.9520,-1,-1,-1
253,30,1031.10,314.50,31.50,68.10,1.0000,-1,-1,-1
253,32,1141.20,302.40,57.10,144.20,1.0000,-1,-1,-1
253,36,609.60,314.80,25.80,56.70,0.9940,-1,-1,-1
253,38,961.60,342.10,51.30,99.70,1.0000,-1,-1,-1
253,39,1085.20,317.00,25.20,60.50,0.9720,-1,-1,-1
253,41,624.90,314.80,24.10,52.60,0.9260,-1,-1,-1
253,43,1235.30,297.50,65.90,141.20,1.0000,-1,-1,-1
253,44,916.40,332.90,56.00,101.20,1.0000,-1,-1,-1
253,45,136.90,300.20,44.10,106.60,1.0000,-1,-1,-1
253,47,25.80,290.50,70.40,135.30,1.0000,-1,-1,-1
253,49,660.10,315.90,21.60,47.30,0.9420,-1,-1,-1
253,50,97.00,303.80,39.30,104.60,0.9990,-1,-1,-1
253,52,1496.30,216.00,147.90,486.50,0.9990,-1,-1,-1
254,3,838.80,303.70,55.20,159.30,1.0000,-1,-1,-1
254,5,1588.70,190.70,157.60,600.60,0.9990,-1,-1,-1
254,7,751.30,288.40,65.10,179.10,1.0000,-1,-1,-1
254,21,722.40,319.50,36.90,86.10,0.9370,-1,-1,-1
254,30,1025.20,314.40,32.00,71.00,1.0000,-1,-1,-1
254,32,1139.90,302.30,56.80,142.30,1.0000,-1,-1,-1
254,36,608.70,314.60,25.50,56.50,0.9910,-1,-1,-1
254,38,959.50,342.30,51.80,98.90,1.0000,-1,-1,-1
254,41,625.90,314.50,23.20,52.40,0.9310,-1,-1,-1
254,43,1239.60,298.70,60.60,142.20,1.0000,-1,-1,-1
254,44,913.20,331.90,57.40,104.60,1.0000,-1,-1,-1
254,45,129.70,300.10,42.80,104.80,1.0000,-1,-1,-1
254,47,15.00,284.60,67.30,140.30,1.0000,-1,-1,-1
254,49,658.80,314.40,21.60,49.20,0.9410,-1,-1,-1
254,50,81.80,301.10,42.80,107.40,1.0000,-1,-1,-1
254,52,1493.80,216.30,147.90,504.60,0.9980,-1,-1,-1
254,53,1089.50,317.50,25.50,63.00,0.9920,-1,-1,-1
254,-1,672.90,315.40,21.10,47.40,0.1650,-1,-1,-1
255,3,835.70,300.10,56.60,162.30,1.0000,-1,-1,-1
255,5,1596.30,185.00,161.90,615.60,1.0000,-1,-1,-1
255,7,748.40,284.30,65.40,180.30,1.0000,-1,-1,-1
255,21,718.70,319.90,32.80,73.90,0.9650,-1,-1,-1
255,30,1024.20,311.90,31.60,71.10,1.0000,-1,-1,-1
255,32,1137.90,299.60,58.70,143.30,1.0000,-1,-1,-1
255,36,606.70,310.70,26.00,54.60,0.9950,-1,-1,-1
255,38,956.70,340.20,52.80,98.70,1.0000,-1,-1,-1
255,39,1089.00,314.20,25.80,65.80,0.9800,-1,-1,-1
255,41,628.40,311.00,23.60,50.90,0.9260,-1,-1,-1
255,43,1240.70,297.00,61.00,142.40,1.0000,-1,-1,-1
255,44,911.50,329.60,57.60,103.30,1.0000,-1,-1,-1
255,45,119.70,293.80,45.50,109.30,1.0000,-1,-1,-1
255,47,6.30,280.00,59.00,143.80,1.0000,-1,-1,-1
255,49,663.90,308.10,22.90,49.90,0.8600,-1,-1,-1
255,50,75.30,297.60,45.60,105.90,1.0000,-1,-1,-1
255,52,1504.70,209.20,146.30,505.10,0.9970,-1,-1,-1
255,-1,643.90,311.00,22.40,49.80,0.9520,-1,-1,-1
256,3,833.70,296.90,56.20,164.00,1.0000,-1,-1,-1
256,5,1601.90,188.20,155.40,608.70,1.0000,-1,-1,-1
256,7,745.90,283.80,64.50,180.80,1.0000,-1,-1,-1
256,21,715.80,316.30,33.90,76.40,0.9770,-1,-1,-1
256,30,1022.90,312.50,31.40,70.00,1.0000,-1,-1,-1
256,32,1136.60,298.30,59.40,144.50,1.0000,-1,-1,-1
256,36,601.20,310.60,26.10,54.30,0.9970,-1,-1,-1
256,38,955.50,340.30,51.10,96.80,1.0000,-1,-1,-1
256,39,1087.80,314.70,25.30,64.00,0.9720,-1,-1,-1
256,43,1240.00,296.90,61.00,143.50,1.0000,-1,-1,-1
256,44,910.10,328.10,57.30,106.10,1.0000,-1,-1,-1
256,45,113.80,293.60,46.40,108.50,1.0000,-1,-1,-1
256,47,1.50,278.80,57.30,141.40,1.0000,-1,-1,-1
256,49,658.70,307.50,23.60,50.90,0.9310,-1,-1,-1
256,50,72.70,298.10,42.50,102.70,1.0000,-1,-1,-1
256,52,1501.50,210.50,151.90,508.90,0.9980,-1,-1,-1
256,54,645.10,309.70,22.90,50.20,0.9630,-1,-1,-1
256,51,1115.30,310.60,35.40,91.00,0.0540,-1,-1,-1
257,3,832.50,295.30,56.20,169.80,1.0000,-1,-1,-1
257,5,1606.20,185.40,170.30,617.80,1.0000,-1,-1,-1
257,7,742.90,284.90,64.90,179.90,1.0000,-1,-1,-1
257,21,717.10,315.90,34.80,76.90,0.9610,-1,-1,-1
257,30,1023.10,313.40,31.50,69.60,1.0000,-1,-1,-1
257,32,1135.10,299.10,60.00,145.00,1.0000,-1,-1,-1
257,36,599.60,309.50,25.50,56.30,0.9980,-1,-1,-1
257,38,953.70,340.10,50.70,97.00,1.0000,-1,-1,-1
257,39,1086.90,316.60,24.60,61.80,0.9600,-1,-1,-1
257,43,1240.10,295.70,60.90,146.90,1.0000,-1,-1,-1
257,44,909.90,328.60,55.40,106.30,1.0000,-1,-1,-1
257,45,110.10,295.80,43.00,106.00,1.0000,-1,-1,-1
257,47,1.00,280.50,46.10,141.30,1.0000,-1,-1,-1
257,49,660.70,307.30,23.20,51.10,0.7610,-1,-1,-1
257,50,65.40,296.10,42.70,106.30,1.0000,-1,-1,-1
257,52,1510.50,205.20,147.40,523.20,0.9980,-1,-1,-1
257,54,646.60,309.30,23.00,50.90,0.9640,-1,-1,-1
257,-1,675.30,308.40,21.80,48.80,0.0530,-1,-1,-1
258,3,832.10,296.30,56.00,167.80,1.0000,-1,-1,-1
258,5,1611.10,170.70,167.10,646.00,1.0000,-1,-1,-1
258,7,740.20,283.50,65.90,179.80,1.0000,-1,-1,-1
258,21,714.60,314.10,37.10,79.90,0.9380,-1,-1,-1
258,30,1021.80,312.30,32.50,69.60,1.0000,-1,-1,-1
258,32,1132.90,298.60,61.80,145.90,1.0000,-1,-1,-1
258,36,599.90,308.20,25.90,55.90,0.9990,-1,-1,-1
258,38,952.90,338.70,50.80,95.90,1.0000,-1,-1,-1
258,39,1086.40,314.10,25.30,63.30,0.9580,-1,-1,-1
258,43,1241.10,295.40,60.60,145.70,1.0000,-1,-1,-1
258,44,909.40,325.70,55.20,108.60,1.0000,-1,-1,-1
258,45,106.10,293.90,44.30,106.00,1.0000,-1,-1,-1
258,47,1.00,282.40,38.80,144.70,1.0000,-1,-1,-1
258,50,61.20,296.10,41.70,104.30,1.0000,-1,-1,-1
258,52,1515.00,202.40,152.50,530.50,0.9980,-1,-1,-1
258,54,645.00,308.50,23.00,50.20,0.9580,-1,-1,-1
258,49,662.30,306.20,23.20,50.70,0.5740,-1,-1,-1
259,3,832.70,299.00,55.40,166.40,1.0000,-1,-1,-1
259,5,1617.40,173.90,162.30,650.10,1.0000,-1,-1,-1
259,7,737.50,288.20,66.50,175.10,1.0000,-1,-1,-1
259,21,714.10,314.70,32.30,81.60,0.9300,-1,-1,-1
259,30,1021.50,315.20,32.20,66.70,1.0000,-1,-1,-1
259,32,1132.10,300.30,62.90,145.60,1.0000,-1,-1,-1
259,36,600.00,310.90,27.70,56.40,0.9990,-1,-1,-1
259,38,950.50,341.80,52.50,94.00,1.0000,-1,-1,-1
259,39,1088.80,317.20,25.50,63.20,0.9110,-1,-1,-1
259,43,1240.90,296.40,62.90,144.80,1.0000,-1,-1,-1
259,44,909.30,330.20,55.20,103.20,1.0000,-1,-1,-1
259,45,103.70,293.80,45.50,110.10,1.0000,-1,-1,-1
259,50,57.60,298.40,41.50,106.40,1.0000,-1,-1,-1
259,52,1519.80,209.30,152.30,524.70,0.9980,-1,-1,-1
259,54,644.50,312.30,22.00,48.20,0.9470,-1,-1,-1
259,49,665.90,308.80,22.90,49.30,0.3770,-1,-1,-1
259,53,1074.20,322.80,26.20,57.90,0.0620,-1,-1,-1
260,3,829.30,303.10,56.50,166.10,1.0000,-1,-1,-1
260,5,1627.10,177.80,161.00,665.10,1.0000,-1,-1,-1
260,7,736.40,288.50,65.80,180.50,1.0000,-1,-1,-1
260,21,706.80,317.40,36.30,68.70,0.8330,-1,-1,-1
260,30,1020.10,318.20,32.00,67.70,1.0000,-1,-1,-1
260,32,1129.00,303.20,63.80,145.60,1.0000,-1,-1,-1
260,36,597.80,314.50,26.70,55.70,0.9980,-1,-1,-1
260,38,949.70,344.00,54.30,96.90,1.0000,-1,-1,-1
260,39,1091.00,321.60,26.70,64.80,0.9060,-1,-1,-1
260,43,1239.90,299.20,67.00,148.10,1.0000,-1,-1,-1
260,44,906.60,333.40,54.00,105.10,1.0000,-1,-1,-1
260,45,98.90,297.70,45.30,108.30,1.0000,-1,-1,-1
260,50,53.50,300.10,39.90,105.20,1.0000,-1,-1,-1
260,52,1527.70,217.10,158.70,517.70,0.9970,-1,-1,-1
260,54,640.70,313.40,23.80,49.90,0.9520,-1,-1,-1
260,41,620.70,308.70,32.00,58.70,0.1240,-1,-1,-1
260,-1,1759.20,242.30,103.00,443.20,0.0500,-1,-1,-1
261,3,830.30,301.90,57.90,166.90,1.0000,-1,-1,-1
261,5,1631.50,173.20,174.80,660.30,1.0000,-1,-1,-1
261,7,736.60,293.10,64.20,177.80,1.0000,-1,-1,-1
261,21,715.40,323.00,34.70,74.60,0.9040,-1,-1,-1
261,30,1023.10,319.30,31.20,68.80,1.0000,-1,-1,-1
261,32,1130.80,307.10,61.30,146.00,1.0000,-1,-1,-1
261,36,602.20,318.50,25.70,55.50,0.9980,-1,-1,-1
261,38,950.60,345.50,52.60,98.30,1.0000,-1,-1,-1
261,39,1096.20,326.50,27.00,62.70,0.9730,-1,-1,-1
261,43,1245.00,299.30,62.50,148.90,1.0000,-1,-1,-1
261,44,908.30,331.70,56.80,108.40,1.0000,-1,-1,-1
261,45,96.80,298.70,45.10,112.20,1.0000,-1,-1,-1
261,50,53.50,301.40,40.90,108.60,1.0000,-1,-1,-1
261,52,1532.00,214.00,158.60,538.90,0.9970,-1,-1,-1
261,53,1082.80,325.40,22.90,60.20,0.7890,-1,-1,-1
261,54,637.50,318.90,25.10,49.20,0.9490,-1,-1,-1
261,49,669.60,317.70,22.20,47.50,0.4790,-1,-1,-1
261,-1,695.40,323.00,28.30,52.80,0.1050,-1,-1,-1
261,-1,1756.80,233.30,114.10,514.20,0.0910,-1,-1,-1
262,3,829.40,305.80,59.30,165.70,1.0000,-1,-1,-1
262,5,1637.60,167.30,174.40,673.30,0.9990,-1,-1,-1
262,7,741.10,289.00,63.20,180.80,1.0000,-1,-1,-1
262,30,1023.40,322.00,31.90,69.90,1.0000,-1,-1,-1
262,32,1130.60,310.20,59.40,146.50,1.0000,-1,-1,-1
262,36,602.60,319.30,27.30,56.80,0.9990,-1,-1,-1
262,38,954.10,349.20,53.70,97.60,1.0000,-1,-1,-1
262,43,1246.70,301.00,66.00,145.90,1.0000,-1,-1,-1
262,44,908.50,341.50,57.20,103.10,1.0000,-1,-1,-1
262,45,93.70,297.70,45.10,111.40,1.0000,-1,-1,-1
262,50,48.10,303.50,43.90,109.90,1.0000,-1,-1,-1
262,52,1537.10,216.40,167.60,544.10,0.9980,-1,-1,-1
262,53,1074.20,323.10,23.60,58.40,0.7980,-1,-1,-1
262,54,632.30,317.20,25.40,50.50,0.9390,-1,-1,-1
262,21,718.00,308.50,40.40,101.60,0.4360,-1,-1,-1
262,39,1086.70,324.00,24.40,65.80,0.5710,-1,-1,-1
262,49,656.50,314.80,22.10,51.60,0.5860,-1,-1,-1
262,-1,590.40,319.30,21.60,49.40,0.1270,-1,-1,-1
263,3,832.40,305.20,58.10,164.30,1.0000,-1,-1,-1
263,5,1647.50,167.00,177.90,695.00,1.0000,-1,-1,-1
263,7,740.90,293.10,65.30,177.90,1.0000,-1,-1,-1
263,21,712.80,325.50,33.10,64.50,0.9680,-1,-1,-1
263,30,1028.70,322.30,30.70,69.50,1.0000,-1,-1,-1
263,32,1131.50,310.90,60.50,147.30,1.0000,-1,-1,-1
263,36,601.80,320.50,25.70,54.80,0.9960,-1,-1,-1
263,38,954.70,352.80,55.40,99.10,1.0000,-1,-1,-1
263,43,1245.70,299.90,70.10,154.70,1.0000,-1,-1,-1
263,44,911.00,339.70,55.90,104.20,1.0000,-1,-1,-1
263,45,96.80,303.90,43.70,110.90,1.0000,-1,-1,-1
263,50,49.90,305.00,41.20,110.30,1.0000,-1,-1,-1
263,52,1544.10,213.50,172.20,551.70,0.9930,-1,-1,-1
263,53,1076.50,327.70,23.60,62.40,0.9330,-1,-1,-1
263,54,637.00,319.30,24.00,51.90,0.9570,-1,-1,-1
263,49,669.00,317.90,23.10,48.00,0.4430,-1,-1,-1
263,51,1110.00,327.80,35.00,82.40,0.1290,-1,-1,-1
263,-1,690.00,322.70,23.10,49.00,0.1070,-1,-1,-1
264,3,832.80,309.30,57.90,159.90,1.0000,-1,-1,-1
264,5,1650.40,167.80,194.50,698.50,1.0000,-1,-1,-1
264,7,740.30,294.10,64.90,178.10,1.0000,-1,-1,-1
264,21,713.60,326.40,34.30,66.50,0.9470,-1,-1,-1
264,30,1029.40,323.20,30.30,69.40,1.0000,-1,-1,-1
264,32,1131.60,311.80,60.90,147.20,1.0000,-1,-1,-1
264,36,600.90,321.70,25.80,55.30,0.9980,-1,-1,-1
264,38,955.00,353.70,54.00,99.90,1.0000,-1,-1,-1
264,43,1247.40,301.40,72.10,156.40,1.0000,-1,-1,-1
264,44,910.10,341.00,57.30,106.40,1.0000,-1,-1,-1
264,45,93.00,304.70,45.80,113.10,1.0000,-1,-1,-1
264,50,47.80,307.10,39.50,107.90,1.0000,-1,-1,-1
264,52,1553.70,217.90,170.80,546.30,0.9940,-1,-1,-1
264,53,1075.10,328.40,23.30,61.40,0.9290,-1,-1,-1
264,54,639.40,320.50,24.30,51.60,0.9740,-1,-1,-1
264,49,665.10,318.40,23.30,48.40,0.3440,-1,-1,-1
264,51,1109.10,328.80,34.20,79.40,0.1990,-1,-1,-1
265,3,830.90,311.60,57.40,163.70,1.0000,-1,-1,-1
265,5,1669.00,171.70,193.50,710.80,1.0000,-1,-1,-1
265,7,739.10,295.00,65.40,180.20,1.0000,-1,-1,-1
265,21,712.50,331.70,31.40,58.30,0.8980,-1,-1,-1
265,30,1029.00,323.50,31.20,72.50,1.0000,-1,-1,-1
265,32,1132.60,310.20,60.20,147.00,1.0000,-1,-1,-1
265,36,603.90,324.00,25.80,56.70,0.9980,-1,-1,-1
265,38,953.70,355.50,53.70,99.80,1.0000,-1,-1,-1
265,43,1253.00,301.80,68.50,157.40,1.0000,-1,-1,-1
265,44,910.40,342.80,57.30,107.60,1.0000,-1,-1,-1
265,45,88.60,309.90,42.70,111.30,1.0000,-1,-1,-1
265,49,660.50,321.00,23.10,47.80,0.7030,-1,-1,-1
265,50,43.40,311.20,39.80,108.20,1.0000,-1,-1,-1
265,52,1567.20,211.90,171.90,568.90,0.9940,-1,-1,-1
265,53,1079.00,329.90,23.10,61.40,0.9330,-1,-1,-1
265,54,638.40,322.70,24.10,51.30,0.9500,-1,-1,-1
266,3,831.40,313.50,56.50,164.20,1.0000,-1,-1,-1
266,5,1687.50,183.50,176.60,704.40,1.0000,-1,-1,-1
266,7,739.00,296.60,65.60,182.40,1.0000,-1,-1,-1
266,21,711.80,332.40,32.70,57.70,0.9270,-1,-1,-1
266,30,1029.60,324.10,31.30,73.40,1.0000,-1,-1,-1
266,32,1133.00,311.70,60.00,146.60,1.0000,-1,-1,-1
266,36,601.90,324.70,25.20,57.50,0.9980,-1,-1,-1
266,38,955.00,356.20,54.90,100.80,1.0000,-1,-1,-1
266,41,628.70,327.50,23.50,49.20,0.9100,-1,-1,-1
266,43,1251.90,303.20,71.10,159.60,1.0000,-1,-1,-1
266,44,910.50,344.50,57.70,107.50,1.0000,-1,-1,-1
266,45,86.30,309.20,44.30,113.70,1.0000,-1,-1,-1
266,49,657.80,322.20,23.70,48.70,0.9270,-1,-1,-1
266,50,42.60,313.20,40.90,108.70,1.0000,-1,-1,-1
266,52,1565.50,224.90,181.30,568.40,0.9970,-1,-1,-1
266,53,1075.20,331.00,23.70,60.40,0.9300,-1,-1,-1
266,54,642.10,323.80,23.90,50.50,0.9520,-1,-1,-1
266,-1,672.90,322.90,23.90,48.60,0.2990,-1,-1,-1
267,3,829.90,315.10,57.40,164.90,1.0000,-1,-1,-1
267,5,1676.40,172.40,210.20,713.80,1.0000,-1,-1,-1
267,7,738.50,298.70,65.20,179.90,1.0000,-1,-1,-1
267,21,713.60,334.30,32.80,58.90,0.9000,-1,-1,-1
267,30,1028.70,325.00,32.40,73.60,1.0000,-1,-1,-1
267,32,1131.40,311.50,60.90,148.00,1.0000,-1,-1,-1
267,36,602.40,326.00,25.70,57.10,0.9980,-1,-1,-1
267,38,954.60,356.50,54.80,101.90,1.0000,-1,-1,-1
267,41,629.40,328.60,23.30,49.10,0.9100,-1,-1,-1
267,43,1255.80,304.10,70.40,160.00,1.0000,-1,-1,-1
267,44,910.70,345.60,57.10,106.20,1.0000,-1,-1,-1
267,45,83.00,311.50,45.20,112.80,1.0000,-1,-1,-1
267,49,657.20,322.60,24.10,49.00,0.9250,-1,-1,-1
267,50,38.70,316.70,40.20,104.30,1.0000,-1,-1,-1
267,52,1581.50,207.40,185.00,605.90,0.9920,-1,-1,-1
267,53,1081.10,331.90,24.40,62.40,0.9400,-1,-1,-1
267,54,643.70,324.30,23.90,49.90,0.9640,-1,-1,-1
267,-1,677.70,323.60,21.90,49.00,0.1550,-1,-1,-1
268,3,830.30,315.20,56.20,162.60,1.0000,-1,-1,-1
268,5,1682.70,169.60,210.50,729.60,0.9990,-1,-1,-1
268,7,738.20,299.90,65.30,180.10,1.0000,-1,-1,-1
268,21,715.20,331.70,32.30,60.80,0.9300,-1,-1,-1
268,30,1029.80,327.00,31.00,72.50,1.0000,-1,-1,-1
268,32,1132.30,313.80,60.60,148.60,1.0000,-1,-1,-1
268,36,605.40,326.40,25.90,58.60,0.9950,-1,-1,-1
268,38,956.10,356.80,54.70,103.80,1.0000,-1,-1,-1
268,41,630.60,330.50,23.20,49.40,0.8970,-1,-1,-1
268,43,1258.20,307.20,71.30,160.00,1.0000,-1,-1,-1
268,44,911.20,343.90,58.50,108.10,1.0000,-1,-1,-1
268,45,80.60,313.30,44.60,113.10,1.0000,-1,-1,-1
268,49,660.40,324.10,23.20,49.70,0.8470,-1,-1,-1
268,50,35.30,318.10,40.90,106.30,1.0000,-1,-1,-1
268,51,1107.60,336.10,28.20,65.40,0.6730,-1,-1,-1
268,52,1589.80,217.40,195.40,594.70,0.9580,-1,-1,-1
268,53,1081.50,332.60,26.10,63.80,0.9730,-1,-1,-1
268,54,642.80,326.30,23.70,50.20,0.9540,-1,-1,-1
268,-1,674.60,325.50,22.30,48.80,0.3180,-1,-1,-1
268,-1,62.30,317.70,33.60,103.30,0.1140,-1,-1,-1
269,3,830.50,319.20,57.00,160.00,1.0000,-1,-1,-1
269,5,1702.20,159.20,203.40,750.10,1.0000,-1,-1,-1
269,7,740.10,299.00,64.70,181.50,1.0000,-1,-1,-1
269,30,1029.80,325.10,32.00,73.70,1.0000,-1,-1,-1
269,32,1132.00,311.90,61.60,149.80,1.0000,-1,-1,-1
269,36,603.70,326.90,25.80,58.00,0.9980,-1,-1,-1
269,38,956.10,356.80,55.70,102.20,1.0000,-1,-1,-1
269,41,630.50,329.90,23.40,49.70,0.8930,-1,-1,-1
269,43,1259.70,306.10,72.80,161.20,1.0000,-1,-1,-1
269,44,910.80,343.80,58.00,107.60,1.0000,-1,-1,-1
269,45,77.20,312.80,47.30,114.70,1.0000,-1,-1,-1
269,49,652.60,324.10,23.30,49.50,0.9630,-1,-1,-1
269,50,32.20,319.30,41.00,105.70,1.0000,-1,-1,-1
269,52,1593.20,226.20,190.00,560.70,0.9850,-1,-1,-1
269,53,1070.90,329.90,25.50,60.30,0.9680,-1,-1,-1
269,21,709.70,331.80,27.70,52.80,0.5090,-1,-1,-1
269,-1,664.80,322.60,23.80,50.80,0.4700,-1,-1,-1
270,3,828.80,323.10,58.40,162.40,1.0000,-1,-1,-1
270,5,1718.90,166.00,202.10,778.30,1.0000,-1,-1,-1
270,7,740.80,304.90,65.20,182.00,1.0000,-1,-1,-1
270,21,717.40,330.70,34.80,74.20,0.6070,-1,-1,-1
270,30,1028.80,329.90,32.90,73.00,1.0000,-1,-1,-1
270,32,1133.80,318.80,60.20,146.60,1.0000,-1,-1,-1
270,36,605.90,331.00,25.00,58.10,0.9990,-1,-1,-1
270,38,955.90,360.20,55.40,101.50,1.0000,-1,-1,-1
270,41,633.30,335.00,22.80,49.30,0.8460,-1,-1,-1
270,43,1262.60,311.90,70.80,157.50,1.0000,-1,-1,-1
270,44,910.40,343.90,60.00,112.50,1.0000,-1,-1,-1
270,45,69.20,316.00,50.30,115.90,1.0000,-1,-1,-1
270,49,661.50,328.70,23.40,50.90,0.7680,-1,-1,-1
270,50,28.60,322.70,39.90,106.30,1.0000,-1,-1,-1
270,51,1112.00,339.20,31.80,68.40,0.6030,-1,-1,-1
270,52,1609.30,215.10,211.90,599.80,0.7780,-1,-1,-1
270,53,1075.40,335.70,26.60,59.50,0.9700,-1,-1,-1
270,54,647.20,331.50,22.90,49.70,0.9440,-1,-1,-1
271,3,830.20,325.00,57.70,161.60,1.0000,-1,-1,-1
271,5,1725.90,167.70,195.10,758.20,0.9980,-1,-1,-1
271,7,745.90,306.00,66.20,183.40,1.0000,-1,-1,-1
271,21,718.30,338.70,30.80,60.20,0.9560,-1,-1,-1
271,30,1031.60,331.60,33.10,72.60,1.0000,-1,-1,-1
271,32,1136.00,323.70,59.00,142.80,1.0000,-1,-1,-1
271,36,606.80,333.10,26.00,56.10,0.9990,-1,-1,-1
271,38,958.50,361.00,56.40,100.40,1.0000,-1,-1,-1
271,41,639.00,333.10,23.90,49.90,0.9490,-1,-1,-1
271,43,1261.70,313.50,79.00,159.20,1.0000,-1,-1,-1
271,44,914.10,347.10,56.90,110.90,1.0000,-1,-1,-1
271,45,68.90,317.10,51.00,115.50,1.0000,-1,-1,-1
271,49,654.60,332.40,23.50,50.10,0.9350,-1,-1,-1
271,50,25.20,324.30,42.70,107.30,1.0000,-1,-1,-1
271,51,1108.70,337.80,26.80,60.90,0.9040,-1,-1,-1
271,52,1620.50,222.60,210.50,593.40,0.9500,-1,-1,-1
271,53,1077.90,336.90,26.90,60.40,0.9650,-1,-1,-1
272,3,829.60,326.30,59.30,165.00,1.0000,-1,-1,-1
272,5,1744.50,165.60,176.50,766.50,0.9810,-1,-1,-1
272,7,747.30,311.50,66.20,180.80,1.0000,-1,-1,-1
272,21,720.30,342.70,32.90,62.20,0.9530,-1,-1,-1
272,30,1034.50,336.60,33.60,71.40,1.0000,-1,-1,-1
272,32,1137.10,328.10,58.90,142.80,1.0000,-1,-1,-1
272,36,607.90,336.90,26.40,56.50,0.9990,-1,-1,-1
272,38,961.70,365.30,54.90,99.20,1.0000,-1,-1,-1
272,41,639.00,337.70,23.70,50.70,0.9490,-1,-1,-1
272,43,1266.90,316.30,74.60,158.50,1.0000,-1,-1,-1
272,44,915.30,351.10,58.60,113.20,1.0000,-1,-1,-1
272,45,69.00,320.30,51.30,115.10,1.0000,-1,-1,-1
272,49,655.90,336.60,23.10,50.20,0.9040,-1,-1,-1
272,50,25.10,327.30,42.70,108.10,1.0000,-1,-1,-1
272,51,1115.40,341.90,31.40,69.90,0.7880,-1,-1,-1
272,52,1630.00,206.90,207.80,651.60,0.9960,-1,-1,-1
272,53,1079.80,340.30,26.50,60.00,0.9670,-1,-1,-1
273,3,831.30,326.30,57.20,165.00,1.0000,-1,-1,-1
273,5,1772.90,167.30,148.10,764.30,0.8360,-1,-1,-1
273,7,749.00,313.90,66.10,182.10,1.0000,-1,-1,-1
273,21,720.60,347.20,31.50,58.00,0.9680,-1,-1,-1
273,30,1038.80,341.70,31.90,68.50,1.0000,-1,-1,-1
273,32,1139.80,333.20,57.30,139.80,1.0000,-1,-1,-1
273,36,608.30,342.50,27.10,55.00,0.9970,-1,-1,-1
273,38,962.90,367.50,56.50,101.20,1.0000,-1,-1,-1
273,41,642.20,342.70,24.30,49.60,0.9490,-1,-1,-1
273,43,1271.50,319.40,76.70,158.10,1.0000,-1,-1,-1
273,44,915.60,354.70,58.90,110.50,1.0000,-1,-1,-1
273,45,69.40,325.70,50.90,113.30,1.0000,-1,-1,-1
273,49,659.10,340.20,23.00,49.80,0.9430,-1,-1,-1
273,50,27.20,333.40,41.80,105.10,1.0000,-1,-1,-1
273,51,1108.80,344.80,26.70,61.40,0.9650,-1,-1,-1
273,52,1634.60,219.00,219.70,633.00,0.9980,-1,-1,-1
273,53,1073.60,343.10,27.90,63.00,0.9450,-1,-1,-1
274,3,829.80,327.70,58.60,167.00,1.0000,-1,-1,-1
274,7,750.90,317.10,65.70,178.80,1.0000,-1,-1,-1
274,21,722.60,349.30,33.80,58.80,0.9660,-1,-1,-1
274,30,1041.40,343.90,31.60,68.50,1.0000,-1,-1,-1
274,32,1142.00,332.60,58.20,142.40,1.0000,-1,-1,-1
274,36,613.20,345.20,26.70,54.30,0.9960,-1,-1,-1
274,38,964.10,369.90,59.10,101.70,1.0000,-1,-1,-1
274,41,640.40,347.10,24.70,48.80,0.9140,-1,-1,-1
274,43,1278.50,315.20,76.60,165.70,1.0000,-1,-1,-1
274,44,918.50,358.20,58.70,107.90,1.0000,-1,-1,-1
274,45,68.10,326.10,55.30,116.80,1.0000,-1,-1,-1
274,49,659.20,344.10,23.20,49.10,0.9770,-1,-1,-1
274,50,24.30,331.30,41.80,111.10,1.0000,-1,-1,-1
274,51,1108.70,345.60,24.20,63.00,0.9520,-1,-1,-1
274,52,1656.60,213.20,209.70,640.80,0.9970,-1,-1,-1
274,53,1071.40,348.20,27.20,63.20,0.6760,-1,-1,-1
275,3,833.60,339.00,58.50,159.80,1.0000,-1,-1,-1
275,7,751.90,321.90,66.30,182.90,1.0000,-1,-1,-1
275,21,721.80,358.40,34.30,55.90,0.9250,-1,-1,-1
275,30,1045.40,348.10,30.50,70.30,0.9980,-1,-1,-1
275,32,1143.70,337.30,57.70,143.60,1.0000,-1,-1,-1
275,36,619.10,351.90,27.50,55.90,0.9880,-1,-1,-1
275,38,967.00,377.80,59.30,105.60,1.0000,-1,-1,-1
275,43,1282.10,326.80,80.60,165.60,1.0000,-1,-1,-1
275,44,919.30,366.50,62.40,108.30,1.0000,-1,-1,-1
275,45,68.10,330.90,56.10,121.00,1.0000,-1,-1,-1
275,49,660.10,352.90,24.90,50.30,0.9440,-1,-1,-1
275,50,22.40,340.80,40.50,107.90,1.0000,-1,-1,-1
275,52,1670.80,211.60,218.40,665.40,1.0000,-1,-1,-1
275,39,1096.20,351.20,22.10,65.00,0.3220,-1,-1,-1
275,51,1120.50,354.40,30.00,71.40,0.0940,-1,-1,-1
275,53,1066.70,352.60,27.30,65.30,0.4400,-1,-1,-1
275,-1,712.90,354.60,22.50,51.90,0.4910,-1,-1,-1
276,3,834.50,337.90,59.00,166.60,1.0000,-1,-1,-1
276,7,755.30,327.10,62.70,176.20,1.0000,-1,-1,-1
276,21,728.50,358.20,31.80,56.40,0.9740,-1,-1,-1
276,30,1047.00,351.10,31.90,71.60,1.0000,-1,-1,-1
276,32,1147.10,336.90,61.40,147.60,1.0000,-1,-1,-1
276,36,617.80,352.70,26.80,57.10,0.9990,-1,-1,-1
276,38,971.00,381.20,60.40,103.50,1.0000,-1,-1,-1
276,43,1292.40,330.60,73.30,163.30,1.0000,-1,-1,-1
276,44,921.20,368.90,62.80,110.90,1.0000,-1,-1,-1
276,45,68.80,341.00,54.80,118.20,1.0000,-1,-1,-1
276,49,662.50,351.70,22.60,50.00,0.9620,-1,-1,-1
276,50,19.90,342.40,42.80,110.20,1.0000,-1,-1,-1
276,51,1114.70,359.70,25.40,57.50,0.9080,-1,-1,-1
276,52,1685.40,210.70,211.00,648.10,1.0000,-1,-1,-1
277,3,833.70,335.90,58.20,172.30,1.0000,-1,-1,-1
277,7,754.20,329.00,64.60,179.60,1.0000,-1,-1,-1
277,21,726.90,356.90,31.40,61.20,0.9780,-1,-1,-1
277,30,1046.00,354.00,31.70,70.80,1.0000,-1,-1,-1
277,32,1148.60,338.40,60.20,147.30,1.0000,-1,-1,-1
277,36,618.40,355.30,27.50,58.40,0.9990,-1,-1,-1
277,38,973.20,381.90,59.60,106.10,1.0000,-1,-1,-1
277,41,635.20,354.20,25.10,54.60,0.8700,-1,-1,-1
277,43,1297.00,333.40,70.80,164.50,1.0000,-1,-1,-1
277,44,920.00,367.20,64.40,114.40,1.0000,-1,-1,-1
277,45,67.30,343.50,54.00,119.50,1.0000,-1,-1,-1
277,49,665.70,354.10,23.40,52.20,0.9600,-1,-1,-1
277,50,17.00,345.60,43.50,112.30,1.0000,-1,-1,-1
277,51,1119.30,361.00,25.40,57.80,0.9170,-1,-1,-1
277,52,1685.90,218.40,229.50,665.60,1.0000,-1,-1,-1
277,-1,712.60,355.40,24.00,52.60,0.7910,-1,-1,-1
278,3,833.00,345.80,59.10,166.40,1.0000,-1,-1,-1
278,7,755.30,332.90,64.10,177.10,1.0000,-1,-1,-1
278,21,729.40,359.20,31.70,59.70,0.9730,-1,-1,-1
278,30,1047.40,358.40,34.30,73.50,1.0000,-1,-1,-1
278,32,1149.70,341.20,60.30,147.30,1.0000,-1,-1,-1
278,36,618.30,357.70,27.60,58.70,0.9990,-1,-1,-1
278,38,972.00,382.90,60.40,105.50,1.0000,-1,-1,-1
278,39,1109.80,360.70,25.00,57.40,0.6080,-1,-1,-1
278,41,636.20,357.30,26.80,54.80,0.8220,-1,-1,-1
278,43,1301.00,332.70,73.30,167.80,1.0000,-1,-1,-1
278,44,924.60,372.30,62.50,111.90,1.0000,-1,-1,-1
278,45,64.00,343.60,52.30,120.80,1.0000,-1,-1,-1
278,49,666.70,354.60,24.30,51.10,0.9650,-1,-1,-1
278,50,12.90,345.30,47.20,117.00,1.0000,-1,-1,-1
278,51,1122.60,361.90,26.00,61.40,0.8590,-1,-1,-1
278,52,1702.10,204.70,218.90,685.50,1.0000,-1,-1,-1
278,55,716.10,356.60,24.00,54.00,0.6460,-1,-1,-1
279,3,835.90,343.60,58.70,164.40,1.0000,-1,-1,-1
279,7,756.00,329.70,64.40,180.60,1.0000,-1,-1,-1
279,21,731.80,359.60,31.40,59.50,0.9730,-1,-1,-1
279,30,1048.00,355.10,34.50,73.60,1.0000,-1,-1,-1
279,32,1152.80,340.80,59.70,147.10,1.0000,-1,-1,-1
279,36,618.50,358.40,27.60,58.50,0.9990,-1,-1,-1
279,38,975.40,384.00,59.70,107.00,1.0000,-1,-1,-1
279,43,1307.00,333.70,72.50,166.60,1.0000,-1,-1,-1
279,44,926.50,374.10,62.00,111.50,1.0000,-1,-1,-1
279,45,62.80,344.10,50.70,117.80,1.0000,-1,-1,-1
279,49,666.10,358.10,23.00,49.50,0.9560,-1,-1,-1
279,50,11.90,344.80,50.10,117.40,1.0000,-1,-1,-1
279,51,1122.50,361.40,27.20,63.60,0.9280,-1,-1,-1
279,52,1707.20,209.50,213.80,682.80,1.0000,-1,-1,-1
279,55,712.40,358.60,22.50,49.40,0.5620,-1,-1,-1
280,3,835.60,347.10,58.20,163.50,1.0000,-1,-1,-1
280,7,756.20,330.20,64.90,180.50,1.0000,-1,-1,-1
280,21,731.10,361.60,31.30,56.70,0.9550,-1,-1,-1
280,30,1048.10,355.80,34.80,74.70,1.0000,-1,-1,-1
280,32,1153.80,342.00,60.10,148.80,1.0000,-1,-1,-1
280,36,617.40,359.20,28.40,57.30,0.9990,-1,-1,-1
280,38,974.80,386.40,60.70,104.10,1.0000,-1,-1,-1
280,41,638.20,359.70,26.10,51.60,0.8250,-1,-1,-1
280,43,1311.20,335.00,74.30,168.00,1.0000,-1,-1,-1
280,44,927.30,375.90,61.60,111.00,1.0000,-1,-1,-1
280,45,54.80,343.10,53.60,122.90,1.0000,-1,-1,-1
280,49,667.10,356.70,23.60,50.30,0.9740,-1,-1,-1
280,50,7.80,347.10,49.40,116.90,1.0000,-1,-1,-1
280,51,1124.40,363.30,28.70,63.00,0.9640,-1,-1,-1
280,52,1724.20,206.30,196.80,697.80,1.0000,-1,-1,-1
280,55,707.50,358.50,22.40,47.20,0.8280,-1,-1,-1
281,3,838.30,347.10,58.10,162.30,1.0000,-1,-1,-1
281,7,757.60,330.00,64.80,180.60,1.0000,-1,-1,-1
281,21,732.60,360.50,31.80,57.40,0.9640,-1,-1,-1
281,30,1051.30,354.00,32.80,71.90,1.0000,-1,-1,-1
281,32,1155.30,340.30,60.40,148.30,1.0000,-1,-1,-1
281,36,619.40,357.40,28.10,58.30,1.0000,-1,-1,-1
281,38,978.20,384.50,59.90,106.50,1.0000,-1,-1,-1
281,39,1119.70,361.10,29.40,61.40,0.9770,-1,-1,-1
281,43,1316.30,333.40,75.00,169.80,1.0000,-1,-1,-1
281,44,928.50,373.80,62.20,114.10,1.0000,-1,-1,-1
281,45,54.00,344.60,51.50,119.30,1.0000,-1,-1,-1
281,49,668.30,355.60,23.60,50.40,0.9730,-1,-1,-1
281,50,6.20,348.70,50.60,116.70,1.0000,-1,-1,-1
281,52,1739.70,205.60,181.30,706.80,0.9970,-1,-1,-1
281,55,710.90,358.70,22.70,47.30,0.8110,-1,-1,-1
281,41,632.60,352.30,33.60,60.60,0.0850,-1,-1,-1
282,3,839.30,345.90,58.00,161.40,1.0000,-1,-1,-1
282,7,758.30,330.70,64.70,177.40,1.0000,-1,-1,-1
282,21,733.10,359.20,32.30,57.40,0.9480,-1,-1,-1
282,30,1051.80,353.40,32.80,69.20,1.0000,-1,-1,-1
282,32,1155.70,340.00,61.30,147.20,1.0000,-1,-1,-1
282,36,620.20,356.00,28.00,58.10,1.0000,-1,-1,-1
282,38,979.80,383.00,60.70,107.00,1.0000,-1,-1,-1
282,39,1125.00,359.50,27.70,61.30,0.9650,-1,-1,-1
282,43,1318.30,330.10,78.40,173.10,1.0000,-1,-1,-1
282,44,930.40,374.40,61.80,110.90,1.0000,-1,-1,-1
282,45,51.90,343.10,51.60,121.50,1.0000,-1,-1,-1
282,49,668.20,354.30,24.00,50.20,0.9770,-1,-1,-1
282,50,4.50,348.30,51.30,117.10,1.0000,-1,-1,-1
282,52,1747.40,197.60,173.60,697.10,0.9930,-1,-1,-1
282,55,709.30,356.80,22.80,47.70,0.8180,-1,-1,-1
282,-1,1110.40,359.30,23.50,57.80,0.9510,-1,-1,-1
283,3,841.00,344.30,58.50,164.70,1.0000,-1,-1,-1
283,7,760.60,329.90,63.50,177.30,1.0000,-1,-1,-1
283,21,737.30,358.40,30.90,59.50,0.9290,-1,-1,-1
283,30,1051.50,352.40,33.40,69.70,1.0000,-1,-1,-1
283,32,1157.50,339.30,60.20,145.70,1.0000,-1,-1,-1
283,36,619.80,354.70,28.80,59.30,1.0000,-1,-1,-1
283,38,981.90,383.00,60.00,105.90,1.0000,-1,-1,-1
283,39,1119.20,358.50,25.80,60.30,0.9540,-1,-1,-1
283,43,1319.50,329.90,79.20,172.50,1.0000,-1,-1,-1
283,44,932.70,375.00,61.50,109.40,1.0000,-1,-1,-1
283,45,45.90,345.70,54.10,117.90,1.0000,-1,-1,-1
283,49,668.10,354.00,24.70,51.10,0.9790,-1,-1,-1
283,50,3.60,353.60,52.80,112.40,1.0000,-1,-1,-1
283,52,1760.10,195.60,160.90,689.10,0.9960,-1,-1,-1
283,55,705.70,354.50,22.40,46.90,0.8200,-1,-1,-1
283,56,1106.00,358.60,23.80,57.70,0.9600,-1,-1,-1
284,3,844.20,340.80,59.10,166.60,1.0000,-1,-1,-1
284,7,762.00,329.20,63.90,179.60,1.0000,-1,-1,-1
284,21,741.00,357.10,31.60,65.30,0.9500,-1,-1,-1
284,30,1052.50,351.50,34.00,68.90,1.0000,-1,-1,-1
284,32,1158.80,338.80,60.20,144.70,1.0000,-1,-1,-1
284,36,620.10,354.20,28.60,59.20,1.0000,-1,-1,-1
284,38,984.90,382.40,59.30,107.10,1.0000,-1,-1,-1
284,39,1120.00,356.00,25.70,62.90,0.6730,-1,-1,-1
284,43,1323.70,328.30,76.20,172.90,1.0000,-1,-1,-1
284,44,934.80,373.70,60.80,111.00,1.0000,-1,-1,-1
284,45,43.60,345.70,54.70,118.10,1.0000,-1,-1,-1
284,49,668.40,353.10,23.80,50.80,0.9780,-1,-1,-1
284,50,4.10,351.00,52.70,113.80,1.0000,-1,-1,-1
284,52,1765.60,191.50,155.40,703.10,0.9910,-1,-1,-1
284,55,712.60,355.20,22.80,49.40,0.7080,-1,-1,-1
284,56,1102.50,356.30,25.70,61.40,0.9710,-1,-1,-1
284,41,633.40,348.80,34.20,60.80,0.1090,-1,-1,-1
285,3,846.90,341.80,61.20,165.00,1.0000,-1,-1,-1
285,7,766.50,328.30,64.50,180.90,1.0000,-1,-1,-1
285,21,742.00,357.70,37.40,74.10,0.8960,-1,-1,-1
285,30,1056.50,350.70,31.90,69.90,0.9990,-1,-1,-1
285,32,1162.90,339.10,59.70,144.80,1.0000,-1,-1,-1
285,36,626.60,355.60,27.80,59.20,1.0000,-1,-1,-1
285,38,988.20,379.90,60.50,109.80,1.0000,-1,-1,-1
285,39,1112.70,354.10,27.20,63.60,0.9770,-1,-1,-1
285,43,1330.30,324.10,76.70,176.40,1.0000,-1,-1,-1
285,44,940.20,372.00,61.00,112.50,1.0000,-1,-1,-1
285,45,41.90,348.70,52.60,117.50,1.0000,-1,-1,-1
285,49,671.20,354.20,24.60,50.50,0.9680,-1,-1,-1
285,50,2.30,352.90,49.40,112.90,1.0000,-1,-1,-1
285,55,700.80,353.10,23.70,48.80,0.7540,-1,-1,-1
285,51,1140.90,355.70,35.10,79.30,0.1770,-1,-1,-1
285,52,1791.10,157.10,129.90,749.80,0.2210,-1,-1,-1
285,-1,732.60,357.10,26.30,56.80,0.5960,-1,-1,-1
286,3,851.90,341.30,59.70,164.60,1.0000,-1,-1,-1
286,7,768.60,327.10,63.90,180.90,1.0000,-1,-1,-1
286,21,743.50,357.20,34.90,69.00,0.9560,-1,-1,-1
286,30,1060.10,351.80,31.50,65.70,0.9990,-1,-1,-1
286,32,1166.30,337.70,58.70,144.00,1.0000,-1,-1,-1
286,36,629.50,355.50,28.20,59.20,1.0000,-1,-1,-1
286,38,991.10,381.40,62.70,106.70,1.0000,-1,-1,-1
286,39,1106.30,353.90,27.80,64.90,0.9860,-1,-1,-1
286,43,1331.10,322.30,82.50,180.80,1.0000,-1,-1,-1
286,44,943.20,371.70,60.70,110.30,1.0000,-1,-1,-1
286,45,42.20,349.50,51.50,116.40,1.0000,-1,-1,-1
286,49,666.50,353.80,24.50,50.90,0.9560,-1,-1,-1
286,50,2.60,352.60,48.70,114.70,1.0000,-1,-1,-1
286,51,1140.60,355.60,32.90,68.50,0.6950,-1,-1,-1
286,55,696.70,351.20,23.50,49.60,0.6830,-1,-1,-1
286,-1,725.60,355.40,23.70,52.70,0.1360,-1,-1,-1
287,3,852.60,341.80,61.60,163.60,1.0000,-1,-1,-1
287,7,770.20,328.40,62.70,176.90,1.0000,-1,-1,-1
287,21,744.40,359.20,32.80,62.60,0.9530,-1,-1,-1
287,30,1065.60,351.30,30.70,66.50,0.9990,-1,-1,-1
287,32,1167.00,336.90,58.90,145.10,1.0000,-1,-1,-1
287,36,631.10,356.60,27.50,59.10,1.0000,-1,-1,-1
287,38,993.20,382.70,63.40,104.10,1.0000,-1,-1,-1
287,39,1103.60,353.80,28.90,64.00,0.9860,-1,-1,-1
287,43,1333.10,320.90,84.40,183.60,1.0000,-1,-1,-1
287,44,946.30,372.80,60.90,108.80,1.0000,-1,-1,-1
287,45,41.90,349.30,50.80,115.70,1.0000,-1,-1,-1
287,49,660.90,358.90,23.70,50.90,0.8630,-1,-1,-1
287,50,1.70,352.30,47.30,116.20,1.0000,-1,-1,-1
287,54,673.70,354.30,24.50,51.20,0.9780,-1,-1,-1
287,55,687.50,351.90,24.00,50.70,0.8920,-1,-1,-1
287,51,1142.40,355.30,33.10,69.80,0.5920,-1,-1,-1
287,-1,700.80,351.60,24.20,50.60,0.1120,-1,-1,-1
288,3,856.90,335.90,59.70,168.50,1.0000,-1,-1,-1
288,7,775.60,329.30,60.80,174.30,1.0000,-1,-1,-1
288,21,749.10,355.40,31.70,65.90,0.7910,-1,-1,-1
288,30,1072.20,349.90,31.20,68.10,0.9990,-1,-1,-1
288,32,1167.90,340.00,57.70,140.90,1.0000,-1,-1,-1
288,36,633.80,357.90,27.10,59.40,1.0000,-1,-1,-1
288,38,998.90,379.60,60.90,104.90,1.0000,-1,-1,-1
288,43,1340.80,321.10,86.80,180.20,1.0000,-1,-1,-1
288,44,947.90,370.10,63.40,111.50,1.0000,-1,-1,-1
288,45,45.70,349.40,46.50,114.10,1.0000,-1,-1,-1
288,49,665.50,358.60,24.80,51.10,0.9440,-1,-1,-1
288,50,1.20,354.70,51.00,112.80,1.0000,-1,-1,-1
288,51,1142.20,353.90,32.90,70.50,0.6120,-1,-1,-1
288,56,1090.50,352.00,28.90,65.20,0.8130,-1,-1,-1
288,55,697.10,354.30,21.60,47.70,0.2140,-1,-1,-1
289,3,856.90,338.20,61.50,168.30,1.0000,-1,-1,-1
289,7,775.90,328.60,62.50,178.20,1.0000,-1,-1,-1
289,21,750.80,356.80,34.30,63.80,0.9740,-1,-1,-1
289,30,1070.80,348.90,33.50,72.00,1.0000,-1,-1,-1
289,32,1172.00,337.80,57.50,141.80,1.0000,-1,-1,-1
289,36,638.20,356.50,27.40,59.70,0.9990,-1,-1,-1
289,38,998.60,379.40,60.80,109.90,1.0000,-1,-1,-1
289,39,1093.90,353.40,28.20,65.10,0.6250,-1,-1,-1
289,43,1344.90,321.40,83.40,182.60,1.0000,-1,-1,-1
289,44,947.10,369.80,63.70,113.20,1.0000,-1,-1,-1
289,45,45.60,351.20,47.60,112.60,1.0000,-1,-1,-1
289,49,668.40,354.40,25.60,53.40,0.9290,-1,-1,-1
289,50,1.00,358.00,49.40,112.50,1.0000,-1,-1,-1
289,51,1141.40,353.30,28.40,65.00,0.9720,-1,-1,-1
289,55,686.30,353.90,24.40,51.10,0.9660,-1,-1,-1
290,3,862.80,335.60,62.40,171.60,1.0000,-1,-1,-1
290,7,782.10,326.90,64.40,181.60,1.0000,-1,-1,-1
290,21,753.60,356.80,34.50,62.10,0.9810,-1,-1,-1
290,32,1175.30,333.20,59.40,147.80,1.0000,-1,-1,-1
290,36,645.50,357.40,27.30,58.10,0.9980,-1,-1,-1
290,38,1005.40,379.20,61.10,108.50,1.0000,-1,-1,-1
290,43,1354.90,322.60,85.50,181.30,1.0000,-1,-1,-1
290,44,955.30,371.10,62.60,112.50,1.0000,-1,-1,-1
290,45,50.10,351.50,49.30,118.30,1.0000,-1,-1,-1
290,49,665.90,355.80,25.50,54.70,0.9170,-1,-1,-1
290,50,1.00,356.10,47.10,114.90,1.0000,-1,-1,-1
290,51,1135.10,353.50,23.90,60.10,0.9420,-1,-1,-1
290,55,686.70,354.80,24.50,54.10,0.9710,-1,-1,-1
290,56,1082.70,349.10,33.40,70.00,1.0000,-1,-1,-1
291,3,864.20,339.30,63.40,166.80,1.0000,-1,-1,-1
291,7,783.70,327.90,64.30,181.40,1.0000,-1,-1,-1
291,21,756.50,359.40,33.20,58.50,0.9740,-1,-1,-1
291,32,1178.20,335.90,58.60,145.90,1.0000,-1,-1,-1
291,36,645.50,357.60,27.20,58.40,0.9990,-1,-1,-1
291,38,1008.40,380.40,62.60,108.90,1.0000,-1,-1,-1
291,43,1358.70,321.50,88.60,183.80,1.0000,-1,-1,-1
291,44,959.30,370.90,62.60,114.50,1.0000,-1,-1,-1
291,45,49.20,352.10,47.90,119.10,1.0000,-1,-1,-1
291,49,667.20,355.50,25.50,54.00,0.8780,-1,-1,-1
291,50,1.00,356.80,49.40,117.50,1.0000,-1,-1,-1
291,51,1127.90,352.70,25.20,61.90,0.9480,-1,-1,-1
291,55,689.40,354.20,24.70,51.30,0.9690,-1,-1,-1
291,56,1083.30,348.60,34.00,71.40,1.0000,-1,-1,-1
291,-1,1143.30,356.80,34.50,62.50,0.5340,-1,-1,-1
292,3,867.50,338.50,63.40,167.70,1.0000,-1,-1,-1
292,7,787.60,328.50,64.00,180.20,1.0000,-1,-1,-1
292,21,761.90,359.80,31.50,57.60,0.9620,-1,-1,-1
292,30,1088.00,348.80,32.90,71.70,1.0000,-1,-1,-1
292,32,1182.80,336.50,59.80,146.20,1.0000,-1,-1,-1
292,36,650.30,357.60,26.90,59.10,1.0000,-1,-1,-1
292,38,1012.30,383.60,62.00,106.30,1.0000,-1,-1,-1
292,43,1365.80,320.20,88.60,186.30,1.0000,-1,-1,-1
292,44,962.50,371.70,65.40,115.90,1.0000,-1,-1,-1
292,45,50.50,351.30,47.60,121.00,1.0000,-1,-1,-1
292,50,1.30,357.30,49.00,114.60,1.0000,-1,-1,-1
292,51,1129.40,352.50,28.00,65.00,0.9690,-1,-1,-1
292,55,693.40,356.10,23.60,51.10,0.9610,-1,-1,-1
292,-1,745.70,356.80,22.60,50.50,0.5240,-1,-1,-1
292,-1,1150.30,354.30,26.60,64.20,0.8040,-1,-1,-1
293,3,868.90,337.20,66.00,169.00,1.0000,-1,-1,-1
293,7,791.10,326.50,63.80,181.80,1.0000,-1,-1,-1
293,21,766.30,358.40,31.80,62.20,0.9740,-1,-1,-1
293,30,1090.00,346.20,33.90,72.40,0.9990,-1,-1,-1
293,32,1184.50,337.80,58.80,143.60,1.0000,-1,-1,-1
293,36,651.40,356.80,28.30,59.20,1.0000,-1,-1,-1
293,38,1014.40,379.30,63.70,111.20,1.0000,-1,-1,-1
293,43,1366.20,320.10,90.50,187.20,1.0000,-1,-1,-1
293,44,966.50,369.00,65.10,114.20,1.0000,-1,-1,-1
293,45,50.60,350.60,47.30,123.20,1.0000,-1,-1,-1
293,50,1.00,360.90,49.90,113.50,1.0000,-1,-1,-1
293,51,1128.10,348.10,28.60,68.30,0.9430,-1,-1,-1
293,55,692.30,355.90,24.40,51.20,0.9720,-1,-1,-1
293,57,1143.70,350.80,28.60,65.90,0.2910,-1,-1,-1
293,-1,748.30,356.90,24.00,53.00,0.1750,-1,-1,-1
294,3,871.60,340.90,64.50,166.80,1.0000,-1,-1,-1
294,7,794.40,327.80,65.00,182.00,1.0000,-1,-1,-1
294,21,769.30,353.80,32.50,69.00,0.9420,-1,-1,-1
294,30,1094.20,347.80,32.50,72.40,1.0000,-1,-1,-1
294,32,1186.80,337.90,59.70,144.40,1.0000,-1,-1,-1
294,36,655.10,357.50,27.10,59.00,0.9990,-1,-1,-1
294,38,1018.00,384.10,61.40,107.30,1.0000,-1,-1,-1
294,43,1373.80,319.10,88.80,189.00,1.0000,-1,-1,-1
294,44,969.00,372.60,63.00,116.00,1.0000,-1,-1,-1
294,45,51.00,352.30,46.50,122.80,1.0000,-1,-1,-1
294,50,1.60,363.80,49.10,109.70,1.0000,-1,-1,-1
294,55,700.50,356.60,24.40,50.40,0.9710,-1,-1,-1
294,57,1132.50,349.40,29.40,69.40,0.9810,-1,-1,-1
294,-1,757.50,357.00,26.50,55.90,0.3670,-1,-1,-1
295,3,874.90,339.20,64.60,166.60,1.0000,-1,-1,-1
295,7,797.00,326.70,64.30,180.70,1.0000,-1,-1,-1
295,21,770.40,351.90,35.30,71.90,0.9560,-1,-1,-1
295,30,1095.80,347.60,31.50,69.90,1.0000,-1,-1,-1
295,32,1188.50,336.80,60.20,143.90,1.0000,-1,-1,-1
295,36,654.70,356.20,27.80,60.40,1.0000,-1,-1,-1
295,38,1019.50,382.20,64.20,108.80,1.0000,-1,-1,-1
295,43,1383.30,316.80,85.10,192.60,1.0000,-1,-1,-1
295,44,972.90,371.30,63.00,114.70,1.0000,-1,-1,-1
295,45,51.00,352.70,47.20,119.10,1.0000,-1,-1,-1
295,50,1.20,363.50,50.40,108.90,1.0000,-1,-1,-1
295,55,698.30,357.10,24.60,49.50,0.9770,-1,-1,-1
295,57,1133.30,349.60,25.40,65.00,0.9600,-1,-1,-1
295,-1,742.10,356.60,20.80,46.90,0.2730,-1,-1,-1
295,-1,755.80,356.30,27.10,54.80,0.1320,-1,-1,-1
295,-1,1148.10,352.50,30.80,65.50,0.7370,-1,-1,-1
296,3,878.00,341.80,63.70,166.50,1.0000,-1,-1,-1
296,7,804.20,328.00,64.60,181.70,1.0000,-1,-1,-1
296,21,775.20,357.60,35.80,62.50,0.9660,-1,-1,-1
296,30,1101.30,347.00,32.00,71.40,1.0000,-1,-1,-1
296,32,1195.20,336.70,58.60,143.60,1.0000,-1,-1,-1
296,36,663.90,358.40,26.10,57.80,0.9990,-1,-1,-1
296,38,1025.30,381.90,63.50,109.80,1.0000,-1,-1,-1
296,43,1392.60,315.70,80.30,189.20,1.0000,-1,-1,-1
296,44,976.80,370.40,62.10,117.80,1.0000,-1,-1,-1
296,45,51.60,353.10,45.50,121.70,1.0000,-1,-1,-1
296,50,2.30,363.70,46.60,111.70,1.0000,-1,-1,-1
296,55,700.10,356.40,24.80,51.00,0.9520,-1,-1,-1
296,57,1135.40,350.60,29.10,65.80,0.9510,-1,-1,-1
296,58,1166.70,351.90,31.00,70.70,0.7720,-1,-1,-1
296,-1,738.60,354.30,21.40,48.90,0.0590,-1,-1,-1
296,-1,720.90,354.20,23.80,49.50,0.8370,-1,-1,-1
297,3,879.40,343.40,64.20,164.90,1.0000,-1,-1,-1
297,7,804.50,329.00,64.40,183.80,1.0000,-1,-1,-1
297,21,779.70,357.20,35.80,66.10,0.9230,-1,-1,-1
297,30,1104.70,348.70,30.80,70.60,1.0000,-1,-1,-1
297,32,1195.80,336.90,59.30,143.80,1.0000,-1,-1,-1
297,36,663.60,359.30,25.90,59.70,0.9990,-1,-1,-1
297,38,1025.20,381.10,63.90,111.00,1.0000,-1,-1,-1
297,43,1401.20,315.90,79.10,192.60,1.0000,-1,-1,-1
297,44,975.30,370.50,64.70,118.20,1.0000,-1,-1,-1
297,45,49.00,355.20,45.10,119.40,1.0000,-1,-1,-1
297,50,1.80,363.90,44.70,113.30,1.0000,-1,-1,-1
297,54,691.70,361.20,22.90,50.40,0.8820,-1,-1,-1
297,55,705.00,357.50,24.00,50.60,0.9470,-1,-1,-1
297,57,1134.40,353.70,28.60,62.50,0.9160,-1,-1,-1
297,58,1169.20,351.60,31.60,72.30,0.6640,-1,-1,-1
297,59,717.90,355.60,23.80,50.10,0.9440,-1,-1,-1
297,-1,735.70,354.90,22.30,48.90,0.3510,-1,-1,-1
297,-1,1246.90,349.60,31.70,69.90,0.1270,-1,-1,-1
298,3,880.70,341.40,63.50,168.20,1.0000,-1,-1,-1
298,7,807.70,329.30,63.90,182.30,1.0000,-1,-1,-1
298,21,780.50,359.20,32.60,60.10,0.9730,-1,-1,-1
298,30,1105.40,348.10,31.80,74.60,0.9990,-1,-1,-1
298,32,1197.40,336.70,59.60,144.10,1.0000,-1,-1,-1
298,36,667.30,359.00,26.20,57.60,0.9990,-1,-1,-1
298,38,1027.90,379.60,64.10,111.80,1.0000,-1,-1,-1
298,43,1409.00,310.20,78.00,199.80,1.0000,-1,-1,-1
298,44,977.20,369.70,62.70,117.70,1.0000,-1,-1,-1
298,45,47.30,354.10,46.80,121.40,1.0000,-1,-1,-1
298,50,2.20,362.40,43.10,116.00,0.9990,-1,-1,-1
298,55,701.50,357.60,24.30,50.90,0.9240,-1,-1,-1
298,57,1131.90,352.80,30.00,64.80,0.8050,-1,-1,-1
298,58,1169.30,353.00,30.90,69.00,0.7920,-1,-1,-1
298,59,719.20,356.40,23.70,49.70,0.9680,-1,-1,-1
299,3,885.70,343.50,59.80,165.50,1.0000,-1,-1,-1
299,7,809.10,328.20,65.50,184.30,1.0000,-1,-1,-1
299,21,781.10,360.30,33.70,60.10,0.9840,-1,-1,-1
299,30,1109.00,349.20,31.70,73.40,1.0000,-1,-1,-1
299,32,1199.70,337.70,57.70,142.90,1.0000,-1,-1,-1
299,36,668.70,359.80,26.90,58.40,0.9990,-1,-1,-1
299,38,1031.30,380.20,61.50,111.90,1.0000,-1,-1,-1
299,43,1414.00,314.10,80.10,197.00,1.0000,-1,-1,-1
299,44,979.20,369.50,62.80,120.80,1.0000,-1,-1,-1
299,45,47.20,355.60,47.40,121.50,1.0000,-1,-1,-1
299,50,1.40,363.50,43.50,114.50,1.0000,-1,-1,-1
299,55,701.50,358.50,24.50,51.30,0.9360,-1,-1,-1
299,58,1177.10,352.70,31.20,70.80,0.8350,-1,-1,-1
299,59,717.60,357.00,24.50,51.10,0.9500,-1,-1,-1
300,3,886.30,343.30,58.60,166.00,1.0000,-1,-1,-1
300,7,810.70,328.30,64.90,185.50,1.0000,-1,-1,-1
300,21,783.00,359.60,32.00,60.20,0.9820,-1,-1,-1
300,30,1108.70,350.00,33.70,75.00,1.0000,-1,-1,-1
300,32,1199.80,338.40,57.50,143.70,1.0000,-1,-1,-1
300,36,670.00,360.20,27.20,59.50,0.9990,-1,-1,-1
300,38,1031.60,380.00,65.40,112.50,1.0000,-1,-1,-1
300,43,1420.80,317.70,81.30,196.60,1.0000,-1,-1,-1
300,44,979.90,370.00,63.90,120.70,1.0000,-1,-1,-1
300,45,44.20,356.40,48.00,124.50,1.0000,-1,-1,-1
300,50,1.00,365.60,41.50,115.80,0.9990,-1,-1,-1
300,54,688.70,362.10,24.30,53.90,0.8900,-1,-1,-1
300,55,702.20,358.80,24.00,52.30,0.9330,-1,-1,-1
300,58,1172.00,354.80,29.60,64.90,0.9180,-1,-1,-1
300,59,716.30,357.80,24.10,51.50,0.9700,-1,-1,-1
301,3,888.30,343.30,59.30,169.90,1.0000,-1,-1,-1
301,7,812.60,329.80,65.70,184.30,1.0000,-1,-1,-1
301,21,783.90,363.40,33.30,61.10,0.9860,-1,-1,-1
301,30,1110.80,352.20,33.80,74.80,1.0000,-1,-1,-1
301,32,1201.70,340.50,60.00,143.50,1.0000,-1,-1,-1
301,36,673.60,361.70,27.90,59.80,0.9990,-1,-1,-1
301,38,1036.80,379.10,62.70,115.50,1.0000,-1,-1,-1
301,43,1433.00,319.80,81.00,203.20,1.0000,-1,-1,-1
301,44,984.30,371.10,66.40,122.00,1.0000,-1,-1,-1
301,45,40.30,354.60,51.70,130.20,1.0000,-1,-1,-1
301,50,1.00,361.50,39.90,123.70,0.9960,-1,-1,-1
301,55,702.10,361.80,24.70,53.40,0.9340,-1,-1,-1
301,58,1170.50,356.80,32.40,67.50,0.7510,-1,-1,-1
301,59,718.10,361.20,23.50,53.10,0.9810,-1,-1,-1
302,3,890.30,346.30,58.70,168.70,1.0000,-1,-1,-1
302,7,815.10,333.00,63.00,183.30,1.0000,-1,-1,-1
302,21,784.50,363.30,33.90,64.60,0.9800,-1,-1,-1
302,30,1112.10,353.80,34.80,76.50,1.0000,-1,-1,-1
302,32,1203.40,342.40,59.00,144.20,1.0000,-1,-1,-1
302,36,675.30,364.60,29.00,58.70,0.9990,-1,-1,-1
302,38,1036.60,383.50,62.90,110.80,1.0000,-1,-1,-1
302,43,1436.00,320.70,78.20,204.50,1.0000,-1,-1,-1
302,44,986.30,374.60,66.30,117.40,1.0000,-1,-1,-1
302,45,39.60,362.60,53.00,125.50,1.0000,-1,-1,-1
302,50,1.00,359.10,35.70,133.00,0.9880,-1,-1,-1
302,54,694.80,365.90,24.40,55.00,0.9300,-1,-1,-1
302,58,1163.50,356.30,30.90,68.30,0.8430,-1,-1,-1
302,59,717.20,365.30,23.30,52.50,0.9450,-1,-1,-1
302,-1,1178.80,353.10,33.80,86.60,0.0620,-1,-1,-1
303,3,890.70,347.60,57.70,169.20,1.0000,-1,-1,-1
303,7,815.30,333.40,65.10,184.90,1.0000,-1,-1,-1
303,21,787.90,365.60,31.30,60.10,0.9780,-1,-1,-1
303,30,1113.80,357.10,34.90,76.40,1.0000,-1,-1,-1
303,32,1205.00,342.40,58.50,146.60,1.0000,-1,-1,-1
303,36,674.30,365.40,27.90,59.90,0.9990,-1,-1,-1
303,38,1041.80,387.40,60.10,110.20,1.0000,-1,-1,-1
303,43,1441.30,324.90,79.20,206.50,1.0000,-1,-1,-1
303,44,989.10,378.50,64.50,119.30,1.0000,-1,-1,-1
303,45,39.90,363.10,50.40,126.50,1.0000,-1,-1,-1
303,50,1.00,360.20,33.80,130.00,0.9660,-1,-1,-1
303,55,702.20,367.30,25.00,51.20,0.9350,-1,-1,-1
303,58,1159.50,358.40,29.90,69.20,0.9890,-1,-1,-1
303,59,720.00,364.50,22.80,51.70,0.9780,-1,-1,-1
303,-1,1179.40,355.60,34.30,88.70,0.1140,-1,-1,-1
304,3,892.30,347.80,57.20,165.80,1.0000,-1,-1,-1
304,7,816.10,333.70,64.60,183.60,1.0000,-1,-1,-1
304,21,788.50,364.70,33.10,63.40,0.9790,-1,-1,-1
304,30,1118.40,357.20,32.70,71.50,0.9990,-1,-1,-1
304,32,1208.30,343.50,57.50,146.10,1.0000,-1,-1,-1
304,36,677.20,365.90,27.10,58.20,0.9990,-1,-1,-1
304,38,1042.40,386.90,62.60,111.70,1.0000,-1,-1,-1
304,43,1445.00,329.00,80.10,200.50,1.0000,-1,-1,-1
304,44,990.10,378.40,66.60,118.60,1.0000,-1,-1,-1
304,45,37.00,365.30,51.00,124.10,1.0000,-1,-1,-1
304,50,1.00,364.50,33.60,120.70,0.9920,-1,-1,-1
304,54,697.60,368.40,25.10,52.90,0.9170,-1,-1,-1
304,58,1160.20,358.30,28.50,70.10,0.9870,-1,-1,-1
304,59,718.80,366.00,22.60,51.00,0.9790,-1,-1,-1
305,3,892.30,349.10,57.30,163.70,1.0000,-1,-1,-1
305,7,817.00,334.20,63.00,180.50,1.0000,-1,-1,-1
305,21,790.10,361.90,34.40,69.60,0.9820,-1,-1,-1
305,30,1119.50,356.30,32.80,72.60,1.0000,-1,-1,-1
305,32,1207.90,344.20,58.50,145.20,1.0000,-1,-1,-1
305,36,676.00,364.80,28.50,59.20,1.0000,-1,-1,-1
305,38,1041.70,386.10,62.60,109.70,1.0000,-1,-1,-1
305,43,1444.20,324.90,81.50,206.60,1.0000,-1,-1,-1
305,44,991.80,377.80,66.60,115.80,1.0000,-1,-1,-1
305,45,33.40,365.80,51.70,124.20,1.0000,-1,-1,-1
305,50,3.40,360.20,30.80,121.70,0.6720,-1,-1,-1
305,58,1157.30,359.20,27.80,66.20,0.9750,-1,-1,-1
305,59,723.40,365.30,23.00,51.30,0.9760,-1,-1,-1
305,-1,1177.50,359.50,35.00,70.60,0.5450,-1,-1,-1
306,3,891.90,346.40,59.40,165.70,1.0000,-1,-1,-1
306,7,816.00,330.50,64.50,184.20,1.0000,-1,-1,-1
306,21,793.10,359.30,32.40,65.60,0.9820,-1,-1,-1
306,30,1123.40,353.90,31.60,71.80,1.0000,-1,-1,-1
306,32,1206.90,342.80,57.70,143.70,1.0000,-1,-1,-1
306,36,678.50,362.40,28.30,59.20,1.0000,-1,-1,-1
306,38,1042.90,384.30,62.30,110.50,1.0000,-1,-1,-1
306,43,1442.50,320.10,87.60,208.60,1.0000,-1,-1,-1
306,44,991.40,373.10,69.00,123.80,1.0000,-1,-1,-1
306,45,22.80,357.60,53.60,127.40,1.0000,-1,-1,-1
306,58,1158.60,354.10,29.20,71.20,0.9880,-1,-1,-1
306,59,722.20,363.70,21.80,49.90,0.9580,-1,-1,-1
306,-1,778.20,361.50,24.00,56.70,0.2440,-1,-1,-1
306,-1,1174.20,358.40,33.90,70.70,0.7530,-1,-1,-1
307,3,890.60,344.90,60.40,166.30,1.0000,-1,-1,-1
307,7,814.90,328.70,64.40,184.40,1.0000,-1,-1,-1
307,21,786.10,357.00,33.40,65.80,0.9890,-1,-1,-1
307,30,1122.60,353.00,32.10,71.30,1.0000,-1,-1,-1
307,32,1205.30,340.80,57.80,143.20,1.0000,-1,-1,-1
307,38,1039.80,378.60,64.70,117.60,1.0000,-1,-1,-1
307,43,1437.20,314.00,96.40,213.60,1.0000,-1,-1,-1
307,44,991.80,368.20,67.80,124.60,1.0000,-1,-1,-1
307,45,14.60,353.20,57.00,132.70,1.0000,-1,-1,-1
307,49,673.60,360.20,28.40,59.80,0.9990,-1,-1,-1
307,54,701.40,360.10,24.30,52.30,0.9280,-1,-1,-1
307,58,1162.40,349.60,30.70,72.70,0.9860,-1,-1,-1
307,59,718.60,359.20,24.40,52.70,0.9790,-1,-1,-1
307,60,1179.30,349.90,36.20,88.90,0.1330,-1,-1,-1
308,3,889.20,343.40,58.80,163.20,1.0000,-1,-1,-1
308,7,812.40,326.70,67.40,183.80,1.0000,-1,-1,-1
308,21,785.30,357.40,32.20,62.70,0.9790,-1,-1,-1
308,32,1202.00,338.90,58.40,142.60,1.0000,-1,-1,-1
308,38,1042.30,382.20,59.80,111.70,1.0000,-1,-1,-1
308,43,1441.60,309.30,94.70,216.30,1.0000,-1,-1,-1
308,44,987.70,371.20,67.70,124.70,1.0000,-1,-1,-1
308,45,11.90,354.10,51.80,127.20,1.0000,-1,-1,-1
308,49,672.10,358.70,27.60,58.40,0.9990,-1,-1,-1
308,54,703.20,357.40,24.70,51.10,0.9410,-1,-1,-1
308,57,1117.10,350.60,32.00,70.70,1.0000,-1,-1,-1
308,58,1165.30,353.00,35.00,68.80,0.9530,-1,-1,-1
308,59,720.00,355.70,22.60,53.10,0.9550,-1,-1,-1
309,3,890.50,339.00,60.40,164.80,1.0000,-1,-1,-1
309,7,812.90,325.00,64.70,180.70,1.0000,-1,-1,-1
309,21,784.70,353.10,35.00,64.30,0.9860,-1,-1,-1
309,32,1203.10,335.50,58.00,144.10,1.0000,-1,-1,-1
309,38,1039.00,377.70,65.30,114.70,1.0000,-1,-1,-1
309,43,1443.20,307.80,94.70,217.50,1.0000,-1,-1,-1
309,44,989.90,367.40,67.80,118.80,1.0000,-1,-1,-1
309,45,8.40,352.60,49.70,124.60,1.0000,-1,-1,-1
309,49,671.40,353.60,27.20,58.50,0.9990,-1,-1,-1
309,54,699.50,353.90,25.40,54.50,0.9170,-1,-1,-1
309,57,1116.90,348.60,32.40,67.70,1.0000,-1,-1,-1
309,58,1164.10,347.10,32.70,72.10,0.9630,-1,-1,-1
309,59,723.60,351.10,24.30,52.80,0.9770,-1,-1,-1
309,60,1179.80,344.80,37.10,91.90,0.0910,-1,-1,-1
310,3,889.80,336.10,59.10,163.70,1.0000,-1,-1,-1
310,7,813.10,324.40,64.10,179.00,1.0000,-1,-1,-1
310,21,787.40,352.00,35.00,63.80,0.9810,-1,-1,-1
310,32,1202.10,332.20,59.00,146.30,1.0000,-1,-1,-1
310,36,689.00,350.30,25.00,55.50,0.9080,-1,-1,-1
310,38,1044.10,378.00,64.60,112.60,1.0000,-1,-1,-1
310,43,1447.90,306.40,98.60,215.80,1.0000,-1,-1,-1
310,44,991.50,369.30,66.60,116.90,1.0000,-1,-1,-1
310,45,3.10,344.00,49.20,130.40,1.0000,-1,-1,-1
310,49,673.10,349.70,26.80,60.20,0.9990,-1,-1,-1
310,57,1116.00,347.40,32.80,68.20,1.0000,-1,-1,-1
310,58,1161.70,346.60,28.80,67.40,0.9720,-1,-1,-1
310,59,720.30,350.10,23.30,51.80,0.9780,-1,-1,-1
310,60,1182.60,344.50,29.80,81.80,0.3780,-1,-1,-1
311,3,890.40,334.20,58.70,162.80,1.0000,-1,-1,-1
311,7,811.30,322.90,62.40,178.20,1.0000,-1,-1,-1
311,21,783.20,351.70,33.60,63.70,0.9880,-1,-1,-1
311,32,1197.70,332.20,57.70,142.60,1.0000,-1,-1,-1
311,36,691.60,349.20,24.70,52.50,0.9380,-1,-1,-1
311,38,1041.30,374.80,62.90,114.30,1.0000,-1,-1,-1
311,43,1453.40,305.20,97.70,219.20,1.0000,-1,-1,-1
311,44,988.80,364.50,66.00,119.20,1.0000,-1,-1,-1
311,45,1.80,349.20,42.70,124.40,1.0000,-1,-1,-1
311,49,668.70,347.80,27.30,57.70,0.9980,-1,-1,-1
311,57,1113.60,343.60,32.50,69.90,1.0000,-1,-1,-1
311,58,1168.40,347.30,31.40,68.30,0.7730,-1,-1,-1
311,59,721.40,348.20,22.70,49.40,0.8560,-1,-1,-1
312,3,892.40,332.40,56.70,163.00,1.0000,-1,-1,-1
312,7,811.10,322.80,63.20,176.90,1.0000,-1,-1,-1
312,21,784.40,350.20,34.00,64.60,0.9890,-1,-1,-1
312,32,1196.90,330.20,58.10,144.60,1.0000,-1,-1,-1
312,36,690.80,349.00,24.60,52.40,0.9370,-1,-1,-1
312,38,1043.50,374.10,63.10,114.90,1.0000,-1,-1,-1
312,43,1456.80,301.30,102.90,225.40,1.0000,-1,-1,-1
312,44,990.80,363.10,65.50,121.20,1.0000,-1,-1,-1
312,45,1.20,350.60,41.20,122.50,1.0000,-1,-1,-1
312,49,668.70,347.40,27.10,57.80,0.9990,-1,-1,-1
312,57,1115.00,342.50,32.40,70.00,1.0000,-1,-1,-1
312,58,1170.80,344.30,33.40,71.10,0.7320,-1,-1,-1
312,59,720.10,348.30,22.40,48.10,0.8910,-1,-1,-1
313,3,891.90,329.00,57.70,165.20,1.0000,-1,-1,-1
313,7,811.80,322.60,63.20,175.00,1.0000,-1,-1,-1
313,21,784.40,348.80,34.40,65.30,0.9890,-1,-1,-1
313,32,1197.30,329.50,58.80,142.10,1.0000,-1,-1,-1
313,36,691.80,347.80,24.30,52.60,0.9340,-1,-1,-1
313,38,1044.80,373.80,63.00,114.40,1.0000,-1,-1,-1
313,43,1460.30,302.00,105.20,221.60,1.0000,-1,-1,-1
313,44,990.80,362.10,66.30,123.20,1.0000,-1,-1,-1
313,45,1.00,355.10,36.10,119.00,1.0000,-1,-1,-1
313,49,669.10,347.00,26.50,57.80,0.9990,-1,-1,-1
313,57,1114.20,342.30,32.50,69.40,1.0000,-1,-1,-1
313,59,718.60,346.80,22.90,48.70,0.9540,-1,-1,-1
313,30,1139.40,337.70,34.00,72.60,0.0500,-1,-1,-1
313,58,1170.90,345.80,33.80,74.40,0.5630,-1,-1,-1
314,3,892.60,329.20,57.60,165.20,1.0000,-1,-1,-1
314,7,810.40,321.80,64.30,176.30,1.0000,-1,-1,-1
314,21,783.00,350.70,34.30,64.20,0.9880,-1,-1,-1
314,32,1195.40,329.40,59.30,141.80,1.0000,-1,-1,-1
314,36,692.70,349.10,24.70,53.20,0.9430,-1,-1,-1
314,38,1045.00,374.90,62.90,113.50,1.0000,-1,-1,-1
314,43,1461.70,300.10,107.00,224.10,1.0000,-1,-1,-1
314,44,989.80,364.10,66.70,121.10,1.0000,-1,-1,-1
314,45,1.10,363.00,32.20,106.50,0.9440,-1,-1,-1
314,49,668.40,347.80,26.90,57.60,0.9990,-1,-1,-1
314,57,1114.10,343.20,32.20,69.60,1.0000,-1,-1,-1
314,59,720.50,347.90,22.40,49.00,0.9310,-1,-1,-1
314,58,1162.20,341.00,45.30,77.50,0.3230,-1,-1,-1
315,3,893.90,331.80,55.60,160.20,1.0000,-1,-1,-1
315,7,813.10,320.30,63.40,175.40,1.0000,-1,-1,-1
315,21,784.90,348.10,37.00,71.10,0.9370,-1,-1,-1
315,32,1197.40,326.70,57.40,147.50,1.0000,-1,-1,-1
315,38,1045.20,372.50,68.70,115.30,1.0000,-1,-1,-1
315,43,1467.60,303.10,115.00,223.80,1.0000,-1,-1,-1
315,44,993.10,363.40,66.30,119.80,1.0000,-1,-1,-1
315,45,1.00,358.80,31.20,110.00,0.7610,-1,-1,-1
315,49,666.70,348.50,26.80,58.40,1.0000,-1,-1,-1
315,54,700.20,348.50,25.40,52.70,0.9570,-1,-1,-1
315,57,1113.80,344.50,35.20,70.40,1.0000,-1,-1,-1
315,59,726.80,345.80,22.80,50.60,0.6540,-1,-1,-1
315,58,1165.40,341.80,46.30,79.50,0.1120,-1,-1,-1
316,3,892.20,329.70,58.80,168.50,1.0000,-1,-1,-1
316,7,814.30,321.10,63.90,177.70,1.0000,-1,-1,-1
316,21,785.00,350.30,36.60,66.40,0.9740,-1,-1,-1
316,32,1199.80,329.80,57.90,146.60,1.0000,-1,-1,-1
316,38,1044.50,375.80,69.70,114.50,1.0000,-1,-1,-1
316,43,1479.60,303.70,112.30,228.60,1.0000,-1,-1,-1
316,44,996.90,365.40,65.80,118.70,1.0000,-1,-1,-1
316,49,668.80,348.90,26.70,59.30,0.9990,-1,-1,-1
316,54,701.20,347.60,26.50,56.20,0.9370,-1,-1,-1
316,57,1117.60,343.80,33.90,73.10,0.9990,-1,-1,-1
316,58,1163.10,345.10,30.50,69.10,0.9470,-1,-1,-1
316,59,724.20,346.60,23.60,52.60,0.8560,-1,-1,-1
317,3,895.70,334.00,61.20,166.10,1.0000,-1,-1,-1
317,7,817.60,323.20,65.20,179.10,1.0000,-1,-1,-1
317,21,788.30,352.10,36.00,66.50,0.9900,-1,-1,-1
317,32,1203.30,333.30,56.90,144.60,1.0000,-1,-1,-1
317,36,690.50,350.60,25.20,56.50,0.9130,-1,-1,-1
317,38,1048.30,377.20,67.70,116.70,1.0000,-1,-1,-1
317,43,1496.10,301.50,111.50,236.60,1.0000,-1,-1,-1
317,44,1001.90,367.20,65.80,123.20,1.0000,-1,-1,-1
317,49,673.30,349.80,28.20,60.50,0.9990,-1,-1,-1
317,57,1124.10,345.20,32.40,72.60,1.0000,-1,-1,-1
317,58,1168.80,346.50,31.60,68.60,0.9540,-1,-1,-1
317,59,718.00,350.60,23.50,50.00,0.9740,-1,-1,-1
317,60,1184.00,345.70,35.20,91.20,0.0580,-1,-1,-1
318,3,897.50,334.90,61.40,162.50,1.0000,-1,-1,-1
318,7,820.80,322.70,65.80,177.00,1.0000,-1,-1,-1
318,21,790.40,353.60,36.50,63.50,0.9800,-1,-1,-1
318,30,1157.50,342.30,28.30,71.00,0.9040,-1,-1,-1
318,32,1206.90,332.00,56.80,146.30,1.0000,-1,-1,-1
318,36,692.20,350.50,26.00,55.10,0.9390,-1,-1,-1
318,38,1048.60,374.90,69.90,119.90,1.0000,-1,-1,-1
318,43,1513.90,296.20,104.10,245.30,1.0000,-1,-1,-1
318,44,1003.90,362.80,67.90,127.00,1.0000,-1,-1,-1
318,49,674.90,351.40,28.10,57.80,0.9990,-1,-1,-1
318,57,1129.70,344.70,30.80,69.80,1.0000,-1,-1,-1
318,58,1171.30,343.60,33.50,73.70,0.7860,-1,-1,-1
318,59,716.40,350.00,24.60,53.00,0.9750,-1,-1,-1
318,45,1.00,343.00,32.00,132.20,0.0870,-1,-1,-1
319,3,903.00,335.50,60.40,164.60,1.0000,-1,-1,-1
319,7,826.50,322.00,66.00,178.50,1.0000,-1,-1,-1
319,21,795.30,351.70,35.40,67.40,0.9920,-1,-1,-1
319,30,1165.20,345.90,29.30,68.50,0.9460,-1,-1,-1
319,32,1207.30,333.50,57.80,145.40,1.0000,-1,-1,-1
319,36,695.40,348.80,26.60,55.70,0.8660,-1,-1,-1
319,38,1051.20,377.50,71.30,117.60,1.0000,-1,-1,-1
319,43,1525.00,300.30,101.50,243.60,1.0000,-1,-1,-1
319,44,1008.00,368.30,64.20,120.70,1.0000,-1,-1,-1
319,49,678.30,349.30,28.10,59.70,1.0000,-1,-1,-1
319,57,1130.50,344.90,32.70,72.30,1.0000,-1,-1,-1
319,59,721.20,349.60,23.80,51.80,0.9760,-1,-1,-1
320,3,906.90,335.20,61.70,166.70,1.0000,-1,-1,-1
320,7,832.80,322.20,66.30,179.90,1.0000,-1,-1,-1
320,21,798.00,350.40,35.00,69.10,0.9950,-1,-1,-1
320,32,1211.90,334.50,58.60,145.20,1.0000,-1,-1,-1
320,38,1053.10,378.10,70.30,117.00,1.0000,-1,-1,-1
320,43,1538.80,303.60,100.00,238.20,1.0000,-1,-1,-1
320,44,1009.80,368.30,64.70,122.20,1.0000,-1,-1,-1
320,49,683.40,350.20,27.90,58.30,0.9990,-1,-1,-1
320,57,1132.30,343.80,33.10,74.30,1.0000,-1,-1,-1
320,58,1172.00,348.30,29.70,66.70,0.8330,-1,-1,-1
320,59,722.00,350.90,23.70,50.80,0.9700,-1,-1,-1
320,30,1154.80,337.30,24.10,78.10,0.2870,-1,-1,-1
321,3,908.50,335.10,63.00,166.10,1.0000,-1,-1,-1
321,7,835.00,316.80,67.40,184.60,1.0000,-1,-1,-1
321,21,797.60,347.80,37.30,67.30,0.9950,-1,-1,-1
321,32,1217.30,332.60,56.90,144.90,1.0000,-1,-1,-1
321,38,1056.70,374.60,73.80,119.80,1.0000,-1,-1,-1
321,43,1555.50,300.60,100.00,246.70,1.0000,-1,-1,-1
321,44,1014.00,365.80,66.70,121.00,1.0000,-1,-1,-1
321,49,688.40,348.60,27.20,58.90,0.9990,-1,-1,-1
321,57,1137.60,341.90,34.50,74.60,1.0000,-1,-1,-1
321,59,724.40,348.60,24.10,52.30,0.9790,-1,-1,-1
321,58,1166.70,345.90,30.20,70.70,0.4670,-1,-1,-1
322,3,911.30,336.30,63.20,166.90,1.0000,-1,-1,-1
322,7,836.20,318.80,65.90,183.30,1.0000,-1,-1,-1
322,21,803.60,349.50,34.00,64.30,0.9920,-1,-1,-1
322,32,1220.30,331.80,57.30,146.20,1.0000,-1,-1,-1
322,38,1066.10,376.00,67.50,118.80,1.0000,-1,-1,-1
322,43,1562.80,303.00,101.80,249.30,1.0000,-1,-1,-1
322,44,1017.50,365.70,64.50,123.70,1.0000,-1,-1,-1
322,49,691.20,347.00,27.50,59.20,0.9990,-1,-1,-1
322,57,1142.10,343.40,33.10,69.90,1.0000,-1,-1,-1
322,58,1173.20,340.60,32.20,73.20,0.6180,-1,-1,-1
322,59,723.50,348.20,23.70,51.00,0.9700,-1,-1,-1
323,3,917.30,335.10,61.30,163.50,1.0000,-1,-1,-1
323,7,841.10,318.10,65.20,182.50,1.0000,-1,-1,-1
323,21,812.00,348.10,33.30,63.90,0.9890,-1,-1,-1
323,32,1226.40,330.90,55.40,145.00,1.0000,-1,-1,-1
323,38,1070.10,374.30,68.10,118.10,1.0000,-1,-1,-1
323,43,1575.70,300.80,104.00,251.40,1.0000,-1,-1,-1
323,44,1020.80,363.80,68.70,124.10,1.0000,-1,-1,-1
323,45,1.00,357.70,26.90,115.60,0.7590,-1,-1,-1
323,49,695.90,347.30,26.10,57.20,0.9990,-1,-1,-1
323,57,1146.80,341.00,32.90,70.90,1.0000,-1,-1,-1
323,59,726.60,347.20,24.80,52.00,0.9440,-1,-1,-1
323,60,1199.50,345.90,32.50,71.70,0.8790,-1,-1,-1
323,58,1175.20,336.10,30.50,74.30,0.1380,-1,-1,-1
324,3,919.20,333.00,61.80,166.90,1.0000,-1,-1,-1
324,7,843.80,319.30,68.60,180.50,1.0000,-1,-1,-1
324,21,814.50,347.40,35.30,64.10,0.9860,-1,-1,-1
324,32,1230.00,331.40,54.30,142.10,1.0000,-1,-1,-1
324,38,1075.20,374.00,71.10,117.20,1.0000,-1,-1,-1
324,43,1585.10,302.70,102.90,248.40,1.0000,-1,-1,-1
324,44,1024.40,361.80,70.50,127.20,1.0000,-1,-1,-1
324,45,1.00,348.60,28.90,124.60,0.8210,-1,-1,-1
324,49,698.90,345.50,26.60,59.20,1.0000,-1,-1,-1
324,57,1151.60,339.70,33.50,72.90,1.0000,-1,-1,-1
324,59,732.20,345.00,26.20,52.20,0.9530,-1,-1,-1
324,60,1196.80,343.90,29.30,70.30,0.9400,-1,-1,-1
324,-1,755.40,342.00,24.20,52.50,0.9300,-1,-1,-1
325,3,922.10,332.20,61.10,167.80,1.0000,-1,-1,-1
325,7,847.10,319.70,69.00,180.10,1.0000,-1,-1,-1
325,21,814.80,345.80,35.70,66.00,0.9900,-1,-1,-1
325,32,1234.30,330.40,55.00,142.60,1.0000,-1,-1,-1
325,38,1081.50,375.90,69.70,118.30,1.0000,-1,-1,-1
325,43,1596.30,301.50,107.00,252.90,1.0000,-1,-1,-1
325,44,1029.90,363.50,67.00,127.90,1.0000,-1,-1,-1
325,45,1.00,354.10,30.00,117.20,0.9770,-1,-1,-1
325,49,701.60,343.50,27.80,60.90,1.0000,-1,-1,-1
325,57,1155.10,339.10,33.50,74.10,1.0000,-1,-1,-1
325,59,729.40,344.50,26.10,54.30,0.9370,-1,-1,-1
325,60,1200.70,341.60,31.80,72.70,0.9730,-1,-1,-1
325,61,754.60,344.00,22.50,50.80,0.9000,-1,-1,-1
326,3,929.50,332.00,62.10,160.90,1.0000,-1,-1,-1
326,7,859.60,320.00,67.20,175.90,1.0000,-1,-1,-1
326,21,821.00,345.40,33.60,64.30,0.9910,-1,-1,-1
326,32,1241.50,331.20,54.60,143.10,1.0000,-1,-1,-1
326,38,1086.90,377.90,69.80,114.30,1.0000,-1,-1,-1
326,43,1613.30,308.10,106.40,252.90,1.0000,-1,-1,-1
326,44,1037.70,362.90,67.30,127.70,1.0000,-1,-1,-1
326,45,1.00,341.50,36.00,125.00,0.9990,-1,-1,-1
326,49,704.70,343.90,27.90,59.10,0.9980,-1,-1,-1
326,54,720.00,342.50,26.30,54.10,0.9190,-1,-1,-1
326,57,1166.60,341.90,32.60,70.10,1.0000,-1,-1,-1
326,59,737.70,340.50,26.50,55.80,0.9200,-1,-1,-1
326,60,1198.60,344.20,31.00,69.30,0.6560,-1,-1,-1
326,61,753.60,343.80,25.30,49.70,0.9630,-1,-1,-1
