1,-1,1367.70,527.80,24.40,60.70,0.4100,-1,-1,-1
1,-1,1366.40,558.90,30.40,70.80,0.3580,-1,-1,-1
1,-1,1552.30,693.50,102.30,236.30,1.0000,-1,-1,-1
1,-1,1454.30,726.80,88.80,245.60,1.0000,-1,-1,-1
1,-1,1350.20,660.30,81.70,220.30,1.0000,-1,-1,-1
1,-1,1372.60,574.40,52.10,109.60,1.0000,-1,-1,-1
1,-1,1456.40,577.00,43.80,95.40,1.0000,-1,-1,-1
1,-1,1711.00,605.10,51.10,150.00,1.0000,-1,-1,-1
1,-1,1509.80,572.40,44.60,104.80,0.9990,-1,-1,-1
1,-1,1573.20,571.50,32.80,105.70,0.9730,-1,-1,-1
1,-1,1356.50,555.00,23.10,53.80,0.8630,-1,-1,-1
2,0,1549.70,694.70,95.00,239.30,1.0000,-1,-1,-1
2,1,1453.50,734.20,85.20,245.10,1.0000,-1,-1,-1
2,2,1350.00,656.60,77.70,225.90,1.0000,-1,-1,-1
2,3,1371.40,573.80,49.50,108.30,1.0000,-1,-1,-1
2,4,1454.80,576.90,44.70,96.60,1.0000,-1,-1,-1
2,5,1713.40,605.10,54.20,152.10,1.0000,-1,-1,-1
2,6,1511.30,574.60,42.80,103.40,0.9990,-1,-1,-1
2,7,1569.40,572.90,32.70,103.80,0.9590,-1,-1,-1
2,8,1356.10,554.40,23.90,55.30,0.9110,-1,-1,-1
2,-1,1411.20,580.40,40.50,77.60,0.2000,-1,-1,-1
2,-1,1366.00,558.60,33.60,80.70,0.1990,-1,-1,-1
2,-1,1365.50,527.50,25.60,64.30,0.7660,-1,-1,-1
3,0,1551.50,693.40,82.80,238.90,1.0000,-1,-1,-1
3,1,1452.40,731.90,89.60,255.10,1.0000,-1,-1,-1
3,2,1345.30,654.80,81.20,230.20,1.0000,-1,-1,-1
3,3,1370.80,570.70,48.70,111.70,1.0000,-1,-1,-1
3,4,1453.20,575.90,44.60,94.90,1.0000,-1,-1,-1
3,5,1715.40,603.80,59.80,155.00,1.0000,-1,-1,-1
3,6,1509.90,572.60,43.90,102.30,0.9990,-1,-1,-1
3,7,1567.20,572.10,33.80,101.90,0.9550,-1,-1,-1
3,8,1355.70,546.10,23.90,60.50,0.9300,-1,-1,-1
3,9,1369.90,531.10,29.60,65.40,0.6650,-1,-1,-1
4,0,1551.40,694.60,71.10,238.40,1.0000,-1,-1,-1
4,1,1451.50,732.60,87.60,258.50,1.0000,-1,-1,-1
4,2,1339.60,651.00,77.30,235.10,1.0000,-1,-1,-1
4,3,1370.20,568.40,46.60,112.10,1.0000,-1,-1,-1
4,4,1451.80,573.70,43.50,95.60,1.0000,-1,-1,-1
4,5,1716.10,605.30,64.60,150.30,1.0000,-1,-1,-1
4,6,1509.40,572.40,43.40,101.60,0.9980,-1,-1,-1
4,7,1561.80,569.70,33.60,103.80,0.9470,-1,-1,-1
4,8,1355.10,546.00,24.00,58.00,0.9410,-1,-1,-1
4,9,1370.40,535.30,29.00,64.70,0.6610,-1,-1,-1
4,-1,1344.70,524.90,24.10,69.60,0.1370,-1,-1,-1
4,-1,1398.30,572.50,37.50,95.00,0.0590,-1,-1,-1
5,0,1542.60,697.90,70.70,237.90,1.0000,-1,-1,-1
5,1,1450.60,734.00,88.60,264.10,1.0000,-1,-1,-1
5,2,1334.20,648.20,72.10,231.90,1.0000,-1,-1,-1
5,3,1369.80,568.50,48.30,108.20,1.0000,-1,-1,-1
5,4,1449.90,573.90,44.00,95.40,1.0000,-1,-1,-1
5,5,1719.50,601.20,75.70,154.90,1.0000,-1,-1,-1
5,6,1506.90,570.80,43.70,101.90,0.9990,-1,-1,-1
5,7,1560.20,569.40,33.00,102.00,0.9600,-1,-1,-1
5,8,1353.90,543.30,21.80,52.50,0.8920,-1,-1,-1
5,9,1371.50,529.10,25.90,63.80,0.5600,-1,-1,-1
5,-1,1282.40,654.40,51.90,207.80,0.1460,-1,-1,-1
5,-1,1401.60,571.00,36.20,94.50,0.1340,-1,-1,-1
6,0,1527.00,698.30,77.60,238.20,0.9990,-1,-1,-1
6,1,1445.90,729.10,93.30,272.60,1.0000,-1,-1,-1
6,2,1330.60,650.20,65.20,231.20,1.0000,-1,-1,-1
6,3,1367.40,567.40,47.10,108.10,1.0000,-1,-1,-1
6,4,1446.60,573.30,43.60,95.30,1.0000,-1,-1,-1
6,5,1724.40,603.20,75.10,154.20,1.0000,-1,-1,-1
6,6,1505.50,569.50,43.60,104.80,0.9990,-1,-1,-1
6,7,1557.10,570.60,36.10,101.90,0.9770,-1,-1,-1
6,8,1354.00,545.60,22.40,52.30,0.9170,-1,-1,-1
6,9,1371.20,532.70,25.40,63.90,0.4530,-1,-1,-1
6,-1,1415.20,576.00,29.40,86.30,0.3160,-1,-1,-1
6,-1,1279.60,652.30,54.20,216.20,0.2950,-1,-1,-1
7,0,1519.10,692.30,88.80,253.60,1.0000,-1,-1,-1
7,1,1447.00,734.90,85.50,267.50,1.0000,-1,-1,-1
7,2,1326.00,649.10,55.00,220.80,1.0000,-1,-1,-1
7,3,1363.80,566.60,49.60,110.20,1.0000,-1,-1,-1
7,4,1443.80,571.50,44.70,94.60,1.0000,-1,-1,-1
7,5,1728.70,605.50,72.60,154.40,1.0000,-1,-1,-1
7,6,1505.50,567.40,40.30,103.80,0.9970,-1,-1,-1
7,7,1554.00,566.80,36.90,104.30,0.9790,-1,-1,-1
7,8,1353.50,543.00,21.90,54.00,0.9210,-1,-1,-1
7,9,1368.30,532.90,25.90,61.40,0.5110,-1,-1,-1
7,-1,1538.50,567.70,28.50,100.20,0.3690,-1,-1,-1
7,-1,1422.30,576.30,31.00,85.30,0.2920,-1,-1,-1
8,0,1504.70,700.10,100.10,241.40,1.0000,-1,-1,-1
8,1,1442.60,737.00,89.00,274.10,1.0000,-1,-1,-1
8,2,1322.00,647.00,49.90,221.60,0.9990,-1,-1,-1
8,3,1362.30,566.60,49.80,109.40,1.0000,-1,-1,-1
8,4,1439.20,569.30,47.10,97.60,1.0000,-1,-1,-1
8,5,1732.40,604.10,70.20,159.20,1.0000,-1,-1,-1
8,6,1504.80,565.50,42.70,105.40,0.9990,-1,-1,-1
8,7,1553.20,564.60,36.30,104.80,0.9690,-1,-1,-1
8,8,1351.30,543.60,22.00,57.10,0.9400,-1,-1,-1
8,9,1366.90,532.20,24.90,60.60,0.5750,-1,-1,-1
8,-1,1354.90,555.70,33.90,71.90,0.3990,-1,-1,-1
8,-1,1536.50,566.30,29.40,100.00,0.3850,-1,-1,-1
8,-1,1255.30,661.30,69.40,201.60,0.9830,-1,-1,-1
9,0,1494.20,698.30,105.40,255.90,1.0000,-1,-1,-1
9,1,1436.10,739.60,92.10,276.40,1.0000,-1,-1,-1
9,2,1312.60,647.80,53.20,231.10,1.0000,-1,-1,-1
9,3,1354.80,567.10,52.00,105.90,0.9990,-1,-1,-1
9,4,1436.80,569.20,47.10,98.50,1.0000,-1,-1,-1
9,5,1733.90,606.30,68.20,153.50,1.0000,-1,-1,-1
9,6,1504.80,565.20,42.50,105.20,0.9980,-1,-1,-1
9,7,1554.00,563.20,37.40,107.20,0.9760,-1,-1,-1
9,8,1350.40,546.20,23.50,62.50,0.8570,-1,-1,-1
9,10,1260.00,655.30,58.30,212.00,0.8970,-1,-1,-1
9,-1,1539.70,564.90,28.90,102.00,0.4130,-1,-1,-1
10,0,1490.40,703.30,106.30,253.60,0.9990,-1,-1,-1
10,1,1431.40,741.00,95.90,280.50,1.0000,-1,-1,-1
10,2,1308.90,647.90,52.80,233.80,0.9990,-1,-1,-1
10,3,1349.70,567.90,56.10,103.90,0.9990,-1,-1,-1
10,4,1434.10,569.40,46.30,97.90,1.0000,-1,-1,-1
10,5,1733.20,607.50,69.10,155.70,1.0000,-1,-1,-1
10,6,1501.90,565.50,39.00,104.60,0.9940,-1,-1,-1
10,7,1555.20,560.30,39.90,113.10,0.9860,-1,-1,-1
10,10,1257.80,657.50,60.70,211.90,0.9790,-1,-1,-1
10,8,1349.10,546.20,24.00,65.70,0.5860,-1,-1,-1
10,-1,1539.90,565.00,28.10,103.60,0.4970,-1,-1,-1
10,-1,1475.10,570.60,27.20,92.70,0.2950,-1,-1,-1
11,0,1486.50,697.90,105.80,261.20,0.9990,-1,-1,-1
11,1,1430.40,742.50,95.10,285.10,1.0000,-1,-1,-1
11,2,1303.80,649.80,55.60,226.40,0.9980,-1,-1,-1
11,3,1350.70,565.30,54.00,105.80,0.9960,-1,-1,-1
11,4,1430.20,567.20,46.70,100.80,0.9990,-1,-1,-1
11,5,1736.10,603.30,64.60,160.70,1.0000,-1,-1,-1
11,6,1494.60,564.20,36.10,103.00,0.9180,-1,-1,-1
11,7,1556.10,554.30,39.50,115.50,0.9920,-1,-1,-1
11,10,1253.20,651.10,69.70,219.30,0.9670,-1,-1,-1
11,8,1352.20,526.90,26.70,68.90,0.4590,-1,-1,-1
11,-1,1479.20,569.00,27.90,94.60,0.7220,-1,-1,-1
12,0,1480.00,701.50,106.20,272.30,0.9990,-1,-1,-1
12,1,1422.50,744.20,93.30,281.70,1.0000,-1,-1,-1
12,2,1278.40,652.00,69.80,240.60,0.9960,-1,-1,-1
12,3,1353.30,566.70,48.70,104.00,0.9960,-1,-1,-1
12,4,1424.90,567.10,47.90,104.40,1.0000,-1,-1,-1
12,5,1735.60,604.40,65.80,160.00,1.0000,-1,-1,-1
12,6,1493.80,564.80,40.40,105.70,0.9950,-1,-1,-1
12,7,1555.80,555.10,42.80,117.50,0.9950,-1,-1,-1
12,8,1349.70,525.30,25.50,68.00,0.5340,-1,-1,-1
13,0,1467.10,706.70,112.70,257.70,0.9940,-1,-1,-1
13,1,1420.50,746.40,90.80,284.70,1.0000,-1,-1,-1
13,2,1266.10,654.50,75.10,238.10,0.9990,-1,-1,-1
13,3,1354.80,568.80,48.20,104.80,0.9830,-1,-1,-1
13,4,1421.20,566.70,49.70,108.50,0.9990,-1,-1,-1
13,5,1736.30,606.10,64.90,161.40,1.0000,-1,-1,-1
13,6,1490.00,563.10,42.70,109.30,0.9970,-1,-1,-1
13,7,1553.90,557.60,39.30,114.60,0.9940,-1,-1,-1
13,8,1334.50,526.10,23.20,66.90,0.0580,-1,-1,-1
13,-1,1341.20,554.40,29.60,82.50,0.5380,-1,-1,-1
14,0,1471.70,706.90,103.10,258.30,0.7310,-1,-1,-1
14,1,1412.70,747.10,97.80,299.00,1.0000,-1,-1,-1
14,2,1254.40,652.30,78.20,244.30,1.0000,-1,-1,-1
14,3,1358.40,568.60,43.80,109.20,0.9940,-1,-1,-1
14,4,1417.20,565.40,47.10,106.60,1.0000,-1,-1,-1
14,5,1736.40,604.10,63.00,164.10,1.0000,-1,-1,-1
14,6,1489.20,561.90,41.00,110.40,0.9950,-1,-1,-1
14,7,1550.70,557.80,39.00,114.30,0.9950,-1,-1,-1
14,8,1339.00,558.80,30.10,84.50,0.4570,-1,-1,-1
15,0,1471.70,708.40,106.80,253.20,0.7720,-1,-1,-1
15,1,1401.30,747.10,101.90,301.50,1.0000,-1,-1,-1
15,2,1248.00,656.80,78.20,247.70,1.0000,-1,-1,-1
15,3,1356.50,569.50,44.20,114.90,0.9950,-1,-1,-1
15,4,1412.80,568.60,49.90,110.00,1.0000,-1,-1,-1
15,5,1735.60,610.60,65.90,162.70,1.0000,-1,-1,-1
15,6,1476.00,569.90,28.60,102.10,0.8360,-1,-1,-1
15,7,1547.00,560.70,41.80,115.80,0.9990,-1,-1,-1
15,8,1333.70,561.10,30.80,80.30,0.5600,-1,-1,-1
15,-1,1320.70,546.00,22.00,54.00,0.5610,-1,-1,-1
15,-1,1490.20,565.30,33.20,110.20,0.3800,-1,-1,-1
16,0,1463.10,712.10,116.80,246.70,0.9790,-1,-1,-1
16,1,1397.00,752.60,100.00,302.30,1.0000,-1,-1,-1
16,2,1244.30,657.40,76.00,246.10,1.0000,-1,-1,-1
16,3,1353.40,570.00,41.90,111.20,0.9940,-1,-1,-1
16,4,1407.50,568.40,50.30,108.60,1.0000,-1,-1,-1
16,5,1735.50,608.10,71.40,166.60,1.0000,-1,-1,-1
16,6,1475.10,563.10,31.40,114.10,0.8780,-1,-1,-1
16,7,1541.20,555.20,43.60,122.90,0.9990,-1,-1,-1
16,8,1318.50,544.90,23.40,59.70,0.6550,-1,-1,-1
16,-1,1328.30,559.80,33.10,84.90,0.4760,-1,-1,-1
16,-1,1498.30,561.80,28.20,110.50,0.3710,-1,-1,-1
17,0,1463.90,703.50,104.30,255.70,0.9980,-1,-1,-1
17,1,1389.20,767.40,101.40,294.40,1.0000,-1,-1,-1
17,2,1236.70,659.00,76.50,250.50,1.0000,-1,-1,-1
17,3,1348.10,571.50,40.60,113.00,0.9960,-1,-1,-1
17,4,1400.80,567.50,51.30,109.30,1.0000,-1,-1,-1
17,5,1734.50,608.80,74.90,170.00,1.0000,-1,-1,-1
17,6,1469.80,562.80,27.20,113.40,0.8100,-1,-1,-1
17,7,1534.00,559.10,44.60,119.60,0.9990,-1,-1,-1
17,8,1313.30,544.10,24.00,62.00,0.1000,-1,-1,-1
17,10,1196.30,651.20,58.10,240.60,0.1910,-1,-1,-1
17,-1,1516.10,562.30,29.60,111.10,0.2350,-1,-1,-1
17,-1,1324.40,556.90,32.70,88.50,0.0830,-1,-1,-1
18,0,1458.10,707.80,100.00,253.60,0.9970,-1,-1,-1
18,1,1387.70,765.50,97.30,306.30,1.0000,-1,-1,-1
18,2,1227.30,661.80,76.60,249.00,1.0000,-1,-1,-1
18,3,1341.00,570.20,42.60,118.60,0.9990,-1,-1,-1
18,4,1393.90,567.30,52.90,114.30,1.0000,-1,-1,-1
18,5,1733.00,610.50,78.50,169.70,1.0000,-1,-1,-1
18,6,1459.10,568.10,29.20,105.90,0.7870,-1,-1,-1
18,7,1528.40,559.40,43.50,116.30,1.0000,-1,-1,-1
18,8,1314.60,549.50,26.40,62.20,0.2200,-1,-1,-1
18,10,1192.90,654.50,63.30,239.90,0.1310,-1,-1,-1
18,-1,1436.70,569.40,28.80,96.70,0.5040,-1,-1,-1
19,0,1444.70,713.30,95.40,251.30,0.9940,-1,-1,-1
19,1,1376.00,770.00,102.30,309.20,1.0000,-1,-1,-1
19,2,1217.60,663.50,77.00,247.30,1.0000,-1,-1,-1
19,3,1333.50,569.60,44.70,115.60,1.0000,-1,-1,-1
19,4,1386.90,566.20,53.30,114.80,1.0000,-1,-1,-1
19,5,1730.00,612.50,84.80,171.70,1.0000,-1,-1,-1
19,6,1458.60,565.30,30.70,112.30,0.7130,-1,-1,-1
19,7,1525.50,559.10,42.60,117.50,1.0000,-1,-1,-1
19,8,1308.00,556.50,26.70,69.50,0.5010,-1,-1,-1
19,-1,1443.50,568.60,26.80,100.70,0.8770,-1,-1,-1
20,0,1440.50,715.70,87.40,260.40,0.6400,-1,-1,-1
20,1,1366.40,758.80,104.40,322.20,1.0000,-1,-1,-1
20,2,1213.70,661.50,71.70,259.80,1.0000,-1,-1,-1
20,3,1327.60,568.10,42.70,117.80,0.9990,-1,-1,-1
20,4,1380.80,565.30,52.20,115.40,1.0000,-1,-1,-1
20,5,1729.00,611.60,87.30,174.10,1.0000,-1,-1,-1
20,7,1517.30,557.20,43.50,120.20,0.9990,-1,-1,-1
20,10,1168.20,647.60,51.20,245.60,0.9040,-1,-1,-1
20,11,1444.40,567.90,27.60,101.50,0.8920,-1,-1,-1
20,6,1459.40,562.40,31.10,113.30,0.5560,-1,-1,-1
20,8,1299.90,561.20,29.50,68.90,0.3960,-1,-1,-1
20,-1,1290.60,541.80,23.10,56.60,0.5270,-1,-1,-1
21,1,1358.20,775.80,102.90,305.00,1.0000,-1,-1,-1
21,2,1188.60,671.10,55.50,246.80,0.7300,-1,-1,-1
21,3,1316.40,567.60,45.70,116.00,0.9990,-1,-1,-1
21,4,1371.70,566.40,54.10,114.60,1.0000,-1,-1,-1
21,5,1723.70,613.50,90.40,173.00,1.0000,-1,-1,-1
21,7,1512.50,555.70,44.80,122.60,0.9990,-1,-1,-1
21,10,1161.00,654.00,54.40,245.00,0.9930,-1,-1,-1
21,11,1442.90,564.70,25.80,111.60,0.8420,-1,-1,-1
21,6,1469.80,561.30,26.20,110.10,0.3870,-1,-1,-1
21,8,1282.00,534.10,23.50,68.50,0.3510,-1,-1,-1
22,1,1346.70,774.10,104.30,306.90,1.0000,-1,-1,-1
22,2,1180.80,672.20,51.10,247.50,0.6820,-1,-1,-1
22,3,1308.90,568.70,45.30,117.90,0.9990,-1,-1,-1
22,4,1364.60,566.20,53.90,113.90,1.0000,-1,-1,-1
22,5,1720.00,612.90,89.70,177.10,1.0000,-1,-1,-1
22,7,1502.60,558.20,44.60,119.70,0.9990,-1,-1,-1
22,10,1146.00,654.90,58.50,245.00,0.9970,-1,-1,-1
22,11,1436.60,563.10,25.10,110.00,0.7820,-1,-1,-1
22,8,1280.90,546.20,26.80,64.20,0.2580,-1,-1,-1
22,-1,1401.60,563.90,37.70,106.40,0.1090,-1,-1,-1
23,1,1340.20,766.50,107.80,314.50,1.0000,-1,-1,-1
23,2,1171.90,664.70,63.10,268.80,0.9980,-1,-1,-1
23,3,1301.80,567.60,45.40,116.10,1.0000,-1,-1,-1
23,4,1355.00,565.10,54.70,115.90,1.0000,-1,-1,-1
23,5,1718.40,611.70,87.60,177.40,1.0000,-1,-1,-1
23,7,1495.00,555.50,47.00,123.30,1.0000,-1,-1,-1
23,10,1125.00,652.90,61.90,244.60,0.9970,-1,-1,-1
23,11,1415.80,567.50,27.60,101.60,0.8750,-1,-1,-1
23,8,1274.90,550.10,26.00,62.50,0.4010,-1,-1,-1
23,-1,1430.00,561.10,33.40,114.40,0.5530,-1,-1,-1
23,-1,1256.90,533.20,21.20,58.00,0.1500,-1,-1,-1
24,1,1328.40,774.40,112.40,306.60,1.0000,-1,-1,-1
24,2,1160.80,666.10,55.60,267.50,0.9980,-1,-1,-1
24,3,1293.50,567.00,44.70,112.20,0.9990,-1,-1,-1
24,4,1346.10,565.60,53.50,115.60,1.0000,-1,-1,-1
24,5,1717.10,613.10,80.60,174.00,1.0000,-1,-1,-1
24,7,1486.90,555.40,46.00,124.90,1.0000,-1,-1,-1
24,8,1261.20,537.30,28.70,71.70,0.8840,-1,-1,-1
24,10,1107.10,657.40,75.90,246.80,0.9980,-1,-1,-1
24,11,1411.00,567.30,29.00,101.90,0.8290,-1,-1,-1
24,-1,1325.90,572.70,33.00,95.30,0.1490,-1,-1,-1
25,1,1318.10,774.90,117.70,306.10,1.0000,-1,-1,-1
25,2,1144.60,664.70,62.60,276.30,1.0000,-1,-1,-1
25,3,1282.90,569.60,46.20,115.40,1.0000,-1,-1,-1
25,4,1338.30,566.80,55.20,115.70,1.0000,-1,-1,-1
25,5,1711.30,610.50,79.70,179.10,1.0000,-1,-1,-1
25,7,1479.10,554.90,47.60,125.70,1.0000,-1,-1,-1
25,8,1253.70,529.20,26.60,70.50,0.9490,-1,-1,-1
25,10,1085.90,660.10,83.80,253.90,0.9960,-1,-1,-1
25,11,1411.40,565.60,27.30,113.10,0.8280,-1,-1,-1
25,-1,1434.60,561.80,27.20,112.10,0.4640,-1,-1,-1
26,1,1311.00,776.10,116.90,304.90,1.0000,-1,-1,-1
26,2,1131.60,664.50,64.50,277.20,0.9990,-1,-1,-1
26,3,1273.50,567.10,46.10,116.30,1.0000,-1,-1,-1
26,4,1329.10,562.80,55.50,119.50,1.0000,-1,-1,-1
26,5,1708.90,610.70,77.40,178.80,1.0000,-1,-1,-1
26,7,1468.00,556.20,48.00,123.60,1.0000,-1,-1,-1
26,8,1238.30,534.50,27.00,66.90,0.9750,-1,-1,-1
26,10,1070.10,661.50,86.80,253.80,0.9960,-1,-1,-1
26,11,1383.30,565.60,35.30,105.50,0.8960,-1,-1,-1
27,1,1300.70,783.70,114.80,297.30,1.0000,-1,-1,-1
27,2,1113.80,662.60,65.80,275.50,0.9980,-1,-1,-1
27,3,1264.80,562.70,44.20,119.50,1.0000,-1,-1,-1
27,4,1317.90,562.50,55.40,119.90,1.0000,-1,-1,-1
27,5,1706.10,609.30,72.60,179.30,1.0000,-1,-1,-1
27,7,1461.20,554.40,47.40,125.60,1.0000,-1,-1,-1
27,8,1228.80,535.20,29.10,69.40,0.9760,-1,-1,-1
27,10,1054.60,661.30,85.10,259.50,0.9900,-1,-1,-1
27,11,1380.30,564.80,30.40,104.00,0.7910,-1,-1,-1
27,-1,1394.20,561.70,38.20,116.80,0.5520,-1,-1,-1
28,1,1286.60,787.10,116.60,293.90,1.0000,-1,-1,-1
28,2,1096.80,661.50,70.30,285.40,0.9990,-1,-1,-1
28,3,1255.10,566.30,42.90,119.00,1.0000,-1,-1,-1
28,4,1309.70,563.20,55.50,119.80,1.0000,-1,-1,-1
28,5,1704.00,609.50,64.90,184.00,1.0000,-1,-1,-1
28,7,1452.60,556.10,46.00,124.90,1.0000,-1,-1,-1
28,8,1217.30,532.30,30.50,70.40,0.9920,-1,-1,-1
28,10,1036.60,664.90,87.10,259.70,0.9870,-1,-1,-1
28,11,1386.60,565.70,26.80,110.80,0.7540,-1,-1,-1
29,1,1270.70,783.60,122.80,297.40,1.0000,-1,-1,-1
29,2,1060.10,664.10,94.50,289.00,0.9990,-1,-1,-1
29,3,1242.30,566.50,46.00,119.10,1.0000,-1,-1,-1
29,4,1298.60,562.50,55.00,121.40,1.0000,-1,-1,-1
29,5,1695.20,615.00,67.10,177.60,1.0000,-1,-1,-1
29,7,1442.60,555.40,47.40,125.60,1.0000,-1,-1,-1
29,8,1208.20,529.20,30.30,71.00,0.9940,-1,-1,-1
29,11,1365.20,565.10,35.30,110.20,0.8660,-1,-1,-1
29,10,1022.20,659.10,77.10,261.20,0.0510,-1,-1,-1
29,-1,1422.30,560.10,30.50,111.10,0.4070,-1,-1,-1
29,-1,1348.40,567.70,30.00,100.80,0.7360,-1,-1,-1
30,1,1257.90,786.60,120.00,294.40,1.0000,-1,-1,-1
30,2,1040.50,670.40,104.70,283.00,1.0000,-1,-1,-1
30,3,1232.30,565.10,45.40,122.00,1.0000,-1,-1,-1
30,4,1287.60,563.20,53.10,119.10,1.0000,-1,-1,-1
30,5,1690.20,614.90,66.80,181.50,1.0000,-1,-1,-1
30,7,1431.00,553.40,49.60,127.50,1.0000,-1,-1,-1
30,8,1199.50,523.50,31.50,71.30,0.9980,-1,-1,-1
30,11,1367.90,561.50,38.60,118.20,0.7500,-1,-1,-1
31,1,1244.20,793.30,121.70,287.70,1.0000,-1,-1,-1
31,2,1014.30,667.20,112.90,287.90,1.0000,-1,-1,-1
31,3,1218.10,566.90,47.60,120.70,1.0000,-1,-1,-1
31,4,1278.10,561.60,55.30,122.30,1.0000,-1,-1,-1
31,5,1683.60,615.40,70.30,182.20,1.0000,-1,-1,-1
31,7,1421.60,554.00,46.00,128.40,0.9990,-1,-1,-1
31,8,1186.10,527.90,29.30,70.50,0.9990,-1,-1,-1
31,11,1362.50,559.90,34.20,117.40,0.7920,-1,-1,-1
31,-1,1172.20,525.20,23.00,67.70,0.1360,-1,-1,-1
32,1,1231.50,793.10,122.10,287.90,1.0000,-1,-1,-1
32,2,1001.60,675.70,107.50,287.00,1.0000,-1,-1,-1
32,3,1205.50,566.90,47.30,117.20,1.0000,-1,-1,-1
32,4,1266.50,559.80,55.40,122.40,1.0000,-1,-1,-1
32,5,1675.60,612.60,68.70,187.40,0.9990,-1,-1,-1
32,7,1410.90,552.70,47.50,127.80,0.9990,-1,-1,-1
32,8,1179.40,526.80,29.30,68.70,0.9950,-1,-1,-1
32,11,1336.70,561.90,38.00,114.70,0.9200,-1,-1,-1
32,-1,1159.00,527.90,25.60,65.60,0.5780,-1,-1,-1
32,-1,1389.70,558.20,31.60,116.30,0.5040,-1,-1,-1
32,-1,1190.50,544.10,31.50,76.80,0.3040,-1,-1,-1
32,-1,1213.10,531.60,24.90,62.30,0.1820,-1,-1,-1
33,1,1213.20,800.60,123.50,280.40,1.0000,-1,-1,-1
33,2,986.20,672.90,108.30,293.40,1.0000,-1,-1,-1
33,3,1192.40,564.60,44.90,121.10,1.0000,-1,-1,-1
33,4,1253.50,561.60,55.50,123.00,1.0000,-1,-1,-1
33,5,1666.40,614.60,67.50,185.70,1.0000,-1,-1,-1
33,7,1398.80,551.60,48.60,130.10,1.0000,-1,-1,-1
33,8,1164.50,522.80,31.00,73.70,0.9980,-1,-1,-1
33,11,1334.70,558.50,41.80,123.90,0.9410,-1,-1,-1
33,-1,1221.40,568.10,34.00,102.70,0.0900,-1,-1,-1
33,-1,1175.90,547.80,34.90,84.90,0.0890,-1,-1,-1
34,1,1192.70,808.10,124.50,272.90,1.0000,-1,-1,-1
34,2,966.00,679.80,112.30,289.60,1.0000,-1,-1,-1
34,3,1178.00,568.30,49.50,117.40,1.0000,-1,-1,-1
34,4,1241.40,562.30,53.10,122.40,1.0000,-1,-1,-1
34,5,1657.10,607.50,72.60,194.70,0.9980,-1,-1,-1
34,7,1388.60,552.80,46.60,129.60,0.9990,-1,-1,-1
34,8,1152.70,523.80,29.80,70.60,0.9990,-1,-1,-1
34,11,1317.00,559.90,40.70,119.00,0.9020,-1,-1,-1
34,-1,1170.70,522.30,26.70,63.00,0.4090,-1,-1,-1
34,-1,1286.70,564.90,29.90,107.20,0.2050,-1,-1,-1
34,-1,1718.20,616.00,57.50,155.00,0.9420,-1,-1,-1
34,-1,1136.70,519.60,24.90,70.00,0.8510,-1,-1,-1
35,1,1176.90,813.00,125.50,268.00,1.0000,-1,-1,-1
35,2,946.80,679.90,113.70,290.90,1.0000,-1,-1,-1
35,3,1166.10,566.40,44.70,117.50,1.0000,-1,-1,-1
35,4,1229.90,561.40,53.00,123.40,1.0000,-1,-1,-1
35,7,1374.00,552.60,47.10,130.60,0.9990,-1,-1,-1
35,8,1139.80,524.90,29.40,68.00,0.9940,-1,-1,-1
35,11,1304.80,560.50,42.40,121.20,0.9540,-1,-1,-1
35,12,1700.00,615.80,69.00,162.10,0.9100,-1,-1,-1
35,13,1118.70,522.20,25.90,69.50,0.8400,-1,-1,-1
35,-1,1099.80,523.00,23.30,74.20,0.5150,-1,-1,-1
35,-1,1189.50,533.90,24.40,60.40,0.0630,-1,-1,-1
36,1,1157.80,815.70,122.30,265.30,1.0000,-1,-1,-1
36,2,922.90,681.30,120.50,294.00,1.0000,-1,-1,-1
36,3,1152.60,566.90,46.70,116.90,1.0000,-1,-1,-1
36,4,1213.90,561.90,54.60,122.30,1.0000,-1,-1,-1
36,7,1363.30,551.60,46.90,129.20,0.9990,-1,-1,-1
36,8,1130.10,522.10,29.10,69.90,0.9980,-1,-1,-1
36,11,1297.10,557.20,43.60,121.70,0.9890,-1,-1,-1
36,12,1694.90,616.80,61.80,161.50,0.9980,-1,-1,-1
36,13,1090.40,523.30,26.40,66.40,0.8740,-1,-1,-1
36,-1,1076.30,529.40,24.40,66.60,0.3700,-1,-1,-1
36,-1,1883.50,585.90,37.50,177.00,0.7290,-1,-1,-1
37,1,1136.00,815.40,122.50,265.60,1.0000,-1,-1,-1
37,2,896.30,678.60,122.90,307.30,1.0000,-1,-1,-1
37,3,1137.00,565.20,45.50,117.40,1.0000,-1,-1,-1
37,4,1200.30,559.50,53.90,124.00,1.0000,-1,-1,-1
37,7,1350.60,550.60,44.90,130.90,0.9980,-1,-1,-1
37,8,1114.70,522.70,30.40,71.30,0.9960,-1,-1,-1
37,11,1278.90,558.00,46.80,122.40,0.9980,-1,-1,-1
37,12,1689.70,613.10,58.40,166.80,1.0000,-1,-1,-1
37,13,1083.90,519.10,24.10,65.60,0.8580,-1,-1,-1
37,14,1873.90,588.70,47.10,186.10,0.9960,-1,-1,-1
37,5,1626.50,610.20,64.80,187.10,0.0930,-1,-1,-1
37,-1,1061.00,522.00,25.60,71.10,0.4730,-1,-1,-1
37,-1,1125.80,538.40,33.30,89.60,0.3380,-1,-1,-1
37,-1,1155.20,535.10,24.60,62.00,0.1420,-1,-1,-1
37,-1,1097.30,518.30,26.00,69.50,0.8620,-1,-1,-1
37,-1,1322.00,558.40,27.60,114.50,0.7530,-1,-1,-1
38,1,1111.30,816.80,129.00,264.20,0.9990,-1,-1,-1
38,2,867.60,679.50,122.20,299.90,1.0000,-1,-1,-1
38,3,1122.70,565.00,45.80,119.20,1.0000,-1,-1,-1
38,4,1184.40,560.80,52.90,121.40,1.0000,-1,-1,-1
38,7,1336.30,551.10,46.10,128.50,0.9990,-1,-1,-1
38,8,1100.90,523.30,31.90,73.60,0.9980,-1,-1,-1
38,11,1270.40,557.80,46.00,124.10,0.9930,-1,-1,-1
38,12,1673.30,614.10,63.70,167.30,1.0000,-1,-1,-1
38,13,1069.80,518.10,23.80,66.10,0.8430,-1,-1,-1
38,14,1861.50,592.20,59.50,187.20,1.0000,-1,-1,-1
38,5,1604.80,613.70,66.60,171.10,0.5450,-1,-1,-1
39,1,1086.00,820.20,133.20,260.80,1.0000,-1,-1,-1
39,2,837.00,684.50,124.40,301.80,1.0000,-1,-1,-1
39,3,1106.80,564.40,44.80,119.10,1.0000,-1,-1,-1
39,4,1168.00,557.30,52.40,127.50,1.0000,-1,-1,-1
39,7,1322.50,550.60,45.00,131.20,0.9990,-1,-1,-1
39,8,1088.30,524.00,29.60,72.60,0.9950,-1,-1,-1
39,11,1252.90,557.10,45.90,122.00,0.9990,-1,-1,-1
39,12,1664.30,613.30,62.20,169.80,1.0000,-1,-1,-1
39,13,1040.90,514.20,24.60,71.40,0.8070,-1,-1,-1
39,14,1845.10,589.10,68.40,192.70,1.0000,-1,-1,-1
39,5,1600.50,621.50,60.40,167.10,0.0680,-1,-1,-1
39,-1,1124.10,535.20,24.40,61.00,0.2320,-1,-1,-1
39,-1,1070.60,518.60,26.90,69.10,0.9490,-1,-1,-1
40,1,1063.20,826.70,130.30,254.30,0.9990,-1,-1,-1
40,2,808.30,676.90,110.60,309.20,1.0000,-1,-1,-1
40,3,1093.20,562.10,44.90,120.00,1.0000,-1,-1,-1
40,4,1153.00,554.10,53.90,127.70,1.0000,-1,-1,-1
40,7,1305.30,548.50,45.40,131.70,0.9990,-1,-1,-1
40,8,1073.90,520.10,33.30,73.90,0.9930,-1,-1,-1
40,11,1240.80,554.50,46.10,125.50,0.9970,-1,-1,-1
40,12,1651.90,612.10,66.90,170.40,0.9990,-1,-1,-1
40,13,1028.50,514.10,25.60,69.50,0.8780,-1,-1,-1
40,14,1831.90,587.20,65.80,193.80,1.0000,-1,-1,-1
40,15,1057.50,514.30,32.30,77.30,0.6380,-1,-1,-1
40,-1,1011.00,516.40,26.60,71.90,0.1440,-1,-1,-1
41,1,1042.00,820.20,128.00,260.80,0.9970,-1,-1,-1
41,2,776.80,679.20,117.40,308.70,1.0000,-1,-1,-1
41,3,1076.30,562.10,45.40,115.70,1.0000,-1,-1,-1
41,4,1137.90,553.20,52.60,128.10,1.0000,-1,-1,-1
41,7,1290.70,549.40,43.10,132.00,0.9990,-1,-1,-1
41,8,1060.90,521.50,29.20,72.70,0.9960,-1,-1,-1
41,11,1224.10,556.00,45.50,124.70,0.9990,-1,-1,-1
41,12,1639.90,616.80,68.10,166.90,1.0000,-1,-1,-1
41,13,1020.00,514.00,25.00,65.50,0.8450,-1,-1,-1
41,14,1817.10,584.00,65.70,197.60,1.0000,-1,-1,-1
41,15,1042.60,517.70,32.20,77.80,0.1220,-1,-1,-1
41,-1,1093.00,534.90,24.80,63.10,0.1190,-1,-1,-1
41,-1,994.10,514.50,25.90,70.00,0.9140,-1,-1,-1
41,-1,1257.70,556.50,31.30,119.10,0.7680,-1,-1,-1
42,1,1016.10,817.30,131.80,263.70,0.9940,-1,-1,-1
42,2,750.60,679.10,120.60,311.20,1.0000,-1,-1,-1
42,3,1060.60,561.70,44.10,118.90,1.0000,-1,-1,-1
42,4,1123.20,554.10,52.40,126.10,1.0000,-1,-1,-1
42,7,1279.20,547.30,45.20,130.10,0.9980,-1,-1,-1
42,8,1060.40,515.80,27.20,58.90,0.6180,-1,-1,-1
42,11,1214.70,555.20,44.00,124.90,0.9950,-1,-1,-1
42,12,1627.90,611.20,72.00,173.60,1.0000,-1,-1,-1
42,13,1017.80,517.40,26.20,66.30,0.7840,-1,-1,-1
42,14,1801.30,589.60,65.80,191.20,1.0000,-1,-1,-1
42,15,1042.20,522.10,30.00,66.00,0.9940,-1,-1,-1
42,16,977.90,511.00,24.90,69.60,0.9910,-1,-1,-1
42,-1,990.80,508.30,27.30,75.40,0.0960,-1,-1,-1
43,1,996.70,831.70,129.00,249.30,0.9950,-1,-1,-1
43,2,720.20,681.60,126.10,313.90,1.0000,-1,-1,-1
43,3,1043.10,556.30,47.00,122.20,1.0000,-1,-1,-1
43,4,1108.20,551.60,51.10,125.80,1.0000,-1,-1,-1
43,7,1264.30,544.60,46.70,132.90,0.9980,-1,-1,-1
43,11,1195.70,553.60,44.50,125.90,0.9970,-1,-1,-1
43,12,1613.80,608.30,74.80,176.70,1.0000,-1,-1,-1
43,14,1786.30,582.70,67.40,198.80,1.0000,-1,-1,-1
43,15,1028.10,519.00,29.00,65.50,0.9820,-1,-1,-1
43,16,970.90,509.60,25.50,68.50,0.9770,-1,-1,-1
43,8,1059.10,540.60,27.00,76.50,0.1080,-1,-1,-1
43,-1,1239.20,552.00,36.10,128.40,0.3720,-1,-1,-1
44,1,962.50,830.00,134.20,251.00,0.9550,-1,-1,-1
44,2,689.50,684.00,129.80,315.70,1.0000,-1,-1,-1
44,3,1029.70,557.80,44.40,123.60,1.0000,-1,-1,-1
44,4,1092.60,552.80,52.10,124.50,1.0000,-1,-1,-1
44,7,1249.20,543.00,49.00,133.10,0.9990,-1,-1,-1
44,11,1184.80,552.20,44.60,128.90,0.9950,-1,-1,-1
44,12,1598.50,606.40,78.50,178.60,1.0000,-1,-1,-1
44,13,990.40,511.00,24.50,65.00,0.9270,-1,-1,-1
44,14,1771.30,587.00,64.10,193.30,1.0000,-1,-1,-1
44,15,1026.20,526.10,27.60,61.90,0.6870,-1,-1,-1
44,16,949.50,506.60,26.30,67.70,0.9950,-1,-1,-1
44,-1,1007.40,513.40,27.10,69.70,0.9810,-1,-1,-1
45,1,938.00,831.90,126.10,249.10,0.8950,-1,-1,-1
45,2,656.50,690.40,136.50,314.40,1.0000,-1,-1,-1
45,3,1010.10,557.40,46.60,122.40,1.0000,-1,-1,-1
45,4,1074.50,554.70,52.90,123.50,1.0000,-1,-1,-1
45,7,1233.30,543.00,47.60,133.20,0.9990,-1,-1,-1
45,11,1166.10,554.60,44.70,125.90,0.9960,-1,-1,-1
45,12,1587.60,608.10,76.70,177.30,1.0000,-1,-1,-1
45,13,990.90,518.80,25.30,60.90,0.9230,-1,-1,-1
45,14,1753.50,585.80,67.00,197.90,1.0000,-1,-1,-1
45,16,929.80,506.10,27.00,71.70,0.9990,-1,-1,-1
45,17,1006.40,512.80,24.30,55.00,0.7730,-1,-1,-1
45,-1,1197.70,551.70,38.20,124.50,0.4730,-1,-1,-1
45,-1,971.10,506.70,34.10,79.50,0.2440,-1,-1,-1
46,1,909.60,840.00,124.00,241.00,0.6830,-1,-1,-1
46,2,626.50,688.80,138.70,318.00,1.0000,-1,-1,-1
46,3,994.70,557.60,46.30,118.10,1.0000,-1,-1,-1
46,4,1056.10,551.10,54.70,125.40,1.0000,-1,-1,-1
46,7,1214.40,543.20,50.40,131.40,0.9990,-1,-1,-1
46,11,1151.30,550.90,44.30,130.60,0.9950,-1,-1,-1
46,12,1570.40,609.00,77.90,176.50,1.0000,-1,-1,-1
46,13,974.10,513.30,25.00,61.30,0.9800,-1,-1,-1
46,14,1737.30,585.70,66.50,196.60,1.0000,-1,-1,-1
46,16,913.50,505.20,27.10,74.00,0.9980,-1,-1,-1
46,15,997.80,531.40,28.50,62.90,0.1620,-1,-1,-1
46,-1,958.90,510.30,24.40,64.80,0.9120,-1,-1,-1
47,2,592.10,692.50,144.00,320.00,1.0000,-1,-1,-1
47,3,973.80,555.90,45.30,120.70,1.0000,-1,-1,-1
47,4,1037.70,550.30,54.30,127.50,1.0000,-1,-1,-1
47,7,1198.50,541.50,47.10,133.00,0.9980,-1,-1,-1
47,11,1134.80,551.00,43.60,129.30,0.9950,-1,-1,-1
47,12,1555.10,611.40,75.80,180.20,1.0000,-1,-1,-1
47,14,1717.50,583.50,65.20,200.10,1.0000,-1,-1,-1
47,16,897.70,507.10,27.40,68.90,0.9980,-1,-1,-1
47,18,947.80,514.70,24.20,57.80,0.9300,-1,-1,-1
47,1,885.40,841.30,120.40,239.70,0.5150,-1,-1,-1
47,8,1013.60,548.90,31.80,84.50,0.5200,-1,-1,-1
47,13,975.70,508.70,21.30,52.00,0.3700,-1,-1,-1
47,-1,913.20,507.70,25.20,69.30,0.4210,-1,-1,-1
47,-1,927.90,504.50,29.80,78.10,0.0630,-1,-1,-1
47,-1,816.50,803.90,106.00,277.10,0.0590,-1,-1,-1
47,-1,1170.30,550.10,31.00,126.80,0.8330,-1,-1,-1
48,2,557.90,692.10,148.30,324.80,1.0000,-1,-1,-1
48,3,956.20,552.80,43.90,120.50,1.0000,-1,-1,-1
48,4,1017.00,550.40,54.80,127.20,1.0000,-1,-1,-1
48,5,1478.50,626.10,84.50,200.90,1.0000,-1,-1,-1
48,7,1179.80,544.10,46.50,128.40,0.9990,-1,-1,-1
48,11,1112.60,551.50,41.40,128.30,0.9980,-1,-1,-1
48,12,1537.10,609.70,70.40,177.60,1.0000,-1,-1,-1
48,14,1695.70,581.70,66.90,205.30,1.0000,-1,-1,-1
48,16,877.90,505.70,26.90,70.00,0.9990,-1,-1,-1
48,18,927.90,511.50,25.30,64.10,0.9570,-1,-1,-1
48,1,857.20,840.90,116.70,240.10,0.1240,-1,-1,-1
48,-1,1083.10,554.60,27.40,97.00,0.1250,-1,-1,-1
48,-1,865.60,503.50,24.50,61.10,0.1030,-1,-1,-1
49,2,524.40,699.60,155.20,325.10,1.0000,-1,-1,-1
49,3,936.80,554.00,42.30,118.40,1.0000,-1,-1,-1
49,4,996.50,550.60,55.40,128.10,1.0000,-1,-1,-1
49,5,1458.80,620.40,88.40,205.60,1.0000,-1,-1,-1
49,7,1161.90,543.20,46.60,127.40,0.9990,-1,-1,-1
49,11,1093.30,549.60,44.10,132.00,0.9980,-1,-1,-1
49,12,1517.50,609.30,74.10,173.20,1.0000,-1,-1,-1
49,14,1674.10,583.20,67.70,199.70,1.0000,-1,-1,-1
49,16,859.20,504.60,28.10,69.30,0.9970,-1,-1,-1
49,18,912.20,510.70,25.00,66.70,0.9790,-1,-1,-1
49,1,743.30,802.40,118.10,278.60,0.2880,-1,-1,-1
49,13,941.10,528.60,28.00,71.80,0.0990,-1,-1,-1
49,-1,886.60,507.30,25.30,66.60,0.8980,-1,-1,-1
49,-1,1136.20,550.90,29.20,121.90,0.7750,-1,-1,-1
50,2,496.30,702.20,147.60,325.50,1.0000,-1,-1,-1
50,3,915.70,548.30,41.80,123.10,1.0000,-1,-1,-1
50,4,976.00,550.00,58.90,125.80,1.0000,-1,-1,-1
50,5,1443.50,624.80,87.20,205.80,1.0000,-1,-1,-1
50,7,1144.10,541.80,45.50,130.40,0.9990,-1,-1,-1
50,11,1075.40,550.20,42.50,131.60,0.9990,-1,-1,-1
50,12,1502.00,608.20,72.70,174.80,1.0000,-1,-1,-1
50,14,1657.10,583.20,66.10,197.90,1.0000,-1,-1,-1
50,16,845.00,507.20,26.20,65.20,0.9970,-1,-1,-1
50,19,883.00,509.20,25.00,64.00,0.8750,-1,-1,-1
50,1,699.70,812.10,126.60,268.90,0.1710,-1,-1,-1
50,18,908.80,509.50,23.40,61.70,0.2420,-1,-1,-1
50,-1,798.40,867.80,117.10,213.20,0.1820,-1,-1,-1
50,-1,831.20,505.50,24.00,52.00,0.0500,-1,-1,-1
50,-1,1104.90,549.50,32.70,127.40,0.8260,-1,-1,-1
51,2,459.10,710.10,155.80,327.30,1.0000,-1,-1,-1
51,3,896.10,551.80,42.90,120.60,1.0000,-1,-1,-1
51,4,956.50,548.50,59.80,130.00,1.0000,-1,-1,-1
51,5,1424.50,626.40,88.40,206.30,1.0000,-1,-1,-1
51,7,1123.60,542.70,46.60,130.20,0.9990,-1,-1,-1
51,11,1059.40,550.40,39.40,133.50,0.9960,-1,-1,-1
51,12,1482.40,607.70,81.00,185.30,1.0000,-1,-1,-1
51,14,1634.10,583.60,69.70,199.60,1.0000,-1,-1,-1
51,16,825.20,504.40,28.10,73.50,0.9990,-1,-1,-1
51,19,882.10,511.70,24.90,63.30,0.9030,-1,-1,-1
51,-1,1034.30,555.80,29.90,105.60,0.3300,-1,-1,-1
51,-1,1006.40,549.60,30.40,106.00,0.2230,-1,-1,-1
51,-1,863.90,510.90,24.80,63.20,0.8880,-1,-1,-1
52,2,424.40,717.20,147.90,326.00,1.0000,-1,-1,-1
52,3,873.00,551.70,44.90,125.30,1.0000,-1,-1,-1
52,4,936.10,549.90,59.60,128.00,1.0000,-1,-1,-1
52,5,1404.60,629.70,89.50,204.80,1.0000,-1,-1,-1
52,7,1108.90,545.50,45.40,127.10,0.9990,-1,-1,-1
52,11,1039.80,553.70,41.10,134.30,0.9790,-1,-1,-1
52,12,1463.70,608.70,81.10,193.60,1.0000,-1,-1,-1
52,14,1610.40,585.70,73.30,201.20,1.0000,-1,-1,-1
52,16,801.30,505.10,27.30,63.80,0.9930,-1,-1,-1
52,18,866.70,521.30,28.50,67.30,0.6060,-1,-1,-1
52,20,856.10,514.30,24.90,61.90,0.8930,-1,-1,-1
52,1,641.60,831.50,118.70,249.50,0.0570,-1,-1,-1
52,19,879.00,509.70,24.50,57.60,0.0630,-1,-1,-1
52,-1,839.60,508.90,25.60,74.20,0.0780,-1,-1,-1
52,-1,1071.50,554.30,32.20,127.60,0.9270,-1,-1,-1
53,2,387.30,716.00,133.60,332.30,1.0000,-1,-1,-1
53,3,852.80,558.80,42.60,117.00,1.0000,-1,-1,-1
53,4,915.30,551.30,57.40,126.60,1.0000,-1,-1,-1
53,5,1387.00,636.10,87.00,200.00,1.0000,-1,-1,-1
53,7,1089.30,549.60,44.70,124.30,0.9950,-1,-1,-1
53,11,1013.60,557.70,40.10,131.70,0.9800,-1,-1,-1
53,12,1448.60,613.60,80.20,188.30,1.0000,-1,-1,-1
53,14,1588.60,589.50,73.00,200.90,1.0000,-1,-1,-1
53,16,784.20,507.40,25.90,62.40,0.9990,-1,-1,-1
53,18,849.90,522.40,26.20,61.90,0.8600,-1,-1,-1
53,20,835.70,515.00,25.30,61.40,0.9420,-1,-1,-1
53,21,1057.00,553.20,40.00,135.90,0.9760,-1,-1,-1
53,13,883.10,557.40,32.40,107.60,0.1400,-1,-1,-1
53,-1,817.00,505.10,31.10,79.00,0.0560,-1,-1,-1
54,2,352.10,723.90,125.80,333.40,1.0000,-1,-1,-1
54,3,834.10,560.20,41.10,119.30,1.0000,-1,-1,-1
54,4,893.40,556.80,57.70,124.10,1.0000,-1,-1,-1
54,5,1370.50,636.30,89.60,206.40,1.0000,-1,-1,-1
54,7,1069.80,550.70,45.70,126.00,0.9990,-1,-1,-1
54,11,979.30,563.10,33.20,118.30,0.9850,-1,-1,-1
54,12,1430.30,615.20,86.00,187.20,1.0000,-1,-1,-1
54,14,1561.70,587.40,76.60,206.90,1.0000,-1,-1,-1
54,16,764.10,508.10,28.40,61.90,0.9970,-1,-1,-1
54,20,823.90,517.20,27.10,63.30,0.9830,-1,-1,-1
54,21,1027.30,557.20,43.60,135.20,0.9950,-1,-1,-1
54,18,851.10,532.70,25.80,66.90,0.3460,-1,-1,-1
54,-1,798.50,512.00,24.60,59.30,0.8140,-1,-1,-1
55,2,312.30,727.10,114.20,336.20,1.0000,-1,-1,-1
55,3,810.50,563.70,44.60,116.40,1.0000,-1,-1,-1
55,4,868.90,558.00,62.40,120.40,1.0000,-1,-1,-1
55,5,1352.30,646.30,85.00,202.40,1.0000,-1,-1,-1
55,7,1049.40,553.80,47.60,125.90,0.9990,-1,-1,-1
55,11,978.90,562.70,38.80,139.90,0.9940,-1,-1,-1
55,12,1419.40,620.20,79.10,186.30,1.0000,-1,-1,-1
55,14,1540.80,593.70,78.20,204.60,1.0000,-1,-1,-1
55,16,748.10,507.90,28.90,63.90,0.9960,-1,-1,-1
55,20,818.90,525.50,27.90,61.70,0.8520,-1,-1,-1
55,21,1010.40,560.90,35.40,136.90,0.9110,-1,-1,-1
55,22,795.20,515.80,28.30,62.40,0.9640,-1,-1,-1
55,-1,769.40,508.40,28.00,72.70,0.3230,-1,-1,-1
56,2,263.60,728.20,109.80,342.70,1.0000,-1,-1,-1
56,3,788.50,564.00,45.50,117.20,1.0000,-1,-1,-1
56,4,847.10,557.20,62.50,121.20,1.0000,-1,-1,-1
56,5,1331.90,645.80,90.10,210.50,1.0000,-1,-1,-1
56,7,1025.60,552.70,50.00,132.00,1.0000,-1,-1,-1
56,11,958.10,561.60,42.60,145.20,0.9960,-1,-1,-1
56,12,1402.30,621.10,86.90,188.90,1.0000,-1,-1,-1
56,14,1515.10,594.00,84.00,206.00,1.0000,-1,-1,-1
56,16,729.80,509.70,27.40,65.60,0.9920,-1,-1,-1
56,22,787.70,513.80,30.80,65.50,0.9750,-1,-1,-1
56,18,813.60,535.50,26.70,61.70,0.0520,-1,-1,-1
56,-1,772.10,512.70,28.90,63.30,0.9350,-1,-1,-1
57,2,216.70,727.00,101.00,354.00,1.0000,-1,-1,-1
57,3,766.30,564.40,44.10,121.30,1.0000,-1,-1,-1
57,4,827.60,557.50,56.50,124.60,1.0000,-1,-1,-1
57,5,1314.80,652.70,92.20,205.70,1.0000,-1,-1,-1
57,7,1005.50,555.60,47.80,129.80,0.9990,-1,-1,-1
57,8,910.00,573.70,27.90,111.30,0.6850,-1,-1,-1
57,11,935.40,566.70,42.70,146.00,0.9930,-1,-1,-1
57,12,1382.20,629.10,89.10,183.70,1.0000,-1,-1,-1
57,14,1493.20,596.40,78.30,207.30,1.0000,-1,-1,-1
57,16,712.30,509.50,27.80,64.60,0.9930,-1,-1,-1
57,21,983.50,565.50,38.00,133.00,0.8870,-1,-1,-1
57,23,766.70,520.00,27.30,63.60,0.9410,-1,-1,-1
57,22,784.40,529.60,28.30,65.30,0.4160,-1,-1,-1
57,-1,743.00,505.30,39.50,77.50,0.1080,-1,-1,-1
57,-1,728.80,511.20,27.00,64.90,0.8340,-1,-1,-1
58,2,159.40,728.00,103.60,352.20,1.0000,-1,-1,-1
58,3,743.40,564.60,45.40,117.50,1.0000,-1,-1,-1
58,4,804.90,558.60,58.20,124.90,1.0000,-1,-1,-1
58,5,1297.00,655.60,90.60,203.70,1.0000,-1,-1,-1
58,7,985.20,554.80,49.40,131.30,1.0000,-1,-1,-1
58,11,909.80,566.20,41.20,143.00,0.9980,-1,-1,-1
58,12,1358.20,625.90,102.50,189.20,1.0000,-1,-1,-1
58,14,1469.60,598.10,79.10,205.80,1.0000,-1,-1,-1
58,16,690.60,510.10,27.90,62.30,0.9940,-1,-1,-1
58,21,954.80,566.70,35.20,131.80,0.9320,-1,-1,-1
58,23,747.70,519.40,27.80,64.00,0.9330,-1,-1,-1
58,15,860.10,571.80,29.60,93.80,0.2150,-1,-1,-1
58,-1,473.80,953.20,70.10,127.80,0.0540,-1,-1,-1
59,2,114.90,738.40,103.00,342.60,1.0000,-1,-1,-1
59,3,717.90,566.60,47.00,119.80,1.0000,-1,-1,-1
59,4,778.00,560.30,58.60,123.80,1.0000,-1,-1,-1
59,5,1271.20,659.20,93.40,207.90,1.0000,-1,-1,-1
59,7,963.90,558.40,50.10,134.50,1.0000,-1,-1,-1
59,11,891.70,564.10,40.70,147.20,0.9920,-1,-1,-1
59,12,1338.60,627.10,103.40,192.70,1.0000,-1,-1,-1
59,14,1449.00,601.50,77.60,207.30,1.0000,-1,-1,-1
59,16,672.20,509.90,29.40,64.80,0.9980,-1,-1,-1
59,21,914.00,565.70,39.30,143.00,0.9240,-1,-1,-1
59,23,725.00,517.50,29.20,66.10,0.9420,-1,-1,-1
59,-1,698.20,511.20,28.00,62.70,0.8250,-1,-1,-1
60,2,59.90,737.70,112.70,343.30,1.0000,-1,-1,-1
60,3,695.50,565.80,46.90,120.10,1.0000,-1,-1,-1
60,4,762.20,560.10,52.50,121.70,1.0000,-1,-1,-1
60,5,1251.30,652.20,87.20,217.60,1.0000,-1,-1,-1
60,7,940.40,555.50,51.00,138.40,0.9990,-1,-1,-1
60,11,863.50,565.90,42.20,140.40,0.9910,-1,-1,-1
60,12,1320.90,625.20,98.20,194.80,1.0000,-1,-1,-1
60,14,1425.10,604.30,76.60,202.70,1.0000,-1,-1,-1
60,16,653.00,510.90,27.80,67.10,0.9990,-1,-1,-1
60,21,905.70,567.20,40.10,132.90,0.9600,-1,-1,-1
60,24,697.10,514.20,29.50,62.90,0.9380,-1,-1,-1
60,23,717.70,530.70,27.80,63.10,0.2850,-1,-1,-1
60,-1,669.30,512.60,30.10,73.80,0.0620,-1,-1,-1
61,2,13.50,737.20,117.80,343.80,1.0000,-1,-1,-1
61,3,672.00,565.90,51.10,122.60,1.0000,-1,-1,-1
61,4,742.40,561.10,47.30,122.70,1.0000,-1,-1,-1
61,5,1225.00,648.70,94.30,225.60,1.0000,-1,-1,-1
61,7,922.70,559.60,48.30,136.20,0.9990,-1,-1,-1
61,11,849.80,567.10,39.80,146.30,0.9940,-1,-1,-1
61,12,1296.40,632.40,101.60,195.70,1.0000,-1,-1,-1
61,14,1402.10,607.60,76.80,202.60,1.0000,-1,-1,-1
61,16,635.30,509.30,26.50,69.70,0.9980,-1,-1,-1
61,21,892.30,568.40,38.60,139.30,0.9490,-1,-1,-1
61,24,691.50,522.90,27.20,61.90,0.8280,-1,-1,-1
61,15,813.20,576.80,24.70,99.50,0.0860,-1,-1,-1
61,-1,677.70,522.20,24.90,60.20,0.8340,-1,-1,-1
62,2,1.00,743.60,87.90,337.40,1.0000,-1,-1,-1
62,3,650.60,565.70,48.30,123.60,1.0000,-1,-1,-1
62,4,716.50,560.40,46.30,122.20,1.0000,-1,-1,-1
62,5,1202.00,646.40,94.70,232.40,1.0000,-1,-1,-1
62,7,900.90,558.60,51.90,134.40,1.0000,-1,-1,-1
62,11,824.70,564.70,40.80,146.10,0.9970,-1,-1,-1
62,12,1277.90,631.40,97.10,196.00,1.0000,-1,-1,-1
62,14,1378.20,605.40,81.80,205.30,1.0000,-1,-1,-1
62,16,613.60,511.90,27.20,67.20,0.9990,-1,-1,-1
62,21,865.30,569.80,41.40,139.20,0.9690,-1,-1,-1
62,25,666.90,521.40,28.70,65.50,0.8810,-1,-1,-1
63,3,626.80,567.10,48.00,125.90,1.0000,-1,-1,-1
63,4,693.10,563.40,46.60,123.00,1.0000,-1,-1,-1
63,5,1176.10,658.90,95.50,227.10,1.0000,-1,-1,-1
63,7,879.30,558.90,50.70,137.10,1.0000,-1,-1,-1
63,11,800.80,567.90,42.30,144.60,0.9920,-1,-1,-1
63,12,1257.80,630.20,98.30,201.30,1.0000,-1,-1,-1
63,14,1354.80,605.80,80.60,209.30,1.0000,-1,-1,-1
63,16,593.60,513.50,27.00,68.50,0.9990,-1,-1,-1
63,21,837.30,569.70,41.20,135.80,0.9630,-1,-1,-1
63,24,678.50,564.20,33.90,110.80,0.2110,-1,-1,-1
63,25,662.00,531.70,25.80,62.20,0.1810,-1,-1,-1
63,-1,634.50,515.30,28.50,62.20,0.8710,-1,-1,-1
64,3,602.60,567.60,50.60,125.40,1.0000,-1,-1,-1
64,4,672.70,562.80,45.50,124.60,1.0000,-1,-1,-1
64,5,1152.10,657.10,97.80,238.60,1.0000,-1,-1,-1
64,7,857.80,558.00,50.80,140.50,1.0000,-1,-1,-1
64,11,784.60,566.10,46.20,155.70,0.9990,-1,-1,-1
64,12,1233.70,635.50,96.90,194.50,1.0000,-1,-1,-1
64,14,1331.70,607.50,79.20,208.20,1.0000,-1,-1,-1
64,16,572.10,515.60,26.40,67.00,0.9990,-1,-1,-1
64,21,824.70,572.20,34.80,137.00,0.8800,-1,-1,-1
64,26,633.10,528.30,26.20,60.90,0.6120,-1,-1,-1
64,22,756.00,575.70,28.30,113.40,0.1850,-1,-1,-1
64,23,637.70,568.30,35.60,108.10,0.1520,-1,-1,-1
64,-1,6.60,481.20,30.70,116.90,0.2530,-1,-1,-1
64,-1,610.40,527.70,25.20,59.00,0.7100,-1,-1,-1
65,3,578.90,567.30,50.40,126.90,1.0000,-1,-1,-1
65,4,648.10,560.20,46.30,129.80,1.0000,-1,-1,-1
65,5,1128.60,667.00,98.10,234.20,1.0000,-1,-1,-1
65,7,836.70,559.40,54.10,140.30,1.0000,-1,-1,-1
65,11,760.50,568.60,49.40,149.00,1.0000,-1,-1,-1
65,12,1218.90,628.00,89.10,208.10,1.0000,-1,-1,-1
65,14,1304.00,602.70,85.30,218.50,1.0000,-1,-1,-1
65,16,550.10,509.60,28.90,71.00,0.9990,-1,-1,-1
65,27,603.10,525.70,27.00,61.20,0.8830,-1,-1,-1
65,-1,576.20,517.90,27.00,66.10,0.4460,-1,-1,-1
66,3,555.20,566.20,48.90,125.60,1.0000,-1,-1,-1
66,4,619.70,558.50,49.40,136.80,1.0000,-1,-1,-1
66,5,1103.40,674.10,98.20,231.50,1.0000,-1,-1,-1
66,7,813.30,563.30,59.90,137.80,1.0000,-1,-1,-1
66,11,732.20,567.60,60.40,156.80,1.0000,-1,-1,-1
66,12,1193.50,630.90,90.20,205.00,1.0000,-1,-1,-1
66,14,1278.70,602.10,85.00,218.20,1.0000,-1,-1,-1
66,16,526.90,512.90,29.90,68.40,1.0000,-1,-1,-1
66,-1,576.70,523.50,27.40,61.40,0.7720,-1,-1,-1
67,3,528.30,569.80,50.20,127.70,1.0000,-1,-1,-1
67,4,592.60,563.60,51.20,132.90,1.0000,-1,-1,-1
67,5,1080.20,672.20,98.50,238.80,1.0000,-1,-1,-1
67,7,794.10,561.00,61.70,141.20,1.0000,-1,-1,-1
67,11,707.60,570.90,67.90,155.70,1.0000,-1,-1,-1
67,12,1173.70,629.40,87.30,210.70,1.0000,-1,-1,-1
67,14,1256.20,608.80,84.10,214.90,1.0000,-1,-1,-1
67,16,503.90,512.20,30.20,69.90,1.0000,-1,-1,-1
67,23,578.40,567.20,28.40,96.20,0.1090,-1,-1,-1
67,-1,544.30,519.20,29.10,61.40,0.8860,-1,-1,-1
68,3,503.20,573.40,51.90,121.50,1.0000,-1,-1,-1
68,4,569.10,566.70,49.10,127.90,1.0000,-1,-1,-1
68,5,1057.50,675.50,104.70,237.30,1.0000,-1,-1,-1
68,7,771.30,563.40,56.30,139.30,1.0000,-1,-1,-1
68,11,682.10,569.70,69.80,157.20,1.0000,-1,-1,-1
68,12,1148.20,627.90,91.30,214.80,1.0000,-1,-1,-1
68,14,1230.20,610.60,83.30,216.20,1.0000,-1,-1,-1
68,16,483.20,512.30,28.90,70.10,0.9990,-1,-1,-1
68,23,555.20,570.80,29.80,97.90,0.1150,-1,-1,-1
68,28,546.70,527.00,25.60,60.50,0.0670,-1,-1,-1
69,3,475.40,575.20,53.80,122.80,1.0000,-1,-1,-1
69,4,551.40,564.60,46.80,129.10,1.0000,-1,-1,-1
69,5,1028.50,672.90,101.20,251.10,1.0000,-1,-1,-1
69,11,654.20,568.50,74.70,159.70,1.0000,-1,-1,-1
69,12,1129.50,635.60,84.90,208.70,1.0000,-1,-1,-1
69,14,1203.60,610.50,82.00,220.70,1.0000,-1,-1,-1
69,16,455.50,510.30,31.90,72.90,0.9990,-1,-1,-1
69,7,743.00,565.30,59.10,161.80,0.1350,-1,-1,-1
69,23,516.40,553.60,33.80,78.30,0.1070,-1,-1,-1
69,-1,474.20,515.90,30.20,65.80,0.3940,-1,-1,-1
69,-1,512.70,519.00,28.70,67.50,0.3440,-1,-1,-1
70,3,450.20,574.10,51.90,124.30,1.0000,-1,-1,-1
70,4,521.60,565.40,46.40,124.30,1.0000,-1,-1,-1
70,5,1000.50,674.10,99.40,254.10,1.0000,-1,-1,-1
70,11,628.50,571.10,71.70,158.70,1.0000,-1,-1,-1
70,12,1106.40,638.00,82.60,207.10,1.0000,-1,-1,-1
70,14,1174.20,612.30,84.10,219.80,1.0000,-1,-1,-1
70,16,431.70,512.30,31.70,74.20,1.0000,-1,-1,-1
70,23,489.00,561.60,33.10,79.90,0.1630,-1,-1,-1
71,3,426.20,576.90,52.50,120.20,1.0000,-1,-1,-1
71,4,491.30,565.20,46.70,125.10,1.0000,-1,-1,-1
71,5,973.10,668.10,103.70,269.80,1.0000,-1,-1,-1
71,11,603.00,572.10,70.20,159.00,1.0000,-1,-1,-1
71,12,1080.10,640.10,85.40,208.20,1.0000,-1,-1,-1
71,14,1147.40,610.50,83.20,220.30,0.9990,-1,-1,-1
71,16,409.20,510.80,32.00,74.80,1.0000,-1,-1,-1
71,23,467.10,558.20,37.40,98.80,0.2550,-1,-1,-1
71,-1,453.50,518.90,27.40,60.20,0.7000,-1,-1,-1
72,3,398.80,575.40,54.70,122.40,1.0000,-1,-1,-1
72,4,465.90,560.50,44.00,127.80,0.9990,-1,-1,-1
72,5,943.20,673.40,101.10,259.30,1.0000,-1,-1,-1
72,7,679.70,561.60,59.90,141.50,1.0000,-1,-1,-1
72,11,581.50,569.30,71.10,165.60,1.0000,-1,-1,-1
72,12,1060.20,640.10,87.30,217.70,1.0000,-1,-1,-1
72,14,1118.20,611.40,81.50,224.20,0.9980,-1,-1,-1
72,16,387.60,509.40,31.10,75.00,1.0000,-1,-1,-1
72,-1,409.70,513.00,28.80,61.20,0.1400,-1,-1,-1
72,-1,184.30,496.70,25.60,41.60,0.0620,-1,-1,-1
73,3,369.80,573.30,56.00,125.10,1.0000,-1,-1,-1
73,4,435.70,557.30,44.00,130.50,0.9990,-1,-1,-1
73,5,912.50,668.90,106.20,274.70,1.0000,-1,-1,-1
73,7,655.20,562.90,64.80,141.80,1.0000,-1,-1,-1
73,11,541.90,561.50,64.30,188.60,0.8830,-1,-1,-1
73,12,1040.10,646.10,84.40,209.40,1.0000,-1,-1,-1
73,14,1100.90,620.40,64.30,208.50,0.9060,-1,-1,-1
73,16,362.20,508.90,32.40,73.90,1.0000,-1,-1,-1
74,3,339.30,567.50,56.90,129.00,1.0000,-1,-1,-1
74,4,406.50,558.30,46.90,131.10,1.0000,-1,-1,-1
74,5,880.40,670.70,108.70,283.40,1.0000,-1,-1,-1
74,7,632.90,558.80,60.60,144.80,1.0000,-1,-1,-1
74,12,1011.10,640.60,90.90,219.10,1.0000,-1,-1,-1
74,16,337.10,509.20,30.50,72.10,0.9990,-1,-1,-1
74,-1,454.20,529.20,30.10,133.30,0.0550,-1,-1,-1
75,3,309.80,566.50,56.60,131.90,1.0000,-1,-1,-1
75,4,379.70,561.30,44.90,129.10,1.0000,-1,-1,-1
75,5,850.90,678.60,102.70,285.70,1.0000,-1,-1,-1
75,7,606.20,557.50,61.40,146.30,1.0000,-1,-1,-1
75,11,511.10,563.70,67.50,176.30,0.9980,-1,-1,-1
75,12,988.50,651.30,86.50,209.20,1.0000,-1,-1,-1
75,16,311.60,509.90,32.70,71.80,0.9980,-1,-1,-1
75,-1,920.60,649.70,62.80,186.40,0.2450,-1,-1,-1
75,-1,1804.40,777.90,116.60,303.10,0.0780,-1,-1,-1
76,3,280.60,567.20,58.80,131.00,1.0000,-1,-1,-1
76,4,346.30,560.30,47.40,129.60,0.9980,-1,-1,-1
76,5,816.00,683.70,110.90,285.70,1.0000,-1,-1,-1
76,7,580.20,554.10,64.20,153.20,1.0000,-1,-1,-1
76,11,469.50,566.90,73.50,168.00,1.0000,-1,-1,-1
76,12,960.50,651.80,90.60,212.20,1.0000,-1,-1,-1
76,16,284.70,509.90,33.00,71.60,0.9990,-1,-1,-1
76,21,557.10,572.70,31.90,128.40,0.0530,-1,-1,-1
76,-1,909.90,632.60,58.80,205.70,0.3440,-1,-1,-1
76,-1,1775.60,793.60,145.40,287.40,0.9940,-1,-1,-1
77,3,251.40,568.70,57.40,129.90,1.0000,-1,-1,-1
77,5,782.70,691.10,108.10,279.10,1.0000,-1,-1,-1
77,7,556.20,559.80,61.90,149.30,1.0000,-1,-1,-1
77,11,444.60,569.20,66.70,163.20,1.0000,-1,-1,-1
77,12,935.90,649.20,89.70,218.40,1.0000,-1,-1,-1
77,16,258.20,510.00,32.90,72.60,0.9980,-1,-1,-1
77,23,300.60,555.60,48.80,128.90,0.9970,-1,-1,-1
77,29,1743.10,791.40,168.50,289.60,1.0000,-1,-1,-1
77,18,511.10,580.10,33.40,137.50,0.4740,-1,-1,-1
77,-1,867.00,628.40,89.50,210.40,0.9900,-1,-1,-1
78,3,221.20,568.20,58.60,132.30,1.0000,-1,-1,-1
78,5,751.30,691.80,95.90,284.90,1.0000,-1,-1,-1
78,7,524.20,553.40,68.30,154.90,1.0000,-1,-1,-1
78,11,421.70,567.50,60.10,168.80,0.9990,-1,-1,-1
78,12,906.50,649.90,88.70,218.00,1.0000,-1,-1,-1
78,16,229.60,506.30,33.90,73.30,0.9970,-1,-1,-1
78,18,463.70,570.30,56.00,150.20,0.9980,-1,-1,-1
78,29,1712.50,783.20,177.60,297.80,1.0000,-1,-1,-1
78,30,836.00,623.60,98.00,228.10,1.0000,-1,-1,-1
78,-1,399.40,577.00,48.20,141.50,0.1050,-1,-1,-1
79,4,266.50,566.60,48.00,132.50,1.0000,-1,-1,-1
79,5,718.60,694.10,89.90,288.60,1.0000,-1,-1,-1
79,7,500.70,552.60,66.00,158.80,1.0000,-1,-1,-1
79,11,395.60,570.90,53.60,166.60,0.9970,-1,-1,-1
79,12,881.60,656.60,87.80,210.30,1.0000,-1,-1,-1
79,18,432.40,569.70,64.10,155.40,0.9990,-1,-1,-1
79,29,1680.50,779.60,185.10,301.40,1.0000,-1,-1,-1
79,30,807.40,637.40,103.00,225.10,0.9990,-1,-1,-1
79,3,188.20,569.60,74.80,190.10,0.1300,-1,-1,-1
79,-1,369.00,579.60,45.30,135.50,0.3310,-1,-1,-1
80,5,677.60,694.60,94.20,302.70,1.0000,-1,-1,-1
80,7,470.90,553.00,76.10,161.10,1.0000,-1,-1,-1
80,11,364.60,571.20,55.10,168.90,0.9980,-1,-1,-1
80,12,854.40,650.70,91.40,224.00,1.0000,-1,-1,-1
80,18,403.10,568.70,64.30,158.30,0.9990,-1,-1,-1
80,23,223.40,567.10,45.50,131.00,1.0000,-1,-1,-1
80,29,1647.90,770.30,188.40,310.70,1.0000,-1,-1,-1
80,30,776.10,632.10,99.10,228.30,0.9990,-1,-1,-1
80,4,261.70,568.00,24.20,117.60,0.0870,-1,-1,-1
80,-1,342.10,579.40,46.80,143.80,0.1060,-1,-1,-1
80,-1,329.30,582.70,30.80,128.50,0.0760,-1,-1,-1
81,3,121.40,572.10,59.30,139.20,1.0000,-1,-1,-1
81,5,644.60,688.40,88.70,320.50,1.0000,-1,-1,-1
81,7,439.30,556.30,87.70,163.20,1.0000,-1,-1,-1
81,11,336.00,574.00,53.20,168.50,0.9990,-1,-1,-1
81,12,824.80,653.90,92.20,226.50,1.0000,-1,-1,-1
81,18,374.00,569.90,63.30,157.10,0.9990,-1,-1,-1
81,23,193.50,570.00,44.10,129.10,0.9990,-1,-1,-1
81,29,1617.90,768.10,178.10,312.90,1.0000,-1,-1,-1
81,30,746.90,632.90,99.20,230.40,1.0000,-1,-1,-1
82,3,93.00,571.50,57.60,138.20,1.0000,-1,-1,-1
82,5,606.70,695.80,87.00,323.20,1.0000,-1,-1,-1
82,7,408.50,555.80,87.60,163.00,1.0000,-1,-1,-1
82,11,305.70,573.30,56.90,174.20,0.9990,-1,-1,-1
82,12,793.40,651.50,92.00,230.10,1.0000,-1,-1,-1
82,18,342.90,573.00,63.10,156.10,0.9990,-1,-1,-1
82,23,159.50,569.60,46.40,134.80,1.0000,-1,-1,-1
82,29,1581.30,765.30,179.00,315.70,1.0000,-1,-1,-1
82,30,715.30,631.90,101.10,238.40,1.0000,-1,-1,-1
82,-1,279.50,581.10,44.50,145.90,0.0550,-1,-1,-1
83,3,56.20,576.50,60.30,133.50,1.0000,-1,-1,-1
83,5,561.90,701.10,94.90,328.00,1.0000,-1,-1,-1
83,7,377.70,560.80,91.90,162.30,1.0000,-1,-1,-1
83,11,274.30,581.10,60.80,172.40,1.0000,-1,-1,-1
83,12,763.20,656.40,91.10,232.40,1.0000,-1,-1,-1
83,18,316.20,575.10,62.90,154.70,0.9970,-1,-1,-1
83,23,126.60,570.50,46.50,136.90,1.0000,-1,-1,-1
83,29,1545.90,763.80,178.40,317.20,1.0000,-1,-1,-1
83,30,684.00,639.00,97.40,234.10,1.0000,-1,-1,-1
83,4,173.00,574.50,24.40,112.40,0.3340,-1,-1,-1
84,3,20.30,571.90,51.60,142.50,1.0000,-1,-1,-1
84,5,518.80,700.80,99.50,347.50,1.0000,-1,-1,-1
84,7,346.20,562.20,91.10,155.30,1.0000,-1,-1,-1
84,11,242.10,577.20,65.30,179.20,0.9990,-1,-1,-1
84,12,731.80,665.60,94.70,223.70,1.0000,-1,-1,-1
84,18,281.60,576.90,63.70,156.10,0.9890,-1,-1,-1
84,23,85.30,570.40,55.70,141.40,1.0000,-1,-1,-1
84,29,1512.70,769.90,178.70,311.10,1.0000,-1,-1,-1
84,30,652.20,643.80,98.10,234.50,0.9990,-1,-1,-1
85,3,1.00,580.80,34.30,143.20,0.9980,-1,-1,-1
85,5,473.00,722.90,103.80,333.70,1.0000,-1,-1,-1
85,7,316.10,566.90,90.20,160.60,1.0000,-1,-1,-1
85,11,211.70,580.70,64.60,176.90,0.9980,-1,-1,-1
85,12,697.40,667.10,98.30,233.50,1.0000,-1,-1,-1
85,18,247.50,581.90,65.70,159.10,0.9950,-1,-1,-1
85,23,50.50,574.60,54.40,140.70,1.0000,-1,-1,-1
85,29,1480.00,772.50,175.20,308.50,0.9990,-1,-1,-1
85,30,622.90,650.90,95.90,231.60,0.9980,-1,-1,-1
85,-1,180.70,594.90,51.50,148.40,0.0660,-1,-1,-1
86,5,428.20,732.10,112.30,337.40,1.0000,-1,-1,-1
86,7,283.70,564.10,92.80,167.90,1.0000,-1,-1,-1
86,11,180.80,583.20,61.40,178.60,0.9960,-1,-1,-1
86,12,659.70,672.60,107.70,237.20,1.0000,-1,-1,-1
86,18,214.10,582.80,70.00,161.20,0.9950,-1,-1,-1
86,23,14.10,566.90,55.70,153.10,1.0000,-1,-1,-1
86,29,1444.10,783.00,176.40,298.00,1.0000,-1,-1,-1
86,30,587.80,648.30,96.80,243.50,0.9990,-1,-1,-1
86,-1,146.70,595.30,46.80,152.20,0.4290,-1,-1,-1
87,5,382.70,746.10,121.50,334.90,1.0000,-1,-1,-1
87,7,252.50,571.10,86.30,168.10,1.0000,-1,-1,-1
87,11,146.00,589.10,56.80,174.80,0.9920,-1,-1,-1
87,12,623.90,676.40,118.40,235.10,1.0000,-1,-1,-1
87,18,184.90,585.90,66.10,158.20,0.9990,-1,-1,-1
87,23,16.40,562.30,37.00,152.40,0.9440,-1,-1,-1
87,29,1405.10,791.60,182.70,289.40,0.9990,-1,-1,-1
87,30,554.70,652.50,95.40,246.60,0.9990,-1,-1,-1
87,-1,104.60,586.30,50.80,168.70,0.8890,-1,-1,-1
88,5,330.50,746.70,145.00,334.30,1.0000,-1,-1,-1
88,7,219.30,570.40,88.20,170.20,1.0000,-1,-1,-1
88,11,110.90,585.90,67.00,178.10,0.9980,-1,-1,-1
88,12,587.40,674.10,124.40,248.30,1.0000,-1,-1,-1
88,18,149.40,587.90,59.10,160.90,0.8840,-1,-1,-1
88,29,1375.10,803.30,181.60,277.70,0.9820,-1,-1,-1
88,30,517.00,654.60,96.50,252.90,0.9990,-1,-1,-1
88,31,63.70,585.60,69.90,175.60,0.9870,-1,-1,-1
89,5,281.60,750.20,150.60,330.80,1.0000,-1,-1,-1
89,7,187.50,570.70,88.00,173.50,1.0000,-1,-1,-1
89,12,555.20,683.20,127.90,240.80,1.0000,-1,-1,-1
89,18,113.40,586.20,65.30,161.40,0.9720,-1,-1,-1
89,29,1334.70,822.50,184.70,258.50,0.9870,-1,-1,-1
89,30,480.60,652.60,96.20,252.80,0.9990,-1,-1,-1
89,31,57.40,582.60,76.90,186.00,0.9980,-1,-1,-1
90,5,227.70,752.80,167.60,328.20,1.0000,-1,-1,-1
90,7,164.60,570.30,81.10,174.80,1.0000,-1,-1,-1
90,11,29.10,588.10,64.90,180.80,0.9910,-1,-1,-1
90,12,514.10,687.90,136.00,243.90,1.0000,-1,-1,-1
90,18,70.40,581.70,72.90,171.00,0.9990,-1,-1,-1
90,29,1302.20,840.00,174.50,241.00,0.9290,-1,-1,-1
90,30,444.30,659.90,97.60,258.40,0.9970,-1,-1,-1
91,5,170.00,751.20,173.60,329.80,1.0000,-1,-1,-1
91,7,135.00,567.40,79.40,178.10,1.0000,-1,-1,-1
91,11,2.20,590.10,53.40,181.50,1.0000,-1,-1,-1
91,12,474.50,690.50,135.20,249.60,1.0000,-1,-1,-1
91,18,47.90,585.00,57.30,167.30,0.9960,-1,-1,-1
91,30,405.00,664.60,98.60,255.00,0.9990,-1,-1,-1
91,29,1274.60,858.40,166.50,222.60,0.4830,-1,-1,-1
92,5,117.40,755.40,182.20,325.60,1.0000,-1,-1,-1
92,7,102.30,568.70,78.50,175.60,1.0000,-1,-1,-1
92,12,437.70,696.70,130.30,251.70,1.0000,-1,-1,-1
92,18,19.60,587.10,52.50,157.10,0.9980,-1,-1,-1
92,30,365.80,664.20,102.80,262.80,0.9990,-1,-1,-1
92,29,1245.00,870.30,164.10,210.70,0.1650,-1,-1,-1
93,5,53.90,761.10,189.30,319.90,0.9990,-1,-1,-1
93,7,70.40,567.80,75.60,172.30,1.0000,-1,-1,-1
93,12,398.50,700.30,129.50,254.30,1.0000,-1,-1,-1
93,30,325.80,667.70,102.60,263.70,1.0000,-1,-1,-1
93,29,1201.70,866.00,182.60,215.00,0.1900,-1,-1,-1
94,5,4.90,770.60,178.20,310.40,0.9980,-1,-1,-1
94,7,39.60,567.90,73.60,174.00,1.0000,-1,-1,-1
94,12,361.20,702.10,129.80,253.80,1.0000,-1,-1,-1
94,30,283.60,672.60,106.30,265.50,1.0000,-1,-1,-1
94,29,1170.10,873.00,172.90,208.00,0.1690,-1,-1,-1
95,7,5.70,571.60,71.00,169.10,0.9990,-1,-1,-1
95,12,320.40,695.00,128.00,263.30,1.0000,-1,-1,-1
95,30,245.60,662.30,107.60,277.60,0.9990,-1,-1,-1
95,5,1.00,789.00,121.50,292.00,0.5900,-1,-1,-1
95,29,1140.30,871.50,168.20,209.50,0.0590,-1,-1,-1
96,12,280.80,691.30,129.30,272.20,1.0000,-1,-1,-1
96,30,202.90,667.30,114.80,284.70,1.0000,-1,-1,-1
97,12,238.70,693.20,133.90,277.30,1.0000,-1,-1,-1
97,30,160.60,674.90,121.60,281.00,0.9990,-1,-1,-1
98,12,204.80,700.00,121.00,275.70,1.0000,-1,-1,-1
98,30,119.20,675.10,110.50,286.60,1.0000,-1,-1,-1
99,12,161.70,702.40,123.00,283.70,1.0000,-1,-1,-1
99,30,75.10,681.90,110.20,281.60,1.0000,-1,-1,-1
100,12,118.40,708.70,119.50,276.50,1.0000,-1,-1,-1
100,30,27.50,684.80,106.30,278.00,1.0000,-1,-1,-1
101,12,75.80,703.70,118.70,288.10,1.0000,-1,-1,-1
101,30,1.00,691.40,95.50,284.10,0.9990,-1,-1,-1
102,12,15.50,708.60,130.90,306.10,1.0000,-1,-1,-1
103,12,1.20,706.20,96.10,302.70,1.0000,-1,-1,-1
104,12,1.00,740.50,49.60,182.00,0.6110,-1,-1,-1
105,-1,1816.40,668.60,74.90,160.80,0.8890,-1,-1,-1
106,32,1831.10,668.80,89.60,236.70,0.9990,-1,-1,-1
107,32,1789.40,661.40,105.00,242.40,1.0000,-1,-1,-1
108,32,1747.70,662.70,101.80,240.50,0.9990,-1,-1,-1
109,32,1705.80,660.70,101.10,242.20,1.0000,-1,-1,-1
110,32,1667.30,663.00,97.00,227.40,0.9990,-1,-1,-1
111,32,1627.50,662.90,92.30,234.50,0.9990,-1,-1,-1
112,32,1585.80,663.90,93.60,239.60,0.9990,-1,-1,-1
112,-1,1494.80,654.80,101.40,241.90,0.9820,-1,-1,-1
113,32,1548.50,661.60,82.00,241.90,0.9980,-1,-1,-1
113,33,1438.80,658.10,112.20,244.60,0.9990,-1,-1,-1
114,32,1504.00,675.30,88.90,228.90,0.9940,-1,-1,-1
114,33,1395.40,670.00,113.70,239.20,0.9990,-1,-1,-1
115,33,1352.50,668.90,106.20,243.30,0.9990,-1,-1,-1
115,32,1467.50,685.50,70.10,198.80,0.3230,-1,-1,-1
116,33,1309.20,669.40,110.40,247.60,0.9990,-1,-1,-1
116,32,1421.30,692.70,77.10,187.90,0.0980,-1,-1,-1
117,33,1278.10,678.10,103.30,250.70,1.0000,-1,-1,-1
117,32,1384.20,695.90,71.30,196.70,0.0640,-1,-1,-1
118,33,1246.10,674.50,93.40,254.20,1.0000,-1,-1,-1
119,33,1201.90,675.60,92.60,270.40,1.0000,-1,-1,-1
120,33,1164.90,679.70,84.40,266.50,1.0000,-1,-1,-1
121,33,1120.30,680.80,83.00,267.10,0.9990,-1,-1,-1
122,33,1069.30,673.30,86.30,275.90,1.0000,-1,-1,-1
123,32,1095.10,703.20,84.20,251.00,0.9530,-1,-1,-1
123,33,1024.80,679.70,83.10,264.90,0.9990,-1,-1,-1
124,32,1054.20,700.60,81.80,249.20,0.9970,-1,-1,-1
124,33,978.80,681.40,79.30,266.50,1.0000,-1,-1,-1
125,32,1001.80,697.90,90.30,268.70,0.9980,-1,-1,-1
125,33,928.60,688.30,91.60,267.50,0.9990,-1,-1,-1
126,32,959.40,691.40,88.70,278.20,0.9990,-1,-1,-1
126,33,876.10,681.50,100.50,272.60,0.9990,-1,-1,-1
127,32,906.90,688.10,95.90,294.40,1.0000,-1,-1,-1
127,33,834.00,685.50,96.20,267.20,1.0000,-1,-1,-1
127,-1,1865.50,652.70,55.50,177.80,1.0000,-1,-1,-1
128,32,855.20,695.50,101.30,300.80,1.0000,-1,-1,-1
128,33,783.40,689.00,100.00,274.00,0.9990,-1,-1,-1
128,34,1830.60,649.60,80.70,174.30,1.0000,-1,-1,-1
128,-1,1881.10,566.20,35.50,110.80,0.8200,-1,-1,-1
129,32,802.70,696.00,109.80,310.90,1.0000,-1,-1,-1
129,33,736.40,683.40,105.00,284.50,1.0000,-1,-1,-1
129,34,1795.40,647.50,82.40,183.50,1.0000,-1,-1,-1
129,35,1889.80,547.00,31.20,87.30,0.9590,-1,-1,-1
129,-1,1854.40,559.70,39.20,100.90,1.0000,-1,-1,-1
129,-1,1886.90,651.40,34.10,184.10,0.8500,-1,-1,-1
130,32,751.00,696.50,108.00,310.80,1.0000,-1,-1,-1
130,33,681.00,689.40,111.30,289.30,0.9980,-1,-1,-1
130,34,1761.30,653.20,79.50,176.70,1.0000,-1,-1,-1
130,36,1867.10,555.40,32.70,81.60,1.0000,-1,-1,-1
130,37,1842.50,656.00,78.50,185.70,1.0000,-1,-1,-1
130,-1,1826.90,570.60,31.50,88.70,0.7880,-1,-1,-1
131,32,699.70,703.50,115.10,312.80,0.9990,-1,-1,-1
131,33,637.00,696.80,96.90,279.90,0.9990,-1,-1,-1
131,34,1727.30,652.50,78.30,176.00,1.0000,-1,-1,-1
131,37,1807.40,652.90,87.10,188.00,1.0000,-1,-1,-1
131,38,1836.00,544.80,34.00,82.80,1.0000,-1,-1,-1
131,-1,1793.20,565.40,32.20,87.50,0.9480,-1,-1,-1
132,32,652.20,718.50,110.60,317.90,1.0000,-1,-1,-1
132,33,589.80,699.90,88.80,289.10,0.9990,-1,-1,-1
132,34,1697.30,660.10,75.60,176.20,1.0000,-1,-1,-1
132,37,1772.50,661.40,88.00,192.10,1.0000,-1,-1,-1
132,39,1805.40,553.10,37.30,81.60,1.0000,-1,-1,-1
132,-1,1766.70,573.40,29.80,86.10,0.8660,-1,-1,-1
133,32,598.80,728.50,115.30,311.60,1.0000,-1,-1,-1
133,33,540.90,702.00,86.00,309.20,0.9990,-1,-1,-1
133,34,1661.30,661.00,77.40,177.50,1.0000,-1,-1,-1
133,37,1736.70,659.50,88.70,193.70,1.0000,-1,-1,-1
133,40,1775.60,550.90,35.10,82.00,1.0000,-1,-1,-1
133,-1,1735.50,571.80,30.70,93.90,0.8650,-1,-1,-1
134,32,552.80,731.80,112.50,316.20,0.9990,-1,-1,-1
134,33,483.60,708.60,84.80,308.50,0.9960,-1,-1,-1
134,34,1626.80,665.30,78.70,179.40,1.0000,-1,-1,-1
134,37,1705.00,662.10,86.90,196.20,1.0000,-1,-1,-1
134,41,1745.80,553.10,36.60,85.40,1.0000,-1,-1,-1
134,-1,1705.70,575.60,28.80,96.50,0.4100,-1,-1,-1
135,32,501.40,736.70,115.20,340.20,0.9990,-1,-1,-1
135,33,425.50,701.80,92.60,331.00,0.9980,-1,-1,-1
135,34,1592.40,667.30,80.20,182.20,1.0000,-1,-1,-1
135,37,1670.70,662.20,80.20,195.50,1.0000,-1,-1,-1
135,-1,1715.50,551.90,37.20,86.40,1.0000,-1,-1,-1
136,32,442.50,750.00,117.20,329.80,0.9990,-1,-1,-1
136,33,352.40,732.20,118.10,306.30,0.9970,-1,-1,-1
136,34,1558.00,670.50,83.70,184.40,1.0000,-1,-1,-1
136,37,1637.60,669.40,79.70,194.70,1.0000,-1,-1,-1
136,42,1686.10,554.30,38.60,85.30,1.0000,-1,-1,-1
137,32,388.00,742.50,111.40,338.50,1.0000,-1,-1,-1
137,33,280.30,732.00,143.60,324.60,1.0000,-1,-1,-1
137,34,1523.10,670.90,85.10,186.40,1.0000,-1,-1,-1
137,37,1606.20,668.10,77.90,198.60,1.0000,-1,-1,-1
137,42,1655.60,555.90,41.20,86.20,1.0000,-1,-1,-1
138,32,321.50,753.90,118.90,327.10,1.0000,-1,-1,-1
138,33,224.70,740.10,136.50,331.90,0.9990,-1,-1,-1
138,34,1488.80,673.20,85.80,190.70,1.0000,-1,-1,-1
138,37,1569.70,669.00,81.70,205.20,1.0000,-1,-1,-1
138,42,1626.60,558.30,42.50,87.50,1.0000,-1,-1,-1
138,-1,1613.90,565.30,30.90,85.20,0.2420,-1,-1,-1
138,-1,1591.00,582.00,36.90,101.50,0.9940,-1,-1,-1
139,32,258.80,754.10,128.10,326.90,1.0000,-1,-1,-1
139,33,158.00,741.60,144.40,334.50,0.9990,-1,-1,-1
139,34,1454.40,670.90,84.40,190.60,1.0000,-1,-1,-1
139,37,1536.80,670.10,82.80,205.70,1.0000,-1,-1,-1
139,42,1598.40,557.70,40.80,89.80,1.0000,-1,-1,-1
139,43,1563.60,575.20,39.50,109.10,0.9920,-1,-1,-1
140,32,198.30,758.40,133.40,322.60,1.0000,-1,-1,-1
140,33,112.70,748.10,129.20,332.90,0.9970,-1,-1,-1
140,34,1419.60,671.70,86.50,187.10,1.0000,-1,-1,-1
140,37,1503.90,671.50,82.20,208.50,1.0000,-1,-1,-1
140,42,1572.30,555.90,38.00,87.40,0.9990,-1,-1,-1
140,43,1536.20,575.20,42.40,105.90,0.9980,-1,-1,-1
141,32,135.90,768.20,138.80,312.80,1.0000,-1,-1,-1
141,34,1384.60,671.10,83.90,193.30,1.0000,-1,-1,-1
141,37,1470.60,673.00,82.20,209.00,1.0000,-1,-1,-1
141,42,1546.10,554.30,35.90,86.00,0.9990,-1,-1,-1
141,43,1508.10,573.70,45.50,109.00,1.0000,-1,-1,-1
141,33,70.40,764.30,103.20,316.70,0.0620,-1,-1,-1
141,-1,1831.40,723.90,89.60,286.90,1.0000,-1,-1,-1
142,32,71.40,771.80,141.10,309.20,1.0000,-1,-1,-1
142,34,1350.60,673.70,84.40,192.80,1.0000,-1,-1,-1
142,37,1436.40,677.70,86.10,205.60,1.0000,-1,-1,-1
142,42,1518.20,555.60,37.10,84.40,0.9990,-1,-1,-1
142,43,1484.90,573.90,43.30,106.60,1.0000,-1,-1,-1
142,44,1790.10,722.70,127.60,287.20,1.0000,-1,-1,-1
142,33,11.30,772.90,105.00,308.10,0.2300,-1,-1,-1
143,32,13.70,772.10,130.50,308.90,1.0000,-1,-1,-1
143,34,1316.60,674.60,86.00,193.40,1.0000,-1,-1,-1
143,37,1405.70,677.70,84.30,210.40,1.0000,-1,-1,-1
143,42,1492.40,556.80,36.60,78.90,0.9980,-1,-1,-1
143,43,1455.10,571.40,47.30,109.60,1.0000,-1,-1,-1
143,44,1755.90,729.10,128.80,281.40,1.0000,-1,-1,-1
144,34,1281.80,673.60,88.70,197.00,1.0000,-1,-1,-1
144,37,1373.60,675.00,85.80,220.40,1.0000,-1,-1,-1
144,42,1467.40,552.80,34.50,82.40,0.9980,-1,-1,-1
144,43,1428.10,570.80,47.90,107.70,1.0000,-1,-1,-1
144,44,1722.40,729.80,131.80,281.40,1.0000,-1,-1,-1
145,34,1250.40,677.50,88.70,194.00,1.0000,-1,-1,-1
145,37,1339.60,679.20,84.90,217.50,1.0000,-1,-1,-1
145,42,1440.30,554.30,35.30,80.60,0.9920,-1,-1,-1
145,43,1403.00,570.90,46.60,108.20,1.0000,-1,-1,-1
145,44,1690.90,732.50,130.40,276.00,1.0000,-1,-1,-1
146,34,1218.80,676.90,86.30,193.20,1.0000,-1,-1,-1
146,37,1306.80,678.10,85.40,218.00,1.0000,-1,-1,-1
146,42,1418.60,548.50,32.60,82.40,0.9860,-1,-1,-1
146,43,1379.50,568.10,47.60,110.30,1.0000,-1,-1,-1
146,44,1660.00,731.60,129.00,278.60,1.0000,-1,-1,-1
147,34,1185.90,679.60,86.60,193.90,1.0000,-1,-1,-1
147,37,1274.30,678.60,85.80,217.00,1.0000,-1,-1,-1
147,42,1392.00,548.50,34.50,84.00,0.9950,-1,-1,-1
147,43,1354.30,566.20,46.60,112.30,1.0000,-1,-1,-1
147,44,1634.60,732.60,124.20,273.40,1.0000,-1,-1,-1
148,34,1152.40,682.90,87.30,194.70,1.0000,-1,-1,-1
148,37,1243.90,674.80,86.40,225.90,1.0000,-1,-1,-1
148,42,1366.40,549.40,33.50,79.50,0.9960,-1,-1,-1
148,43,1328.70,567.50,49.30,109.60,1.0000,-1,-1,-1
148,44,1603.80,727.30,124.90,280.60,1.0000,-1,-1,-1
149,34,1116.30,680.20,92.50,202.20,1.0000,-1,-1,-1
149,37,1209.20,678.70,87.80,223.00,1.0000,-1,-1,-1
149,42,1342.60,545.70,32.20,84.20,0.9960,-1,-1,-1
149,43,1303.50,568.10,49.00,109.90,1.0000,-1,-1,-1
149,44,1572.50,719.60,123.70,294.60,1.0000,-1,-1,-1
150,34,1084.50,680.90,89.90,204.00,1.0000,-1,-1,-1
150,37,1178.40,680.90,86.20,224.80,1.0000,-1,-1,-1
150,42,1315.80,549.00,33.90,80.20,0.9390,-1,-1,-1
150,43,1278.40,569.00,51.70,107.80,1.0000,-1,-1,-1
150,44,1542.80,718.20,120.80,294.80,1.0000,-1,-1,-1
151,34,1053.80,681.20,84.00,208.10,1.0000,-1,-1,-1
151,37,1141.00,679.90,87.40,231.50,1.0000,-1,-1,-1
151,42,1296.70,548.20,31.50,81.80,0.9860,-1,-1,-1
151,43,1256.10,569.90,50.80,108.80,1.0000,-1,-1,-1
151,44,1512.70,719.50,118.10,286.20,1.0000,-1,-1,-1
152,34,1021.10,688.20,85.40,212.70,1.0000,-1,-1,-1
152,37,1107.30,687.00,86.40,228.30,1.0000,-1,-1,-1
152,42,1274.50,552.00,32.80,81.20,0.9880,-1,-1,-1
152,43,1232.20,570.80,49.50,111.10,1.0000,-1,-1,-1
152,44,1481.80,727.90,116.30,281.50,1.0000,-1,-1,-1
153,34,982.70,688.50,91.40,218.70,1.0000,-1,-1,-1
153,37,1064.10,682.50,104.70,243.20,1.0000,-1,-1,-1
153,42,1251.20,562.90,32.00,77.00,0.9830,-1,-1,-1
153,43,1208.00,575.50,47.20,105.90,1.0000,-1,-1,-1
153,44,1449.60,726.00,119.90,285.70,1.0000,-1,-1,-1
154,34,951.40,692.90,93.00,218.60,1.0000,-1,-1,-1
154,37,1028.80,691.40,106.40,236.80,1.0000,-1,-1,-1
154,42,1227.00,555.50,31.90,78.70,0.9690,-1,-1,-1
154,43,1185.10,573.90,46.30,108.20,1.0000,-1,-1,-1
154,44,1408.10,727.30,127.60,294.80,1.0000,-1,-1,-1
154,-1,1208.70,564.10,36.30,93.60,0.5510,-1,-1,-1
155,34,915.20,691.00,96.50,226.30,1.0000,-1,-1,-1
155,37,994.90,697.70,108.30,241.30,1.0000,-1,-1,-1
155,42,1205.90,551.60,30.10,83.30,0.9870,-1,-1,-1
155,43,1163.40,575.30,44.40,106.10,1.0000,-1,-1,-1
155,44,1370.80,728.40,135.30,291.60,1.0000,-1,-1,-1
156,34,883.70,698.90,93.90,225.10,1.0000,-1,-1,-1
156,37,967.30,706.10,103.60,238.40,1.0000,-1,-1,-1
156,42,1184.10,556.90,31.70,84.80,0.9720,-1,-1,-1
156,43,1141.30,573.80,44.70,110.40,1.0000,-1,-1,-1
156,44,1342.10,737.10,134.40,288.20,1.0000,-1,-1,-1
157,34,852.20,703.10,94.40,221.70,1.0000,-1,-1,-1
157,37,932.80,708.10,109.80,238.20,1.0000,-1,-1,-1
157,42,1159.20,556.80,31.70,79.00,0.9120,-1,-1,-1
157,43,1120.20,574.00,45.10,111.40,1.0000,-1,-1,-1
157,44,1313.30,735.00,135.20,294.70,1.0000,-1,-1,-1
158,34,818.40,704.90,96.90,223.90,1.0000,-1,-1,-1
158,37,906.60,703.70,100.10,249.70,1.0000,-1,-1,-1
158,42,1137.00,552.10,30.40,87.60,0.7250,-1,-1,-1
158,43,1097.90,577.10,44.20,110.20,1.0000,-1,-1,-1
158,44,1286.10,736.90,133.60,295.10,1.0000,-1,-1,-1
159,34,785.00,709.00,94.80,227.70,1.0000,-1,-1,-1
159,37,869.00,706.70,104.60,258.40,1.0000,-1,-1,-1
159,42,1124.30,555.60,30.70,83.50,0.9610,-1,-1,-1
159,43,1075.00,573.00,46.90,115.20,1.0000,-1,-1,-1
159,44,1260.00,742.70,129.60,286.60,1.0000,-1,-1,-1
160,34,746.90,707.20,100.60,230.90,1.0000,-1,-1,-1
160,37,837.90,708.80,99.40,259.90,1.0000,-1,-1,-1
160,42,1100.90,555.60,28.40,79.00,0.7710,-1,-1,-1
160,43,1054.90,576.60,47.70,113.40,1.0000,-1,-1,-1
160,44,1231.10,740.80,131.10,287.90,1.0000,-1,-1,-1
160,-1,1084.30,566.40,31.70,94.00,0.2680,-1,-1,-1
161,34,717.60,711.10,101.80,233.40,1.0000,-1,-1,-1
161,37,804.90,710.90,103.10,261.20,1.0000,-1,-1,-1
161,43,1034.80,575.30,46.90,113.90,1.0000,-1,-1,-1
161,44,1204.40,732.90,131.00,303.20,1.0000,-1,-1,-1
161,42,1086.30,555.50,26.10,74.90,0.0930,-1,-1,-1
162,34,682.10,714.80,98.90,235.90,1.0000,-1,-1,-1
162,37,765.80,711.00,103.50,268.50,1.0000,-1,-1,-1
162,42,1062.10,563.40,31.00,75.90,0.8760,-1,-1,-1
162,43,1015.00,580.20,49.20,112.10,1.0000,-1,-1,-1
162,44,1175.10,738.70,132.50,299.30,1.0000,-1,-1,-1
163,34,647.00,718.10,95.80,235.90,1.0000,-1,-1,-1
163,37,732.90,712.80,103.90,276.30,1.0000,-1,-1,-1
163,43,993.20,581.60,49.70,110.60,1.0000,-1,-1,-1
163,44,1148.30,736.00,132.20,302.90,1.0000,-1,-1,-1
163,42,1039.50,560.80,28.50,73.40,0.2350,-1,-1,-1
164,34,608.70,715.80,103.00,249.70,1.0000,-1,-1,-1
164,37,701.00,717.60,101.90,276.50,1.0000,-1,-1,-1
164,43,974.90,581.40,51.20,114.60,1.0000,-1,-1,-1
164,44,1119.10,741.20,130.30,300.60,1.0000,-1,-1,-1
164,42,1026.50,561.60,27.30,72.90,0.3900,-1,-1,-1
165,34,570.40,725.90,105.80,249.10,1.0000,-1,-1,-1
165,37,661.10,724.70,115.80,280.20,1.0000,-1,-1,-1
165,43,954.10,583.50,52.20,113.50,1.0000,-1,-1,-1
165,44,1093.00,741.10,128.90,312.30,1.0000,-1,-1,-1
165,42,999.70,566.60,31.00,67.60,0.4960,-1,-1,-1
166,34,524.50,728.50,121.60,256.60,1.0000,-1,-1,-1
166,37,625.80,741.90,112.00,273.30,1.0000,-1,-1,-1
166,43,932.00,584.50,54.10,115.00,1.0000,-1,-1,-1
166,44,1061.30,749.70,131.80,312.20,1.0000,-1,-1,-1
167,34,486.90,739.10,128.00,247.40,1.0000,-1,-1,-1
167,37,587.70,741.50,115.90,289.40,1.0000,-1,-1,-1
167,43,913.40,584.10,56.30,116.40,1.0000,-1,-1,-1
167,44,1038.80,761.20,130.70,294.80,1.0000,-1,-1,-1
167,42,964.20,571.20,28.40,66.00,0.1630,-1,-1,-1
168,34,448.50,741.50,133.10,268.80,0.9990,-1,-1,-1
168,37,548.60,752.10,120.00,293.00,1.0000,-1,-1,-1
168,43,893.90,587.70,55.40,117.00,1.0000,-1,-1,-1
168,44,1013.30,760.50,132.60,316.20,1.0000,-1,-1,-1
168,42,942.50,574.10,29.90,81.70,0.2380,-1,-1,-1
169,34,415.20,747.50,131.60,252.60,1.0000,-1,-1,-1
169,37,513.50,747.70,117.70,296.00,1.0000,-1,-1,-1
169,43,872.80,586.40,56.00,114.60,1.0000,-1,-1,-1
169,44,986.60,762.90,127.40,299.80,1.0000,-1,-1,-1
170,34,388.00,750.60,119.60,263.30,0.9990,-1,-1,-1
170,37,475.90,757.60,117.20,293.20,1.0000,-1,-1,-1
170,43,853.20,584.50,56.30,116.70,1.0000,-1,-1,-1
170,44,956.30,760.30,133.50,309.70,1.0000,-1,-1,-1
171,34,350.90,753.90,113.60,263.30,1.0000,-1,-1,-1
171,37,441.40,753.70,114.70,316.00,1.0000,-1,-1,-1
171,43,834.90,584.10,56.80,116.70,1.0000,-1,-1,-1
171,44,928.60,756.00,135.80,315.50,1.0000,-1,-1,-1
171,42,896.20,550.00,28.30,79.20,0.2810,-1,-1,-1
171,-1,1600.80,539.60,26.00,74.20,0.8690,-1,-1,-1
172,34,305.40,758.30,114.20,273.30,0.9990,-1,-1,-1
172,37,406.30,748.90,110.60,332.10,1.0000,-1,-1,-1
172,42,879.30,548.00,33.70,88.50,0.9760,-1,-1,-1
172,43,816.30,583.30,57.80,118.60,1.0000,-1,-1,-1
172,44,896.10,754.20,138.10,318.50,1.0000,-1,-1,-1
172,45,1585.80,541.70,25.30,71.00,0.9810,-1,-1,-1
173,34,253.30,760.60,121.00,282.30,1.0000,-1,-1,-1
173,37,357.90,757.20,120.90,323.80,1.0000,-1,-1,-1
173,43,796.60,585.50,58.00,116.80,1.0000,-1,-1,-1
173,44,875.10,749.60,139.40,324.40,1.0000,-1,-1,-1
173,45,1570.40,534.60,28.60,76.20,0.9990,-1,-1,-1
173,42,861.70,554.50,31.10,80.70,0.0760,-1,-1,-1
174,34,204.80,757.30,124.90,303.10,1.0000,-1,-1,-1
174,37,317.70,760.00,119.50,321.00,1.0000,-1,-1,-1
174,42,842.00,545.20,33.00,87.10,0.6190,-1,-1,-1
174,43,776.80,584.70,58.10,119.80,1.0000,-1,-1,-1
174,44,845.30,757.40,138.50,302.10,1.0000,-1,-1,-1
174,45,1559.30,534.50,27.10,77.20,1.0000,-1,-1,-1
175,34,154.50,760.00,132.50,305.00,1.0000,-1,-1,-1
175,37,272.40,767.10,127.50,313.90,1.0000,-1,-1,-1
175,42,829.20,544.20,34.90,94.20,0.9970,-1,-1,-1
175,43,760.80,585.90,56.60,118.90,1.0000,-1,-1,-1
175,44,820.00,751.50,143.20,313.30,1.0000,-1,-1,-1
175,45,1544.50,539.00,26.90,71.50,1.0000,-1,-1,-1
176,34,97.80,766.00,151.00,313.40,1.0000,-1,-1,-1
176,37,228.80,772.10,132.30,308.90,1.0000,-1,-1,-1
176,42,811.50,540.10,35.60,96.80,1.0000,-1,-1,-1
176,43,742.00,586.20,56.80,118.10,1.0000,-1,-1,-1
176,44,793.30,742.00,143.70,339.00,1.0000,-1,-1,-1
176,45,1532.20,538.10,23.40,71.60,0.9980,-1,-1,-1
177,34,60.50,778.50,144.20,302.50,1.0000,-1,-1,-1
177,37,186.50,777.50,138.20,303.50,1.0000,-1,-1,-1
177,42,794.90,535.40,37.30,101.60,1.0000,-1,-1,-1
177,43,723.20,584.30,57.80,122.90,1.0000,-1,-1,-1
177,44,769.60,750.30,142.60,330.70,1.0000,-1,-1,-1
177,45,1518.20,539.10,25.50,69.10,0.9990,-1,-1,-1
178,34,9.10,778.20,152.40,302.80,0.9990,-1,-1,-1
178,37,132.60,791.20,145.30,289.80,1.0000,-1,-1,-1
178,42,779.70,534.30,36.30,99.30,1.0000,-1,-1,-1
178,43,704.60,586.00,58.60,120.40,1.0000,-1,-1,-1
178,44,746.10,754.50,141.00,326.50,1.0000,-1,-1,-1
178,45,1505.80,536.90,25.20,69.30,0.9990,-1,-1,-1
179,37,83.70,798.50,151.10,282.50,1.0000,-1,-1,-1
179,42,765.30,534.50,34.50,99.20,1.0000,-1,-1,-1
179,43,686.20,584.30,57.30,124.70,1.0000,-1,-1,-1
179,44,723.00,763.40,137.90,317.60,1.0000,-1,-1,-1
179,45,1492.40,537.70,25.00,69.10,1.0000,-1,-1,-1
179,34,9.70,801.00,110.60,280.00,0.1400,-1,-1,-1
180,37,26.90,799.80,163.50,281.20,0.9990,-1,-1,-1
180,42,750.90,534.20,35.50,95.60,1.0000,-1,-1,-1
180,43,667.90,584.00,57.50,123.30,1.0000,-1,-1,-1
180,44,693.90,765.80,140.10,315.20,1.0000,-1,-1,-1
180,45,1480.20,533.50,27.00,72.20,1.0000,-1,-1,-1
181,37,2.90,812.00,127.30,269.00,0.9840,-1,-1,-1
181,42,735.50,533.00,35.90,97.30,1.0000,-1,-1,-1
181,43,650.60,583.50,56.30,125.90,1.0000,-1,-1,-1
181,44,668.10,762.50,140.30,318.50,1.0000,-1,-1,-1
181,45,1468.50,528.70,27.00,74.00,1.0000,-1,-1,-1
182,42,720.20,533.10,36.70,91.30,1.0000,-1,-1,-1
182,43,632.30,582.00,57.70,126.40,1.0000,-1,-1,-1
182,44,639.10,761.90,144.50,319.10,1.0000,-1,-1,-1
182,45,1457.30,528.70,26.90,77.40,1.0000,-1,-1,-1
183,42,703.60,530.00,38.20,96.30,1.0000,-1,-1,-1
183,43,614.70,582.40,57.00,126.50,1.0000,-1,-1,-1
183,44,612.70,760.60,146.90,320.40,1.0000,-1,-1,-1
183,45,1444.80,527.80,28.00,74.70,1.0000,-1,-1,-1
184,42,690.00,533.10,38.40,91.10,1.0000,-1,-1,-1
184,43,594.90,580.60,58.40,132.30,1.0000,-1,-1,-1
184,44,585.10,757.60,150.00,323.40,1.0000,-1,-1,-1
184,45,1433.90,524.60,26.60,75.20,1.0000,-1,-1,-1
185,42,674.70,531.80,39.10,90.90,1.0000,-1,-1,-1
185,43,579.20,580.30,58.40,131.60,1.0000,-1,-1,-1
185,44,555.40,753.30,154.30,327.70,1.0000,-1,-1,-1
185,45,1424.20,525.50,25.90,76.50,1.0000,-1,-1,-1
186,42,659.90,533.20,41.00,93.90,1.0000,-1,-1,-1
186,43,560.10,580.70,60.40,135.70,1.0000,-1,-1,-1
186,44,526.40,755.20,155.90,325.80,1.0000,-1,-1,-1
186,45,1411.40,528.10,27.70,74.50,1.0000,-1,-1,-1
187,42,646.30,533.00,39.60,92.60,1.0000,-1,-1,-1
187,43,544.00,583.40,62.10,134.90,1.0000,-1,-1,-1
187,44,499.50,756.50,158.50,324.50,1.0000,-1,-1,-1
187,45,1400.10,526.90,27.70,78.70,1.0000,-1,-1,-1
188,42,631.40,530.10,42.50,95.90,1.0000,-1,-1,-1
188,43,527.40,584.40,63.70,136.40,1.0000,-1,-1,-1
188,44,472.30,758.10,158.40,322.90,1.0000,-1,-1,-1
188,45,1391.40,526.20,27.60,79.30,1.0000,-1,-1,-1
189,42,621.40,534.40,39.00,91.80,1.0000,-1,-1,-1
189,43,509.20,583.90,65.90,137.50,1.0000,-1,-1,-1
189,44,441.00,761.30,167.70,319.70,1.0000,-1,-1,-1
189,45,1378.10,527.90,30.60,79.60,1.0000,-1,-1,-1
190,42,607.80,534.80,40.10,94.20,1.0000,-1,-1,-1
190,43,495.00,584.60,65.50,139.60,1.0000,-1,-1,-1
190,44,414.30,769.50,169.70,311.50,1.0000,-1,-1,-1
190,45,1369.60,527.80,30.20,82.90,1.0000,-1,-1,-1
191,42,596.50,536.70,38.40,92.30,1.0000,-1,-1,-1
191,43,476.90,586.40,67.90,139.50,1.0000,-1,-1,-1
191,44,385.80,775.30,174.80,305.70,1.0000,-1,-1,-1
191,45,1359.40,527.90,31.80,80.90,1.0000,-1,-1,-1
192,42,579.90,539.00,38.30,91.40,0.9910,-1,-1,-1
192,43,459.60,588.20,71.10,139.80,1.0000,-1,-1,-1
192,44,355.10,781.50,182.80,299.50,1.0000,-1,-1,-1
192,45,1351.10,526.00,33.60,81.00,1.0000,-1,-1,-1
193,43,443.60,588.50,69.80,140.10,1.0000,-1,-1,-1
193,44,328.00,786.40,184.40,294.60,1.0000,-1,-1,-1
193,45,1342.60,526.30,32.00,79.10,1.0000,-1,-1,-1
193,42,569.00,541.10,31.60,87.30,0.0690,-1,-1,-1
194,43,427.60,588.00,70.40,143.80,1.0000,-1,-1,-1
194,44,304.10,794.10,180.00,286.90,1.0000,-1,-1,-1
194,45,1334.90,525.80,31.80,78.90,1.0000,-1,-1,-1
194,-1,1877.40,582.70,43.60,161.40,0.7530,-1,-1,-1
195,43,410.80,591.20,69.20,143.40,1.0000,-1,-1,-1
195,44,278.50,800.00,181.90,281.00,1.0000,-1,-1,-1
195,45,1326.80,525.20,31.80,80.00,1.0000,-1,-1,-1
195,46,1869.00,588.30,52.00,159.40,0.9980,-1,-1,-1
196,43,394.80,593.30,69.90,143.70,1.0000,-1,-1,-1
196,44,243.30,794.10,195.20,286.90,1.0000,-1,-1,-1
196,45,1318.90,525.70,33.70,77.00,1.0000,-1,-1,-1
196,46,1870.60,588.80,50.40,164.10,0.9980,-1,-1,-1
196,42,534.90,534.20,35.30,96.90,0.1290,-1,-1,-1
197,43,377.60,592.70,69.70,148.80,1.0000,-1,-1,-1
197,44,216.80,802.50,187.00,278.50,1.0000,-1,-1,-1
197,45,1310.80,526.80,32.80,78.80,1.0000,-1,-1,-1
197,46,1862.70,592.30,57.00,159.50,1.0000,-1,-1,-1
198,42,512.60,532.60,41.30,100.60,0.9880,-1,-1,-1
198,43,363.70,594.30,68.10,149.80,1.0000,-1,-1,-1
198,44,188.30,797.80,192.10,283.20,1.0000,-1,-1,-1
198,45,1304.60,525.70,31.70,83.00,1.0000,-1,-1,-1
198,46,1855.70,577.90,64.50,177.10,0.7310,-1,-1,-1
199,42,500.50,534.10,37.20,98.90,1.0000,-1,-1,-1
199,43,345.90,597.00,69.20,147.50,1.0000,-1,-1,-1
199,44,153.10,793.80,201.50,287.20,1.0000,-1,-1,-1
199,45,1297.40,526.60,31.70,82.10,1.0000,-1,-1,-1
200,42,487.90,537.00,38.80,97.70,1.0000,-1,-1,-1
200,43,328.80,599.20,68.40,149.30,1.0000,-1,-1,-1
200,44,124.10,804.70,203.40,276.30,1.0000,-1,-1,-1
200,45,1291.50,525.70,32.40,83.10,1.0000,-1,-1,-1
201,42,474.50,533.00,39.20,102.10,1.0000,-1,-1,-1
201,43,312.50,598.30,70.20,152.00,1.0000,-1,-1,-1
201,44,97.10,802.20,202.10,278.80,0.9980,-1,-1,-1
201,45,1285.10,526.20,33.00,83.60,1.0000,-1,-1,-1
202,42,465.60,531.80,40.20,102.70,1.0000,-1,-1,-1
202,43,296.60,596.60,69.90,155.40,1.0000,-1,-1,-1
202,44,64.40,809.80,202.40,271.20,0.9990,-1,-1,-1
202,45,1277.60,528.40,32.70,82.20,1.0000,-1,-1,-1
203,42,455.30,535.20,39.30,98.00,1.0000,-1,-1,-1
203,43,279.20,597.40,72.40,158.90,1.0000,-1,-1,-1
203,44,47.30,818.80,191.50,262.20,0.9990,-1,-1,-1
203,45,1271.80,526.40,32.10,83.20,1.0000,-1,-1,-1
204,42,442.80,531.50,41.30,99.20,1.0000,-1,-1,-1
204,43,262.10,600.00,72.70,158.70,1.0000,-1,-1,-1
204,44,28.80,826.30,183.10,254.70,0.9320,-1,-1,-1
204,45,1265.90,526.50,31.60,85.30,1.0000,-1,-1,-1
205,43,245.10,598.60,75.60,163.80,1.0000,-1,-1,-1
205,44,4.00,827.90,182.60,253.10,0.9810,-1,-1,-1
205,45,1260.20,525.80,34.10,85.90,1.0000,-1,-1,-1
206,43,228.70,599.90,77.60,163.30,1.0000,-1,-1,-1
206,45,1256.20,526.00,33.30,83.10,1.0000,-1,-1,-1
206,44,7.30,833.40,159.70,247.60,0.4400,-1,-1,-1
206,46,1799.10,565.40,68.20,201.20,0.0610,-1,-1,-1
207,43,209.10,597.10,83.60,170.40,1.0000,-1,-1,-1
207,44,12.90,843.70,118.00,237.30,0.8340,-1,-1,-1
207,45,1251.90,527.30,31.80,79.80,1.0000,-1,-1,-1
208,43,194.10,597.60,84.30,170.60,1.0000,-1,-1,-1
208,44,1.00,843.40,100.10,237.60,0.6990,-1,-1,-1
208,45,1248.70,526.30,33.10,83.40,1.0000,-1,-1,-1
208,46,1790.20,555.10,66.20,209.10,0.1350,-1,-1,-1
209,43,177.10,602.30,85.80,170.10,1.0000,-1,-1,-1
209,44,3.70,867.30,72.60,213.70,0.6020,-1,-1,-1
209,45,1245.90,528.40,33.00,81.60,1.0000,-1,-1,-1
210,43,163.60,607.20,86.60,167.70,1.0000,-1,-1,-1
210,45,1242.50,523.20,32.40,84.30,1.0000,-1,-1,-1
210,46,1781.50,590.00,56.40,161.90,0.6460,-1,-1,-1
211,43,146.20,608.00,90.70,173.90,1.0000,-1,-1,-1
211,45,1239.20,521.90,31.50,85.40,1.0000,-1,-1,-1
211,46,1776.70,593.00,55.30,157.40,0.9960,-1,-1,-1
212,42,378.30,532.40,33.80,95.00,0.9930,-1,-1,-1
212,43,132.70,609.50,93.80,173.20,1.0000,-1,-1,-1
212,45,1235.30,524.20,30.50,82.50,1.0000,-1,-1,-1
212,46,1772.50,587.80,57.30,162.60,0.9990,-1,-1,-1
213,42,364.70,532.60,41.60,104.90,1.0000,-1,-1,-1
213,43,113.50,611.10,96.30,174.40,1.0000,-1,-1,-1
213,45,1232.30,523.80,31.40,85.00,1.0000,-1,-1,-1
213,46,1770.60,580.50,58.80,169.20,1.0000,-1,-1,-1
214,42,359.00,534.00,40.80,102.70,1.0000,-1,-1,-1
214,43,99.30,609.90,99.50,179.20,1.0000,-1,-1,-1
214,45,1228.50,523.10,34.70,86.60,1.0000,-1,-1,-1
214,46,1767.80,580.10,61.20,170.50,1.0000,-1,-1,-1
215,42,349.80,532.80,40.60,103.00,1.0000,-1,-1,-1
215,43,83.00,612.40,100.80,180.90,1.0000,-1,-1,-1
215,45,1227.40,522.40,34.60,89.00,1.0000,-1,-1,-1
215,46,1764.70,577.90,63.10,175.70,1.0000,-1,-1,-1
216,42,342.20,532.10,41.80,104.70,1.0000,-1,-1,-1
216,43,70.90,613.60,103.20,183.80,1.0000,-1,-1,-1
216,45,1226.80,519.80,35.10,90.80,1.0000,-1,-1,-1
216,46,1763.40,575.30,66.00,179.80,1.0000,-1,-1,-1
217,42,333.00,535.40,44.40,101.70,1.0000,-1,-1,-1
217,43,55.00,617.30,103.10,185.10,1.0000,-1,-1,-1
217,45,1226.00,519.70,36.30,91.40,1.0000,-1,-1,-1
217,46,1762.10,583.40,65.50,172.20,1.0000,-1,-1,-1
218,42,330.40,537.10,42.40,101.30,1.0000,-1,-1,-1
218,43,43.20,616.20,105.00,190.70,1.0000,-1,-1,-1
218,45,1225.80,519.90,36.00,91.50,1.0000,-1,-1,-1
218,46,1759.50,578.20,70.60,180.40,1.0000,-1,-1,-1
219,42,324.80,535.40,43.80,104.00,1.0000,-1,-1,-1
219,43,29.10,620.80,104.70,190.40,1.0000,-1,-1,-1
219,45,1225.80,522.90,35.60,91.40,1.0000,-1,-1,-1
219,46,1757.40,581.80,74.40,179.70,1.0000,-1,-1,-1
220,42,317.60,536.40,45.40,105.90,1.0000,-1,-1,-1
220,43,16.20,625.30,106.10,191.30,1.0000,-1,-1,-1
220,45,1226.20,519.90,34.90,90.70,1.0000,-1,-1,-1
220,46,1757.10,578.00,79.70,181.20,1.0000,-1,-1,-1
221,42,314.40,535.60,45.60,105.00,1.0000,-1,-1,-1
221,43,4.40,627.70,104.60,197.90,1.0000,-1,-1,-1
221,45,1226.20,519.80,34.70,92.80,1.0000,-1,-1,-1
221,46,1763.30,581.90,76.00,178.80,1.0000,-1,-1,-1
221,-1,813.90,478.70,21.80,52.10,0.1890,-1,-1,-1
221,-1,328.00,491.80,25.50,57.90,0.0660,-1,-1,-1
222,42,309.70,538.70,45.40,105.10,1.0000,-1,-1,-1
222,43,1.00,637.30,95.80,199.00,1.0000,-1,-1,-1
222,45,1226.70,519.10,35.20,93.50,1.0000,-1,-1,-1
222,46,1767.40,581.70,75.50,174.60,1.0000,-1,-1,-1
222,-1,811.50,478.40,22.00,53.70,0.2290,-1,-1,-1
223,42,306.80,539.50,45.40,104.50,1.0000,-1,-1,-1
223,43,1.00,640.60,82.30,200.70,1.0000,-1,-1,-1
223,45,1227.10,517.90,35.60,93.90,1.0000,-1,-1,-1
223,46,1770.50,582.60,76.20,171.00,1.0000,-1,-1,-1
223,-1,306.30,494.80,23.20,58.70,0.4380,-1,-1,-1
223,-1,293.10,495.80,22.10,58.70,0.1240,-1,-1,-1
223,-1,325.60,493.70,22.00,54.10,0.0510,-1,-1,-1
223,-1,810.80,478.70,22.00,55.80,0.9650,-1,-1,-1
224,42,302.80,541.00,45.40,105.70,1.0000,-1,-1,-1
224,43,1.00,641.80,71.50,203.10,1.0000,-1,-1,-1
224,45,1229.50,515.80,35.20,95.40,1.0000,-1,-1,-1
224,46,1774.60,579.10,72.70,177.30,1.0000,-1,-1,-1
224,47,809.70,478.90,21.70,55.70,0.9880,-1,-1,-1
224,-1,299.40,512.50,29.50,67.70,0.3370,-1,-1,-1
224,-1,274.20,497.00,21.70,59.20,0.1790,-1,-1,-1
224,-1,291.40,495.10,22.80,57.90,0.9060,-1,-1,-1
225,42,298.70,541.40,46.00,106.10,1.0000,-1,-1,-1
225,43,1.00,652.80,58.50,193.40,0.9990,-1,-1,-1
225,45,1231.30,518.20,34.00,93.40,1.0000,-1,-1,-1
225,46,1779.60,574.30,69.30,181.10,1.0000,-1,-1,-1
225,47,809.70,479.20,21.50,55.30,0.9870,-1,-1,-1
225,48,290.60,497.30,22.90,54.20,0.9470,-1,-1,-1
225,-1,273.90,500.40,22.60,56.80,0.3720,-1,-1,-1
225,-1,294.60,517.30,31.30,66.40,0.2550,-1,-1,-1
226,42,296.90,541.60,45.40,107.40,1.0000,-1,-1,-1
226,45,1233.00,518.50,33.50,92.70,1.0000,-1,-1,-1
226,46,1785.90,575.30,64.10,180.40,1.0000,-1,-1,-1
226,47,809.00,480.00,21.50,55.50,0.9950,-1,-1,-1
226,48,287.10,498.40,24.30,56.40,0.9570,-1,-1,-1
226,-1,291.70,517.50,32.00,64.20,0.2240,-1,-1,-1
227,42,293.20,540.00,45.10,109.00,1.0000,-1,-1,-1
227,45,1234.90,518.80,33.30,93.60,1.0000,-1,-1,-1
227,46,1789.60,570.50,61.10,188.20,1.0000,-1,-1,-1
227,47,808.70,479.10,21.40,55.80,0.9970,-1,-1,-1
227,48,283.00,498.20,25.60,58.50,0.9680,-1,-1,-1
227,-1,290.50,517.70,32.60,69.10,0.2080,-1,-1,-1
228,42,288.80,544.90,47.40,107.10,1.0000,-1,-1,-1
228,45,1237.60,521.70,32.80,91.20,1.0000,-1,-1,-1
228,46,1795.20,572.00,59.70,188.60,0.9990,-1,-1,-1
228,47,807.40,481.70,20.20,53.90,0.9980,-1,-1,-1
228,48,277.30,501.50,26.10,61.60,0.9900,-1,-1,-1
229,42,286.00,545.10,49.90,106.90,1.0000,-1,-1,-1
229,45,1242.00,521.60,32.00,90.50,1.0000,-1,-1,-1
229,46,1799.40,571.10,60.40,189.00,1.0000,-1,-1,-1
229,47,807.40,481.40,20.20,53.80,0.9980,-1,-1,-1
229,48,273.90,505.90,26.50,58.00,0.9960,-1,-1,-1
229,-1,287.40,499.60,22.20,54.90,0.5920,-1,-1,-1
229,-1,287.70,521.40,33.70,76.60,0.0800,-1,-1,-1
230,42,284.20,545.60,50.70,105.90,1.0000,-1,-1,-1
230,45,1245.30,519.60,32.00,91.90,1.0000,-1,-1,-1
230,46,1800.00,576.20,61.80,185.00,0.9960,-1,-1,-1
230,47,807.30,481.50,20.80,53.10,0.9980,-1,-1,-1
230,48,273.60,502.00,26.80,59.50,0.9930,-1,-1,-1
230,-1,295.10,496.80,21.10,52.00,0.2540,-1,-1,-1
231,42,282.00,544.80,52.00,106.80,1.0000,-1,-1,-1
231,45,1247.60,518.70,31.70,92.70,1.0000,-1,-1,-1
231,47,807.40,481.90,21.50,51.80,0.9940,-1,-1,-1
231,48,273.80,501.10,27.10,60.30,0.9900,-1,-1,-1
231,-1,295.40,495.50,21.00,51.30,0.1530,-1,-1,-1
231,-1,241.00,500.20,19.80,57.60,0.1390,-1,-1,-1
232,42,279.60,540.80,52.00,110.90,1.0000,-1,-1,-1
232,45,1251.10,523.60,31.40,90.00,1.0000,-1,-1,-1
232,47,807.10,478.80,22.10,53.90,0.9960,-1,-1,-1
232,48,270.90,497.20,26.90,61.20,0.9710,-1,-1,-1
232,-1,244.20,496.70,20.60,61.00,0.2330,-1,-1,-1
233,42,277.90,538.20,51.40,110.80,1.0000,-1,-1,-1
233,45,1253.80,523.70,32.20,90.80,1.0000,-1,-1,-1
233,47,807.90,478.00,22.20,53.60,0.9940,-1,-1,-1
233,48,274.80,495.30,24.10,58.30,0.9180,-1,-1,-1
233,-1,344.40,484.90,18.60,44.30,0.4230,-1,-1,-1
233,-1,315.40,488.30,19.60,46.60,0.0730,-1,-1,-1
233,-1,240.60,496.60,20.80,63.00,0.0730,-1,-1,-1
234,42,276.20,536.10,49.70,108.40,1.0000,-1,-1,-1
234,45,1256.50,523.80,32.20,90.70,1.0000,-1,-1,-1
234,47,807.50,476.70,22.60,53.40,0.9950,-1,-1,-1
234,48,263.60,495.30,25.30,58.00,0.8770,-1,-1,-1
234,-1,244.40,494.80,21.70,60.70,0.3430,-1,-1,-1
234,-1,340.10,477.90,21.30,45.20,0.9950,-1,-1,-1
235,42,273.50,535.30,50.70,109.80,1.0000,-1,-1,-1
235,45,1259.10,526.00,32.40,92.30,1.0000,-1,-1,-1
235,47,805.50,474.60,23.10,50.30,0.9410,-1,-1,-1
235,48,258.40,496.70,24.90,56.40,0.8270,-1,-1,-1
235,49,340.00,477.20,21.10,44.80,0.9980,-1,-1,-1
235,-1,245.30,496.90,22.50,60.80,0.4270,-1,-1,-1
235,-1,277.10,488.20,21.80,49.50,0.0520,-1,-1,-1
236,42,270.90,534.80,51.50,110.10,1.0000,-1,-1,-1
236,45,1262.30,525.10,32.00,93.40,1.0000,-1,-1,-1
236,46,1824.00,583.00,56.60,198.30,0.9610,-1,-1,-1
236,47,805.50,474.70,22.90,49.30,0.8950,-1,-1,-1
236,48,254.00,496.40,24.00,55.60,0.7530,-1,-1,-1
236,49,338.80,476.90,20.70,43.20,0.9970,-1,-1,-1
236,-1,269.50,492.00,22.90,50.70,0.5010,-1,-1,-1
236,-1,240.20,494.20,23.10,59.70,0.1100,-1,-1,-1
237,42,268.10,532.60,52.30,109.90,1.0000,-1,-1,-1
237,45,1267.50,525.80,30.40,92.40,1.0000,-1,-1,-1
237,46,1834.90,584.60,57.80,201.60,0.9910,-1,-1,-1
237,48,250.70,494.80,24.80,57.60,0.7750,-1,-1,-1
237,49,338.30,473.60,20.80,43.70,0.9980,-1,-1,-1
237,47,805.30,475.20,23.00,44.00,0.2650,-1,-1,-1
237,-1,236.70,491.50,22.80,61.70,0.1180,-1,-1,-1
238,42,265.20,532.70,51.70,110.70,1.0000,-1,-1,-1
238,45,1269.80,527.80,32.10,93.40,1.0000,-1,-1,-1
238,46,1837.20,594.70,63.50,187.90,1.0000,-1,-1,-1
238,47,803.80,474.90,22.50,48.10,0.7380,-1,-1,-1
238,49,337.90,472.10,20.90,43.50,0.9980,-1,-1,-1
238,48,251.70,494.70,23.90,54.60,0.3220,-1,-1,-1
238,-1,275.00,494.50,24.90,48.10,0.2200,-1,-1,-1
239,42,261.40,531.20,52.80,115.20,1.0000,-1,-1,-1
239,45,1271.30,528.40,32.30,96.70,1.0000,-1,-1,-1
239,46,1845.70,603.40,62.20,185.80,1.0000,-1,-1,-1
239,49,337.50,471.10,22.50,46.00,0.9970,-1,-1,-1
239,47,803.40,477.50,24.90,44.60,0.2200,-1,-1,-1
239,48,251.00,492.60,23.80,54.60,0.2010,-1,-1,-1
239,-1,280.10,491.80,23.00,46.60,0.0720,-1,-1,-1
240,42,258.70,530.80,52.90,116.00,1.0000,-1,-1,-1
240,45,1274.20,530.50,32.40,99.80,1.0000,-1,-1,-1
240,46,1853.20,606.90,58.40,194.20,1.0000,-1,-1,-1
240,49,336.20,472.20,22.10,44.50,0.9970,-1,-1,-1
240,47,805.60,480.30,24.30,44.20,0.0580,-1,-1,-1
240,48,255.10,496.30,24.20,52.00,0.3250,-1,-1,-1
240,-1,283.50,491.70,21.40,44.30,0.0510,-1,-1,-1
241,42,255.50,530.60,53.60,117.20,1.0000,-1,-1,-1
241,45,1277.00,533.00,31.70,99.30,1.0000,-1,-1,-1
241,46,1856.10,605.30,62.90,200.50,1.0000,-1,-1,-1
241,49,335.90,471.80,21.60,44.10,0.9970,-1,-1,-1
241,48,253.30,495.90,25.50,53.90,0.3130,-1,-1,-1
242,42,252.40,530.10,53.00,118.40,1.0000,-1,-1,-1
242,45,1279.60,532.60,32.20,104.40,1.0000,-1,-1,-1
242,46,1859.00,608.90,62.00,205.40,0.9990,-1,-1,-1
242,49,335.70,472.60,20.50,44.00,0.9950,-1,-1,-1
242,47,805.60,481.60,24.20,43.30,0.0770,-1,-1,-1
242,48,254.90,496.20,26.40,53.20,0.0660,-1,-1,-1
243,42,248.50,532.70,55.30,117.10,1.0000,-1,-1,-1
243,45,1283.10,530.40,31.60,104.40,1.0000,-1,-1,-1
243,46,1861.70,606.20,59.30,212.60,0.9990,-1,-1,-1
243,49,335.10,474.20,20.20,42.40,0.9980,-1,-1,-1
243,47,805.60,480.70,24.30,44.70,0.2100,-1,-1,-1
244,42,246.40,533.60,53.90,116.70,1.0000,-1,-1,-1
244,45,1287.10,530.90,32.40,107.00,1.0000,-1,-1,-1
244,46,1870.20,607.60,50.80,224.90,0.9690,-1,-1,-1
244,49,334.70,474.30,20.00,42.70,0.9980,-1,-1,-1
244,47,806.50,483.10,24.30,44.40,0.3200,-1,-1,-1
244,-1,296.40,479.80,17.30,39.90,0.1350,-1,-1,-1
245,42,245.80,533.70,52.10,117.90,1.0000,-1,-1,-1
245,45,1288.70,532.00,33.60,104.30,1.0000,-1,-1,-1
245,49,333.70,475.10,20.80,43.40,0.9980,-1,-1,-1
245,46,1880.40,610.00,40.60,211.80,0.4070,-1,-1,-1
245,47,805.20,484.20,25.20,44.50,0.3540,-1,-1,-1
246,42,242.60,535.30,51.80,117.00,1.0000,-1,-1,-1
246,45,1293.20,532.70,32.00,106.60,1.0000,-1,-1,-1
246,47,803.80,485.50,24.40,42.90,0.6040,-1,-1,-1
246,49,335.20,474.50,19.80,45.80,0.9980,-1,-1,-1
246,46,1881.60,614.30,39.40,198.70,0.0970,-1,-1,-1
247,42,240.70,540.20,51.80,114.80,1.0000,-1,-1,-1
247,45,1295.40,530.70,33.80,109.40,1.0000,-1,-1,-1
247,47,805.30,485.00,24.10,43.90,0.9390,-1,-1,-1
247,49,333.60,477.10,20.10,44.00,0.9990,-1,-1,-1
248,42,238.60,536.00,52.10,118.20,1.0000,-1,-1,-1
248,45,1299.40,531.70,34.10,111.30,1.0000,-1,-1,-1
248,47,805.60,485.60,23.80,42.50,0.9820,-1,-1,-1
248,49,334.00,475.20,20.50,43.50,0.9980,-1,-1,-1
249,42,237.00,543.10,52.90,118.20,1.0000,-1,-1,-1
249,45,1302.70,536.00,35.80,108.50,1.0000,-1,-1,-1
249,47,806.30,488.60,23.90,37.70,0.9550,-1,-1,-1
249,49,335.10,480.60,20.00,46.30,0.9990,-1,-1,-1
250,42,235.50,538.80,53.40,117.60,1.0000,-1,-1,-1
250,45,1309.20,531.70,38.30,112.40,1.0000,-1,-1,-1
250,47,807.30,485.10,24.80,41.50,0.9810,-1,-1,-1
250,49,334.40,477.70,21.00,43.70,0.9970,-1,-1,-1
251,42,235.40,545.30,54.50,119.70,1.0000,-1,-1,-1
251,45,1314.20,529.50,40.50,116.40,1.0000,-1,-1,-1
251,47,808.60,486.80,24.10,38.90,0.9710,-1,-1,-1
251,49,336.50,482.90,20.10,45.30,0.9990,-1,-1,-1
252,42,235.00,545.90,54.00,118.10,1.0000,-1,-1,-1
252,45,1319.60,532.80,40.20,111.70,1.0000,-1,-1,-1
252,47,810.90,486.90,23.60,39.90,0.9610,-1,-1,-1
252,49,337.80,483.50,20.50,45.00,0.9990,-1,-1,-1
253,42,234.60,553.20,56.00,117.10,1.0000,-1,-1,-1
253,45,1326.80,531.90,38.60,109.40,0.9990,-1,-1,-1
253,47,812.40,485.40,23.20,41.00,0.9880,-1,-1,-1
253,49,338.90,485.70,19.80,45.70,0.9990,-1,-1,-1
254,42,236.00,552.00,56.50,117.20,1.0000,-1,-1,-1
254,45,1333.20,534.70,41.00,110.80,1.0000,-1,-1,-1
254,47,817.20,485.20,22.50,41.10,0.9860,-1,-1,-1
254,49,343.10,487.70,19.40,44.70,0.9980,-1,-1,-1
255,42,239.10,552.70,55.90,118.30,1.0000,-1,-1,-1
255,45,1340.90,534.40,41.50,112.50,1.0000,-1,-1,-1
255,47,817.90,484.50,23.30,40.80,0.9880,-1,-1,-1
255,49,345.30,488.30,18.40,43.90,0.9990,-1,-1,-1
256,42,239.80,553.80,55.90,118.30,1.0000,-1,-1,-1
256,45,1348.60,539.30,41.40,108.90,1.0000,-1,-1,-1
256,47,823.80,485.30,22.30,39.40,0.9880,-1,-1,-1
256,49,349.10,488.00,20.80,45.80,0.9990,-1,-1,-1
256,-1,338.90,486.80,19.60,44.10,0.2270,-1,-1,-1
257,42,240.40,554.50,57.20,120.80,1.0000,-1,-1,-1
257,45,1359.40,544.00,40.10,107.30,0.9990,-1,-1,-1
257,47,827.30,485.90,22.90,38.80,0.9190,-1,-1,-1
257,49,352.10,487.90,21.10,47.20,0.9990,-1,-1,-1
257,-1,336.60,487.90,19.50,43.70,0.1290,-1,-1,-1
258,42,241.00,554.80,57.50,122.50,1.0000,-1,-1,-1
258,45,1367.30,548.10,40.10,103.70,0.9990,-1,-1,-1
258,49,354.70,490.20,19.90,46.30,0.9980,-1,-1,-1
258,47,833.70,485.30,23.30,43.70,0.3660,-1,-1,-1
258,-1,341.80,493.80,17.20,41.80,0.2500,-1,-1,-1
259,42,242.60,553.70,58.20,123.80,1.0000,-1,-1,-1
259,45,1373.70,550.20,41.80,103.30,0.9870,-1,-1,-1
259,47,838.70,485.90,23.20,41.40,0.6200,-1,-1,-1
259,49,358.40,488.70,18.80,45.10,0.9960,-1,-1,-1
259,48,260.40,525.00,32.30,51.70,0.0530,-1,-1,-1
259,-1,342.70,492.60,17.60,41.20,0.3900,-1,-1,-1
259,-1,330.80,488.30,20.20,42.70,0.1100,-1,-1,-1
260,42,244.60,556.20,56.80,125.60,1.0000,-1,-1,-1
260,49,360.60,492.30,19.30,45.90,0.9990,-1,-1,-1
260,47,843.50,487.20,23.70,43.00,0.2300,-1,-1,-1
260,-1,338.90,496.60,15.20,37.90,0.0610,-1,-1,-1
261,42,246.50,556.90,56.60,126.10,1.0000,-1,-1,-1
261,45,1394.30,554.00,38.00,101.90,0.6280,-1,-1,-1
261,49,364.10,492.70,19.00,46.10,0.9990,-1,-1,-1
262,42,249.10,559.90,55.50,126.50,1.0000,-1,-1,-1
262,49,366.90,497.80,18.10,43.70,0.9920,-1,-1,-1
262,45,1404.50,553.80,38.00,105.60,0.0710,-1,-1,-1
263,42,249.80,560.10,56.40,130.30,1.0000,-1,-1,-1
263,49,371.10,495.80,18.60,45.60,0.9960,-1,-1,-1
264,42,253.60,561.30,53.50,130.60,1.0000,-1,-1,-1
264,49,374.70,497.00,18.30,45.80,0.9840,-1,-1,-1
264,48,265.30,528.40,29.50,58.80,0.1410,-1,-1,-1
265,42,257.10,562.50,53.10,131.40,1.0000,-1,-1,-1
265,49,376.90,497.80,18.30,45.40,0.9920,-1,-1,-1
266,42,260.10,561.40,51.30,131.70,1.0000,-1,-1,-1
266,49,380.80,499.60,17.40,43.20,0.9960,-1,-1,-1
267,42,261.80,563.30,50.40,129.20,1.0000,-1,-1,-1
267,49,385.50,500.20,17.00,43.40,0.9980,-1,-1,-1
267,48,268.30,527.10,29.70,64.10,0.4520,-1,-1,-1
267,-1,370.50,501.10,16.90,42.10,0.3880,-1,-1,-1
268,42,264.70,568.50,51.40,126.60,1.0000,-1,-1,-1
268,48,272.80,523.30,26.30,59.00,0.7940,-1,-1,-1
268,49,390.00,502.00,15.60,40.90,0.9980,-1,-1,-1
268,-1,378.90,499.70,16.10,43.40,0.5260,-1,-1,-1
268,-1,369.60,503.40,15.90,40.70,0.3090,-1,-1,-1
269,42,268.20,568.60,50.90,127.10,1.0000,-1,-1,-1
269,48,274.20,524.20,26.70,58.30,0.8980,-1,-1,-1
269,49,395.80,501.10,15.00,43.20,0.9970,-1,-1,-1
269,-1,384.30,499.60,16.80,43.60,0.3020,-1,-1,-1
269,-1,374.10,501.00,15.90,41.40,0.1550,-1,-1,-1
270,42,269.60,570.80,52.40,129.30,1.0000,-1,-1,-1
270,48,276.80,525.60,27.60,59.50,0.9190,-1,-1,-1
270,49,399.80,499.70,15.90,44.50,0.9960,-1,-1,-1
270,47,891.80,500.40,24.30,50.50,0.1170,-1,-1,-1
270,-1,380.50,496.40,19.20,47.60,0.1300,-1,-1,-1
271,42,272.00,569.80,54.70,129.90,1.0000,-1,-1,-1
271,48,282.90,521.70,27.60,61.30,0.9290,-1,-1,-1
271,49,404.10,499.10,16.20,45.30,0.9810,-1,-1,-1
271,47,899.40,505.00,23.90,47.00,0.2240,-1,-1,-1
271,-1,392.50,498.20,19.30,45.10,0.2070,-1,-1,-1
272,42,275.90,571.90,55.00,131.80,1.0000,-1,-1,-1
272,47,904.40,503.10,22.90,50.10,0.8810,-1,-1,-1
272,48,285.80,520.30,30.10,67.20,0.9380,-1,-1,-1
272,49,407.90,499.70,19.00,45.00,0.9940,-1,-1,-1
272,-1,268.70,517.20,25.40,67.80,0.1630,-1,-1,-1
273,42,281.30,562.60,53.80,134.40,1.0000,-1,-1,-1
273,47,910.40,494.70,23.30,57.40,0.8630,-1,-1,-1
273,48,291.90,521.10,28.80,61.30,0.7970,-1,-1,-1
273,49,414.60,496.60,18.30,43.30,0.9950,-1,-1,-1
273,-1,390.20,492.40,19.90,47.60,0.1040,-1,-1,-1
274,42,284.10,566.80,53.00,135.30,1.0000,-1,-1,-1
274,47,916.40,499.90,22.20,55.10,0.7560,-1,-1,-1
274,48,294.80,523.00,28.50,62.60,0.9240,-1,-1,-1
274,49,419.60,500.90,16.10,42.20,0.9840,-1,-1,-1
274,-1,410.10,500.50,15.10,42.80,0.7470,-1,-1,-1
275,42,292.00,565.50,53.00,139.10,1.0000,-1,-1,-1
275,47,925.70,499.60,21.50,55.10,0.9730,-1,-1,-1
275,48,293.10,525.40,31.20,69.80,0.6540,-1,-1,-1
275,49,428.00,503.10,14.90,43.00,0.9940,-1,-1,-1
275,50,403.00,501.70,17.30,43.50,0.3940,-1,-1,-1
276,42,298.60,558.50,48.40,132.10,1.0000,-1,-1,-1
276,47,934.00,492.10,25.20,57.80,0.9330,-1,-1,-1
276,48,303.10,522.50,31.60,67.80,0.7390,-1,-1,-1
276,49,432.50,491.10,17.10,46.80,0.9930,-1,-1,-1
276,50,397.10,491.60,19.70,44.00,0.2190,-1,-1,-1
276,-1,414.10,489.10,21.40,46.80,0.4900,-1,-1,-1
276,-1,577.60,467.00,28.50,64.90,0.3580,-1,-1,-1
277,42,303.90,563.10,49.90,131.70,1.0000,-1,-1,-1
277,47,940.60,483.90,22.50,60.80,0.9980,-1,-1,-1
277,48,307.50,521.20,29.40,60.10,0.7400,-1,-1,-1
277,49,436.40,492.60,17.00,45.20,0.9880,-1,-1,-1
277,50,402.10,494.60,19.80,43.70,0.1700,-1,-1,-1
277,-1,422.40,494.70,20.00,43.70,0.7930,-1,-1,-1
278,42,309.70,566.20,49.60,133.20,1.0000,-1,-1,-1
278,47,947.70,485.50,20.80,61.00,0.9890,-1,-1,-1
278,48,311.30,519.90,31.20,66.00,0.8240,-1,-1,-1
278,49,444.80,494.00,19.60,44.50,0.9970,-1,-1,-1
278,51,425.90,496.70,18.60,41.10,0.7600,-1,-1,-1
279,42,316.60,564.10,51.20,133.70,1.0000,-1,-1,-1
279,47,957.90,487.80,22.70,59.00,0.9920,-1,-1,-1
279,49,453.10,495.40,18.10,41.90,0.9820,-1,-1,-1
279,51,425.10,495.70,19.60,41.30,0.8410,-1,-1,-1
279,48,322.10,528.80,33.00,62.20,0.5360,-1,-1,-1
280,42,324.20,572.10,50.30,135.50,1.0000,-1,-1,-1
280,47,967.60,486.10,22.40,61.20,0.9960,-1,-1,-1
280,48,323.70,530.80,32.30,69.90,0.8420,-1,-1,-1
280,49,461.30,499.70,16.90,45.60,0.9900,-1,-1,-1
280,51,435.00,499.20,20.50,46.00,0.7720,-1,-1,-1
280,-1,449.90,500.50,18.80,43.70,0.7080,-1,-1,-1
281,42,334.00,581.50,53.30,128.00,1.0000,-1,-1,-1
281,47,975.90,490.20,22.90,64.30,0.9970,-1,-1,-1
281,48,333.80,526.90,29.90,75.20,0.9860,-1,-1,-1
281,49,468.90,501.20,18.00,44.00,0.9940,-1,-1,-1
281,52,456.80,503.30,19.70,43.10,0.7240,-1,-1,-1
281,51,436.90,503.20,19.50,44.40,0.2720,-1,-1,-1
282,42,341.00,585.50,53.00,128.20,1.0000,-1,-1,-1
282,47,986.40,494.00,23.20,65.60,0.9970,-1,-1,-1
282,48,339.00,532.20,32.20,71.50,0.9950,-1,-1,-1
282,49,476.30,503.90,16.40,44.10,0.9920,-1,-1,-1
282,52,453.60,506.20,20.60,43.70,0.8730,-1,-1,-1
283,42,346.50,597.30,54.80,133.40,1.0000,-1,-1,-1
283,47,995.30,504.50,23.40,66.20,0.9980,-1,-1,-1
283,48,347.00,540.20,31.90,70.80,0.9800,-1,-1,-1
283,49,485.80,517.10,16.90,46.30,0.9940,-1,-1,-1
283,52,456.00,519.90,21.50,42.50,0.9180,-1,-1,-1
284,42,349.50,595.00,57.60,133.30,1.0000,-1,-1,-1
284,47,1001.90,506.00,21.90,66.80,0.9990,-1,-1,-1
284,48,348.00,537.90,31.70,70.60,0.9980,-1,-1,-1
284,49,487.90,515.10,17.70,44.10,0.9940,-1,-1,-1
284,52,455.80,515.20,22.10,45.90,0.9430,-1,-1,-1
285,42,357.60,596.30,57.40,134.40,1.0000,-1,-1,-1
285,47,1008.50,505.80,22.30,66.10,0.9980,-1,-1,-1
285,48,352.20,534.60,30.90,76.30,0.9990,-1,-1,-1
285,49,494.20,514.30,18.20,44.30,0.9930,-1,-1,-1
285,51,459.80,514.30,22.30,48.50,0.9240,-1,-1,-1
285,52,473.60,515.50,18.90,44.80,0.9270,-1,-1,-1
286,42,365.90,597.80,58.30,132.30,1.0000,-1,-1,-1
286,47,1016.60,508.20,22.10,64.50,0.9980,-1,-1,-1
286,48,356.70,535.20,32.30,76.20,0.9990,-1,-1,-1
286,49,499.20,515.30,16.90,42.90,0.9860,-1,-1,-1
286,52,474.70,516.50,22.50,44.00,0.9440,-1,-1,-1
287,42,373.70,598.60,60.00,128.30,1.0000,-1,-1,-1
287,47,1023.80,508.10,22.60,64.80,0.9990,-1,-1,-1
287,48,362.00,534.80,31.50,76.30,1.0000,-1,-1,-1
287,49,501.20,514.30,18.20,42.80,0.9870,-1,-1,-1
287,52,482.30,515.00,22.60,43.50,0.9690,-1,-1,-1
287,51,467.40,514.50,21.90,43.70,0.2440,-1,-1,-1
288,42,381.80,595.90,59.40,125.30,1.0000,-1,-1,-1
288,47,1031.90,509.30,21.60,63.40,0.9990,-1,-1,-1
288,48,366.40,529.90,31.20,75.90,1.0000,-1,-1,-1
288,49,508.50,508.60,18.80,45.90,0.9930,-1,-1,-1
288,51,483.30,505.80,21.60,45.90,0.6630,-1,-1,-1
288,52,494.90,507.90,20.80,47.20,0.9840,-1,-1,-1
289,42,386.20,594.10,63.30,129.00,1.0000,-1,-1,-1
289,47,1039.80,506.40,22.20,67.60,0.9990,-1,-1,-1
289,48,372.50,531.70,32.70,76.60,1.0000,-1,-1,-1
289,49,517.40,507.60,18.80,46.80,0.9920,-1,-1,-1
289,51,491.40,505.90,22.80,48.90,0.9900,-1,-1,-1
289,52,504.20,507.00,21.10,47.10,0.9680,-1,-1,-1
290,42,392.00,592.10,69.20,125.70,1.0000,-1,-1,-1
290,47,1048.80,507.30,22.00,65.50,0.9990,-1,-1,-1
290,48,376.30,524.40,31.80,79.90,1.0000,-1,-1,-1
290,49,525.70,502.10,18.90,45.90,0.9830,-1,-1,-1
290,51,496.80,502.50,22.30,47.80,0.9930,-1,-1,-1
290,52,512.10,503.60,19.30,44.00,0.9280,-1,-1,-1
291,42,397.80,591.20,73.50,128.20,1.0000,-1,-1,-1
291,47,1056.00,507.60,22.80,64.50,0.9990,-1,-1,-1
291,48,381.20,523.10,32.50,79.80,1.0000,-1,-1,-1
291,49,532.20,502.20,18.20,46.20,0.9890,-1,-1,-1
291,51,503.80,501.60,23.00,47.30,0.9890,-1,-1,-1
292,42,403.00,593.50,79.10,128.50,1.0000,-1,-1,-1
292,47,1065.00,508.20,22.90,66.10,0.9980,-1,-1,-1
292,48,387.00,524.80,32.10,78.90,1.0000,-1,-1,-1
292,49,540.60,503.70,17.00,44.40,0.9900,-1,-1,-1
292,51,509.40,502.50,22.70,46.50,0.9860,-1,-1,-1
292,52,529.50,502.60,17.40,45.90,0.9440,-1,-1,-1
292,-1,497.10,501.40,22.70,49.40,0.0730,-1,-1,-1
293,42,406.40,581.30,88.10,136.00,1.0000,-1,-1,-1
293,47,1072.60,505.60,23.00,66.80,0.9990,-1,-1,-1
293,48,392.40,521.20,32.20,84.30,1.0000,-1,-1,-1
293,49,550.30,498.40,17.20,49.60,0.9860,-1,-1,-1
293,51,517.30,497.10,21.70,50.00,0.9570,-1,-1,-1
293,52,538.00,497.80,18.70,48.50,0.9080,-1,-1,-1
294,42,417.40,580.30,92.10,136.10,1.0000,-1,-1,-1
294,47,1082.30,506.40,23.30,64.50,0.9990,-1,-1,-1
294,48,398.90,516.10,30.40,83.20,1.0000,-1,-1,-1
294,49,553.70,496.70,17.00,46.20,0.8700,-1,-1,-1
294,51,521.20,495.30,21.80,49.00,0.9910,-1,-1,-1
295,42,429.80,577.50,91.40,137.40,1.0000,-1,-1,-1
295,47,1088.20,504.80,24.10,65.00,0.9990,-1,-1,-1
295,48,405.00,512.10,29.90,83.50,1.0000,-1,-1,-1
295,49,564.00,494.10,17.80,46.60,0.9540,-1,-1,-1
295,51,530.60,493.30,21.50,49.10,0.9900,-1,-1,-1
295,52,548.30,494.20,19.50,47.00,0.9250,-1,-1,-1
296,42,443.60,578.70,91.40,135.70,1.0000,-1,-1,-1
296,47,1098.10,504.00,22.70,65.60,0.9990,-1,-1,-1
296,48,407.60,511.00,32.10,81.70,1.0000,-1,-1,-1
296,49,570.20,492.20,17.50,47.40,0.9780,-1,-1,-1
296,51,536.90,492.70,22.00,49.10,0.9790,-1,-1,-1
296,52,549.50,493.20,20.00,47.60,0.9450,-1,-1,-1
297,42,463.00,581.20,83.40,134.50,1.0000,-1,-1,-1
297,47,1106.20,502.80,23.80,65.40,0.9990,-1,-1,-1
297,48,414.60,509.10,32.70,82.40,1.0000,-1,-1,-1
297,49,576.20,490.80,18.00,48.80,0.9900,-1,-1,-1
297,51,543.00,492.80,21.80,47.80,0.9830,-1,-1,-1
297,52,556.90,491.60,18.50,48.20,0.9340,-1,-1,-1
297,-1,530.30,492.70,21.40,47.20,0.0630,-1,-1,-1
298,42,486.40,574.90,78.30,136.70,1.0000,-1,-1,-1
298,47,1114.00,498.60,24.50,64.90,0.9990,-1,-1,-1
298,48,419.70,501.50,33.90,83.50,1.0000,-1,-1,-1
298,49,586.20,485.70,17.80,45.80,0.9860,-1,-1,-1
298,51,547.10,485.00,23.50,46.90,0.9900,-1,-1,-1
298,52,574.50,486.50,18.90,45.00,0.6770,-1,-1,-1
299,42,499.30,570.40,77.50,131.50,1.0000,-1,-1,-1
299,47,1123.30,500.40,23.70,64.30,0.9980,-1,-1,-1
299,48,426.10,497.70,32.70,83.40,1.0000,-1,-1,-1
299,49,590.70,479.00,18.50,46.90,0.9870,-1,-1,-1
299,51,557.00,479.90,24.00,45.60,0.9980,-1,-1,-1
300,42,513.60,574.50,77.10,132.30,1.0000,-1,-1,-1
300,47,1130.80,496.90,25.10,66.70,0.9990,-1,-1,-1
300,48,429.80,500.20,35.20,87.90,1.0000,-1,-1,-1
300,49,593.20,484.60,18.60,45.00,0.9870,-1,-1,-1
300,51,561.50,485.00,23.90,45.70,0.9950,-1,-1,-1
301,42,523.10,568.20,85.80,138.90,1.0000,-1,-1,-1
301,47,1139.10,497.00,26.50,69.10,0.9980,-1,-1,-1
301,48,434.60,496.40,35.00,87.00,1.0000,-1,-1,-1
301,49,601.90,482.20,19.30,46.00,0.9880,-1,-1,-1
301,51,570.70,482.70,25.00,46.10,0.9950,-1,-1,-1
302,42,530.20,566.40,92.30,142.30,1.0000,-1,-1,-1
302,47,1147.10,500.40,25.30,65.80,0.9970,-1,-1,-1
302,48,440.40,499.40,36.70,88.30,1.0000,-1,-1,-1
302,49,610.70,484.10,19.50,44.50,0.9900,-1,-1,-1
302,51,576.40,484.10,24.50,45.70,0.9950,-1,-1,-1
303,42,541.80,572.70,97.90,151.20,1.0000,-1,-1,-1
303,47,1155.50,501.80,24.80,67.40,0.9980,-1,-1,-1
303,48,447.80,511.50,35.20,84.70,1.0000,-1,-1,-1
303,51,583.00,491.40,23.00,50.00,0.9950,-1,-1,-1
303,52,607.80,491.80,18.50,48.20,0.8540,-1,-1,-1
303,49,620.50,492.60,17.40,47.10,0.5910,-1,-1,-1
304,42,559.30,569.80,94.10,149.10,1.0000,-1,-1,-1
304,47,1165.80,506.00,25.40,68.30,0.9990,-1,-1,-1
304,48,454.40,504.70,33.40,86.60,1.0000,-1,-1,-1
304,49,627.90,491.10,18.70,46.50,0.9520,-1,-1,-1
304,51,592.80,491.10,23.40,47.10,0.9950,-1,-1,-1
304,52,608.50,489.70,20.70,46.90,0.9410,-1,-1,-1
305,42,571.90,599.80,96.20,147.00,1.0000,-1,-1,-1
305,47,1168.70,520.80,26.40,69.00,1.0000,-1,-1,-1
305,48,452.80,531.20,36.50,85.30,1.0000,-1,-1,-1
305,49,632.00,513.10,21.30,46.60,0.9540,-1,-1,-1
305,51,593.60,514.70,23.20,46.20,0.9950,-1,-1,-1
305,52,612.90,512.30,22.10,46.90,0.9120,-1,-1,-1
305,-1,782.00,482.30,30.90,70.90,0.9860,-1,-1,-1
306,42,590.60,621.10,94.60,144.90,1.0000,-1,-1,-1
306,47,1175.00,518.70,26.30,69.90,1.0000,-1,-1,-1
306,48,458.80,557.70,36.30,93.00,1.0000,-1,-1,-1
306,49,633.70,535.40,19.40,42.00,0.8630,-1,-1,-1
306,51,599.70,536.40,23.30,42.50,0.9900,-1,-1,-1
307,42,608.40,593.00,83.00,143.30,1.0000,-1,-1,-1
307,47,1184.20,511.40,26.70,67.50,1.0000,-1,-1,-1
307,48,460.30,523.50,37.40,88.40,1.0000,-1,-1,-1
307,51,604.70,506.50,23.50,45.60,0.9950,-1,-1,-1
307,52,638.10,505.50,20.40,46.30,0.8590,-1,-1,-1
307,-1,617.10,507.30,25.70,47.80,0.4080,-1,-1,-1
307,-1,793.20,471.80,29.40,71.10,0.3210,-1,-1,-1
308,42,620.60,586.90,86.20,140.10,1.0000,-1,-1,-1
308,47,1190.30,500.10,26.80,71.40,1.0000,-1,-1,-1
308,48,463.80,517.80,36.80,86.70,1.0000,-1,-1,-1
308,51,611.00,495.40,22.20,47.60,0.9970,-1,-1,-1
308,52,642.00,495.40,20.20,46.10,0.9210,-1,-1,-1
308,-1,623.10,496.70,23.80,49.30,0.1050,-1,-1,-1
309,42,639.30,581.90,85.40,148.30,1.0000,-1,-1,-1
309,47,1198.20,492.80,27.60,70.50,1.0000,-1,-1,-1
309,48,467.40,516.70,38.50,88.30,1.0000,-1,-1,-1
309,51,614.00,493.00,23.10,49.20,0.9980,-1,-1,-1
309,52,643.90,495.00,20.10,44.70,0.8860,-1,-1,-1
309,-1,654.30,495.00,22.00,44.30,0.2670,-1,-1,-1
310,42,647.80,572.70,90.90,145.10,1.0000,-1,-1,-1
310,47,1206.00,488.90,26.00,71.20,1.0000,-1,-1,-1
310,48,471.20,504.90,41.20,92.40,1.0000,-1,-1,-1
310,51,624.20,488.80,21.20,45.40,0.9970,-1,-1,-1
310,52,656.60,488.00,19.40,45.90,0.9310,-1,-1,-1
310,-1,640.30,487.70,20.50,45.90,0.9110,-1,-1,-1
311,42,658.00,568.30,92.40,152.80,1.0000,-1,-1,-1
311,47,1215.30,485.90,27.10,71.10,0.9990,-1,-1,-1
311,48,477.20,505.10,39.80,90.00,1.0000,-1,-1,-1
311,51,628.60,485.60,23.10,47.10,0.9960,-1,-1,-1
311,52,659.90,484.60,19.40,47.40,0.9130,-1,-1,-1
312,42,668.90,568.30,99.30,148.40,1.0000,-1,-1,-1
312,47,1223.00,484.60,27.70,74.00,1.0000,-1,-1,-1
312,48,483.30,502.80,37.20,90.70,1.0000,-1,-1,-1
312,51,634.50,483.60,22.40,48.50,0.9970,-1,-1,-1
312,52,667.00,483.90,19.80,47.10,0.9720,-1,-1,-1
313,42,681.40,566.50,99.70,151.70,1.0000,-1,-1,-1
313,47,1230.40,484.10,28.80,74.80,1.0000,-1,-1,-1
313,48,487.30,501.90,37.80,91.40,1.0000,-1,-1,-1
313,51,641.70,479.40,23.00,49.90,0.9970,-1,-1,-1
313,52,669.20,481.30,18.60,47.30,0.9800,-1,-1,-1
313,-1,681.80,483.30,22.30,47.10,0.0790,-1,-1,-1
314,42,689.00,564.20,106.10,155.40,1.0000,-1,-1,-1
314,47,1240.50,487.80,27.30,72.40,1.0000,-1,-1,-1
314,48,491.60,498.10,39.60,93.80,1.0000,-1,-1,-1
314,51,645.70,477.30,24.80,50.80,0.9970,-1,-1,-1
314,52,678.40,478.20,20.50,50.00,0.9920,-1,-1,-1
315,42,702.90,562.60,105.60,155.30,1.0000,-1,-1,-1
315,47,1249.60,484.90,27.30,72.00,1.0000,-1,-1,-1
315,48,495.00,498.90,41.10,93.30,1.0000,-1,-1,-1
315,51,651.60,477.10,23.90,49.60,0.9980,-1,-1,-1
315,52,676.10,477.20,20.90,48.80,0.9730,-1,-1,-1
316,42,722.50,570.80,98.60,151.30,1.0000,-1,-1,-1
316,47,1257.20,489.20,29.00,75.10,1.0000,-1,-1,-1
316,48,501.00,497.90,40.50,92.90,1.0000,-1,-1,-1
316,51,660.00,476.30,24.50,49.80,0.9970,-1,-1,-1
316,52,691.30,476.20,20.30,50.10,0.9860,-1,-1,-1
316,-1,674.30,476.20,20.70,49.80,0.9670,-1,-1,-1
317,42,742.70,575.10,89.30,149.00,1.0000,-1,-1,-1
317,47,1265.10,489.90,29.20,76.00,1.0000,-1,-1,-1
317,48,506.00,497.60,40.80,93.40,1.0000,-1,-1,-1
317,51,664.10,475.20,23.50,50.50,0.9970,-1,-1,-1
317,52,696.50,477.00,20.50,49.50,0.9900,-1,-1,-1
317,53,676.90,476.60,22.10,50.50,0.8080,-1,-1,-1
318,42,771.80,583.40,80.90,147.70,1.0000,-1,-1,-1
318,47,1273.60,497.60,29.20,71.30,1.0000,-1,-1,-1
318,48,509.50,499.40,40.40,94.10,1.0000,-1,-1,-1
318,51,671.80,477.50,24.30,50.70,0.9910,-1,-1,-1
318,52,700.40,480.00,21.10,48.50,0.9930,-1,-1,-1
318,53,689.30,479.30,20.60,49.30,0.9870,-1,-1,-1
319,42,789.10,588.20,78.00,147.20,1.0000,-1,-1,-1
319,47,1283.50,501.90,26.20,71.80,1.0000,-1,-1,-1
319,48,513.90,501.80,39.10,92.80,1.0000,-1,-1,-1
319,51,679.10,480.10,23.00,50.90,0.9970,-1,-1,-1
319,52,710.90,480.40,20.00,53.30,0.9900,-1,-1,-1
320,42,802.50,586.40,81.50,151.40,1.0000,-1,-1,-1
320,47,1291.30,505.40,26.60,70.50,1.0000,-1,-1,-1
320,48,517.90,498.30,42.10,94.60,1.0000,-1,-1,-1
320,51,683.80,479.70,23.40,50.40,0.9970,-1,-1,-1
320,52,716.10,480.40,19.30,52.10,0.9890,-1,-1,-1
320,53,702.00,479.70,20.90,51.10,0.9490,-1,-1,-1
321,42,817.90,582.20,85.50,158.80,1.0000,-1,-1,-1
321,47,1297.10,506.80,27.00,72.10,1.0000,-1,-1,-1
321,48,521.20,500.30,42.80,97.40,1.0000,-1,-1,-1
321,51,689.80,483.30,22.50,49.50,0.9830,-1,-1,-1
321,52,722.50,482.30,20.70,52.10,0.9910,-1,-1,-1
321,53,706.30,482.60,21.50,50.30,0.9480,-1,-1,-1
322,42,830.80,584.10,90.80,156.70,1.0000,-1,-1,-1
322,47,1308.70,508.10,27.40,70.80,1.0000,-1,-1,-1
322,48,526.00,501.40,42.60,95.30,1.0000,-1,-1,-1
322,51,694.30,481.90,23.70,51.20,0.9930,-1,-1,-1
322,52,727.40,481.20,21.60,54.70,0.9900,-1,-1,-1
322,53,712.50,481.60,19.80,52.00,0.9780,-1,-1,-1
323,42,843.20,583.80,96.20,165.30,1.0000,-1,-1,-1
323,47,1315.90,517.50,25.30,68.90,1.0000,-1,-1,-1
323,48,530.60,500.90,43.60,94.50,1.0000,-1,-1,-1
323,51,699.30,482.30,22.70,49.80,0.9880,-1,-1,-1
323,52,733.60,481.40,19.40,52.00,0.9930,-1,-1,-1
323,53,718.80,482.10,19.90,49.80,0.9680,-1,-1,-1
324,42,856.50,585.60,103.50,163.30,1.0000,-1,-1,-1
324,47,1322.00,516.70,26.40,70.50,1.0000,-1,-1,-1
324,48,535.30,503.90,42.90,95.90,1.0000,-1,-1,-1
324,51,706.40,484.30,23.50,50.50,0.9890,-1,-1,-1
324,52,738.00,482.90,18.70,54.20,0.9880,-1,-1,-1
325,42,871.90,594.20,103.60,162.10,1.0000,-1,-1,-1
325,47,1329.60,521.30,28.70,74.50,1.0000,-1,-1,-1
325,48,540.00,504.10,42.00,95.10,1.0000,-1,-1,-1
325,51,714.10,483.60,22.20,52.00,0.9970,-1,-1,-1
325,52,744.60,483.60,19.10,54.30,0.9840,-1,-1,-1
326,42,897.40,599.50,94.30,162.00,1.0000,-1,-1,-1
326,47,1341.40,524.40,28.20,69.60,1.0000,-1,-1,-1
326,48,545.80,505.30,40.80,95.10,1.0000,-1,-1,-1
326,51,722.20,485.70,22.60,50.70,0.9800,-1,-1,-1
326,52,754.80,482.50,21.80,55.30,0.9890,-1,-1,-1
327,42,926.90,605.80,86.00,160.70,1.0000,-1,-1,-1
327,47,1345.80,527.60,27.90,70.90,1.0000,-1,-1,-1
327,48,549.20,502.50,42.80,97.50,1.0000,-1,-1,-1
327,51,724.80,485.20,22.80,52.30,0.9890,-1,-1,-1
327,52,758.30,481.00,22.10,57.30,0.9920,-1,-1,-1
327,53,746.20,483.70,20.10,53.60,0.9700,-1,-1,-1
328,42,949.30,613.30,79.90,158.70,1.0000,-1,-1,-1
328,47,1353.80,535.20,27.30,66.20,1.0000,-1,-1,-1
328,48,551.40,509.00,42.20,95.40,1.0000,-1,-1,-1
328,51,725.70,487.60,22.80,54.90,0.9900,-1,-1,-1
328,52,760.70,484.70,22.50,59.00,0.9940,-1,-1,-1
328,53,742.00,487.60,20.80,55.10,0.9580,-1,-1,-1
329,42,969.10,612.10,78.40,161.20,1.0000,-1,-1,-1
329,47,1359.00,534.80,27.50,68.50,1.0000,-1,-1,-1
329,48,553.70,507.90,43.40,97.60,1.0000,-1,-1,-1
329,51,729.20,488.00,22.40,52.60,0.9740,-1,-1,-1
329,52,764.50,485.60,21.10,56.40,0.9980,-1,-1,-1
329,53,750.60,487.60,21.00,53.40,0.9180,-1,-1,-1
330,42,979.00,613.90,87.50,168.10,1.0000,-1,-1,-1
330,47,1366.60,540.90,28.60,68.90,1.0000,-1,-1,-1
330,48,557.40,509.70,44.20,97.60,1.0000,-1,-1,-1
330,52,766.90,488.30,19.20,56.40,0.9760,-1,-1,-1
330,53,746.10,489.60,20.80,53.30,0.9810,-1,-1,-1
331,42,990.50,608.90,93.70,172.80,1.0000,-1,-1,-1
331,47,1373.40,532.50,28.20,73.60,1.0000,-1,-1,-1
331,48,557.60,514.80,45.70,97.00,1.0000,-1,-1,-1
331,51,739.90,490.10,23.00,54.90,0.9960,-1,-1,-1
331,52,770.70,487.60,21.10,59.10,0.9870,-1,-1,-1
331,53,758.00,493.50,21.70,54.50,0.5370,-1,-1,-1
332,42,998.90,611.70,106.10,175.00,1.0000,-1,-1,-1
332,47,1378.90,535.20,27.60,73.30,1.0000,-1,-1,-1
332,48,560.80,517.30,46.20,98.70,1.0000,-1,-1,-1
332,51,743.00,492.20,23.00,57.00,0.9970,-1,-1,-1
332,52,777.70,489.60,23.20,62.00,0.9950,-1,-1,-1
332,53,764.30,492.60,22.50,57.20,0.8910,-1,-1,-1
333,42,1015.60,608.90,112.20,181.30,1.0000,-1,-1,-1
333,47,1387.00,532.80,28.50,70.20,1.0000,-1,-1,-1
333,48,562.90,523.60,45.50,94.30,1.0000,-1,-1,-1
333,51,745.40,494.60,22.80,57.20,0.9950,-1,-1,-1
333,52,780.90,491.90,23.10,62.00,0.9980,-1,-1,-1
333,53,763.30,495.00,22.80,55.90,0.9170,-1,-1,-1
334,42,1030.80,621.50,116.70,184.10,1.0000,-1,-1,-1
334,47,1392.40,545.50,28.60,71.90,1.0000,-1,-1,-1
334,48,565.60,527.30,46.40,98.50,1.0000,-1,-1,-1
334,51,749.70,504.20,24.80,52.90,0.9950,-1,-1,-1
334,52,785.20,504.00,22.20,55.90,0.9980,-1,-1,-1
334,53,771.00,506.30,22.20,54.80,0.6300,-1,-1,-1
335,42,1047.20,621.50,119.80,177.10,1.0000,-1,-1,-1
335,47,1397.90,537.10,28.30,69.50,1.0000,-1,-1,-1
335,48,566.70,529.90,46.20,99.20,1.0000,-1,-1,-1
335,51,751.90,504.00,25.10,52.90,0.9960,-1,-1,-1
335,52,787.30,502.60,22.30,57.30,0.9980,-1,-1,-1
335,53,769.50,503.70,21.60,54.30,0.9290,-1,-1,-1
336,42,1069.40,635.60,114.70,174.00,1.0000,-1,-1,-1
336,47,1408.10,538.20,26.80,72.80,1.0000,-1,-1,-1
336,48,570.20,533.70,46.30,100.10,1.0000,-1,-1,-1
336,51,756.20,506.30,24.60,55.80,0.9930,-1,-1,-1
336,52,792.30,507.70,21.50,57.40,0.9930,-1,-1,-1
336,53,780.00,507.90,19.60,55.10,0.9430,-1,-1,-1
337,42,1098.10,635.60,102.70,170.40,1.0000,-1,-1,-1
337,47,1413.20,533.40,28.90,67.80,1.0000,-1,-1,-1
337,48,571.20,532.80,46.50,102.40,1.0000,-1,-1,-1
337,51,755.90,503.80,25.40,54.50,0.9890,-1,-1,-1
337,52,792.80,504.20,23.50,57.90,0.9990,-1,-1,-1
337,53,780.00,505.20,21.60,55.10,0.8680,-1,-1,-1
338,42,1125.30,638.10,98.30,177.00,1.0000,-1,-1,-1
338,47,1421.20,529.90,28.90,69.80,1.0000,-1,-1,-1
338,48,574.70,545.60,44.30,102.10,1.0000,-1,-1,-1
338,51,761.90,510.40,23.40,56.30,0.9800,-1,-1,-1
338,52,795.90,510.10,21.90,59.40,0.9960,-1,-1,-1
339,42,1142.40,637.70,99.80,184.10,1.0000,-1,-1,-1
339,47,1427.20,531.30,29.40,70.80,1.0000,-1,-1,-1
339,48,575.60,544.10,45.30,102.80,1.0000,-1,-1,-1
339,51,766.00,510.60,24.40,55.30,0.9930,-1,-1,-1
339,52,800.60,509.50,21.30,60.20,0.9950,-1,-1,-1
339,53,782.50,511.30,21.40,56.00,0.9630,-1,-1,-1
339,-1,1354.70,521.50,27.00,64.80,0.2460,-1,-1,-1
340,42,1158.70,631.30,101.20,191.10,1.0000,-1,-1,-1
340,47,1433.20,524.70,29.00,73.80,1.0000,-1,-1,-1
340,48,575.70,545.30,47.30,104.10,1.0000,-1,-1,-1
340,51,767.60,509.70,24.60,57.10,0.9880,-1,-1,-1
340,52,802.70,508.30,21.60,61.60,0.9950,-1,-1,-1
341,42,1175.40,627.10,101.60,196.00,1.0000,-1,-1,-1
341,47,1437.60,526.90,29.70,72.90,1.0000,-1,-1,-1
341,48,576.60,545.70,47.70,105.00,1.0000,-1,-1,-1
341,51,770.00,511.40,26.00,55.90,0.9960,-1,-1,-1
341,52,806.90,509.40,23.10,61.30,0.9980,-1,-1,-1
341,-1,1367.20,523.30,23.90,63.70,0.9800,-1,-1,-1
342,42,1194.80,625.40,108.80,198.40,1.0000,-1,-1,-1
342,47,1444.50,525.20,30.40,73.30,1.0000,-1,-1,-1
342,48,577.30,549.00,49.90,106.10,1.0000,-1,-1,-1
342,51,774.90,512.60,23.80,57.50,0.9940,-1,-1,-1
342,52,808.60,510.50,24.00,61.40,0.9970,-1,-1,-1
342,53,793.00,511.70,20.00,61.10,0.0640,-1,-1,-1
342,54,1374.70,523.10,25.50,61.80,0.1300,-1,-1,-1
343,42,1204.90,629.00,118.70,203.60,1.0000,-1,-1,-1
343,47,1451.20,535.80,28.70,69.80,1.0000,-1,-1,-1
343,48,578.60,546.20,50.20,107.90,1.0000,-1,-1,-1
343,51,778.10,511.90,24.10,56.80,0.9850,-1,-1,-1
343,52,814.10,509.90,23.30,60.70,0.9990,-1,-1,-1
343,54,1379.10,529.50,26.00,61.70,0.8590,-1,-1,-1
344,42,1225.50,637.60,117.20,194.60,1.0000,-1,-1,-1
344,47,1457.60,529.40,30.40,72.90,1.0000,-1,-1,-1
344,48,578.60,550.60,51.40,110.80,1.0000,-1,-1,-1
344,51,779.50,515.50,23.60,56.50,0.9860,-1,-1,-1
344,52,815.50,512.40,23.30,61.40,0.9990,-1,-1,-1
344,53,802.40,514.80,23.30,58.80,0.7080,-1,-1,-1
344,54,1383.50,524.60,27.80,63.90,0.9940,-1,-1,-1
344,-1,1422.80,529.20,23.70,55.40,0.2150,-1,-1,-1
344,-1,1409.00,525.90,24.40,60.40,0.1170,-1,-1,-1
345,42,1247.70,643.40,119.10,198.40,1.0000,-1,-1,-1
345,47,1464.90,530.40,30.20,75.70,1.0000,-1,-1,-1
345,48,581.00,551.30,50.40,109.10,1.0000,-1,-1,-1
345,51,781.90,514.80,25.50,59.70,0.9910,-1,-1,-1
345,52,817.10,511.50,24.70,63.60,0.9970,-1,-1,-1
345,54,1389.90,526.90,26.20,64.40,0.9890,-1,-1,-1
346,42,1277.60,656.10,109.20,191.40,1.0000,-1,-1,-1
346,47,1469.40,529.40,31.90,77.00,1.0000,-1,-1,-1
346,48,583.50,552.80,49.90,109.50,1.0000,-1,-1,-1
346,51,784.50,515.70,25.60,59.30,0.9860,-1,-1,-1
346,52,821.00,511.80,24.40,63.00,0.9980,-1,-1,-1
346,54,1396.20,528.40,26.60,62.50,0.9970,-1,-1,-1
347,42,1313.30,668.80,97.10,191.60,1.0000,-1,-1,-1
347,47,1475.80,535.00,31.40,73.10,1.0000,-1,-1,-1
347,48,586.00,551.20,49.20,110.40,1.0000,-1,-1,-1
347,51,788.90,514.20,24.30,58.80,0.9900,-1,-1,-1
347,52,825.20,513.40,23.70,60.60,0.9980,-1,-1,-1
347,53,810.50,514.30,22.50,58.30,0.8970,-1,-1,-1
347,54,1401.30,530.40,27.10,62.50,0.9950,-1,-1,-1
348,42,1346.70,673.30,94.30,194.90,1.0000,-1,-1,-1
348,47,1482.10,541.80,29.50,73.00,1.0000,-1,-1,-1
348,48,587.90,560.00,48.60,112.80,1.0000,-1,-1,-1
348,51,789.90,523.80,25.50,57.80,0.9960,-1,-1,-1
348,52,828.90,521.70,25.00,62.70,0.9990,-1,-1,-1
348,53,813.00,523.40,23.40,59.60,0.8920,-1,-1,-1
348,54,1406.20,537.90,28.30,63.90,0.9950,-1,-1,-1
349,42,1370.10,670.40,99.20,202.50,1.0000,-1,-1,-1
349,47,1491.90,540.20,29.80,75.00,1.0000,-1,-1,-1
349,48,588.90,559.80,49.80,113.70,1.0000,-1,-1,-1
349,51,798.90,524.70,24.40,56.50,0.9970,-1,-1,-1
349,52,832.50,521.40,24.90,62.70,0.9980,-1,-1,-1
349,54,1411.70,538.30,27.50,62.10,0.9990,-1,-1,-1
349,-1,1441.40,538.80,24.50,58.70,0.0950,-1,-1,-1
349,-1,1428.20,534.40,25.00,64.00,0.0620,-1,-1,-1
350,42,1380.80,675.30,115.30,211.70,1.0000,-1,-1,-1
350,47,1498.40,543.70,31.00,77.80,1.0000,-1,-1,-1
350,48,591.60,558.40,49.90,114.60,1.0000,-1,-1,-1
350,51,799.30,523.10,26.80,57.00,0.9980,-1,-1,-1
350,52,836.70,520.10,25.10,64.20,0.9990,-1,-1,-1
350,54,1419.40,541.30,29.30,65.80,0.9990,-1,-1,-1
351,42,1395.20,677.30,122.80,205.80,1.0000,-1,-1,-1
351,47,1503.30,542.70,30.30,76.30,1.0000,-1,-1,-1
351,48,590.70,565.30,51.80,117.90,1.0000,-1,-1,-1
351,51,798.60,528.60,29.70,60.20,0.9990,-1,-1,-1
351,52,837.90,527.20,26.80,63.90,1.0000,-1,-1,-1
351,54,1422.60,542.50,27.10,62.00,0.9990,-1,-1,-1
352,42,1411.40,689.30,131.10,204.40,1.0000,-1,-1,-1
352,47,1512.80,555.10,30.30,75.20,1.0000,-1,-1,-1
352,48,593.20,562.90,51.90,118.80,1.0000,-1,-1,-1
352,51,807.10,528.80,26.60,58.30,0.9950,-1,-1,-1
352,52,842.90,528.50,26.10,61.60,0.9990,-1,-1,-1
352,53,825.70,528.90,25.20,59.30,0.9000,-1,-1,-1
352,54,1429.70,551.70,27.80,60.60,0.9990,-1,-1,-1
353,42,1432.00,675.70,153.50,238.20,1.0000,-1,-1,-1
353,47,1518.90,553.10,30.10,75.80,1.0000,-1,-1,-1
353,48,593.70,560.20,51.60,121.90,1.0000,-1,-1,-1
353,51,809.20,526.60,26.40,59.60,0.9940,-1,-1,-1
353,52,845.90,525.00,24.90,65.20,0.9990,-1,-1,-1
353,54,1435.00,546.00,28.00,65.00,0.9990,-1,-1,-1
354,42,1458.00,684.80,151.80,244.00,1.0000,-1,-1,-1
354,47,1526.70,555.00,31.70,79.40,1.0000,-1,-1,-1
354,48,595.50,562.50,51.50,123.80,1.0000,-1,-1,-1
354,51,811.20,530.00,28.20,59.30,0.9960,-1,-1,-1
354,52,849.90,529.80,25.80,62.20,0.9990,-1,-1,-1
354,54,1441.00,550.40,28.70,65.30,1.0000,-1,-1,-1
355,42,1478.90,694.40,152.50,235.50,1.0000,-1,-1,-1
355,47,1531.20,557.70,32.00,77.60,1.0000,-1,-1,-1
355,48,597.00,562.50,51.50,122.70,1.0000,-1,-1,-1
355,51,814.90,530.00,26.90,58.60,0.9930,-1,-1,-1
355,52,853.10,529.00,25.80,64.20,0.9990,-1,-1,-1
355,54,1447.50,553.80,27.30,65.10,1.0000,-1,-1,-1
356,42,1512.10,706.60,141.90,227.10,1.0000,-1,-1,-1
356,47,1536.90,557.30,33.30,75.50,1.0000,-1,-1,-1
356,48,598.60,563.40,51.70,122.60,1.0000,-1,-1,-1
356,51,815.50,528.80,27.30,59.70,0.9950,-1,-1,-1
356,52,856.40,527.30,25.70,64.80,0.9990,-1,-1,-1
356,54,1452.80,552.40,27.70,63.70,0.9990,-1,-1,-1
356,53,843.40,532.50,24.20,58.70,0.2980,-1,-1,-1
357,42,1554.00,707.90,126.40,226.10,1.0000,-1,-1,-1
357,47,1544.80,556.40,31.40,74.80,1.0000,-1,-1,-1
357,48,599.80,563.10,52.80,125.90,1.0000,-1,-1,-1
357,51,822.00,528.90,26.20,58.20,0.9950,-1,-1,-1
357,52,860.20,525.80,25.70,64.00,0.9990,-1,-1,-1
357,53,837.90,528.20,23.80,59.50,0.9680,-1,-1,-1
357,54,1458.70,551.60,28.00,66.30,0.9990,-1,-1,-1
358,42,1591.30,720.70,120.60,225.80,1.0000,-1,-1,-1
358,47,1550.40,559.60,33.20,77.10,1.0000,-1,-1,-1
358,48,602.40,558.90,51.30,126.50,1.0000,-1,-1,-1
358,51,827.50,525.70,25.70,58.20,0.9980,-1,-1,-1
358,52,863.80,523.50,26.60,64.00,1.0000,-1,-1,-1
358,54,1464.60,553.30,27.60,66.90,1.0000,-1,-1,-1
358,-1,1522.50,562.20,24.70,63.50,0.0850,-1,-1,-1
359,42,1611.90,709.70,130.90,235.60,1.0000,-1,-1,-1
359,47,1553.70,551.60,34.30,82.70,1.0000,-1,-1,-1
359,48,603.50,564.10,51.40,123.90,1.0000,-1,-1,-1
359,51,827.90,525.50,26.70,60.20,0.9980,-1,-1,-1
359,52,864.50,523.10,27.40,66.20,1.0000,-1,-1,-1
359,54,1467.20,546.80,28.70,69.50,1.0000,-1,-1,-1
360,42,1634.50,711.00,141.10,238.90,1.0000,-1,-1,-1
360,47,1560.40,554.20,34.20,80.90,1.0000,-1,-1,-1
360,48,605.80,561.00,52.00,124.60,1.0000,-1,-1,-1
360,51,829.10,522.40,27.60,61.40,0.9990,-1,-1,-1
360,52,869.00,519.90,26.50,67.50,1.0000,-1,-1,-1
360,54,1472.20,548.50,28.80,68.20,1.0000,-1,-1,-1
361,42,1660.00,700.20,139.30,253.20,1.0000,-1,-1,-1
361,47,1566.70,552.60,34.40,79.50,1.0000,-1,-1,-1
361,48,605.70,561.30,52.40,125.50,1.0000,-1,-1,-1
361,51,831.80,520.30,26.80,62.20,0.9990,-1,-1,-1
361,52,869.90,519.10,26.10,67.00,0.9990,-1,-1,-1
361,54,1476.00,546.50,29.10,68.50,1.0000,-1,-1,-1
362,42,1691.70,710.40,141.40,257.50,1.0000,-1,-1,-1
362,47,1573.20,558.30,33.70,77.80,1.0000,-1,-1,-1
362,48,606.10,563.60,53.30,126.00,1.0000,-1,-1,-1
362,51,835.60,523.20,25.90,61.00,0.9960,-1,-1,-1
362,52,872.00,522.60,26.70,66.60,1.0000,-1,-1,-1
362,54,1482.10,548.30,28.80,71.10,1.0000,-1,-1,-1
363,42,1724.30,717.10,140.80,258.30,1.0000,-1,-1,-1
363,47,1577.30,556.80,35.40,80.10,1.0000,-1,-1,-1
363,48,605.50,565.80,54.10,126.20,1.0000,-1,-1,-1
363,51,835.70,521.60,27.50,64.30,0.9980,-1,-1,-1
363,52,874.10,521.40,26.80,68.80,1.0000,-1,-1,-1
363,53,860.20,522.30,23.20,65.70,0.6490,-1,-1,-1
363,54,1486.20,547.00,30.70,74.10,1.0000,-1,-1,-1
364,42,1752.50,725.70,147.00,256.10,1.0000,-1,-1,-1
364,47,1583.30,556.90,35.00,82.50,1.0000,-1,-1,-1
364,48,605.10,565.40,55.10,130.00,1.0000,-1,-1,-1
364,51,838.70,524.10,27.10,61.20,0.9960,-1,-1,-1
364,52,875.10,522.90,26.20,68.00,1.0000,-1,-1,-1
364,53,857.00,525.20,24.10,61.70,0.8640,-1,-1,-1
364,54,1489.30,550.30,30.00,72.90,1.0000,-1,-1,-1
364,-1,1478.20,548.40,24.70,65.30,0.0570,-1,-1,-1
365,42,1783.50,738.90,137.50,253.20,1.0000,-1,-1,-1
365,47,1586.50,557.80,36.90,85.00,1.0000,-1,-1,-1
365,48,606.70,568.70,53.50,128.10,1.0000,-1,-1,-1
365,51,838.90,526.30,26.90,59.80,0.9940,-1,-1,-1
365,52,876.80,524.20,27.50,68.50,1.0000,-1,-1,-1
365,53,861.30,526.80,24.00,62.10,0.9120,-1,-1,-1
365,54,1493.40,552.00,29.30,69.60,1.0000,-1,-1,-1
366,42,1833.00,742.70,88.00,278.60,0.7640,-1,-1,-1
366,47,1591.20,563.20,37.80,83.40,1.0000,-1,-1,-1
366,48,606.80,569.00,53.20,129.90,1.0000,-1,-1,-1
366,51,843.20,528.80,27.60,60.70,0.9900,-1,-1,-1
366,52,878.50,528.00,26.80,66.00,0.9990,-1,-1,-1
366,54,1497.30,553.20,29.40,69.70,1.0000,-1,-1,-1
366,53,859.50,525.70,23.70,67.80,0.5560,-1,-1,-1
367,47,1595.80,564.00,37.60,82.80,1.0000,-1,-1,-1
367,48,606.90,570.60,52.60,130.70,1.0000,-1,-1,-1
367,51,843.90,529.00,28.20,62.20,0.9920,-1,-1,-1
367,52,880.90,529.70,26.20,65.80,1.0000,-1,-1,-1
367,54,1500.00,554.40,29.20,69.90,1.0000,-1,-1,-1
368,47,1600.70,566.30,35.40,82.20,1.0000,-1,-1,-1
368,48,606.00,570.70,53.40,132.70,1.0000,-1,-1,-1
368,51,843.50,528.40,28.30,63.10,0.9930,-1,-1,-1
368,52,881.70,529.50,25.80,65.60,0.9990,-1,-1,-1
368,54,1502.50,556.50,29.50,70.80,1.0000,-1,-1,-1
369,47,1606.20,564.80,35.10,83.90,1.0000,-1,-1,-1
369,48,604.10,571.40,54.20,135.70,1.0000,-1,-1,-1
369,51,842.10,528.00,27.80,66.00,0.9970,-1,-1,-1
369,52,882.20,530.10,25.80,65.80,0.9990,-1,-1,-1
369,54,1504.80,553.90,30.80,71.90,1.0000,-1,-1,-1
370,47,1609.30,569.00,35.80,83.30,1.0000,-1,-1,-1
370,48,601.60,570.40,54.80,139.60,1.0000,-1,-1,-1
370,51,842.30,528.30,27.90,66.50,0.9960,-1,-1,-1
370,52,882.80,530.90,25.40,65.90,0.9990,-1,-1,-1
370,54,1509.90,558.70,29.70,72.60,1.0000,-1,-1,-1
371,47,1614.20,568.50,36.50,82.80,1.0000,-1,-1,-1
371,48,600.10,572.10,55.40,141.70,1.0000,-1,-1,-1
371,51,841.50,530.10,28.70,64.40,0.9930,-1,-1,-1
371,52,882.80,531.70,25.00,64.00,0.9990,-1,-1,-1
371,53,857.70,528.40,25.00,64.00,0.8820,-1,-1,-1
371,54,1512.30,555.70,31.50,75.30,1.0000,-1,-1,-1
372,47,1619.40,567.00,36.10,82.90,1.0000,-1,-1,-1
372,48,599.90,571.70,55.40,142.00,1.0000,-1,-1,-1
372,51,843.00,529.60,28.30,64.50,0.9900,-1,-1,-1
372,52,883.60,530.90,25.40,65.40,0.9990,-1,-1,-1
372,54,1515.80,555.10,30.80,74.60,1.0000,-1,-1,-1
373,47,1626.20,568.90,36.50,82.70,1.0000,-1,-1,-1
373,48,598.80,573.10,55.60,142.20,1.0000,-1,-1,-1
373,51,845.90,531.40,28.00,61.80,0.9910,-1,-1,-1
373,52,884.60,531.40,25.50,64.70,0.9990,-1,-1,-1
373,54,1518.60,556.80,29.50,73.10,1.0000,-1,-1,-1
373,53,871.40,534.50,24.60,60.00,0.5480,-1,-1,-1
374,47,1630.70,568.30,35.80,84.10,1.0000,-1,-1,-1
374,48,597.50,573.30,56.10,145.90,1.0000,-1,-1,-1
374,51,846.60,530.70,27.60,62.30,0.9940,-1,-1,-1
374,52,884.60,530.80,25.40,65.40,0.9990,-1,-1,-1
374,54,1522.10,555.30,30.90,72.50,1.0000,-1,-1,-1
374,53,869.80,534.20,25.20,61.30,0.4800,-1,-1,-1
