1,-1,1126.10,319.90,79.20,244.40,0.2360,-1,-1,-1
1,-1,715.90,204.20,174.00,522.70,1.0000,-1,-1,-1
1,-1,1163.90,147.10,319.10,818.30,1.0000,-1,-1,-1
1,-1,939.00,222.60,139.70,435.70,1.0000,-1,-1,-1
1,-1,599.50,308.10,113.30,263.20,1.0000,-1,-1,-1
1,-1,556.70,314.70,65.90,205.40,0.9890,-1,-1,-1
2,0,727.30,204.80,167.70,520.80,1.0000,-1,-1,-1
2,1,1169.70,149.40,325.90,830.50,1.0000,-1,-1,-1
2,2,946.70,220.50,137.90,438.80,1.0000,-1,-1,-1
2,3,600.50,302.10,113.70,272.50,1.0000,-1,-1,-1
2,4,565.10,314.20,65.50,205.40,0.9330,-1,-1,-1
2,-1,1129.90,320.90,87.60,241.70,0.4460,-1,-1,-1
3,0,731.40,196.60,174.60,529.90,1.0000,-1,-1,-1
3,1,1179.60,143.90,321.10,817.00,1.0000,-1,-1,-1
3,2,954.70,223.00,138.90,441.60,1.0000,-1,-1,-1
3,3,606.40,301.80,111.20,273.10,1.0000,-1,-1,-1
3,4,575.30,313.10,58.70,208.60,0.4950,-1,-1,-1
3,-1,1142.20,321.90,77.30,243.20,0.2880,-1,-1,-1
4,0,742.90,204.30,168.50,534.00,1.0000,-1,-1,-1
4,1,1193.50,141.50,317.40,845.20,1.0000,-1,-1,-1
4,2,960.80,220.60,142.70,439.90,1.0000,-1,-1,-1
4,3,609.40,300.90,112.80,273.40,1.0000,-1,-1,-1
4,-1,1066.50,305.00,80.50,257.00,0.0680,-1,-1,-1
5,0,747.60,206.30,168.80,519.00,1.0000,-1,-1,-1
5,1,1189.70,143.50,321.20,834.90,1.0000,-1,-1,-1
5,2,967.40,216.20,137.00,444.00,1.0000,-1,-1,-1
5,3,616.10,296.00,110.50,277.80,1.0000,-1,-1,-1
6,0,753.70,206.00,173.70,526.70,1.0000,-1,-1,-1
6,1,1194.20,143.00,322.70,829.20,1.0000,-1,-1,-1
6,2,973.10,214.40,137.70,450.30,1.0000,-1,-1,-1
6,3,619.80,297.30,112.50,276.90,1.0000,-1,-1,-1
6,-1,1082.40,300.70,89.20,255.70,0.8540,-1,-1,-1
7,0,762.80,203.70,168.90,527.00,1.0000,-1,-1,-1
7,1,1198.80,139.90,325.50,822.30,1.0000,-1,-1,-1
7,2,985.00,215.40,133.60,453.50,1.0000,-1,-1,-1
7,3,625.10,291.40,112.20,283.00,1.0000,-1,-1,-1
7,5,1087.40,305.20,99.30,248.60,0.9640,-1,-1,-1
7,-1,919.00,291.60,64.90,239.50,0.1070,-1,-1,-1
8,0,765.10,199.20,176.10,529.70,1.0000,-1,-1,-1
8,1,1200.30,135.20,331.60,821.00,1.0000,-1,-1,-1
8,2,987.90,214.80,139.40,456.90,1.0000,-1,-1,-1
8,3,631.00,289.40,108.10,283.80,1.0000,-1,-1,-1
8,5,1097.30,299.80,93.50,256.90,0.9840,-1,-1,-1
9,0,769.70,200.70,179.80,524.00,1.0000,-1,-1,-1
9,1,1204.70,129.10,332.20,833.90,1.0000,-1,-1,-1
9,2,993.70,211.10,139.30,455.30,1.0000,-1,-1,-1
9,3,633.40,287.70,105.30,284.20,1.0000,-1,-1,-1
9,5,1104.00,300.90,94.20,253.50,0.9970,-1,-1,-1
9,-1,929.10,287.70,72.30,241.10,0.1090,-1,-1,-1
10,0,776.00,203.50,173.00,516.50,1.0000,-1,-1,-1
10,1,1194.10,131.10,356.70,834.40,1.0000,-1,-1,-1
10,2,991.60,207.90,142.30,462.80,1.0000,-1,-1,-1
10,3,632.00,286.60,109.10,286.90,1.0000,-1,-1,-1
10,5,1106.00,295.80,92.10,261.10,0.9980,-1,-1,-1
11,0,781.60,197.60,167.00,512.40,1.0000,-1,-1,-1
11,1,1209.00,126.40,348.50,842.10,1.0000,-1,-1,-1
11,2,994.60,213.50,139.60,446.60,1.0000,-1,-1,-1
11,3,635.70,286.70,104.90,287.20,1.0000,-1,-1,-1
11,5,1106.90,292.10,94.70,266.60,0.9990,-1,-1,-1
12,0,780.90,201.10,167.30,517.50,1.0000,-1,-1,-1
12,1,1204.30,117.50,353.40,855.50,1.0000,-1,-1,-1
12,2,991.90,207.50,145.70,459.30,1.0000,-1,-1,-1
12,3,634.40,280.80,105.30,298.80,1.0000,-1,-1,-1
12,5,1106.80,292.60,93.70,265.10,0.9980,-1,-1,-1
12,-1,948.90,275.80,70.00,252.50,0.0550,-1,-1,-1
13,0,773.00,190.90,172.30,519.60,1.0000,-1,-1,-1
13,1,1207.00,107.80,349.40,859.80,1.0000,-1,-1,-1
13,2,992.70,202.20,145.50,465.60,1.0000,-1,-1,-1
13,3,633.70,282.90,104.10,288.60,1.0000,-1,-1,-1
13,5,1106.90,288.20,93.70,264.60,0.9970,-1,-1,-1
14,0,767.20,185.40,178.60,518.60,1.0000,-1,-1,-1
14,1,1202.10,116.30,359.30,845.80,1.0000,-1,-1,-1
14,2,990.30,203.10,150.40,461.30,1.0000,-1,-1,-1
14,3,630.20,279.20,104.20,291.30,1.0000,-1,-1,-1
14,5,1104.10,287.20,97.40,264.40,0.9980,-1,-1,-1
15,0,774.40,181.50,168.90,523.70,1.0000,-1,-1,-1
15,1,1185.90,96.60,371.30,871.30,1.0000,-1,-1,-1
15,2,991.00,204.30,156.20,467.30,1.0000,-1,-1,-1
15,3,624.40,277.30,107.90,297.30,1.0000,-1,-1,-1
15,5,1099.10,279.40,98.70,267.90,0.2160,-1,-1,-1
16,0,768.50,178.00,171.00,522.00,1.0000,-1,-1,-1
16,1,1182.50,105.70,378.00,870.80,1.0000,-1,-1,-1
16,2,996.10,201.90,150.30,456.30,1.0000,-1,-1,-1
16,3,618.30,274.00,111.70,299.00,1.0000,-1,-1,-1
16,5,1103.40,279.00,93.70,265.60,0.1890,-1,-1,-1
17,0,770.60,177.90,167.40,519.70,1.0000,-1,-1,-1
17,1,1180.10,108.20,379.70,877.10,1.0000,-1,-1,-1
17,2,991.60,202.00,154.50,466.00,1.0000,-1,-1,-1
17,3,611.60,271.10,113.40,304.00,1.0000,-1,-1,-1
17,5,1093.70,279.90,99.20,265.70,0.0560,-1,-1,-1
18,0,763.70,177.90,172.10,515.70,1.0000,-1,-1,-1
18,1,1178.40,92.40,379.40,912.80,1.0000,-1,-1,-1
18,2,989.50,205.80,157.30,459.30,1.0000,-1,-1,-1
18,3,605.50,275.80,112.20,297.40,1.0000,-1,-1,-1
19,0,758.30,169.50,176.60,530.60,1.0000,-1,-1,-1
19,1,1178.90,95.40,373.30,909.70,1.0000,-1,-1,-1
19,2,989.30,197.60,150.70,465.20,1.0000,-1,-1,-1
19,3,598.30,270.90,115.00,305.10,1.0000,-1,-1,-1
19,-1,706.50,220.60,94.30,349.80,0.0640,-1,-1,-1
20,0,761.10,171.30,172.40,529.30,1.0000,-1,-1,-1
20,1,1181.90,99.10,366.90,894.00,1.0000,-1,-1,-1
20,2,986.90,196.10,149.00,464.60,1.0000,-1,-1,-1
20,3,590.50,269.90,117.10,302.60,1.0000,-1,-1,-1
20,5,1096.30,268.70,94.30,283.60,0.3330,-1,-1,-1
20,-1,696.90,212.40,107.80,368.80,0.7550,-1,-1,-1
21,0,760.40,170.10,173.40,532.30,1.0000,-1,-1,-1
21,1,1172.00,98.90,374.80,905.40,1.0000,-1,-1,-1
21,2,984.40,203.10,150.60,447.10,1.0000,-1,-1,-1
21,3,584.30,263.70,122.00,313.60,1.0000,-1,-1,-1
21,6,689.90,203.10,115.00,374.80,0.9910,-1,-1,-1
21,5,1092.50,263.70,97.50,286.80,0.0710,-1,-1,-1
22,0,759.00,166.50,176.50,541.40,1.0000,-1,-1,-1
22,1,1176.20,101.90,370.40,888.70,1.0000,-1,-1,-1
22,2,981.00,201.60,150.70,450.30,1.0000,-1,-1,-1
22,3,575.20,261.00,126.50,311.60,1.0000,-1,-1,-1
22,6,675.20,210.60,122.50,361.20,0.9880,-1,-1,-1
23,0,757.40,171.30,178.10,531.20,1.0000,-1,-1,-1
23,1,1178.50,108.50,360.10,875.90,1.0000,-1,-1,-1
23,2,980.10,192.30,149.00,455.70,1.0000,-1,-1,-1
23,3,567.00,262.80,129.80,306.90,1.0000,-1,-1,-1
23,6,663.10,199.90,130.30,385.80,0.9990,-1,-1,-1
23,5,1091.60,268.40,89.20,276.50,0.0850,-1,-1,-1
24,0,757.10,171.80,178.40,526.60,1.0000,-1,-1,-1
24,1,1177.60,107.00,360.40,878.00,1.0000,-1,-1,-1
24,2,977.50,193.10,145.50,444.90,1.0000,-1,-1,-1
24,3,560.90,257.10,132.70,315.30,1.0000,-1,-1,-1
24,6,664.60,203.20,128.70,374.00,0.9990,-1,-1,-1
24,5,1086.70,268.70,91.60,274.00,0.3010,-1,-1,-1
25,0,752.80,172.00,186.20,531.10,1.0000,-1,-1,-1
25,1,1181.00,99.90,355.20,884.90,1.0000,-1,-1,-1
25,2,974.00,191.60,144.50,454.10,1.0000,-1,-1,-1
25,3,559.30,254.20,133.80,320.00,1.0000,-1,-1,-1
25,5,1080.90,271.90,99.90,269.40,0.8230,-1,-1,-1
25,6,664.40,206.80,127.20,363.40,0.9990,-1,-1,-1
26,0,756.30,172.90,186.90,530.00,1.0000,-1,-1,-1
26,1,1184.40,90.20,355.60,874.60,1.0000,-1,-1,-1
26,2,968.40,193.60,148.30,458.20,1.0000,-1,-1,-1
26,3,557.10,250.80,132.60,337.80,1.0000,-1,-1,-1
26,5,1081.10,268.60,104.70,273.40,0.9920,-1,-1,-1
26,6,659.80,202.50,129.00,374.80,0.9990,-1,-1,-1
27,0,759.70,177.70,185.40,533.50,1.0000,-1,-1,-1
27,1,1190.00,95.00,348.70,871.00,1.0000,-1,-1,-1
27,2,971.30,193.20,143.30,459.90,1.0000,-1,-1,-1
27,3,547.30,260.70,134.40,334.30,1.0000,-1,-1,-1
27,5,1081.90,271.60,103.70,273.50,0.9930,-1,-1,-1
27,6,652.60,196.60,135.50,398.80,0.9980,-1,-1,-1
28,0,762.90,179.30,183.50,530.10,1.0000,-1,-1,-1
28,1,1174.70,90.60,377.70,867.20,1.0000,-1,-1,-1
28,2,968.00,196.90,143.10,450.60,1.0000,-1,-1,-1
28,3,543.10,268.20,134.80,325.10,1.0000,-1,-1,-1
28,5,1082.90,273.60,104.40,272.30,0.9980,-1,-1,-1
28,6,651.40,199.20,137.30,396.80,0.9990,-1,-1,-1
29,0,769.00,178.70,182.40,525.40,1.0000,-1,-1,-1
29,1,1188.80,98.00,360.30,875.60,1.0000,-1,-1,-1
29,2,966.80,196.60,141.40,459.80,1.0000,-1,-1,-1
29,3,538.90,266.70,144.10,341.30,1.0000,-1,-1,-1
29,5,1081.90,273.00,104.60,276.90,0.9980,-1,-1,-1
29,6,649.90,199.60,138.70,400.60,0.9990,-1,-1,-1
30,0,775.60,178.40,174.50,521.70,1.0000,-1,-1,-1
30,1,1179.30,91.50,378.00,862.90,1.0000,-1,-1,-1
30,2,970.00,200.70,143.60,455.10,1.0000,-1,-1,-1
30,3,532.00,257.80,144.20,346.10,1.0000,-1,-1,-1
30,5,1085.40,272.50,102.60,285.50,0.9900,-1,-1,-1
30,6,642.60,204.80,143.90,402.40,1.0000,-1,-1,-1
31,0,783.90,183.20,171.90,514.40,1.0000,-1,-1,-1
31,1,1188.00,97.10,367.40,876.90,1.0000,-1,-1,-1
31,2,974.00,203.30,139.30,454.50,1.0000,-1,-1,-1
31,3,528.80,273.10,143.20,329.80,1.0000,-1,-1,-1
31,5,1083.00,278.20,106.10,281.60,0.9960,-1,-1,-1
31,6,645.80,208.30,142.40,405.80,1.0000,-1,-1,-1
32,0,780.30,184.10,180.50,514.10,1.0000,-1,-1,-1
32,1,1195.50,109.40,365.70,866.30,1.0000,-1,-1,-1
32,2,977.70,196.70,141.30,460.70,1.0000,-1,-1,-1
32,3,527.00,267.60,144.50,351.30,1.0000,-1,-1,-1
32,5,1088.10,269.10,104.10,285.20,0.9980,-1,-1,-1
32,6,643.50,208.00,146.50,408.40,1.0000,-1,-1,-1
33,0,790.80,187.70,182.50,516.10,1.0000,-1,-1,-1
33,1,1198.30,110.60,359.50,878.40,1.0000,-1,-1,-1
33,2,979.30,200.80,142.10,463.10,1.0000,-1,-1,-1
33,3,525.30,267.80,146.80,353.60,1.0000,-1,-1,-1
33,5,1089.90,274.10,105.60,285.30,0.9950,-1,-1,-1
33,6,649.60,204.10,142.60,409.30,1.0000,-1,-1,-1
34,0,794.50,185.50,185.30,514.00,1.0000,-1,-1,-1
34,1,1207.50,110.80,353.80,895.00,1.0000,-1,-1,-1
34,2,983.90,206.80,141.90,458.80,1.0000,-1,-1,-1
34,3,521.60,266.90,160.10,349.70,1.0000,-1,-1,-1
34,5,1094.30,281.80,105.20,279.10,0.9990,-1,-1,-1
34,6,651.60,198.60,144.40,421.40,1.0000,-1,-1,-1
35,0,810.40,187.70,170.20,525.50,1.0000,-1,-1,-1
35,1,1199.90,109.90,359.80,896.10,1.0000,-1,-1,-1
35,2,985.70,203.70,141.20,471.20,1.0000,-1,-1,-1
35,3,527.20,267.00,150.90,351.80,1.0000,-1,-1,-1
35,5,1095.30,280.30,108.40,287.50,0.9990,-1,-1,-1
35,6,656.30,199.50,143.10,426.30,1.0000,-1,-1,-1
36,0,818.90,202.40,171.70,513.80,1.0000,-1,-1,-1
36,1,1205.70,113.10,363.00,918.60,1.0000,-1,-1,-1
36,2,990.60,212.70,143.30,461.00,0.9990,-1,-1,-1
36,3,529.90,266.20,152.80,354.30,1.0000,-1,-1,-1
36,5,1106.50,287.50,110.20,282.00,0.9990,-1,-1,-1
36,6,655.20,202.20,149.00,430.00,1.0000,-1,-1,-1
37,0,825.10,200.20,172.20,522.80,1.0000,-1,-1,-1
37,1,1215.10,128.60,361.20,905.70,1.0000,-1,-1,-1
37,2,996.80,221.70,139.60,452.80,1.0000,-1,-1,-1
37,3,529.40,263.70,154.60,368.20,1.0000,-1,-1,-1
37,5,1108.80,289.50,112.60,281.80,0.9990,-1,-1,-1
37,6,655.80,202.30,153.00,433.40,1.0000,-1,-1,-1
38,0,832.40,200.40,171.20,518.60,1.0000,-1,-1,-1
38,1,1217.40,130.50,359.70,904.00,1.0000,-1,-1,-1
38,2,1000.10,225.60,137.20,448.80,1.0000,-1,-1,-1
38,3,531.80,267.70,151.80,366.60,1.0000,-1,-1,-1
38,5,1116.10,293.00,110.70,283.60,0.9990,-1,-1,-1
38,6,659.60,207.10,155.70,437.70,1.0000,-1,-1,-1
39,0,835.60,208.30,181.00,515.00,1.0000,-1,-1,-1
39,1,1218.60,137.50,371.20,913.80,1.0000,-1,-1,-1
39,2,1001.20,231.00,143.30,442.10,1.0000,-1,-1,-1
39,3,529.90,272.90,155.60,364.10,1.0000,-1,-1,-1
39,5,1124.40,294.50,108.50,285.00,0.9990,-1,-1,-1
39,6,658.30,210.30,157.20,436.90,1.0000,-1,-1,-1
40,0,840.60,218.00,183.40,511.30,1.0000,-1,-1,-1
40,1,1213.60,138.20,367.30,887.80,1.0000,-1,-1,-1
40,2,1005.10,229.10,139.10,452.70,1.0000,-1,-1,-1
40,3,529.00,271.80,159.20,378.40,1.0000,-1,-1,-1
40,5,1125.50,299.10,108.30,286.30,0.9990,-1,-1,-1
40,6,655.40,213.20,154.30,434.20,1.0000,-1,-1,-1
41,0,842.80,221.40,182.60,514.70,1.0000,-1,-1,-1
41,1,1215.80,135.40,374.60,900.00,1.0000,-1,-1,-1
41,2,1004.70,233.70,141.30,450.20,1.0000,-1,-1,-1
41,3,527.80,270.30,157.70,383.80,1.0000,-1,-1,-1
41,5,1129.40,305.10,108.80,291.60,0.9980,-1,-1,-1
41,6,645.20,215.80,166.40,439.00,1.0000,-1,-1,-1
42,0,850.80,226.50,175.80,504.90,1.0000,-1,-1,-1
42,1,1215.10,133.70,366.30,897.90,1.0000,-1,-1,-1
42,2,1002.90,235.00,137.70,451.70,1.0000,-1,-1,-1
42,3,524.40,268.60,163.10,392.50,1.0000,-1,-1,-1
42,5,1131.40,307.40,106.80,290.70,0.9960,-1,-1,-1
42,6,642.90,211.10,166.90,448.10,1.0000,-1,-1,-1
43,0,848.20,224.90,183.80,503.30,1.0000,-1,-1,-1
43,1,1215.50,129.60,355.00,910.40,1.0000,-1,-1,-1
43,2,1002.50,230.90,137.30,455.30,1.0000,-1,-1,-1
43,3,513.60,274.40,169.20,393.00,1.0000,-1,-1,-1
43,5,1133.00,312.30,105.10,285.80,0.9800,-1,-1,-1
43,6,646.30,211.70,162.80,451.40,1.0000,-1,-1,-1
44,0,853.70,227.90,181.60,510.60,1.0000,-1,-1,-1
44,1,1212.90,127.20,357.40,908.20,1.0000,-1,-1,-1
44,2,1001.40,233.90,139.20,459.30,1.0000,-1,-1,-1
44,3,514.20,274.30,163.40,393.70,1.0000,-1,-1,-1
44,5,1134.60,311.70,106.30,292.40,0.7710,-1,-1,-1
44,6,641.30,212.10,165.20,453.20,1.0000,-1,-1,-1
45,0,857.90,232.00,172.60,509.10,1.0000,-1,-1,-1
45,1,1206.40,123.50,366.40,913.70,1.0000,-1,-1,-1
45,2,1002.60,239.50,137.70,448.00,1.0000,-1,-1,-1
45,3,509.80,275.10,169.20,403.70,1.0000,-1,-1,-1
45,5,1135.60,310.30,107.80,297.30,0.7640,-1,-1,-1
45,6,638.10,213.40,169.00,454.40,1.0000,-1,-1,-1
46,0,851.40,231.70,182.50,500.90,1.0000,-1,-1,-1
46,1,1197.60,108.20,365.30,920.70,1.0000,-1,-1,-1
46,2,997.60,234.10,144.10,454.30,1.0000,-1,-1,-1
46,3,510.30,275.40,162.10,392.50,1.0000,-1,-1,-1
46,6,636.00,210.50,173.00,460.00,1.0000,-1,-1,-1
46,5,1133.20,307.10,113.60,301.70,0.5060,-1,-1,-1
47,0,850.60,233.40,187.10,494.60,1.0000,-1,-1,-1
47,1,1198.60,109.40,360.70,917.30,1.0000,-1,-1,-1
47,2,1001.50,234.80,144.60,458.00,1.0000,-1,-1,-1
47,3,497.90,282.50,166.10,407.90,1.0000,-1,-1,-1
47,5,1134.30,304.40,113.30,311.90,0.6740,-1,-1,-1
47,6,633.50,213.40,173.40,459.70,1.0000,-1,-1,-1
48,0,859.60,236.20,176.20,501.90,1.0000,-1,-1,-1
48,1,1201.50,112.50,357.60,931.80,1.0000,-1,-1,-1
48,2,995.20,237.20,144.70,454.60,1.0000,-1,-1,-1
48,3,486.40,278.70,169.90,406.80,1.0000,-1,-1,-1
48,6,631.30,215.50,171.00,465.10,1.0000,-1,-1,-1
48,5,1130.70,306.90,120.30,307.60,0.5170,-1,-1,-1
49,0,852.30,228.30,186.70,503.90,1.0000,-1,-1,-1
49,1,1207.90,111.80,347.60,942.50,1.0000,-1,-1,-1
49,2,999.90,238.10,144.50,452.50,1.0000,-1,-1,-1
49,3,482.90,275.40,173.50,415.00,1.0000,-1,-1,-1
49,5,1127.80,306.10,121.70,306.80,0.8970,-1,-1,-1
49,6,622.50,208.00,173.40,492.40,1.0000,-1,-1,-1
50,0,858.70,231.80,178.30,510.40,1.0000,-1,-1,-1
50,1,1214.00,128.60,345.60,914.10,1.0000,-1,-1,-1
50,2,1001.50,238.90,144.10,451.30,1.0000,-1,-1,-1
50,3,472.20,281.70,168.90,409.40,1.0000,-1,-1,-1
50,5,1129.60,310.10,113.00,303.30,0.9900,-1,-1,-1
50,6,619.50,213.30,172.50,478.00,1.0000,-1,-1,-1
51,0,859.70,234.40,175.40,499.70,1.0000,-1,-1,-1
51,1,1195.80,121.60,378.00,905.00,1.0000,-1,-1,-1
51,2,996.10,231.40,139.30,459.50,1.0000,-1,-1,-1
51,3,471.90,278.60,167.10,421.60,1.0000,-1,-1,-1
51,5,1129.10,317.80,116.30,287.50,0.9880,-1,-1,-1
51,6,611.80,210.90,176.40,487.70,1.0000,-1,-1,-1
52,0,857.30,220.50,182.50,517.60,1.0000,-1,-1,-1
52,1,1205.80,113.80,348.40,946.80,1.0000,-1,-1,-1
52,2,993.80,234.10,138.80,455.10,1.0000,-1,-1,-1
52,3,455.90,272.00,173.40,430.80,1.0000,-1,-1,-1
52,5,1124.40,312.20,115.90,296.40,0.9970,-1,-1,-1
52,6,598.30,202.90,181.20,501.20,1.0000,-1,-1,-1
53,0,863.40,225.90,168.00,511.20,1.0000,-1,-1,-1
53,1,1203.00,108.50,355.30,955.00,1.0000,-1,-1,-1
53,2,994.50,234.00,140.90,451.20,1.0000,-1,-1,-1
53,3,449.60,264.20,181.30,430.80,1.0000,-1,-1,-1
53,5,1122.30,311.80,115.90,295.50,0.9960,-1,-1,-1
53,6,584.90,199.20,185.50,505.50,1.0000,-1,-1,-1
54,0,863.60,221.00,172.70,512.40,1.0000,-1,-1,-1
54,1,1204.80,112.70,358.90,950.80,1.0000,-1,-1,-1
54,2,989.30,230.30,145.30,448.30,0.9990,-1,-1,-1
54,3,439.30,258.40,173.80,447.50,1.0000,-1,-1,-1
54,5,1122.70,301.00,116.30,295.50,0.9960,-1,-1,-1
54,6,579.00,180.10,186.70,523.70,1.0000,-1,-1,-1
55,0,860.60,221.00,173.80,514.60,1.0000,-1,-1,-1
55,1,1201.10,112.00,365.00,949.40,1.0000,-1,-1,-1
55,2,986.30,226.00,146.70,448.70,0.9990,-1,-1,-1
55,3,426.20,254.00,182.80,450.60,1.0000,-1,-1,-1
55,5,1116.20,307.60,117.50,295.50,0.9960,-1,-1,-1
55,6,574.80,192.90,186.10,508.90,1.0000,-1,-1,-1
56,0,857.50,228.50,176.90,502.50,1.0000,-1,-1,-1
56,1,1201.30,113.70,365.80,937.10,1.0000,-1,-1,-1
56,2,983.70,222.50,143.00,466.40,0.9980,-1,-1,-1
56,3,415.10,261.10,177.10,443.30,1.0000,-1,-1,-1
56,5,1117.80,308.00,115.10,291.10,0.9970,-1,-1,-1
56,6,561.00,187.50,190.00,520.50,1.0000,-1,-1,-1
57,0,857.70,230.10,177.70,498.10,1.0000,-1,-1,-1
57,1,1201.30,112.00,367.80,944.70,1.0000,-1,-1,-1
57,2,978.20,228.90,142.90,462.80,0.9960,-1,-1,-1
57,3,408.60,255.80,177.40,448.10,1.0000,-1,-1,-1
57,5,1114.10,298.20,116.50,298.00,0.9990,-1,-1,-1
57,6,550.60,180.60,197.70,525.90,1.0000,-1,-1,-1
58,0,860.40,228.50,180.10,496.60,1.0000,-1,-1,-1
58,1,1204.00,121.10,360.90,923.30,1.0000,-1,-1,-1
58,3,396.60,253.30,181.60,460.40,1.0000,-1,-1,-1
58,5,1108.30,300.50,119.90,289.70,1.0000,-1,-1,-1
58,6,546.40,175.50,188.70,530.70,1.0000,-1,-1,-1
58,2,984.60,232.00,115.30,458.00,0.4850,-1,-1,-1
59,0,858.10,230.00,180.50,490.90,1.0000,-1,-1,-1
59,1,1203.50,118.70,356.30,917.50,1.0000,-1,-1,-1
59,3,378.90,255.00,191.10,462.40,1.0000,-1,-1,-1
59,5,1106.10,287.70,117.10,303.40,1.0000,-1,-1,-1
59,6,535.90,172.80,193.70,542.20,1.0000,-1,-1,-1
59,2,981.90,232.50,109.00,453.80,0.4320,-1,-1,-1
60,0,855.20,225.20,177.80,496.10,1.0000,-1,-1,-1
60,1,1211.50,105.50,347.40,902.70,1.0000,-1,-1,-1
60,3,376.80,253.60,186.70,467.40,1.0000,-1,-1,-1
60,5,1099.50,289.80,121.90,309.00,0.9990,-1,-1,-1
60,6,521.20,171.90,198.40,550.60,1.0000,-1,-1,-1
61,0,857.40,215.00,171.60,498.60,1.0000,-1,-1,-1
61,1,1214.10,93.40,344.50,917.10,1.0000,-1,-1,-1
61,3,360.90,237.40,197.10,496.20,1.0000,-1,-1,-1
61,5,1102.90,277.30,116.30,314.10,1.0000,-1,-1,-1
61,6,506.80,165.50,208.10,562.60,1.0000,-1,-1,-1
62,0,852.50,214.30,178.50,497.30,1.0000,-1,-1,-1
62,1,1204.00,84.50,356.70,918.40,1.0000,-1,-1,-1
62,3,346.70,243.50,199.50,486.40,1.0000,-1,-1,-1
62,5,1100.70,285.10,115.00,298.30,0.9990,-1,-1,-1
62,6,498.20,162.60,204.70,570.70,1.0000,-1,-1,-1
63,0,856.90,208.60,168.40,498.60,1.0000,-1,-1,-1
63,1,1204.10,68.70,365.50,927.30,1.0000,-1,-1,-1
63,3,340.00,246.60,205.10,489.10,1.0000,-1,-1,-1
63,5,1098.20,280.80,115.80,304.70,1.0000,-1,-1,-1
63,6,500.00,147.90,195.30,598.50,1.0000,-1,-1,-1
64,0,856.20,201.30,166.70,504.70,1.0000,-1,-1,-1
64,1,1205.40,64.10,362.90,924.00,1.0000,-1,-1,-1
64,3,328.90,235.10,205.40,503.00,1.0000,-1,-1,-1
64,5,1098.70,272.90,117.10,306.60,1.0000,-1,-1,-1
64,6,489.90,161.60,200.60,578.80,1.0000,-1,-1,-1
65,0,857.60,201.60,167.90,500.10,1.0000,-1,-1,-1
65,1,1204.00,60.70,358.20,931.10,1.0000,-1,-1,-1
65,3,317.30,247.60,202.10,497.00,1.0000,-1,-1,-1
65,5,1097.30,270.40,117.20,312.10,1.0000,-1,-1,-1
65,6,482.20,148.40,205.40,590.10,1.0000,-1,-1,-1
66,0,854.80,196.20,166.80,504.80,1.0000,-1,-1,-1
66,1,1213.40,59.10,349.70,927.30,1.0000,-1,-1,-1
66,3,303.50,239.40,213.80,501.40,1.0000,-1,-1,-1
66,5,1097.60,273.20,116.60,308.50,1.0000,-1,-1,-1
66,6,468.90,156.10,214.40,597.70,1.0000,-1,-1,-1
67,0,855.90,195.00,165.10,506.60,1.0000,-1,-1,-1
67,1,1201.50,63.10,365.50,926.00,1.0000,-1,-1,-1
67,3,301.20,241.90,215.00,512.50,1.0000,-1,-1,-1
67,5,1094.00,265.50,122.20,310.10,1.0000,-1,-1,-1
67,6,464.60,140.90,215.40,612.40,1.0000,-1,-1,-1
68,0,851.90,197.90,168.10,498.80,1.0000,-1,-1,-1
68,1,1214.00,74.60,352.20,935.40,1.0000,-1,-1,-1
68,3,288.40,239.30,217.20,514.10,1.0000,-1,-1,-1
68,5,1094.50,266.00,116.30,313.30,1.0000,-1,-1,-1
68,6,459.10,141.30,223.80,618.40,1.0000,-1,-1,-1
69,0,852.40,192.30,173.90,498.70,1.0000,-1,-1,-1
69,1,1207.20,56.90,358.60,934.10,1.0000,-1,-1,-1
69,3,277.10,237.30,224.60,519.80,1.0000,-1,-1,-1
69,5,1095.90,262.90,117.60,315.00,1.0000,-1,-1,-1
69,6,454.90,145.90,227.80,625.10,1.0000,-1,-1,-1
70,0,857.00,195.30,168.30,495.20,1.0000,-1,-1,-1
70,1,1222.00,68.60,347.20,953.30,1.0000,-1,-1,-1
70,3,266.40,231.40,229.00,528.10,1.0000,-1,-1,-1
70,5,1098.00,265.80,115.10,313.30,1.0000,-1,-1,-1
70,6,448.00,143.80,235.90,631.20,1.0000,-1,-1,-1
71,0,859.10,194.20,165.30,495.90,1.0000,-1,-1,-1
71,1,1230.10,50.30,339.80,942.00,1.0000,-1,-1,-1
71,3,263.50,214.30,231.30,553.30,1.0000,-1,-1,-1
71,5,1100.30,258.10,120.10,312.50,1.0000,-1,-1,-1
71,6,440.20,137.30,242.70,641.90,1.0000,-1,-1,-1
72,0,863.00,191.10,166.50,498.00,1.0000,-1,-1,-1
72,1,1226.50,60.80,341.60,946.00,1.0000,-1,-1,-1
72,3,250.40,210.40,230.70,575.50,1.0000,-1,-1,-1
72,5,1100.00,256.20,123.40,312.70,1.0000,-1,-1,-1
72,6,441.10,128.30,240.00,659.00,1.0000,-1,-1,-1
73,0,866.80,191.90,163.00,499.60,1.0000,-1,-1,-1
73,1,1225.10,64.70,340.30,939.40,1.0000,-1,-1,-1
73,3,244.90,214.00,236.80,563.00,1.0000,-1,-1,-1
73,5,1105.30,253.20,119.00,319.80,1.0000,-1,-1,-1
73,6,437.60,118.00,238.50,681.20,1.0000,-1,-1,-1
74,0,865.10,191.80,166.20,500.80,1.0000,-1,-1,-1
74,1,1226.00,58.50,341.70,943.30,1.0000,-1,-1,-1
74,3,242.10,217.90,234.50,564.80,1.0000,-1,-1,-1
74,5,1110.80,249.60,119.20,324.80,1.0000,-1,-1,-1
74,6,428.30,116.90,254.10,687.70,1.0000,-1,-1,-1
75,0,865.20,194.50,165.10,503.00,1.0000,-1,-1,-1
75,1,1225.70,50.70,349.60,968.80,1.0000,-1,-1,-1
75,3,231.40,219.00,240.20,565.20,1.0000,-1,-1,-1
75,5,1113.80,244.60,122.10,329.70,1.0000,-1,-1,-1
75,6,424.70,116.40,261.00,690.90,1.0000,-1,-1,-1
76,0,869.40,194.50,169.20,507.70,1.0000,-1,-1,-1
76,1,1229.70,66.20,348.10,937.90,1.0000,-1,-1,-1
76,3,230.10,210.80,237.00,574.30,1.0000,-1,-1,-1
76,5,1117.00,257.40,122.60,312.30,0.9990,-1,-1,-1
76,6,410.80,128.00,279.30,678.50,1.0000,-1,-1,-1
77,0,871.10,198.20,169.90,504.20,1.0000,-1,-1,-1
77,1,1235.00,59.80,341.10,941.20,1.0000,-1,-1,-1
77,3,220.40,220.10,244.80,579.30,1.0000,-1,-1,-1
77,5,1119.90,256.00,127.10,318.40,1.0000,-1,-1,-1
77,6,411.90,111.20,274.30,711.00,1.0000,-1,-1,-1
78,0,875.20,198.90,160.20,504.80,1.0000,-1,-1,-1
78,1,1237.30,56.20,340.50,949.40,1.0000,-1,-1,-1
78,3,210.30,209.50,243.30,598.00,1.0000,-1,-1,-1
78,5,1124.90,256.70,126.10,316.30,1.0000,-1,-1,-1
78,6,404.20,106.60,284.90,722.80,1.0000,-1,-1,-1
79,0,878.30,200.00,159.80,493.90,1.0000,-1,-1,-1
79,1,1242.30,67.40,344.50,935.80,1.0000,-1,-1,-1
79,3,207.60,199.30,242.00,637.30,1.0000,-1,-1,-1
79,5,1127.90,264.90,123.40,310.30,1.0000,-1,-1,-1
79,6,393.90,113.80,299.90,726.50,1.0000,-1,-1,-1
80,0,880.50,199.50,161.80,495.30,1.0000,-1,-1,-1
80,1,1244.40,69.20,354.70,938.90,1.0000,-1,-1,-1
80,3,199.80,215.60,248.70,617.80,1.0000,-1,-1,-1
80,5,1131.60,267.90,123.50,309.40,0.9990,-1,-1,-1
80,6,394.70,89.50,297.60,755.80,1.0000,-1,-1,-1
81,0,882.60,207.50,168.00,486.00,1.0000,-1,-1,-1
81,1,1249.40,73.10,353.20,945.10,1.0000,-1,-1,-1
81,3,190.90,197.20,255.50,664.80,1.0000,-1,-1,-1
81,5,1133.20,266.50,127.80,317.10,1.0000,-1,-1,-1
81,6,385.40,105.50,304.10,756.20,1.0000,-1,-1,-1
82,0,886.30,207.10,163.90,483.50,1.0000,-1,-1,-1
82,1,1242.10,61.80,372.90,944.20,1.0000,-1,-1,-1
82,3,182.30,198.50,261.20,676.30,1.0000,-1,-1,-1
82,5,1134.60,273.40,131.40,319.00,1.0000,-1,-1,-1
82,6,377.00,87.20,303.90,796.10,1.0000,-1,-1,-1
83,0,889.70,206.40,164.90,489.50,1.0000,-1,-1,-1
83,1,1246.70,53.10,369.40,977.50,1.0000,-1,-1,-1
83,3,172.90,200.90,256.80,682.00,1.0000,-1,-1,-1
83,5,1138.80,274.00,133.80,319.30,0.9990,-1,-1,-1
83,6,370.30,76.30,310.20,792.00,1.0000,-1,-1,-1
84,0,887.90,205.80,171.10,496.20,1.0000,-1,-1,-1
84,1,1253.40,50.20,384.00,981.30,1.0000,-1,-1,-1
84,3,163.10,193.10,266.30,690.20,1.0000,-1,-1,-1
84,5,1143.30,268.60,131.80,320.90,0.9990,-1,-1,-1
84,6,361.00,82.30,307.50,797.50,1.0000,-1,-1,-1
85,0,889.70,203.70,170.20,502.10,1.0000,-1,-1,-1
85,1,1242.30,40.10,389.70,1007.40,1.0000,-1,-1,-1
85,3,147.10,210.20,276.70,688.30,1.0000,-1,-1,-1
85,5,1145.10,266.50,133.40,327.20,1.0000,-1,-1,-1
85,6,333.50,66.50,328.90,818.60,1.0000,-1,-1,-1
86,0,895.10,211.20,161.00,490.00,1.0000,-1,-1,-1
86,1,1264.70,53.50,361.80,1005.60,1.0000,-1,-1,-1
86,3,129.00,205.10,278.30,695.90,1.0000,-1,-1,-1
86,5,1143.30,273.50,135.70,320.20,1.0000,-1,-1,-1
86,6,332.00,73.70,324.50,826.10,1.0000,-1,-1,-1
87,0,895.50,212.60,163.00,486.00,1.0000,-1,-1,-1
87,1,1264.10,50.30,377.80,1023.10,1.0000,-1,-1,-1
87,3,105.10,192.00,294.40,712.80,1.0000,-1,-1,-1
87,5,1143.00,268.90,132.80,321.80,0.9990,-1,-1,-1
87,6,328.20,56.60,314.50,858.80,1.0000,-1,-1,-1
88,0,892.90,217.20,165.60,475.70,1.0000,-1,-1,-1
88,1,1259.50,29.90,386.60,1029.30,1.0000,-1,-1,-1
88,3,97.50,171.00,286.60,738.30,1.0000,-1,-1,-1
88,5,1138.40,264.50,136.60,325.00,0.9990,-1,-1,-1
88,6,315.70,49.60,322.40,878.70,1.0000,-1,-1,-1
89,0,889.40,210.70,168.80,490.50,1.0000,-1,-1,-1
89,1,1255.60,53.20,394.70,984.50,1.0000,-1,-1,-1
89,3,73.40,186.30,295.00,726.50,1.0000,-1,-1,-1
89,5,1135.10,267.60,130.70,329.60,1.0000,-1,-1,-1
89,6,299.80,42.30,330.60,866.10,1.0000,-1,-1,-1
89,-1,582.00,295.90,77.90,249.60,0.9810,-1,-1,-1
90,0,890.00,217.50,164.90,484.60,1.0000,-1,-1,-1
90,1,1262.10,42.30,391.10,1007.60,1.0000,-1,-1,-1
90,3,60.00,176.90,284.40,749.40,1.0000,-1,-1,-1
90,5,1129.10,271.40,129.90,326.70,1.0000,-1,-1,-1
90,6,282.70,44.40,338.30,895.70,1.0000,-1,-1,-1
90,7,578.80,298.80,80.50,244.00,0.9970,-1,-1,-1
91,0,887.40,207.40,168.20,498.90,1.0000,-1,-1,-1
91,1,1271.70,52.60,384.00,1011.80,1.0000,-1,-1,-1
91,3,39.80,165.00,298.30,764.50,1.0000,-1,-1,-1
91,5,1122.50,266.60,132.70,333.40,1.0000,-1,-1,-1
91,6,261.50,27.40,344.70,912.30,1.0000,-1,-1,-1
91,7,579.00,292.70,82.00,251.70,1.0000,-1,-1,-1
92,0,884.70,206.60,168.20,503.50,1.0000,-1,-1,-1
92,1,1269.50,41.90,399.90,1027.40,1.0000,-1,-1,-1
92,3,24.90,161.90,297.00,771.40,1.0000,-1,-1,-1
92,5,1120.20,266.50,128.50,329.10,1.0000,-1,-1,-1
92,6,236.10,15.80,365.40,942.10,1.0000,-1,-1,-1
92,7,577.90,295.70,80.70,246.60,1.0000,-1,-1,-1
93,0,884.20,207.50,163.70,498.60,1.0000,-1,-1,-1
93,1,1262.20,64.40,389.00,987.10,1.0000,-1,-1,-1
93,3,6.00,143.90,287.80,815.60,1.0000,-1,-1,-1
93,5,1113.50,261.40,129.00,336.80,1.0000,-1,-1,-1
93,6,210.90,10.40,358.50,966.00,1.0000,-1,-1,-1
93,7,574.00,297.30,82.20,249.80,1.0000,-1,-1,-1
94,0,880.30,209.40,159.80,493.10,1.0000,-1,-1,-1
94,1,1258.80,39.40,397.00,1040.80,1.0000,-1,-1,-1
94,3,1.00,135.20,273.70,810.30,0.9990,-1,-1,-1
94,5,1105.10,266.70,133.10,331.10,1.0000,-1,-1,-1
94,6,201.80,9.50,360.90,998.90,1.0000,-1,-1,-1
94,7,574.00,292.90,74.70,252.50,1.0000,-1,-1,-1
95,0,878.60,208.40,159.40,486.00,1.0000,-1,-1,-1
95,1,1270.70,39.80,385.00,1027.20,1.0000,-1,-1,-1
95,3,1.00,92.30,241.90,889.80,0.9980,-1,-1,-1
95,5,1103.20,267.90,131.50,332.70,1.0000,-1,-1,-1
95,6,178.00,1.00,360.20,1027.70,1.0000,-1,-1,-1
95,7,565.90,290.70,80.70,258.20,1.0000,-1,-1,-1
96,0,875.20,206.60,160.70,489.00,1.0000,-1,-1,-1
96,1,1273.80,42.80,386.10,989.30,1.0000,-1,-1,-1
96,3,1.00,157.30,212.80,778.70,0.8570,-1,-1,-1
96,5,1095.40,270.50,134.00,329.00,1.0000,-1,-1,-1
96,6,157.50,1.00,369.20,1026.30,1.0000,-1,-1,-1
96,7,562.30,283.80,77.90,264.10,1.0000,-1,-1,-1
97,0,872.20,203.40,163.80,494.30,1.0000,-1,-1,-1
97,1,1274.50,64.30,367.50,979.70,1.0000,-1,-1,-1
97,3,7.10,131.80,192.30,818.40,0.7510,-1,-1,-1
97,5,1091.20,267.10,128.70,346.30,1.0000,-1,-1,-1
97,6,125.00,1.00,395.80,1045.10,1.0000,-1,-1,-1
97,7,556.90,281.40,76.90,268.40,1.0000,-1,-1,-1
98,0,863.40,204.10,163.10,500.10,1.0000,-1,-1,-1
98,1,1261.90,60.90,394.30,980.60,1.0000,-1,-1,-1
98,5,1081.20,265.60,133.00,352.20,1.0000,-1,-1,-1
98,6,100.40,1.00,411.00,1068.90,1.0000,-1,-1,-1
98,7,551.80,287.10,78.00,263.40,1.0000,-1,-1,-1
98,3,8.50,80.70,204.40,893.30,0.1610,-1,-1,-1
99,0,859.40,203.20,163.60,497.30,1.0000,-1,-1,-1
99,1,1278.70,59.70,358.80,1011.60,1.0000,-1,-1,-1
99,5,1078.40,273.90,131.50,351.00,1.0000,-1,-1,-1
99,6,81.30,1.00,412.60,1080.00,1.0000,-1,-1,-1
99,7,543.00,281.40,77.30,270.00,1.0000,-1,-1,-1
100,0,855.50,203.70,161.10,498.50,1.0000,-1,-1,-1
100,1,1272.70,53.00,369.10,1006.10,1.0000,-1,-1,-1
100,5,1072.80,277.10,125.70,344.60,0.9990,-1,-1,-1
100,6,45.40,1.00,445.20,1080.00,1.0000,-1,-1,-1
100,7,536.80,283.20,78.80,267.80,1.0000,-1,-1,-1
101,0,850.80,208.60,163.10,492.20,1.0000,-1,-1,-1
101,1,1274.90,51.70,367.10,1009.10,1.0000,-1,-1,-1
101,5,1063.10,275.40,126.30,349.00,0.9920,-1,-1,-1
101,6,25.90,1.00,435.40,1080.00,1.0000,-1,-1,-1
101,7,533.30,282.00,77.50,275.10,1.0000,-1,-1,-1
102,0,843.50,212.50,167.60,488.50,1.0000,-1,-1,-1
102,1,1273.00,46.30,359.50,1022.00,1.0000,-1,-1,-1
102,5,1029.00,279.10,117.30,347.50,0.8820,-1,-1,-1
102,6,9.80,1.00,433.10,1080.00,1.0000,-1,-1,-1
102,7,528.70,284.30,78.50,277.30,1.0000,-1,-1,-1
103,0,840.40,216.90,162.50,489.80,1.0000,-1,-1,-1
103,1,1268.80,51.60,364.80,1005.00,1.0000,-1,-1,-1
103,5,1036.90,275.70,121.00,353.60,0.9770,-1,-1,-1
103,6,1.00,1.00,433.10,1080.00,1.0000,-1,-1,-1
103,7,524.80,288.40,78.60,273.00,1.0000,-1,-1,-1
104,0,838.40,214.90,162.10,493.30,1.0000,-1,-1,-1
104,1,1278.90,45.20,346.60,998.00,1.0000,-1,-1,-1
104,5,1026.80,283.30,129.70,359.30,0.9960,-1,-1,-1
104,6,1.00,1.00,416.20,1080.00,1.0000,-1,-1,-1
104,7,523.60,290.90,78.60,275.60,1.0000,-1,-1,-1
105,0,833.60,217.40,162.50,489.60,1.0000,-1,-1,-1
105,1,1281.40,60.70,340.30,1005.40,1.0000,-1,-1,-1
105,5,1027.70,275.50,132.40,373.40,0.9990,-1,-1,-1
105,6,1.00,1.00,396.30,1080.00,0.9990,-1,-1,-1
105,7,522.70,294.70,79.90,275.10,1.0000,-1,-1,-1
105,-1,1563.90,284.20,129.40,410.20,0.0750,-1,-1,-1
106,0,828.60,221.80,161.60,479.80,1.0000,-1,-1,-1
106,1,1282.50,62.10,333.40,995.60,1.0000,-1,-1,-1
106,5,1034.30,270.90,131.90,386.50,0.9990,-1,-1,-1
106,6,1.00,1.00,387.20,1080.00,0.9980,-1,-1,-1
106,7,522.00,294.90,78.30,275.80,1.0000,-1,-1,-1
107,0,824.80,225.80,165.00,473.70,1.0000,-1,-1,-1
107,1,1288.30,56.20,329.80,998.50,1.0000,-1,-1,-1
107,5,1043.40,270.10,139.00,382.30,0.9980,-1,-1,-1
107,6,1.00,1.00,344.30,1080.00,0.9960,-1,-1,-1
107,7,523.10,294.00,77.00,276.90,1.0000,-1,-1,-1
107,-1,1573.30,289.40,140.50,394.20,0.9990,-1,-1,-1
108,0,825.40,219.30,163.70,481.20,1.0000,-1,-1,-1
108,1,1287.20,54.00,327.50,996.20,1.0000,-1,-1,-1
108,5,1052.00,274.00,141.80,372.30,0.9970,-1,-1,-1
108,6,4.60,1.00,319.20,1080.00,0.9420,-1,-1,-1
108,7,522.30,294.70,81.10,280.80,1.0000,-1,-1,-1
108,8,1583.10,291.20,133.60,401.10,0.9990,-1,-1,-1
108,-1,945.10,214.70,121.60,477.10,0.9730,-1,-1,-1
109,0,823.40,219.10,163.80,479.70,1.0000,-1,-1,-1
109,1,1287.90,61.30,323.60,995.60,1.0000,-1,-1,-1
109,5,1055.90,275.20,156.30,383.30,0.9960,-1,-1,-1
109,6,4.10,1.00,272.60,1080.00,0.8600,-1,-1,-1
109,7,524.90,300.60,81.10,277.60,1.0000,-1,-1,-1
109,8,1589.30,294.50,139.30,400.90,1.0000,-1,-1,-1
109,9,939.00,207.70,137.90,489.70,0.9980,-1,-1,-1
110,0,817.50,219.60,162.90,489.40,1.0000,-1,-1,-1
110,1,1289.20,55.00,328.70,997.80,1.0000,-1,-1,-1
110,5,1064.50,275.10,164.60,376.00,0.9970,-1,-1,-1
110,7,527.40,300.30,81.00,277.20,1.0000,-1,-1,-1
110,8,1598.70,290.40,135.80,403.80,1.0000,-1,-1,-1
110,9,942.20,210.70,136.50,470.50,0.9960,-1,-1,-1
110,6,16.60,1.00,253.30,1080.00,0.3410,-1,-1,-1
111,0,819.20,223.20,166.10,480.30,1.0000,-1,-1,-1
111,1,1292.10,50.40,328.90,1004.40,1.0000,-1,-1,-1
111,5,1080.50,276.30,164.40,377.90,0.9990,-1,-1,-1
111,7,530.70,303.80,80.60,274.20,1.0000,-1,-1,-1
111,8,1609.30,291.30,135.80,397.80,1.0000,-1,-1,-1
111,9,943.10,209.60,144.80,474.40,1.0000,-1,-1,-1
112,0,822.60,223.90,167.10,475.40,1.0000,-1,-1,-1
112,1,1299.40,49.00,331.20,1008.40,1.0000,-1,-1,-1
112,5,1082.70,267.90,170.90,392.00,0.9990,-1,-1,-1
112,7,534.50,297.20,80.70,279.30,1.0000,-1,-1,-1
112,8,1620.20,287.70,138.50,407.30,0.9990,-1,-1,-1
112,9,947.30,223.60,147.50,467.70,0.9980,-1,-1,-1
113,0,830.10,227.10,164.50,465.80,1.0000,-1,-1,-1
113,1,1303.90,55.00,333.70,1002.10,1.0000,-1,-1,-1
113,5,1094.10,268.80,179.10,398.00,1.0000,-1,-1,-1
113,7,536.70,294.80,82.50,280.50,1.0000,-1,-1,-1
113,8,1636.70,290.30,135.80,395.80,0.9990,-1,-1,-1
113,9,950.90,221.30,143.20,470.80,0.9970,-1,-1,-1
114,0,832.30,226.70,170.70,478.90,1.0000,-1,-1,-1
114,1,1305.00,48.00,354.30,1017.30,1.0000,-1,-1,-1
114,5,1118.80,276.00,173.00,402.00,1.0000,-1,-1,-1
114,7,542.90,293.50,84.40,285.90,1.0000,-1,-1,-1
114,8,1655.40,278.30,135.00,413.60,1.0000,-1,-1,-1
114,9,957.00,222.70,147.70,471.60,0.9960,-1,-1,-1
115,0,835.40,227.20,171.20,481.00,1.0000,-1,-1,-1
115,1,1302.60,35.80,383.60,1045.20,1.0000,-1,-1,-1
115,5,1119.90,271.20,192.70,411.50,1.0000,-1,-1,-1
115,7,548.40,296.50,84.40,283.30,1.0000,-1,-1,-1
115,8,1664.40,284.50,137.30,418.20,1.0000,-1,-1,-1
115,9,963.20,220.80,143.30,472.60,0.9990,-1,-1,-1
116,0,839.40,233.40,169.00,484.10,1.0000,-1,-1,-1
116,1,1284.40,48.40,425.60,1032.60,1.0000,-1,-1,-1
116,5,1137.80,269.20,188.50,414.70,1.0000,-1,-1,-1
116,7,553.10,294.10,85.60,285.70,1.0000,-1,-1,-1
116,8,1680.70,280.40,131.60,421.00,1.0000,-1,-1,-1
116,9,970.00,223.10,143.40,471.00,0.9990,-1,-1,-1
117,0,840.30,232.90,168.00,483.90,1.0000,-1,-1,-1
117,1,1290.60,62.50,431.90,1018.50,1.0000,-1,-1,-1
117,5,1149.50,272.50,189.30,411.60,1.0000,-1,-1,-1
117,7,557.30,297.60,85.80,282.80,1.0000,-1,-1,-1
117,8,1696.60,287.70,138.60,422.10,1.0000,-1,-1,-1
117,9,985.10,225.60,135.70,469.80,0.9990,-1,-1,-1
118,0,849.70,239.10,162.90,472.00,1.0000,-1,-1,-1
118,1,1295.90,44.90,427.10,1036.10,1.0000,-1,-1,-1
118,5,1160.20,279.90,192.70,412.10,0.9990,-1,-1,-1
118,7,562.80,295.30,86.00,289.50,1.0000,-1,-1,-1
118,8,1705.20,287.60,137.20,417.90,1.0000,-1,-1,-1
118,9,988.40,228.50,136.00,467.80,0.9980,-1,-1,-1
118,-1,1098.60,270.90,130.90,381.40,0.0680,-1,-1,-1
119,0,852.70,234.40,165.80,486.60,1.0000,-1,-1,-1
119,1,1308.50,40.30,452.60,1040.70,1.0000,-1,-1,-1
119,5,1173.20,283.10,187.70,403.50,0.9950,-1,-1,-1
119,7,567.20,300.20,84.90,282.50,1.0000,-1,-1,-1
119,8,1716.50,286.50,136.20,429.70,1.0000,-1,-1,-1
119,9,991.90,238.40,142.20,453.50,0.9970,-1,-1,-1
119,-1,1105.10,272.70,128.30,372.40,0.2020,-1,-1,-1
120,0,858.90,237.90,165.30,480.40,1.0000,-1,-1,-1
120,1,1295.70,69.20,461.20,1011.80,1.0000,-1,-1,-1
120,5,1194.90,276.10,169.50,421.70,0.9690,-1,-1,-1
120,7,572.10,298.70,87.60,291.10,1.0000,-1,-1,-1
120,8,1727.00,288.00,137.50,422.30,0.9990,-1,-1,-1
120,9,999.00,244.50,143.20,457.90,0.9990,-1,-1,-1
120,-1,1118.60,268.30,135.00,403.90,0.8990,-1,-1,-1
121,0,864.80,243.10,163.00,485.70,1.0000,-1,-1,-1
121,1,1307.00,47.80,478.30,1033.20,1.0000,-1,-1,-1
121,7,578.20,308.90,84.30,278.20,1.0000,-1,-1,-1
121,8,1737.60,294.00,138.80,419.70,1.0000,-1,-1,-1
121,9,999.60,235.20,140.90,466.20,0.9990,-1,-1,-1
121,10,1117.80,269.40,137.60,399.20,0.9900,-1,-1,-1
122,0,867.20,241.70,168.80,475.90,1.0000,-1,-1,-1
122,1,1314.50,44.10,479.30,1036.90,1.0000,-1,-1,-1
122,7,580.80,303.90,86.10,288.10,1.0000,-1,-1,-1
122,8,1745.20,289.20,139.30,428.90,1.0000,-1,-1,-1
122,9,1000.80,239.70,145.10,468.00,0.9990,-1,-1,-1
122,10,1117.00,278.80,139.10,375.30,0.9930,-1,-1,-1
123,0,872.30,240.90,161.00,490.80,1.0000,-1,-1,-1
123,1,1323.20,49.50,483.30,1031.50,1.0000,-1,-1,-1
123,7,585.70,306.80,84.20,284.80,1.0000,-1,-1,-1
123,8,1752.50,290.30,140.00,428.20,1.0000,-1,-1,-1
123,9,1007.80,239.70,146.80,474.10,0.9990,-1,-1,-1
123,10,1118.10,277.50,138.00,379.30,0.9990,-1,-1,-1
124,0,875.80,243.20,159.90,471.20,1.0000,-1,-1,-1
124,1,1332.90,41.30,471.10,1039.70,1.0000,-1,-1,-1
124,7,588.80,305.80,83.20,286.60,1.0000,-1,-1,-1
124,8,1761.00,287.30,139.90,431.40,1.0000,-1,-1,-1
124,9,1015.60,240.50,139.40,460.10,0.9990,-1,-1,-1
124,10,1122.90,275.20,134.20,375.10,1.0000,-1,-1,-1
125,0,876.00,246.00,156.10,469.50,1.0000,-1,-1,-1
125,1,1346.80,55.00,470.80,1026.00,1.0000,-1,-1,-1
125,7,590.90,305.20,83.70,289.40,1.0000,-1,-1,-1
125,8,1760.70,289.30,148.40,434.50,0.9990,-1,-1,-1
125,9,1007.00,243.20,149.30,463.00,0.9980,-1,-1,-1
125,10,1127.00,281.90,141.10,377.50,1.0000,-1,-1,-1
126,0,876.40,245.60,155.50,466.80,1.0000,-1,-1,-1
126,1,1354.40,69.30,459.40,1011.70,1.0000,-1,-1,-1
126,7,593.50,300.20,82.00,295.50,1.0000,-1,-1,-1
126,8,1770.30,292.30,142.70,444.10,0.9990,-1,-1,-1
126,9,1007.00,241.50,152.50,465.40,0.9990,-1,-1,-1
126,10,1129.30,284.70,140.60,371.70,0.9990,-1,-1,-1
127,0,881.10,243.60,153.70,477.20,1.0000,-1,-1,-1
127,1,1371.10,51.40,453.20,1029.60,1.0000,-1,-1,-1
127,7,593.20,297.70,81.40,299.70,1.0000,-1,-1,-1
127,8,1778.20,290.50,142.80,451.70,0.9990,-1,-1,-1
127,9,1008.30,239.50,151.30,471.80,0.9990,-1,-1,-1
127,10,1128.60,283.00,144.10,379.50,0.9990,-1,-1,-1
128,0,885.70,248.20,150.70,483.30,1.0000,-1,-1,-1
128,1,1368.40,68.90,461.80,1012.10,1.0000,-1,-1,-1
128,7,589.50,298.10,82.10,304.50,1.0000,-1,-1,-1
128,8,1788.80,303.80,132.20,443.40,0.9980,-1,-1,-1
128,9,1009.20,240.90,145.90,472.40,0.9990,-1,-1,-1
128,10,1125.80,289.60,143.60,373.60,0.9990,-1,-1,-1
129,0,879.30,248.20,155.70,478.90,1.0000,-1,-1,-1
129,1,1385.20,59.20,462.30,1021.80,1.0000,-1,-1,-1
129,7,585.20,305.60,83.70,298.20,1.0000,-1,-1,-1
129,8,1799.00,292.90,122.00,459.30,0.9560,-1,-1,-1
129,9,1007.10,242.30,146.70,471.30,0.9990,-1,-1,-1
129,10,1124.60,291.60,148.50,369.60,1.0000,-1,-1,-1
130,0,879.10,248.50,155.60,476.50,1.0000,-1,-1,-1
130,1,1399.30,63.40,452.50,1017.60,1.0000,-1,-1,-1
130,7,583.20,306.60,85.90,298.20,1.0000,-1,-1,-1
130,9,1006.40,238.30,146.40,474.90,0.9990,-1,-1,-1
130,10,1127.60,294.10,147.10,365.40,1.0000,-1,-1,-1
131,0,875.50,249.00,158.00,476.30,1.0000,-1,-1,-1
131,1,1418.20,75.50,433.70,1005.50,1.0000,-1,-1,-1
131,7,580.70,306.70,87.10,298.20,1.0000,-1,-1,-1
131,9,1010.20,239.80,144.70,465.50,0.9990,-1,-1,-1
131,10,1129.30,289.60,148.40,374.90,1.0000,-1,-1,-1
132,0,873.20,249.90,153.20,475.60,1.0000,-1,-1,-1
132,1,1425.70,76.20,437.50,1004.80,1.0000,-1,-1,-1
132,7,579.10,303.80,86.30,304.20,1.0000,-1,-1,-1
132,9,1007.00,237.50,146.50,474.30,1.0000,-1,-1,-1
132,10,1131.40,287.80,147.30,378.20,1.0000,-1,-1,-1
133,0,868.00,252.30,153.10,474.30,1.0000,-1,-1,-1
133,1,1434.90,80.70,436.40,1000.30,1.0000,-1,-1,-1
133,7,575.90,301.30,84.00,307.30,1.0000,-1,-1,-1
133,9,1004.90,243.10,141.60,473.20,0.9990,-1,-1,-1
133,10,1138.50,295.70,141.90,367.40,1.0000,-1,-1,-1
133,-1,5.10,366.30,36.20,188.40,0.0780,-1,-1,-1
134,0,865.70,253.70,153.00,474.50,1.0000,-1,-1,-1
134,1,1444.90,83.40,426.70,997.60,1.0000,-1,-1,-1
134,7,570.50,298.70,84.10,309.20,1.0000,-1,-1,-1
134,9,1000.00,235.70,145.60,483.00,1.0000,-1,-1,-1
134,10,1139.10,293.40,139.90,372.70,1.0000,-1,-1,-1
135,0,861.70,249.30,152.10,479.90,1.0000,-1,-1,-1
135,1,1445.40,76.10,430.20,1004.90,1.0000,-1,-1,-1
135,7,564.50,300.30,83.20,304.60,1.0000,-1,-1,-1
135,9,999.60,240.60,143.50,475.30,1.0000,-1,-1,-1
135,10,1139.00,290.80,140.00,377.00,1.0000,-1,-1,-1
136,0,855.80,250.00,151.30,475.80,1.0000,-1,-1,-1
136,1,1439.90,77.70,445.60,1003.30,1.0000,-1,-1,-1
136,7,560.90,298.40,83.90,310.50,1.0000,-1,-1,-1
136,9,995.70,241.40,140.80,476.40,1.0000,-1,-1,-1
136,10,1140.20,286.00,140.20,386.20,1.0000,-1,-1,-1
137,0,846.90,257.60,152.20,475.70,1.0000,-1,-1,-1
137,1,1453.30,66.90,423.90,1014.10,1.0000,-1,-1,-1
137,7,554.30,305.90,85.20,304.10,1.0000,-1,-1,-1
137,9,991.10,236.30,140.10,479.40,0.9990,-1,-1,-1
137,10,1140.20,282.20,140.30,392.30,1.0000,-1,-1,-1
138,0,845.30,246.30,151.50,480.50,1.0000,-1,-1,-1
138,1,1457.30,69.40,422.20,1011.60,1.0000,-1,-1,-1
138,7,549.60,305.30,85.00,306.00,1.0000,-1,-1,-1
138,9,989.50,243.90,142.00,478.00,1.0000,-1,-1,-1
138,10,1139.80,289.20,143.00,388.80,1.0000,-1,-1,-1
139,0,838.30,246.10,152.60,481.10,1.0000,-1,-1,-1
139,1,1442.50,63.70,455.70,1017.30,1.0000,-1,-1,-1
139,7,546.60,309.20,84.80,303.10,1.0000,-1,-1,-1
139,9,983.70,239.30,143.40,487.60,1.0000,-1,-1,-1
139,10,1141.70,280.90,141.90,400.10,1.0000,-1,-1,-1
140,0,832.80,246.80,152.30,478.70,1.0000,-1,-1,-1
140,1,1463.40,61.60,425.20,1019.40,1.0000,-1,-1,-1
140,7,542.60,304.30,85.30,307.90,1.0000,-1,-1,-1
140,9,985.40,242.30,143.50,478.30,1.0000,-1,-1,-1
140,10,1143.70,278.10,140.90,402.00,1.0000,-1,-1,-1
141,0,823.70,247.30,154.60,475.90,1.0000,-1,-1,-1
141,1,1464.80,66.10,425.00,1014.90,1.0000,-1,-1,-1
141,7,538.60,306.40,85.10,306.10,1.0000,-1,-1,-1
141,9,981.70,239.90,147.30,482.00,1.0000,-1,-1,-1
141,10,1146.10,275.00,140.70,405.10,1.0000,-1,-1,-1
142,0,820.40,246.40,152.20,472.80,1.0000,-1,-1,-1
142,1,1474.70,65.50,417.70,1015.50,1.0000,-1,-1,-1
142,7,536.00,305.40,83.70,310.40,1.0000,-1,-1,-1
142,9,986.90,239.60,143.80,487.80,1.0000,-1,-1,-1
142,10,1149.80,275.30,140.20,407.90,1.0000,-1,-1,-1
143,0,815.50,248.30,156.90,473.90,1.0000,-1,-1,-1
143,1,1457.70,60.20,450.90,1020.80,1.0000,-1,-1,-1
143,7,533.80,302.40,87.40,318.00,1.0000,-1,-1,-1
143,9,984.90,239.70,147.00,490.10,1.0000,-1,-1,-1
143,10,1155.60,279.40,138.30,407.10,1.0000,-1,-1,-1
144,0,811.10,247.00,160.40,474.40,1.0000,-1,-1,-1
144,1,1472.60,62.80,412.80,1018.20,1.0000,-1,-1,-1
144,7,532.20,309.90,87.00,309.20,1.0000,-1,-1,-1
144,9,989.70,240.60,147.20,494.50,1.0000,-1,-1,-1
144,10,1156.50,280.90,141.00,409.60,1.0000,-1,-1,-1
145,0,802.50,237.80,166.90,482.20,1.0000,-1,-1,-1
145,1,1475.20,56.20,412.90,1024.80,1.0000,-1,-1,-1
145,7,531.30,313.40,88.40,305.20,1.0000,-1,-1,-1
145,9,989.30,237.20,156.20,498.90,1.0000,-1,-1,-1
145,10,1159.30,274.00,144.90,418.00,1.0000,-1,-1,-1
146,0,806.80,241.60,162.40,477.80,1.0000,-1,-1,-1
146,1,1467.10,55.60,429.20,1025.40,1.0000,-1,-1,-1
146,7,530.10,311.10,89.50,309.50,1.0000,-1,-1,-1
146,9,991.30,252.10,150.10,479.10,0.9990,-1,-1,-1
146,10,1164.80,277.40,142.60,416.40,1.0000,-1,-1,-1
147,0,803.70,257.40,160.00,469.00,1.0000,-1,-1,-1
147,1,1489.00,56.60,401.20,1024.40,1.0000,-1,-1,-1
147,7,531.50,314.50,88.90,311.80,1.0000,-1,-1,-1
147,9,994.60,244.00,151.70,500.60,1.0000,-1,-1,-1
147,10,1165.20,272.60,144.30,422.00,1.0000,-1,-1,-1
148,0,803.00,260.40,161.30,472.30,1.0000,-1,-1,-1
148,1,1492.30,58.20,413.10,1022.80,1.0000,-1,-1,-1
148,7,531.70,314.10,89.30,314.90,1.0000,-1,-1,-1
148,9,994.00,245.00,152.10,490.00,1.0000,-1,-1,-1
148,10,1171.50,277.20,144.30,419.90,1.0000,-1,-1,-1
149,0,807.40,256.10,157.10,476.00,1.0000,-1,-1,-1
149,1,1485.80,47.10,419.20,1033.90,1.0000,-1,-1,-1
149,7,534.90,305.00,92.50,332.30,1.0000,-1,-1,-1
149,9,1001.80,253.10,144.80,483.60,1.0000,-1,-1,-1
149,10,1177.20,275.90,142.40,421.90,1.0000,-1,-1,-1
150,0,809.10,256.40,159.20,479.30,1.0000,-1,-1,-1
150,1,1503.40,55.40,417.60,1025.60,1.0000,-1,-1,-1
150,7,536.10,315.10,89.60,320.10,1.0000,-1,-1,-1
150,9,1003.80,253.20,144.90,488.80,1.0000,-1,-1,-1
150,10,1181.80,277.30,143.50,427.40,1.0000,-1,-1,-1
151,0,813.10,264.00,159.80,467.30,1.0000,-1,-1,-1
151,1,1489.10,57.30,431.90,1023.70,1.0000,-1,-1,-1
151,7,537.50,309.20,92.60,332.90,1.0000,-1,-1,-1
151,9,1000.80,247.10,152.20,494.30,1.0000,-1,-1,-1
151,10,1191.60,279.50,143.70,429.10,1.0000,-1,-1,-1
152,0,817.00,274.60,159.50,468.90,1.0000,-1,-1,-1
152,1,1497.10,58.50,423.90,1022.50,1.0000,-1,-1,-1
152,7,541.50,322.40,93.20,322.00,1.0000,-1,-1,-1
152,9,1005.10,252.40,148.40,479.70,1.0000,-1,-1,-1
152,10,1202.40,282.00,139.30,432.70,1.0000,-1,-1,-1
153,0,826.10,278.10,155.60,462.50,1.0000,-1,-1,-1
153,1,1525.10,67.40,395.90,1013.60,1.0000,-1,-1,-1
153,7,546.60,330.20,90.80,319.80,1.0000,-1,-1,-1
153,9,1007.60,258.90,146.20,478.10,1.0000,-1,-1,-1
153,10,1209.50,286.70,141.20,433.20,1.0000,-1,-1,-1
154,0,830.40,274.80,153.40,466.50,1.0000,-1,-1,-1
154,1,1530.40,64.20,390.60,1016.80,1.0000,-1,-1,-1
154,7,550.50,329.40,92.40,322.70,1.0000,-1,-1,-1
154,9,1019.40,262.70,143.40,463.00,1.0000,-1,-1,-1
154,10,1225.90,289.80,135.10,432.00,1.0000,-1,-1,-1
154,-1,1129.10,348.50,62.60,241.10,0.1230,-1,-1,-1
155,0,831.60,273.30,160.30,474.40,1.0000,-1,-1,-1
155,1,1543.10,57.30,377.90,1023.70,1.0000,-1,-1,-1
155,7,557.60,323.70,90.20,329.00,1.0000,-1,-1,-1
155,9,1017.20,265.20,145.30,468.90,1.0000,-1,-1,-1
155,10,1236.10,289.10,135.00,434.60,1.0000,-1,-1,-1
155,-1,1135.10,357.80,63.30,234.70,0.1230,-1,-1,-1
156,0,840.70,273.20,152.80,472.70,1.0000,-1,-1,-1
156,1,1552.10,59.60,368.90,1021.40,1.0000,-1,-1,-1
156,7,563.00,321.90,92.30,333.20,1.0000,-1,-1,-1
156,9,1022.00,267.80,149.90,460.50,1.0000,-1,-1,-1
156,10,1246.90,292.20,132.80,438.50,1.0000,-1,-1,-1
156,-1,1137.80,353.40,75.80,245.50,0.5080,-1,-1,-1
157,0,848.40,277.60,155.70,466.40,1.0000,-1,-1,-1
157,1,1554.90,56.00,366.10,1025.00,1.0000,-1,-1,-1
157,7,567.40,329.70,93.40,326.90,1.0000,-1,-1,-1
157,9,1026.60,267.30,144.20,477.80,0.9990,-1,-1,-1
157,10,1254.90,290.80,137.00,440.60,1.0000,-1,-1,-1
157,-1,1149.90,355.30,73.00,242.30,0.9610,-1,-1,-1
158,0,853.50,284.20,158.00,465.00,1.0000,-1,-1,-1
158,1,1565.40,65.70,355.60,1015.30,1.0000,-1,-1,-1
158,7,573.20,328.70,92.00,331.50,1.0000,-1,-1,-1
158,9,1028.90,265.20,146.80,481.70,0.9990,-1,-1,-1
158,10,1268.50,288.80,131.90,448.10,1.0000,-1,-1,-1
158,11,1154.70,354.10,75.30,243.30,0.9870,-1,-1,-1
159,0,865.90,273.80,149.00,478.60,1.0000,-1,-1,-1
159,1,1571.70,69.50,349.30,1011.50,1.0000,-1,-1,-1
159,7,577.30,330.70,92.00,328.90,1.0000,-1,-1,-1
159,9,1035.30,263.30,146.70,483.70,0.9990,-1,-1,-1
159,10,1274.90,293.60,131.70,446.90,1.0000,-1,-1,-1
159,11,1158.30,354.80,76.30,238.50,0.9970,-1,-1,-1
160,0,867.80,275.80,151.80,483.20,1.0000,-1,-1,-1
160,1,1584.10,64.20,336.90,1016.80,0.9980,-1,-1,-1
160,7,579.70,322.80,93.30,342.70,1.0000,-1,-1,-1
160,9,1034.80,269.70,142.60,471.70,1.0000,-1,-1,-1
160,10,1285.70,291.80,129.80,454.30,1.0000,-1,-1,-1
160,11,1166.60,359.90,78.00,234.90,0.9970,-1,-1,-1
161,0,869.60,274.20,150.90,476.00,1.0000,-1,-1,-1
161,1,1605.20,69.00,315.80,1012.00,0.9950,-1,-1,-1
161,7,581.70,331.20,94.50,332.40,1.0000,-1,-1,-1
161,9,1037.00,268.50,143.30,477.80,1.0000,-1,-1,-1
161,10,1291.30,299.00,134.00,446.10,1.0000,-1,-1,-1
161,11,1168.80,361.80,77.80,233.70,0.9930,-1,-1,-1
162,0,871.20,275.20,153.90,481.00,1.0000,-1,-1,-1
162,1,1611.90,79.70,309.10,1001.30,0.9820,-1,-1,-1
162,7,584.60,323.30,93.20,345.30,1.0000,-1,-1,-1
162,9,1033.80,269.70,146.50,484.80,1.0000,-1,-1,-1
162,10,1298.40,296.10,132.70,451.20,1.0000,-1,-1,-1
162,11,1175.30,359.30,73.80,234.70,0.9980,-1,-1,-1
163,0,875.40,285.80,151.90,482.10,1.0000,-1,-1,-1
163,1,1645.00,76.70,276.00,1004.30,0.8910,-1,-1,-1
163,7,586.40,334.70,95.00,331.10,1.0000,-1,-1,-1
163,9,1033.30,273.10,147.80,486.80,1.0000,-1,-1,-1
163,10,1305.40,297.70,133.40,456.20,1.0000,-1,-1,-1
163,11,1178.20,363.10,77.60,236.20,0.9990,-1,-1,-1
164,0,878.80,282.70,150.00,479.20,1.0000,-1,-1,-1
164,1,1640.90,81.20,280.10,999.80,0.8760,-1,-1,-1
164,7,588.00,336.20,94.70,333.20,1.0000,-1,-1,-1
164,9,1032.10,276.00,149.40,491.20,1.0000,-1,-1,-1
164,10,1317.00,301.70,129.40,451.90,1.0000,-1,-1,-1
164,11,1178.30,364.60,84.10,236.00,0.9980,-1,-1,-1
165,0,882.90,283.00,145.70,487.30,1.0000,-1,-1,-1
165,7,587.70,335.00,95.40,341.40,1.0000,-1,-1,-1
165,9,1033.30,276.90,147.80,490.70,1.0000,-1,-1,-1
165,10,1322.40,301.40,132.80,459.10,1.0000,-1,-1,-1
165,11,1174.50,365.70,86.50,242.80,0.9990,-1,-1,-1
165,1,1656.80,83.50,264.20,997.50,0.5900,-1,-1,-1
166,0,881.70,286.40,147.00,482.30,1.0000,-1,-1,-1
166,1,1669.50,89.00,251.50,992.00,0.8150,-1,-1,-1
166,7,587.80,333.70,95.30,341.80,1.0000,-1,-1,-1
166,9,1034.50,283.50,144.00,485.30,1.0000,-1,-1,-1
166,10,1322.80,308.70,129.50,453.80,1.0000,-1,-1,-1
166,11,1178.50,369.60,78.30,239.50,0.9980,-1,-1,-1
167,0,877.30,294.70,147.20,481.30,1.0000,-1,-1,-1
167,7,583.70,343.60,93.50,335.50,1.0000,-1,-1,-1
167,9,1034.30,287.30,143.00,485.60,1.0000,-1,-1,-1
167,10,1327.70,310.40,125.90,454.70,1.0000,-1,-1,-1
167,11,1179.50,372.70,76.20,240.90,0.9960,-1,-1,-1
167,1,1670.80,106.00,250.20,975.00,0.5870,-1,-1,-1
168,0,874.30,293.70,150.60,474.70,1.0000,-1,-1,-1
168,7,577.80,339.60,100.30,339.10,1.0000,-1,-1,-1
168,9,1030.70,286.50,145.60,487.10,1.0000,-1,-1,-1
168,10,1330.60,309.70,125.20,456.50,1.0000,-1,-1,-1
168,11,1171.50,371.60,76.70,257.60,0.8140,-1,-1,-1
168,1,1673.70,103.50,247.30,977.50,0.3310,-1,-1,-1
169,0,869.90,304.60,155.70,466.40,1.0000,-1,-1,-1
169,7,578.00,350.40,94.10,329.70,1.0000,-1,-1,-1
169,9,1024.80,288.80,150.60,481.80,1.0000,-1,-1,-1
169,10,1332.80,306.50,123.30,464.00,1.0000,-1,-1,-1
169,1,1683.70,104.80,237.30,976.20,0.3710,-1,-1,-1
169,11,1176.10,373.50,72.70,246.60,0.0960,-1,-1,-1
169,-1,1119.80,343.80,99.90,386.60,0.0970,-1,-1,-1
170,0,867.50,306.40,154.10,462.20,1.0000,-1,-1,-1
170,7,573.50,341.30,96.40,336.90,1.0000,-1,-1,-1
170,9,1017.70,282.10,154.00,492.60,1.0000,-1,-1,-1
170,10,1331.80,307.70,124.50,467.10,1.0000,-1,-1,-1
170,1,1676.60,120.80,244.40,960.20,0.2460,-1,-1,-1
171,0,865.00,306.60,154.70,454.10,1.0000,-1,-1,-1
171,7,570.40,339.90,95.20,346.50,1.0000,-1,-1,-1
171,9,1010.20,284.80,154.60,488.50,1.0000,-1,-1,-1
171,10,1329.60,309.40,129.90,468.00,1.0000,-1,-1,-1
171,1,1681.10,121.40,239.90,959.60,0.1970,-1,-1,-1
171,11,1103.70,342.40,121.00,404.70,0.2200,-1,-1,-1
172,0,857.80,307.40,155.80,454.90,1.0000,-1,-1,-1
172,7,566.00,341.10,96.50,341.50,1.0000,-1,-1,-1
172,9,1005.70,290.40,147.30,475.80,1.0000,-1,-1,-1
172,10,1328.70,313.30,128.50,465.40,1.0000,-1,-1,-1
172,11,1110.40,341.60,125.60,401.80,0.9550,-1,-1,-1
172,1,1683.80,102.80,237.20,978.20,0.5260,-1,-1,-1
173,0,847.20,305.70,156.60,464.50,1.0000,-1,-1,-1
173,1,1685.50,120.20,235.50,960.80,0.7560,-1,-1,-1
173,7,563.00,340.10,92.40,347.50,1.0000,-1,-1,-1
173,9,999.80,288.20,145.40,471.40,1.0000,-1,-1,-1
173,10,1330.50,306.30,124.90,475.30,1.0000,-1,-1,-1
173,11,1096.00,344.70,143.80,399.10,0.9940,-1,-1,-1
174,0,841.10,304.60,160.00,465.90,1.0000,-1,-1,-1
174,1,1687.40,121.10,233.60,959.90,0.8490,-1,-1,-1
174,7,554.80,338.20,97.60,352.70,1.0000,-1,-1,-1
174,9,995.80,283.10,141.90,482.60,0.9990,-1,-1,-1
174,10,1330.70,300.90,123.10,484.00,1.0000,-1,-1,-1
174,11,1094.60,338.60,142.00,408.00,0.9990,-1,-1,-1
175,0,835.50,296.80,166.90,471.70,1.0000,-1,-1,-1
175,1,1686.50,126.40,234.50,954.60,0.8300,-1,-1,-1
175,7,551.60,339.90,93.50,352.30,1.0000,-1,-1,-1
175,9,988.20,290.70,147.70,477.20,1.0000,-1,-1,-1
175,10,1330.90,304.40,121.60,480.90,1.0000,-1,-1,-1
175,11,1093.80,333.10,139.70,411.20,0.9990,-1,-1,-1
176,0,830.10,307.10,170.40,451.90,1.0000,-1,-1,-1
176,1,1686.70,117.60,234.30,963.40,0.9230,-1,-1,-1
176,7,545.00,340.40,93.70,355.90,1.0000,-1,-1,-1
176,9,974.10,287.30,157.90,482.60,0.9990,-1,-1,-1
176,10,1329.10,293.00,122.50,496.20,1.0000,-1,-1,-1
176,11,1092.50,331.60,142.50,417.50,1.0000,-1,-1,-1
177,0,824.10,301.50,177.50,460.00,1.0000,-1,-1,-1
177,1,1681.00,117.50,240.00,963.50,0.8720,-1,-1,-1
177,7,539.60,341.20,93.90,355.70,1.0000,-1,-1,-1
177,9,977.60,289.30,152.20,480.80,1.0000,-1,-1,-1
177,10,1327.60,301.70,123.70,491.90,1.0000,-1,-1,-1
177,11,1099.80,333.60,136.40,420.30,1.0000,-1,-1,-1
178,0,819.40,301.10,180.30,461.80,1.0000,-1,-1,-1
178,1,1674.90,107.50,246.10,973.50,0.8460,-1,-1,-1
178,7,533.70,342.30,95.60,355.20,1.0000,-1,-1,-1
178,9,973.00,288.00,151.60,481.40,0.9990,-1,-1,-1
178,10,1326.40,299.60,124.10,495.10,1.0000,-1,-1,-1
178,11,1099.00,334.20,139.80,418.20,1.0000,-1,-1,-1
179,0,811.10,299.20,184.40,471.70,1.0000,-1,-1,-1
179,1,1674.70,100.00,246.30,981.00,0.7970,-1,-1,-1
179,7,532.00,341.00,93.40,360.60,1.0000,-1,-1,-1
179,9,971.00,286.30,143.60,486.60,1.0000,-1,-1,-1
179,10,1326.00,299.80,127.40,495.40,1.0000,-1,-1,-1
179,11,1097.20,332.80,138.50,420.30,1.0000,-1,-1,-1
180,0,809.00,309.10,189.60,462.30,1.0000,-1,-1,-1
180,7,527.20,340.80,96.30,363.00,1.0000,-1,-1,-1
180,9,967.60,282.40,151.00,488.60,1.0000,-1,-1,-1
180,10,1327.60,300.00,128.50,489.40,1.0000,-1,-1,-1
180,11,1097.70,329.90,137.70,423.00,1.0000,-1,-1,-1
180,1,1677.90,102.10,243.10,978.90,0.4760,-1,-1,-1
180,-1,1246.10,322.80,140.40,435.50,0.7240,-1,-1,-1
181,0,806.50,302.80,182.30,469.70,1.0000,-1,-1,-1
181,7,523.70,338.10,97.90,366.10,1.0000,-1,-1,-1
181,9,967.00,284.70,150.30,488.80,0.9990,-1,-1,-1
181,10,1332.00,299.30,125.10,491.80,0.9990,-1,-1,-1
181,11,1099.30,330.10,138.00,426.00,1.0000,-1,-1,-1
181,12,1247.00,321.30,140.20,440.90,0.9880,-1,-1,-1
181,1,1674.60,104.60,246.40,976.40,0.5680,-1,-1,-1
182,0,806.60,303.40,185.00,468.60,1.0000,-1,-1,-1
182,1,1677.00,105.60,244.00,975.40,0.6140,-1,-1,-1
182,7,521.50,345.00,97.70,358.80,1.0000,-1,-1,-1
182,9,963.20,282.90,150.10,491.10,0.9990,-1,-1,-1
182,10,1333.30,302.50,128.20,487.30,0.9990,-1,-1,-1
182,11,1100.70,331.40,137.90,429.30,1.0000,-1,-1,-1
182,12,1239.60,308.20,151.00,467.40,0.9980,-1,-1,-1
183,0,810.90,311.90,186.40,464.80,1.0000,-1,-1,-1
183,7,520.10,348.60,96.70,362.30,1.0000,-1,-1,-1
183,9,964.10,287.80,150.70,480.00,1.0000,-1,-1,-1
183,10,1338.00,293.90,123.20,497.20,1.0000,-1,-1,-1
183,11,1098.80,331.50,147.90,434.10,1.0000,-1,-1,-1
183,12,1239.50,317.30,148.60,456.30,0.9990,-1,-1,-1
183,1,1689.00,92.10,232.00,988.90,0.1910,-1,-1,-1
184,0,810.70,317.80,190.90,458.30,1.0000,-1,-1,-1
184,7,520.40,350.60,95.80,359.50,1.0000,-1,-1,-1
184,9,967.40,286.10,150.30,480.20,1.0000,-1,-1,-1
184,10,1335.50,296.00,135.40,499.50,0.9980,-1,-1,-1
184,11,1106.50,327.60,138.30,436.10,0.9990,-1,-1,-1
184,12,1241.60,313.50,153.10,459.20,0.9990,-1,-1,-1
184,1,1691.10,97.50,229.90,983.50,0.2350,-1,-1,-1
185,0,811.40,314.50,191.70,460.40,1.0000,-1,-1,-1
185,7,520.90,356.30,94.10,361.90,1.0000,-1,-1,-1
185,9,970.50,292.60,149.50,482.60,1.0000,-1,-1,-1
185,10,1342.20,292.20,136.90,507.40,0.9990,-1,-1,-1
185,11,1102.30,328.00,146.50,443.80,0.9990,-1,-1,-1
185,12,1243.50,312.20,159.00,458.90,0.9990,-1,-1,-1
185,1,1692.70,94.10,228.30,986.90,0.2110,-1,-1,-1
186,0,816.60,312.60,195.20,462.20,1.0000,-1,-1,-1
186,7,519.00,360.20,96.90,367.50,1.0000,-1,-1,-1
186,9,968.10,297.80,151.10,490.60,1.0000,-1,-1,-1
186,10,1349.70,293.40,137.40,512.20,0.9990,-1,-1,-1
186,11,1098.60,328.40,152.30,449.40,0.9990,-1,-1,-1
186,12,1241.40,312.40,170.30,469.40,1.0000,-1,-1,-1
186,1,1693.10,97.60,227.90,983.40,0.2950,-1,-1,-1
187,0,813.80,317.90,191.70,461.00,1.0000,-1,-1,-1
187,7,517.80,361.00,97.40,367.60,1.0000,-1,-1,-1
187,9,964.50,295.90,151.10,483.20,1.0000,-1,-1,-1
187,10,1351.20,291.50,140.10,518.90,1.0000,-1,-1,-1
187,11,1097.40,324.20,150.30,460.80,0.9990,-1,-1,-1
187,12,1246.80,311.90,163.30,464.00,0.9990,-1,-1,-1
187,1,1695.90,114.70,225.10,966.30,0.0670,-1,-1,-1
188,0,821.70,320.30,187.30,459.70,1.0000,-1,-1,-1
188,7,519.50,353.90,96.90,377.20,1.0000,-1,-1,-1
188,9,972.80,297.40,151.30,485.50,1.0000,-1,-1,-1
188,10,1355.70,293.40,137.90,517.30,0.9990,-1,-1,-1
188,11,1103.80,330.10,148.70,449.70,0.9980,-1,-1,-1
188,12,1256.80,317.60,160.60,455.30,0.9990,-1,-1,-1
188,1,1699.00,101.10,222.00,979.90,0.1030,-1,-1,-1
189,0,824.70,317.00,186.10,457.00,1.0000,-1,-1,-1
189,7,520.50,360.00,96.80,373.90,1.0000,-1,-1,-1
189,9,967.40,300.40,156.80,493.80,1.0000,-1,-1,-1
189,10,1361.30,287.00,138.10,527.60,0.9990,-1,-1,-1
189,11,1104.80,327.10,154.70,457.60,0.9990,-1,-1,-1
189,12,1252.30,317.90,165.70,461.40,1.0000,-1,-1,-1
189,1,1699.50,102.40,221.50,978.60,0.2570,-1,-1,-1
190,0,837.00,315.20,176.10,457.40,1.0000,-1,-1,-1
190,7,523.20,361.40,96.00,374.60,1.0000,-1,-1,-1
190,9,975.30,303.90,148.00,480.60,0.9990,-1,-1,-1
190,10,1363.60,287.40,146.50,527.20,0.9990,-1,-1,-1
190,11,1110.40,328.90,148.00,451.10,0.9990,-1,-1,-1
190,12,1256.60,302.70,169.50,483.50,0.9990,-1,-1,-1
191,0,842.50,316.70,179.60,453.10,1.0000,-1,-1,-1
191,7,526.00,365.50,98.10,375.20,1.0000,-1,-1,-1
191,9,978.00,306.60,164.50,481.70,0.9980,-1,-1,-1
191,10,1374.40,291.70,144.10,527.40,0.9990,-1,-1,-1
191,11,1106.80,327.60,163.50,464.50,0.9990,-1,-1,-1
191,12,1263.60,319.00,160.20,466.00,1.0000,-1,-1,-1
192,0,849.30,318.10,175.90,458.30,1.0000,-1,-1,-1
192,7,528.00,355.30,99.80,386.90,1.0000,-1,-1,-1
192,9,978.10,306.30,166.10,483.20,0.9990,-1,-1,-1
192,10,1382.70,289.10,143.60,533.90,0.9990,-1,-1,-1
192,11,1110.00,328.30,169.50,470.00,1.0000,-1,-1,-1
192,12,1264.90,320.90,163.70,459.50,1.0000,-1,-1,-1
193,0,855.40,326.70,170.90,451.30,1.0000,-1,-1,-1
193,7,532.40,363.60,99.90,381.90,1.0000,-1,-1,-1
193,9,990.70,311.00,155.90,482.50,1.0000,-1,-1,-1
193,10,1387.50,295.80,146.30,529.40,0.9990,-1,-1,-1
193,11,1118.20,328.60,166.40,469.90,1.0000,-1,-1,-1
193,12,1275.20,316.80,161.40,468.40,0.9990,-1,-1,-1
193,-1,827.00,406.30,54.50,206.60,0.0590,-1,-1,-1
194,0,861.30,319.80,160.40,461.40,1.0000,-1,-1,-1
194,7,533.00,366.50,101.30,377.70,1.0000,-1,-1,-1
194,9,990.40,307.80,151.70,474.50,1.0000,-1,-1,-1
194,10,1394.60,292.90,143.40,528.50,0.9990,-1,-1,-1
194,11,1118.60,329.60,168.50,480.10,0.9990,-1,-1,-1
194,12,1278.30,320.20,163.70,479.70,1.0000,-1,-1,-1
194,-1,825.10,406.60,62.30,214.90,0.2770,-1,-1,-1
195,0,858.20,329.80,177.00,456.40,1.0000,-1,-1,-1
195,7,533.40,364.80,100.80,381.30,1.0000,-1,-1,-1
195,9,998.10,312.20,159.90,483.60,0.9990,-1,-1,-1
195,10,1405.20,290.00,140.20,530.60,1.0000,-1,-1,-1
195,11,1121.50,328.20,173.10,487.30,1.0000,-1,-1,-1
195,12,1286.60,317.40,161.50,467.60,1.0000,-1,-1,-1
195,-1,824.70,406.10,66.80,217.90,0.5400,-1,-1,-1
196,0,861.50,332.50,178.40,454.70,1.0000,-1,-1,-1
196,7,534.50,361.90,100.10,391.20,1.0000,-1,-1,-1
196,9,1002.70,310.00,152.90,490.80,0.9990,-1,-1,-1
196,10,1409.00,288.50,141.40,539.90,0.9990,-1,-1,-1
196,11,1121.40,331.90,178.30,486.30,1.0000,-1,-1,-1
196,12,1289.00,315.00,162.10,472.20,1.0000,-1,-1,-1
196,-1,823.40,407.60,69.60,215.70,0.8640,-1,-1,-1
197,0,868.90,328.60,163.10,462.10,1.0000,-1,-1,-1
197,7,534.50,361.70,100.70,397.20,1.0000,-1,-1,-1
197,9,1006.50,309.30,151.40,492.80,0.9990,-1,-1,-1
197,10,1413.20,289.10,143.00,552.30,1.0000,-1,-1,-1
197,11,1120.60,334.00,177.30,487.20,1.0000,-1,-1,-1
197,12,1292.30,316.50,163.10,488.10,1.0000,-1,-1,-1
197,13,818.40,409.40,80.50,212.70,0.9930,-1,-1,-1
198,0,868.40,328.40,170.30,467.60,1.0000,-1,-1,-1
198,7,534.50,362.00,100.50,397.90,1.0000,-1,-1,-1
198,9,1009.10,309.40,144.60,492.00,0.9990,-1,-1,-1
198,10,1413.80,298.80,152.80,540.10,0.9990,-1,-1,-1
198,11,1125.30,332.00,181.40,490.40,1.0000,-1,-1,-1
198,12,1294.80,307.30,167.30,489.70,1.0000,-1,-1,-1
198,13,816.70,407.60,84.20,216.40,0.9980,-1,-1,-1
199,0,870.10,327.60,181.50,459.80,0.9990,-1,-1,-1
199,7,533.70,363.80,101.90,390.80,1.0000,-1,-1,-1
199,9,1011.10,309.60,146.80,491.00,0.9990,-1,-1,-1
199,10,1422.70,289.40,150.10,537.90,1.0000,-1,-1,-1
199,11,1126.40,332.50,182.40,498.00,1.0000,-1,-1,-1
199,12,1297.10,311.20,166.40,504.10,1.0000,-1,-1,-1
199,13,817.20,408.60,83.80,219.40,0.9970,-1,-1,-1
200,0,875.30,327.40,169.30,468.60,1.0000,-1,-1,-1
200,7,534.20,361.30,101.50,398.30,1.0000,-1,-1,-1
200,9,1005.40,303.60,159.30,493.70,1.0000,-1,-1,-1
200,10,1427.80,288.20,152.90,538.40,0.9990,-1,-1,-1
200,11,1126.40,329.90,182.20,508.90,1.0000,-1,-1,-1
200,12,1299.10,308.30,167.60,509.90,1.0000,-1,-1,-1
200,13,815.40,407.30,85.60,223.00,0.9970,-1,-1,-1
201,0,873.10,331.00,171.90,463.60,1.0000,-1,-1,-1
201,7,533.50,367.60,101.70,386.80,1.0000,-1,-1,-1
201,9,1006.90,303.70,161.60,493.10,0.9990,-1,-1,-1
201,10,1430.80,296.40,153.70,545.20,0.9990,-1,-1,-1
201,11,1124.00,329.50,188.90,514.20,1.0000,-1,-1,-1
201,12,1303.00,308.00,169.40,515.50,1.0000,-1,-1,-1
201,13,814.20,406.40,85.30,227.40,0.9970,-1,-1,-1
202,0,873.70,332.00,170.20,464.70,1.0000,-1,-1,-1
202,7,530.30,367.80,106.10,394.00,1.0000,-1,-1,-1
202,9,1007.30,298.70,160.80,506.00,1.0000,-1,-1,-1
202,10,1438.30,288.30,151.20,559.20,1.0000,-1,-1,-1
202,11,1123.40,330.60,189.50,518.30,1.0000,-1,-1,-1
202,12,1303.00,305.80,172.20,520.60,1.0000,-1,-1,-1
202,13,812.20,408.30,85.60,228.10,0.9990,-1,-1,-1
203,0,872.80,331.40,168.90,464.00,1.0000,-1,-1,-1
203,7,530.50,365.20,102.00,396.30,1.0000,-1,-1,-1
203,9,1007.90,296.80,156.10,501.20,1.0000,-1,-1,-1
203,10,1436.90,291.00,157.10,561.50,1.0000,-1,-1,-1
203,11,1113.30,324.60,190.80,528.90,1.0000,-1,-1,-1
203,12,1307.80,307.50,172.10,516.80,1.0000,-1,-1,-1
203,13,812.50,405.70,81.00,232.00,0.9990,-1,-1,-1
204,0,869.10,321.70,165.30,466.50,1.0000,-1,-1,-1
204,7,526.90,359.70,101.70,409.50,1.0000,-1,-1,-1
204,9,1009.70,302.70,150.30,488.10,0.9990,-1,-1,-1
204,10,1433.90,283.30,163.80,565.00,1.0000,-1,-1,-1
204,11,1108.60,327.30,200.00,524.50,1.0000,-1,-1,-1
204,12,1310.10,293.90,171.10,532.90,0.9990,-1,-1,-1
204,13,808.10,404.80,81.50,236.40,0.9990,-1,-1,-1
205,0,859.80,329.80,170.20,457.80,1.0000,-1,-1,-1
205,7,519.40,359.30,104.40,408.10,1.0000,-1,-1,-1
205,9,1010.70,305.60,151.90,492.40,0.9990,-1,-1,-1
205,10,1439.50,286.10,159.10,548.50,1.0000,-1,-1,-1
205,11,1113.10,316.40,200.30,545.10,1.0000,-1,-1,-1
205,12,1308.80,292.80,175.90,541.40,0.9990,-1,-1,-1
205,13,800.20,404.60,84.80,244.30,0.9990,-1,-1,-1
206,0,856.00,334.10,171.70,452.30,1.0000,-1,-1,-1
206,7,515.70,364.50,101.40,406.70,1.0000,-1,-1,-1
206,9,1008.50,309.30,152.60,490.60,0.9990,-1,-1,-1
206,10,1441.80,288.00,159.00,555.80,1.0000,-1,-1,-1
206,11,1110.50,319.20,197.80,542.80,1.0000,-1,-1,-1
206,12,1304.90,308.20,173.40,534.10,1.0000,-1,-1,-1
206,13,795.10,408.00,83.90,236.10,0.9990,-1,-1,-1
207,0,857.90,329.20,172.80,451.60,1.0000,-1,-1,-1
207,7,507.60,361.00,108.00,406.70,1.0000,-1,-1,-1
207,9,1006.60,305.60,152.50,496.80,0.9990,-1,-1,-1
207,10,1442.80,283.60,162.00,557.40,1.0000,-1,-1,-1
207,11,1109.00,305.70,205.30,563.60,1.0000,-1,-1,-1
207,12,1301.50,306.40,176.50,538.20,1.0000,-1,-1,-1
207,13,788.00,409.90,87.00,233.80,0.9990,-1,-1,-1
208,0,853.30,328.90,175.10,448.80,1.0000,-1,-1,-1
208,7,505.50,368.40,107.80,404.60,1.0000,-1,-1,-1
208,9,1000.60,300.90,157.50,494.80,0.9980,-1,-1,-1
208,10,1442.90,282.20,161.90,576.90,1.0000,-1,-1,-1
208,11,1107.80,312.50,207.40,564.90,1.0000,-1,-1,-1
208,12,1301.30,305.20,179.80,542.80,1.0000,-1,-1,-1
208,13,785.10,401.60,85.90,237.40,0.9990,-1,-1,-1
209,0,851.90,326.90,174.40,454.30,1.0000,-1,-1,-1
209,7,503.00,364.30,108.30,405.90,1.0000,-1,-1,-1
209,9,998.80,307.50,158.10,485.90,0.9980,-1,-1,-1
209,10,1440.20,277.80,169.80,579.00,1.0000,-1,-1,-1
209,11,1098.90,302.90,212.20,570.80,1.0000,-1,-1,-1
209,12,1298.20,304.50,186.40,550.40,1.0000,-1,-1,-1
209,13,783.50,401.00,84.60,234.20,0.9990,-1,-1,-1
210,0,852.20,322.50,172.30,463.00,1.0000,-1,-1,-1
210,7,499.50,364.40,106.00,408.80,1.0000,-1,-1,-1
210,9,992.00,303.80,156.70,498.60,0.9960,-1,-1,-1
210,10,1449.20,280.10,164.20,582.80,1.0000,-1,-1,-1
210,11,1105.00,303.10,211.10,573.00,1.0000,-1,-1,-1
210,12,1296.40,298.30,181.80,560.40,1.0000,-1,-1,-1
210,13,780.70,398.70,82.60,233.10,1.0000,-1,-1,-1
211,0,847.10,326.30,172.40,461.60,1.0000,-1,-1,-1
211,7,492.80,360.00,105.50,417.20,1.0000,-1,-1,-1
211,9,992.90,302.40,151.20,500.80,0.9970,-1,-1,-1
211,10,1445.20,282.60,170.70,581.90,1.0000,-1,-1,-1
211,11,1099.30,295.40,213.20,590.60,1.0000,-1,-1,-1
211,12,1294.90,291.30,179.80,571.30,1.0000,-1,-1,-1
211,13,774.80,398.60,89.60,239.60,1.0000,-1,-1,-1
212,0,844.00,328.30,169.90,453.70,1.0000,-1,-1,-1
212,7,485.70,357.80,105.80,422.60,1.0000,-1,-1,-1
212,9,985.40,305.20,153.50,496.80,0.9980,-1,-1,-1
212,10,1441.80,278.80,174.40,574.90,1.0000,-1,-1,-1
212,11,1096.70,293.90,211.50,596.60,1.0000,-1,-1,-1
212,12,1289.10,283.90,182.40,583.80,1.0000,-1,-1,-1
212,13,768.70,394.80,88.10,245.90,1.0000,-1,-1,-1
213,0,839.90,328.50,168.60,451.90,1.0000,-1,-1,-1
213,7,477.00,353.00,107.80,428.00,1.0000,-1,-1,-1
213,9,979.30,306.00,156.60,500.10,0.9980,-1,-1,-1
213,10,1443.50,281.40,174.80,589.10,1.0000,-1,-1,-1
213,11,1090.20,282.40,216.60,607.00,1.0000,-1,-1,-1
213,12,1283.80,281.00,190.10,589.10,1.0000,-1,-1,-1
213,13,760.20,396.70,88.70,241.20,1.0000,-1,-1,-1
214,0,838.10,328.80,165.00,449.80,1.0000,-1,-1,-1
214,7,469.80,355.40,109.60,425.20,1.0000,-1,-1,-1
214,9,984.30,299.20,150.50,497.20,0.9970,-1,-1,-1
214,10,1438.60,282.10,183.60,590.90,1.0000,-1,-1,-1
214,11,1081.20,288.30,219.30,609.80,1.0000,-1,-1,-1
214,12,1273.80,273.50,192.10,599.70,0.9990,-1,-1,-1
214,13,756.40,398.70,87.40,240.50,1.0000,-1,-1,-1
215,0,837.70,325.70,164.20,451.80,1.0000,-1,-1,-1
215,7,463.50,353.50,108.90,430.40,1.0000,-1,-1,-1
215,9,978.80,299.90,148.30,485.70,0.9990,-1,-1,-1
215,10,1438.10,276.90,184.10,595.90,1.0000,-1,-1,-1
215,11,1084.40,292.80,217.80,611.30,1.0000,-1,-1,-1
215,12,1278.50,279.80,188.30,597.40,1.0000,-1,-1,-1
215,13,749.50,398.30,90.70,244.50,1.0000,-1,-1,-1
216,0,824.70,329.50,179.00,452.60,1.0000,-1,-1,-1
216,7,457.80,353.30,109.20,433.20,1.0000,-1,-1,-1
216,9,976.30,302.60,147.80,479.50,0.9990,-1,-1,-1
216,10,1429.20,273.50,192.60,597.90,1.0000,-1,-1,-1
216,11,1073.60,279.20,227.40,635.10,1.0000,-1,-1,-1
216,12,1276.60,279.00,188.20,598.70,1.0000,-1,-1,-1
216,13,747.40,400.90,87.10,239.60,1.0000,-1,-1,-1
217,0,829.50,326.20,172.30,452.30,1.0000,-1,-1,-1
217,7,448.00,349.70,111.40,437.30,1.0000,-1,-1,-1
217,9,963.60,300.50,154.90,500.10,0.9990,-1,-1,-1
217,10,1428.20,277.80,198.30,592.00,1.0000,-1,-1,-1
217,11,1070.20,278.20,232.10,644.00,1.0000,-1,-1,-1
217,12,1273.20,272.40,190.40,605.70,1.0000,-1,-1,-1
217,13,743.90,400.50,89.40,240.20,1.0000,-1,-1,-1
218,0,828.20,327.20,174.80,448.30,1.0000,-1,-1,-1
218,7,442.90,350.40,111.50,437.00,1.0000,-1,-1,-1
218,9,959.10,301.10,154.90,499.80,0.9980,-1,-1,-1
218,10,1425.10,269.60,207.50,597.90,1.0000,-1,-1,-1
218,11,1074.80,281.40,226.60,649.30,1.0000,-1,-1,-1
218,12,1266.90,267.70,193.80,611.80,1.0000,-1,-1,-1
218,13,737.50,394.50,90.30,242.50,1.0000,-1,-1,-1
219,0,827.20,328.40,172.10,444.50,1.0000,-1,-1,-1
219,7,436.30,350.20,112.90,436.00,1.0000,-1,-1,-1
219,9,957.60,297.50,152.80,494.70,0.9970,-1,-1,-1
219,10,1426.30,268.60,207.50,605.20,1.0000,-1,-1,-1
219,11,1073.30,278.10,232.80,661.40,1.0000,-1,-1,-1
219,12,1262.50,258.90,199.00,622.60,1.0000,-1,-1,-1
219,13,730.90,393.10,94.30,253.30,1.0000,-1,-1,-1
220,0,828.20,327.90,173.20,443.60,1.0000,-1,-1,-1
220,7,433.00,345.20,112.60,442.00,1.0000,-1,-1,-1
220,9,954.40,299.00,155.40,492.00,0.9970,-1,-1,-1
220,10,1426.80,272.20,209.00,606.00,1.0000,-1,-1,-1
220,11,1065.20,272.20,244.20,670.60,1.0000,-1,-1,-1
220,12,1265.10,256.10,200.80,635.00,1.0000,-1,-1,-1
220,13,727.60,391.00,91.30,254.20,1.0000,-1,-1,-1
221,0,829.10,327.40,172.00,448.10,1.0000,-1,-1,-1
221,7,429.90,343.70,112.30,451.50,1.0000,-1,-1,-1
221,9,951.30,299.30,157.90,490.60,0.9970,-1,-1,-1
221,10,1423.90,267.70,211.30,604.00,1.0000,-1,-1,-1
221,11,1063.40,264.60,247.30,696.90,1.0000,-1,-1,-1
221,12,1272.40,245.70,197.00,640.50,1.0000,-1,-1,-1
221,13,725.10,387.50,95.60,264.00,1.0000,-1,-1,-1
222,0,828.30,326.50,172.10,447.90,1.0000,-1,-1,-1
222,7,425.40,345.80,115.70,449.80,1.0000,-1,-1,-1
222,9,948.60,298.40,164.10,497.40,0.9980,-1,-1,-1
222,10,1428.60,260.80,206.40,614.70,1.0000,-1,-1,-1
222,11,1073.20,263.70,241.80,704.20,1.0000,-1,-1,-1
222,12,1267.20,248.20,203.20,649.10,0.9990,-1,-1,-1
222,13,724.70,387.60,95.80,261.10,1.0000,-1,-1,-1
223,0,827.30,327.30,172.20,443.30,1.0000,-1,-1,-1
223,7,423.50,342.00,115.20,462.60,1.0000,-1,-1,-1
223,9,954.50,298.70,158.50,502.30,0.9950,-1,-1,-1
223,10,1431.20,262.00,214.60,611.40,1.0000,-1,-1,-1
223,11,1057.90,253.40,262.40,726.90,1.0000,-1,-1,-1
223,12,1267.30,244.00,203.40,665.10,0.9990,-1,-1,-1
223,13,724.10,388.00,95.00,260.20,1.0000,-1,-1,-1
224,0,827.40,330.40,171.00,438.90,1.0000,-1,-1,-1
224,7,417.80,348.50,116.40,455.80,1.0000,-1,-1,-1
224,9,952.20,292.50,161.00,505.60,0.9980,-1,-1,-1
224,10,1431.00,264.80,220.00,612.60,1.0000,-1,-1,-1
224,11,1060.80,247.60,260.50,742.60,1.0000,-1,-1,-1
224,12,1280.10,243.20,203.10,676.20,1.0000,-1,-1,-1
224,13,723.10,390.70,97.60,258.70,1.0000,-1,-1,-1
225,0,829.10,326.40,174.30,451.40,1.0000,-1,-1,-1
225,7,414.80,351.40,116.00,452.00,1.0000,-1,-1,-1
225,9,949.40,300.90,159.70,486.80,0.9980,-1,-1,-1
225,10,1430.90,268.60,225.10,605.60,1.0000,-1,-1,-1
225,11,1067.00,253.20,259.90,746.90,1.0000,-1,-1,-1
225,12,1281.40,228.90,216.00,683.80,0.9990,-1,-1,-1
225,13,723.10,385.80,98.50,271.30,1.0000,-1,-1,-1
226,0,826.30,329.90,180.10,444.00,1.0000,-1,-1,-1
226,7,413.10,345.80,117.80,457.40,1.0000,-1,-1,-1
226,9,957.50,293.80,155.40,495.80,0.9950,-1,-1,-1
226,10,1432.80,262.20,221.70,616.80,0.9990,-1,-1,-1
226,11,1068.50,252.00,272.70,747.30,1.0000,-1,-1,-1
226,12,1285.90,238.60,210.30,689.20,1.0000,-1,-1,-1
226,13,721.40,381.90,98.20,273.90,1.0000,-1,-1,-1
227,0,828.70,325.20,176.10,444.10,1.0000,-1,-1,-1
227,7,409.50,341.00,121.00,464.60,1.0000,-1,-1,-1
227,9,951.60,300.00,160.80,487.00,0.9960,-1,-1,-1
227,10,1434.70,262.00,223.70,621.90,0.9980,-1,-1,-1
227,11,1069.20,247.90,276.00,755.60,1.0000,-1,-1,-1
227,12,1301.00,242.50,215.40,691.00,0.9990,-1,-1,-1
227,13,723.50,383.30,95.10,266.00,1.0000,-1,-1,-1
228,0,824.40,325.40,178.90,450.10,1.0000,-1,-1,-1
228,7,408.50,343.50,121.30,463.10,1.0000,-1,-1,-1
228,9,959.50,289.90,158.80,505.50,0.9860,-1,-1,-1
228,10,1440.00,261.90,229.70,615.50,0.9900,-1,-1,-1
228,11,1064.40,240.40,289.30,768.80,1.0000,-1,-1,-1
228,12,1308.90,234.60,212.80,708.30,0.9990,-1,-1,-1
228,13,724.10,382.50,98.70,269.20,1.0000,-1,-1,-1
229,0,835.50,322.00,173.80,448.20,1.0000,-1,-1,-1
229,7,407.70,347.10,124.10,462.10,1.0000,-1,-1,-1
229,9,961.30,295.90,154.70,489.80,0.9980,-1,-1,-1
229,10,1464.80,239.70,203.50,670.90,0.7910,-1,-1,-1
229,11,1072.30,220.40,298.80,803.40,1.0000,-1,-1,-1
229,12,1311.80,235.90,224.60,730.70,0.9990,-1,-1,-1
229,13,725.90,383.80,100.80,274.20,1.0000,-1,-1,-1
230,0,837.60,326.00,172.50,444.60,1.0000,-1,-1,-1
230,7,409.30,349.80,123.60,465.50,1.0000,-1,-1,-1
230,9,964.90,301.00,159.60,481.20,0.9960,-1,-1,-1
230,11,1071.70,209.50,306.40,828.10,1.0000,-1,-1,-1
230,12,1322.10,230.00,222.90,743.20,1.0000,-1,-1,-1
230,13,727.70,387.40,101.30,269.20,1.0000,-1,-1,-1
230,10,1469.50,236.50,202.10,668.90,0.3880,-1,-1,-1
231,0,831.80,328.60,181.20,454.50,1.0000,-1,-1,-1
231,7,412.00,341.80,124.20,471.70,1.0000,-1,-1,-1
231,9,967.60,297.80,161.60,484.80,0.9960,-1,-1,-1
231,11,1061.10,213.20,315.00,828.80,1.0000,-1,-1,-1
231,12,1333.40,213.40,225.60,744.90,1.0000,-1,-1,-1
231,13,728.80,384.20,104.50,277.30,1.0000,-1,-1,-1
231,10,1460.70,241.10,195.20,672.10,0.0740,-1,-1,-1
232,0,844.00,335.20,182.40,432.90,1.0000,-1,-1,-1
232,7,413.50,341.70,125.50,478.70,1.0000,-1,-1,-1
232,9,969.50,300.60,160.50,475.30,0.9860,-1,-1,-1
232,11,1069.30,197.50,314.90,878.20,1.0000,-1,-1,-1
232,12,1346.90,223.60,235.10,752.20,1.0000,-1,-1,-1
232,13,732.90,385.00,103.40,279.10,1.0000,-1,-1,-1
233,0,847.70,332.50,186.10,434.50,1.0000,-1,-1,-1
233,7,416.00,344.00,126.90,477.20,1.0000,-1,-1,-1
233,9,981.20,300.50,156.20,494.10,0.9730,-1,-1,-1
233,11,1074.40,196.40,321.70,884.60,1.0000,-1,-1,-1
233,12,1349.30,216.50,240.10,774.10,1.0000,-1,-1,-1
233,13,739.30,386.50,102.10,280.40,1.0000,-1,-1,-1
234,0,850.20,330.60,187.20,446.20,1.0000,-1,-1,-1
234,7,421.50,338.40,126.80,476.50,1.0000,-1,-1,-1
234,9,982.40,300.70,152.90,503.00,0.9900,-1,-1,-1
234,11,1084.30,203.50,334.00,877.50,1.0000,-1,-1,-1
234,12,1357.80,203.80,262.40,790.70,1.0000,-1,-1,-1
234,13,740.50,385.90,103.40,285.00,1.0000,-1,-1,-1
235,0,863.80,330.50,179.10,435.30,1.0000,-1,-1,-1
235,7,423.80,337.50,127.40,482.30,1.0000,-1,-1,-1
235,9,990.90,298.80,151.90,499.60,0.9930,-1,-1,-1
235,11,1083.10,193.60,326.30,887.40,1.0000,-1,-1,-1
235,12,1374.20,198.30,257.10,811.30,1.0000,-1,-1,-1
235,13,746.60,387.40,107.70,273.50,1.0000,-1,-1,-1
236,0,859.10,325.90,189.20,445.70,1.0000,-1,-1,-1
236,7,430.10,335.00,125.00,485.50,1.0000,-1,-1,-1
236,9,998.00,300.00,153.80,489.00,0.9290,-1,-1,-1
236,11,1078.60,185.20,343.50,895.80,1.0000,-1,-1,-1
236,12,1378.60,198.70,282.50,802.00,1.0000,-1,-1,-1
236,13,750.40,391.30,108.20,277.00,1.0000,-1,-1,-1
237,0,872.10,328.90,173.10,427.50,1.0000,-1,-1,-1
237,7,432.50,327.50,129.90,487.80,1.0000,-1,-1,-1
237,9,1003.50,291.60,152.80,510.20,0.7970,-1,-1,-1
237,11,1088.20,181.80,340.80,899.20,1.0000,-1,-1,-1
237,12,1387.80,194.90,298.80,818.80,1.0000,-1,-1,-1
237,13,753.40,381.70,114.80,285.50,1.0000,-1,-1,-1
238,0,877.40,318.70,180.40,438.00,1.0000,-1,-1,-1
238,7,433.90,322.70,130.60,490.40,1.0000,-1,-1,-1
238,9,1016.50,289.80,142.90,502.00,0.8530,-1,-1,-1
238,11,1090.30,171.00,350.10,910.00,1.0000,-1,-1,-1
238,12,1387.40,203.20,328.90,808.10,1.0000,-1,-1,-1
238,13,758.90,377.90,112.20,288.20,1.0000,-1,-1,-1
239,0,885.00,317.10,178.40,431.60,1.0000,-1,-1,-1
239,7,436.80,321.70,128.70,491.00,1.0000,-1,-1,-1
239,11,1086.00,171.40,362.10,909.60,1.0000,-1,-1,-1
239,12,1397.80,173.10,343.50,838.10,1.0000,-1,-1,-1
239,13,768.00,376.10,105.50,278.30,1.0000,-1,-1,-1
239,9,1018.80,286.00,143.10,487.70,0.4210,-1,-1,-1
240,0,891.40,304.40,173.90,441.60,1.0000,-1,-1,-1
240,7,436.10,327.70,129.40,478.00,1.0000,-1,-1,-1
240,11,1090.30,167.20,371.50,913.80,1.0000,-1,-1,-1
240,12,1414.10,175.10,352.90,839.10,1.0000,-1,-1,-1
240,13,768.80,370.10,109.20,286.20,1.0000,-1,-1,-1
241,0,893.60,310.60,170.00,433.60,1.0000,-1,-1,-1
241,7,436.40,314.10,131.70,494.20,1.0000,-1,-1,-1
241,11,1098.00,149.20,389.30,931.80,1.0000,-1,-1,-1
241,12,1413.80,181.70,369.50,853.20,1.0000,-1,-1,-1
241,13,771.70,364.50,109.00,286.20,1.0000,-1,-1,-1
242,0,896.10,304.30,170.50,437.80,1.0000,-1,-1,-1
242,7,436.50,308.10,134.40,490.50,1.0000,-1,-1,-1
242,11,1082.20,140.30,408.20,940.70,1.0000,-1,-1,-1
242,12,1423.10,152.10,389.80,877.10,1.0000,-1,-1,-1
242,13,772.30,359.10,110.50,289.90,1.0000,-1,-1,-1
243,0,900.20,300.90,169.20,432.20,1.0000,-1,-1,-1
243,7,431.30,306.30,135.60,499.80,1.0000,-1,-1,-1
243,11,1084.10,125.10,416.30,955.90,1.0000,-1,-1,-1
243,12,1423.20,142.90,424.50,923.00,1.0000,-1,-1,-1
243,13,773.30,356.20,105.40,287.80,1.0000,-1,-1,-1
244,0,902.10,304.90,179.10,419.80,1.0000,-1,-1,-1
244,7,431.40,298.20,136.40,501.60,1.0000,-1,-1,-1
244,11,1091.50,134.10,423.00,946.90,1.0000,-1,-1,-1
244,12,1439.50,133.70,412.80,929.60,1.0000,-1,-1,-1
244,13,769.60,345.90,111.80,305.80,1.0000,-1,-1,-1
245,0,900.50,301.70,174.20,430.60,1.0000,-1,-1,-1
245,7,427.70,296.60,139.00,497.40,1.0000,-1,-1,-1
245,11,1103.60,106.20,402.40,974.80,1.0000,-1,-1,-1
245,12,1445.60,114.00,422.70,967.00,1.0000,-1,-1,-1
245,13,768.10,345.20,116.90,301.80,1.0000,-1,-1,-1
246,0,906.10,294.40,173.00,427.20,1.0000,-1,-1,-1
246,7,423.70,297.10,138.40,498.20,1.0000,-1,-1,-1
246,11,1086.10,90.10,440.40,990.90,1.0000,-1,-1,-1
246,12,1451.80,99.90,432.20,981.10,1.0000,-1,-1,-1
246,13,765.20,334.60,118.10,311.40,1.0000,-1,-1,-1
247,0,907.60,291.20,174.50,426.70,0.9990,-1,-1,-1
247,7,420.60,280.90,141.30,514.30,1.0000,-1,-1,-1
247,11,1096.70,52.10,440.70,1028.90,1.0000,-1,-1,-1
247,12,1468.30,115.00,442.30,966.00,1.0000,-1,-1,-1
247,13,767.80,332.00,116.20,311.60,1.0000,-1,-1,-1
248,0,907.40,290.70,169.90,428.30,1.0000,-1,-1,-1
248,7,419.10,279.50,144.40,514.60,1.0000,-1,-1,-1
248,11,1104.10,37.30,444.80,1043.70,1.0000,-1,-1,-1
248,12,1474.00,72.20,442.10,1008.80,1.0000,-1,-1,-1
248,13,770.20,328.50,113.70,309.70,1.0000,-1,-1,-1
249,0,913.30,286.80,162.00,430.90,0.9990,-1,-1,-1
249,7,416.90,275.10,140.00,514.50,1.0000,-1,-1,-1
249,11,1112.90,28.40,444.40,1052.60,1.0000,-1,-1,-1
249,12,1472.40,72.70,448.60,1008.30,1.0000,-1,-1,-1
249,13,773.90,334.70,109.90,297.50,1.0000,-1,-1,-1
249,-1,864.60,329.20,80.10,293.70,0.1120,-1,-1,-1
250,0,915.40,284.30,159.30,430.90,0.9970,-1,-1,-1
250,7,413.90,271.90,142.10,518.50,1.0000,-1,-1,-1
250,11,1102.90,35.30,479.20,1045.70,1.0000,-1,-1,-1
250,12,1489.30,82.60,431.70,998.40,1.0000,-1,-1,-1
250,13,765.80,329.40,119.40,304.70,1.0000,-1,-1,-1
250,-1,868.20,337.40,64.30,262.00,0.5840,-1,-1,-1
251,0,914.30,278.10,161.80,430.20,0.9990,-1,-1,-1
251,7,405.90,263.00,145.40,536.20,1.0000,-1,-1,-1
251,11,1105.40,11.40,473.70,1069.60,1.0000,-1,-1,-1
251,12,1481.20,64.50,439.80,1016.50,1.0000,-1,-1,-1
251,13,763.10,324.90,119.20,309.10,1.0000,-1,-1,-1
251,9,1052.00,158.60,176.10,810.30,0.0800,-1,-1,-1
252,0,917.00,280.20,151.60,421.10,0.9940,-1,-1,-1
252,7,401.00,261.10,147.20,525.20,1.0000,-1,-1,-1
252,11,1121.00,8.90,478.80,1072.10,1.0000,-1,-1,-1
252,12,1477.70,56.10,443.30,1024.90,1.0000,-1,-1,-1
252,13,759.50,320.00,121.60,313.20,1.0000,-1,-1,-1
252,9,1043.50,177.80,203.30,782.40,0.5490,-1,-1,-1
252,-1,865.80,337.20,66.80,257.70,0.2320,-1,-1,-1
253,0,920.40,263.00,144.50,433.70,0.9530,-1,-1,-1
253,7,393.90,258.10,145.70,526.10,1.0000,-1,-1,-1
253,9,1014.40,165.40,213.30,770.70,0.9500,-1,-1,-1
253,11,1135.80,1.00,472.80,1080.00,1.0000,-1,-1,-1
253,12,1500.40,35.80,420.60,1045.20,1.0000,-1,-1,-1
253,13,757.30,311.60,122.30,318.10,1.0000,-1,-1,-1
253,-1,865.00,337.00,62.50,251.60,0.0630,-1,-1,-1
254,7,392.60,251.50,145.70,531.00,1.0000,-1,-1,-1
254,9,1002.70,159.20,244.60,794.20,0.9980,-1,-1,-1
254,11,1150.40,1.00,464.80,1080.00,0.9990,-1,-1,-1
254,12,1506.60,51.50,414.40,1029.50,0.9990,-1,-1,-1
254,13,754.30,310.20,123.10,322.70,1.0000,-1,-1,-1
254,0,927.20,253.20,133.00,451.90,0.2410,-1,-1,-1
254,-1,861.30,333.50,61.70,245.80,0.0660,-1,-1,-1
255,7,385.20,242.00,150.80,540.00,1.0000,-1,-1,-1
255,9,995.00,138.60,244.00,834.70,0.9990,-1,-1,-1
255,11,1180.50,1.00,448.50,1080.00,0.9990,-1,-1,-1
255,12,1517.20,10.70,403.80,1070.30,1.0000,-1,-1,-1
255,13,755.50,302.60,124.70,320.60,1.0000,-1,-1,-1
256,7,384.30,240.00,150.90,536.00,1.0000,-1,-1,-1
256,9,983.60,133.50,251.90,831.00,0.9990,-1,-1,-1
256,11,1172.60,1.00,495.20,1080.00,0.9990,-1,-1,-1
256,12,1543.00,1.90,378.00,1079.10,0.9980,-1,-1,-1
256,13,754.90,294.70,129.00,320.00,1.0000,-1,-1,-1
257,7,380.60,227.10,148.90,541.80,1.0000,-1,-1,-1
257,9,968.90,120.70,259.70,859.20,1.0000,-1,-1,-1
257,11,1180.60,1.00,533.40,1080.00,0.9990,-1,-1,-1
257,12,1548.80,2.60,372.20,1078.40,0.9900,-1,-1,-1
257,13,757.50,286.50,126.50,322.50,1.0000,-1,-1,-1
258,7,377.50,219.10,151.50,546.70,1.0000,-1,-1,-1
258,9,958.50,99.90,278.10,874.00,1.0000,-1,-1,-1
258,11,1200.00,1.00,549.00,1080.00,0.9990,-1,-1,-1
258,12,1602.70,1.00,318.30,1080.00,0.9460,-1,-1,-1
258,13,758.30,281.40,125.60,324.70,1.0000,-1,-1,-1
259,7,372.30,210.80,154.30,551.10,1.0000,-1,-1,-1
259,9,945.90,90.80,291.10,913.80,1.0000,-1,-1,-1
259,11,1223.50,1.00,537.70,1080.00,0.9990,-1,-1,-1
259,13,758.40,276.90,125.30,324.10,1.0000,-1,-1,-1
259,12,1620.90,8.50,300.10,1072.50,0.5820,-1,-1,-1
260,7,367.60,200.20,158.50,564.50,1.0000,-1,-1,-1
260,9,936.70,85.40,296.50,917.70,1.0000,-1,-1,-1
260,11,1226.70,1.00,565.10,1080.00,0.9990,-1,-1,-1
260,13,757.20,272.50,127.00,326.80,1.0000,-1,-1,-1
261,7,365.60,198.40,159.10,562.80,1.0000,-1,-1,-1
261,9,921.70,44.80,309.90,1012.70,1.0000,-1,-1,-1
261,11,1217.40,1.00,649.50,1080.00,0.9990,-1,-1,-1
261,13,755.50,267.50,127.80,333.80,1.0000,-1,-1,-1
262,7,355.00,196.90,163.90,562.20,1.0000,-1,-1,-1
262,9,894.00,74.70,328.40,966.10,1.0000,-1,-1,-1
262,11,1245.50,1.00,660.30,1080.00,1.0000,-1,-1,-1
262,13,754.30,260.70,129.90,348.20,1.0000,-1,-1,-1
263,7,353.20,192.00,163.00,570.40,1.0000,-1,-1,-1
263,9,886.50,72.90,327.60,970.80,1.0000,-1,-1,-1
263,11,1251.30,1.00,669.70,1080.00,0.9950,-1,-1,-1
263,13,754.90,260.50,132.40,343.20,1.0000,-1,-1,-1
264,7,353.40,189.80,161.70,567.90,1.0000,-1,-1,-1
264,9,880.40,41.20,337.10,1027.60,1.0000,-1,-1,-1
264,11,1279.40,1.00,641.60,1080.00,0.9680,-1,-1,-1
264,13,752.30,253.20,133.00,351.20,1.0000,-1,-1,-1
265,7,347.70,187.50,160.00,570.10,1.0000,-1,-1,-1
265,9,865.90,23.40,345.40,1057.60,1.0000,-1,-1,-1
265,11,1281.70,1.00,610.90,1080.00,0.8630,-1,-1,-1
265,13,749.40,251.80,136.90,345.90,1.0000,-1,-1,-1
266,7,346.00,180.70,166.60,578.00,1.0000,-1,-1,-1
266,9,840.90,24.50,360.90,1056.50,1.0000,-1,-1,-1
266,11,1307.20,1.00,613.80,1080.00,0.7600,-1,-1,-1
266,13,749.90,248.70,139.90,353.10,1.0000,-1,-1,-1
267,7,338.20,181.00,167.90,579.00,1.0000,-1,-1,-1
267,9,827.70,16.30,353.90,1064.70,1.0000,-1,-1,-1
267,13,745.90,247.10,145.50,352.80,0.9980,-1,-1,-1
267,11,1297.80,1.00,623.20,1080.00,0.2050,-1,-1,-1
268,7,333.60,182.30,171.50,584.10,1.0000,-1,-1,-1
268,9,799.10,10.90,368.20,1070.10,1.0000,-1,-1,-1
268,11,1323.80,12.30,597.20,1068.70,0.2090,-1,-1,-1
268,13,749.20,239.00,130.20,359.80,0.5200,-1,-1,-1
269,7,333.00,172.50,169.60,596.90,1.0000,-1,-1,-1
269,9,776.80,1.00,374.40,1080.00,1.0000,-1,-1,-1
269,11,1400.10,19.60,520.90,1061.40,0.1420,-1,-1,-1
269,-1,1233.00,316.20,79.70,205.20,0.3390,-1,-1,-1
270,7,329.60,173.50,170.10,585.50,1.0000,-1,-1,-1
270,9,756.40,1.00,378.90,1080.00,1.0000,-1,-1,-1
270,-1,1065.60,187.30,131.20,508.00,0.2140,-1,-1,-1
270,-1,1239.10,310.70,78.60,209.10,0.9860,-1,-1,-1
271,7,322.10,170.00,174.40,596.00,1.0000,-1,-1,-1
271,9,728.20,1.00,388.80,1080.00,1.0000,-1,-1,-1
271,14,1246.00,305.90,71.20,219.30,0.2560,-1,-1,-1
271,-1,1057.20,166.10,156.20,498.20,0.9990,-1,-1,-1
272,7,316.40,161.80,173.70,614.60,1.0000,-1,-1,-1
272,9,693.00,1.00,411.50,1080.00,1.0000,-1,-1,-1
272,15,1056.80,156.40,162.60,520.70,1.0000,-1,-1,-1
272,-1,1234.40,126.20,288.20,954.80,0.7500,-1,-1,-1
273,7,315.80,157.40,176.80,612.80,1.0000,-1,-1,-1
273,9,642.60,1.00,450.00,1080.00,1.0000,-1,-1,-1
273,15,1053.40,152.90,165.80,516.30,1.0000,-1,-1,-1
273,16,1238.10,98.50,266.90,728.80,0.9680,-1,-1,-1
274,7,310.00,152.80,176.50,626.80,1.0000,-1,-1,-1
274,9,609.90,1.00,460.60,1080.00,1.0000,-1,-1,-1
274,15,1055.00,158.20,166.70,510.90,1.0000,-1,-1,-1
274,16,1226.60,108.80,253.50,738.90,0.9810,-1,-1,-1
275,7,300.80,156.40,178.30,620.40,1.0000,-1,-1,-1
275,9,580.70,1.00,471.80,1080.00,1.0000,-1,-1,-1
275,15,1052.90,153.40,165.00,512.30,1.0000,-1,-1,-1
275,16,1222.60,98.90,262.10,717.90,1.0000,-1,-1,-1
276,7,293.70,147.50,178.20,627.70,1.0000,-1,-1,-1
276,9,554.70,1.40,478.50,1079.60,1.0000,-1,-1,-1
276,15,1052.60,154.60,160.90,515.70,1.0000,-1,-1,-1
276,16,1182.00,103.10,305.60,733.10,1.0000,-1,-1,-1
277,7,280.40,151.00,181.70,622.90,1.0000,-1,-1,-1
277,9,499.90,1.00,513.60,1080.00,1.0000,-1,-1,-1
277,15,1048.40,147.60,157.00,520.50,0.9990,-1,-1,-1
277,16,1171.50,107.90,308.30,733.30,1.0000,-1,-1,-1
278,7,268.10,137.80,183.40,632.60,0.9990,-1,-1,-1
278,9,453.50,1.00,521.50,1080.00,1.0000,-1,-1,-1
278,15,1045.40,139.90,155.70,544.20,0.9990,-1,-1,-1
278,16,1152.00,102.50,323.60,723.60,1.0000,-1,-1,-1
278,-1,933.70,179.10,131.20,427.00,0.3590,-1,-1,-1
279,7,256.60,136.40,184.80,638.40,0.9990,-1,-1,-1
279,9,403.10,1.00,546.70,1080.00,1.0000,-1,-1,-1
279,15,1044.60,135.00,160.60,539.40,0.9730,-1,-1,-1
279,16,1111.40,99.00,353.80,729.50,1.0000,-1,-1,-1
279,-1,898.70,181.10,161.00,437.50,0.9630,-1,-1,-1
280,7,243.90,99.10,181.40,665.30,0.9680,-1,-1,-1
280,9,336.10,1.00,571.70,1080.00,1.0000,-1,-1,-1
280,16,1109.30,94.70,348.10,723.50,1.0000,-1,-1,-1
280,17,892.20,185.70,172.30,446.30,0.9980,-1,-1,-1
280,15,1041.50,129.90,159.60,571.10,0.0700,-1,-1,-1
281,7,249.60,104.20,184.20,742.70,0.7610,-1,-1,-1
281,9,275.70,3.20,603.40,1077.80,1.0000,-1,-1,-1
281,16,1079.20,93.00,355.90,731.90,1.0000,-1,-1,-1
281,17,878.10,183.00,183.50,444.30,0.9980,-1,-1,-1
281,15,1042.20,123.60,160.00,564.40,0.0510,-1,-1,-1
282,9,187.70,12.80,663.20,1068.20,1.0000,-1,-1,-1
282,16,1075.40,80.00,337.10,729.00,1.0000,-1,-1,-1
282,17,873.10,181.10,185.20,439.10,0.9980,-1,-1,-1
283,9,106.30,22.90,701.90,1058.10,1.0000,-1,-1,-1
283,16,1058.10,80.00,321.90,741.00,1.0000,-1,-1,-1
283,17,880.90,184.20,168.70,435.40,0.9990,-1,-1,-1
284,9,36.10,32.30,742.20,1048.70,1.0000,-1,-1,-1
284,16,1038.90,82.60,303.00,735.90,1.0000,-1,-1,-1
284,17,872.30,182.50,168.40,440.70,0.9990,-1,-1,-1
284,13,734.50,208.70,97.70,380.00,0.0590,-1,-1,-1
285,9,5.00,10.30,763.10,1070.70,0.9330,-1,-1,-1
285,16,1027.80,75.40,277.60,747.90,1.0000,-1,-1,-1
285,17,868.40,177.40,161.50,444.80,1.0000,-1,-1,-1
285,13,696.90,189.50,128.80,425.20,0.5880,-1,-1,-1
286,13,667.50,179.20,160.40,432.00,0.9990,-1,-1,-1
286,16,1010.80,70.30,274.60,723.40,1.0000,-1,-1,-1
286,17,860.70,172.50,159.30,457.50,0.9990,-1,-1,-1
286,9,1.00,45.40,730.20,1035.60,0.3050,-1,-1,-1
287,13,639.70,172.20,171.20,448.50,1.0000,-1,-1,-1
287,16,994.10,53.20,262.60,745.40,1.0000,-1,-1,-1
287,17,844.50,181.60,163.50,443.50,1.0000,-1,-1,-1
288,13,621.40,166.30,173.00,454.10,1.0000,-1,-1,-1
288,16,974.60,67.70,249.60,764.30,1.0000,-1,-1,-1
288,17,827.60,174.50,166.50,441.20,0.9990,-1,-1,-1
289,13,606.20,165.70,174.40,456.00,1.0000,-1,-1,-1
289,16,966.80,62.40,229.20,789.30,1.0000,-1,-1,-1
289,17,815.90,183.00,161.60,441.40,1.0000,-1,-1,-1
289,-1,1149.20,295.60,73.30,212.90,0.9700,-1,-1,-1
290,13,588.60,169.20,181.60,459.60,1.0000,-1,-1,-1
290,16,947.70,66.70,220.10,765.20,1.0000,-1,-1,-1
290,17,808.00,169.20,161.90,451.40,1.0000,-1,-1,-1
290,18,1142.70,290.30,80.50,228.40,0.9990,-1,-1,-1
291,13,572.30,163.00,187.60,464.90,1.0000,-1,-1,-1
291,16,912.40,55.70,236.90,787.50,1.0000,-1,-1,-1
291,17,799.70,179.70,158.20,438.60,0.9970,-1,-1,-1
291,18,1127.00,283.10,82.80,247.60,0.9990,-1,-1,-1
292,13,553.50,160.60,196.40,473.20,1.0000,-1,-1,-1
292,16,884.70,59.10,254.70,799.20,1.0000,-1,-1,-1
292,17,785.10,180.60,163.90,440.80,0.9980,-1,-1,-1
292,18,1118.20,272.80,77.80,263.70,0.6060,-1,-1,-1
293,13,538.70,157.40,195.80,483.40,1.0000,-1,-1,-1
293,16,848.40,70.10,268.60,787.60,1.0000,-1,-1,-1
293,17,780.60,173.40,160.50,444.00,0.7040,-1,-1,-1
293,7,31.90,54.90,165.80,800.10,0.1450,-1,-1,-1
293,18,1079.30,249.80,110.30,284.00,0.1370,-1,-1,-1
294,13,522.30,158.40,201.90,489.90,1.0000,-1,-1,-1
294,16,810.10,65.70,293.50,793.00,1.0000,-1,-1,-1
294,18,1064.90,241.20,110.80,301.10,0.6020,-1,-1,-1
294,7,13.50,4.30,167.30,842.90,0.2890,-1,-1,-1
295,13,508.10,157.50,198.90,499.00,1.0000,-1,-1,-1
295,16,774.30,62.10,313.80,808.40,1.0000,-1,-1,-1
295,18,1046.70,227.20,120.20,315.40,0.9080,-1,-1,-1
296,13,492.10,155.50,202.60,508.30,1.0000,-1,-1,-1
296,16,744.80,61.10,322.30,812.60,1.0000,-1,-1,-1
296,18,1033.10,226.30,117.90,314.10,0.9610,-1,-1,-1
297,13,476.00,152.00,208.00,519.60,1.0000,-1,-1,-1
297,16,720.30,58.10,340.80,824.30,1.0000,-1,-1,-1
297,18,1028.50,230.60,129.70,311.40,0.7230,-1,-1,-1
298,13,462.10,155.20,213.30,512.50,1.0000,-1,-1,-1
298,16,683.20,55.00,366.40,823.30,1.0000,-1,-1,-1
298,18,1024.30,230.60,119.20,314.90,0.7920,-1,-1,-1
299,13,446.00,150.10,217.20,530.70,1.0000,-1,-1,-1
299,16,658.90,53.30,385.80,821.30,1.0000,-1,-1,-1
299,18,968.10,227.80,118.80,331.60,0.4520,-1,-1,-1
300,13,432.80,150.00,224.40,538.60,1.0000,-1,-1,-1
300,15,1032.50,241.10,107.00,312.50,0.7980,-1,-1,-1
300,16,634.50,56.10,377.30,826.50,1.0000,-1,-1,-1
300,18,963.30,232.70,115.00,334.80,0.9950,-1,-1,-1
301,13,424.80,147.40,223.40,552.50,1.0000,-1,-1,-1
301,15,1024.50,232.20,126.30,330.10,0.9960,-1,-1,-1
301,16,610.90,49.60,377.90,831.00,1.0000,-1,-1,-1
301,18,963.60,244.90,109.60,327.60,0.9920,-1,-1,-1
302,13,408.80,145.30,234.40,557.80,1.0000,-1,-1,-1
302,15,1026.90,222.30,126.00,342.80,0.9980,-1,-1,-1
302,16,586.50,24.30,361.60,904.70,1.0000,-1,-1,-1
302,18,962.40,241.10,108.20,338.20,0.9970,-1,-1,-1
303,13,402.00,142.50,233.20,573.10,1.0000,-1,-1,-1
303,15,1026.30,228.10,129.60,341.80,0.9980,-1,-1,-1
303,16,554.20,43.70,370.10,871.20,1.0000,-1,-1,-1
303,18,959.10,252.90,115.30,336.00,0.9980,-1,-1,-1
303,-1,837.20,150.50,144.00,537.80,0.9960,-1,-1,-1
304,13,395.20,141.30,236.10,582.50,0.9990,-1,-1,-1
304,15,1026.90,219.30,130.70,347.70,0.9990,-1,-1,-1
304,16,519.30,33.90,382.00,891.60,1.0000,-1,-1,-1
304,18,957.20,242.20,117.80,343.80,0.9980,-1,-1,-1
304,19,830.70,151.90,151.90,526.40,0.9940,-1,-1,-1
305,13,390.40,140.20,224.40,594.20,0.9460,-1,-1,-1
305,15,1027.40,217.20,130.80,351.40,0.9990,-1,-1,-1
305,16,481.60,45.70,392.50,861.10,1.0000,-1,-1,-1
305,18,957.00,251.00,117.90,341.30,0.9990,-1,-1,-1
305,19,829.00,155.50,152.70,525.70,0.9930,-1,-1,-1
306,15,1033.30,221.00,130.70,348.10,0.9980,-1,-1,-1
306,16,454.70,42.40,406.50,848.40,1.0000,-1,-1,-1
306,18,954.30,247.00,124.60,353.50,0.9990,-1,-1,-1
306,19,824.80,169.40,159.40,529.80,0.9980,-1,-1,-1
306,13,381.50,134.20,217.50,615.30,0.2750,-1,-1,-1
307,15,1036.20,228.50,130.00,344.80,0.9990,-1,-1,-1
307,16,417.80,46.00,418.10,861.70,1.0000,-1,-1,-1
307,18,962.20,250.90,117.50,346.00,0.9980,-1,-1,-1
307,19,828.80,165.30,154.30,525.30,1.0000,-1,-1,-1
308,15,1037.20,227.30,129.10,358.70,0.9990,-1,-1,-1
308,16,419.90,20.80,361.20,888.40,1.0000,-1,-1,-1
308,18,967.70,250.20,120.90,350.60,0.9980,-1,-1,-1
308,19,829.00,167.50,160.50,525.70,1.0000,-1,-1,-1
309,15,1039.90,225.50,113.00,357.30,0.7220,-1,-1,-1
309,16,385.40,18.80,386.00,905.50,1.0000,-1,-1,-1
309,18,964.60,249.90,134.10,357.40,1.0000,-1,-1,-1
309,19,826.10,167.80,167.70,525.10,1.0000,-1,-1,-1
309,17,722.10,193.60,137.70,443.70,0.3340,-1,-1,-1
310,15,1053.30,238.00,118.70,347.70,0.6260,-1,-1,-1
310,16,349.00,21.80,413.80,884.40,1.0000,-1,-1,-1
310,18,967.50,252.40,135.80,353.00,0.9990,-1,-1,-1
310,19,824.20,166.40,165.10,533.30,1.0000,-1,-1,-1
310,17,708.90,201.20,161.40,437.30,0.5890,-1,-1,-1
311,16,345.60,54.10,395.30,907.10,1.0000,-1,-1,-1
311,17,706.00,196.30,162.10,446.00,0.7720,-1,-1,-1
311,18,969.80,245.80,141.10,372.70,1.0000,-1,-1,-1
311,19,827.30,167.60,162.70,523.50,1.0000,-1,-1,-1
312,16,327.10,43.50,408.10,899.30,1.0000,-1,-1,-1
312,17,700.40,208.00,163.30,443.30,0.9700,-1,-1,-1
312,18,970.40,240.30,147.30,389.20,1.0000,-1,-1,-1
312,19,830.30,172.80,165.20,520.20,1.0000,-1,-1,-1
312,15,1060.50,261.30,106.20,333.50,0.2690,-1,-1,-1
313,16,314.70,35.20,403.40,921.40,1.0000,-1,-1,-1
313,17,708.90,202.00,161.00,454.80,0.9980,-1,-1,-1
313,18,962.70,243.20,161.90,379.50,1.0000,-1,-1,-1
313,19,833.30,169.20,162.10,524.10,1.0000,-1,-1,-1
314,16,306.90,23.10,401.80,947.00,1.0000,-1,-1,-1
314,17,708.80,213.40,161.80,448.70,0.9990,-1,-1,-1
314,18,966.90,238.40,161.70,389.30,1.0000,-1,-1,-1
314,19,834.70,169.40,159.00,509.30,1.0000,-1,-1,-1
315,16,278.60,9.40,426.20,992.40,1.0000,-1,-1,-1
315,17,706.60,199.40,171.70,457.40,0.9990,-1,-1,-1
315,18,969.50,232.70,163.70,401.30,1.0000,-1,-1,-1
315,19,836.20,168.10,158.30,517.10,1.0000,-1,-1,-1
316,16,263.20,16.80,429.50,981.90,1.0000,-1,-1,-1
316,17,708.60,204.50,166.00,452.00,0.9990,-1,-1,-1
316,18,970.20,233.40,175.20,405.10,1.0000,-1,-1,-1
316,19,831.50,163.70,160.30,510.40,1.0000,-1,-1,-1
317,16,237.00,15.50,443.90,972.20,1.0000,-1,-1,-1
317,17,712.30,204.90,168.90,443.40,0.9970,-1,-1,-1
317,18,970.40,232.30,177.20,410.40,1.0000,-1,-1,-1
317,19,835.70,165.00,160.50,506.50,1.0000,-1,-1,-1
318,16,231.00,2.20,434.70,1017.70,1.0000,-1,-1,-1
318,17,712.90,203.30,164.30,446.30,0.9980,-1,-1,-1
318,18,977.00,238.90,178.00,405.50,1.0000,-1,-1,-1
318,19,834.40,160.20,160.20,520.00,1.0000,-1,-1,-1
319,16,221.20,11.60,437.20,995.40,1.0000,-1,-1,-1
319,17,712.10,198.20,164.40,453.40,0.9990,-1,-1,-1
319,18,969.60,240.70,191.50,403.40,1.0000,-1,-1,-1
319,19,839.20,161.90,156.20,521.20,1.0000,-1,-1,-1
319,-1,626.60,269.60,119.50,346.30,0.9000,-1,-1,-1
320,16,199.50,15.80,448.30,997.00,1.0000,-1,-1,-1
320,17,707.20,192.30,167.30,452.80,0.9990,-1,-1,-1
320,18,972.10,246.40,188.60,400.80,1.0000,-1,-1,-1
320,19,839.90,168.10,150.90,511.30,1.0000,-1,-1,-1
320,20,627.00,257.80,127.00,359.30,0.9170,-1,-1,-1
321,16,185.70,6.70,442.40,1008.10,1.0000,-1,-1,-1
321,17,714.50,189.50,166.80,459.30,0.9990,-1,-1,-1
321,18,969.50,238.60,187.10,409.60,1.0000,-1,-1,-1
321,19,831.80,156.60,160.80,525.20,1.0000,-1,-1,-1
321,20,618.40,262.00,120.10,349.90,0.9980,-1,-1,-1
322,16,153.40,5.90,430.20,996.00,1.0000,-1,-1,-1
322,17,706.50,200.50,163.70,444.40,0.9990,-1,-1,-1
322,18,966.20,237.30,186.40,413.60,1.0000,-1,-1,-1
322,19,826.30,149.60,162.20,537.90,0.9990,-1,-1,-1
322,20,610.30,259.50,119.80,356.50,0.9990,-1,-1,-1
323,16,131.40,1.00,415.40,1003.40,1.0000,-1,-1,-1
323,17,704.30,196.20,161.10,445.50,0.9970,-1,-1,-1
323,18,959.10,233.40,192.20,419.50,1.0000,-1,-1,-1
323,19,822.50,156.60,159.50,527.00,1.0000,-1,-1,-1
323,20,595.80,254.00,133.20,356.70,0.9990,-1,-1,-1
324,16,117.20,1.00,393.10,1010.40,1.0000,-1,-1,-1
324,17,700.00,192.70,167.00,447.50,0.9990,-1,-1,-1
324,18,962.70,226.60,182.40,425.80,1.0000,-1,-1,-1
324,19,813.90,148.30,162.80,540.60,1.0000,-1,-1,-1
324,20,596.70,248.70,127.00,362.10,0.9990,-1,-1,-1
324,-1,419.80,64.40,182.00,788.70,0.1030,-1,-1,-1
325,16,96.20,1.00,385.10,996.40,1.0000,-1,-1,-1
325,17,700.50,182.10,161.00,448.90,1.0000,-1,-1,-1
325,18,962.20,222.30,181.50,425.70,1.0000,-1,-1,-1
325,19,809.30,145.70,162.90,543.40,1.0000,-1,-1,-1
325,20,590.60,237.00,119.80,373.80,0.9980,-1,-1,-1
325,-1,380.40,54.20,229.00,805.10,0.9010,-1,-1,-1
326,16,78.70,1.00,365.70,992.20,1.0000,-1,-1,-1
326,17,680.90,183.70,176.10,461.50,1.0000,-1,-1,-1
326,18,961.60,216.90,178.70,437.20,1.0000,-1,-1,-1
326,19,806.90,142.00,156.70,550.30,1.0000,-1,-1,-1
326,20,579.70,235.10,124.30,367.30,0.9770,-1,-1,-1
326,21,357.80,53.00,250.70,820.10,0.9930,-1,-1,-1
327,16,52.80,1.00,370.80,1003.10,1.0000,-1,-1,-1
327,17,674.40,184.70,179.30,458.00,0.9990,-1,-1,-1
327,18,957.50,210.70,181.00,446.60,1.0000,-1,-1,-1
327,19,794.70,151.30,166.40,537.70,1.0000,-1,-1,-1
327,21,309.20,29.70,312.50,863.10,1.0000,-1,-1,-1
327,20,586.90,236.50,105.20,374.30,0.3600,-1,-1,-1
328,15,1083.20,198.70,127.20,427.80,0.9540,-1,-1,-1
328,16,25.70,1.00,368.90,1021.50,1.0000,-1,-1,-1
328,17,678.60,179.10,161.90,456.40,0.9970,-1,-1,-1
328,18,950.20,202.50,183.20,458.10,1.0000,-1,-1,-1
328,19,788.80,151.50,164.40,535.90,1.0000,-1,-1,-1
328,21,285.60,19.80,329.70,894.60,1.0000,-1,-1,-1
328,20,563.80,241.70,109.90,358.40,0.1490,-1,-1,-1
329,15,1070.40,182.00,146.50,455.90,0.9960,-1,-1,-1
329,16,1.00,1.00,362.70,1039.70,1.0000,-1,-1,-1
329,17,669.60,188.00,163.70,449.90,0.9990,-1,-1,-1
329,18,949.10,203.90,180.80,465.80,1.0000,-1,-1,-1
329,19,783.00,153.00,161.00,540.90,1.0000,-1,-1,-1
329,21,279.10,36.00,319.80,887.70,1.0000,-1,-1,-1
329,20,555.90,239.40,113.40,361.90,0.2140,-1,-1,-1
330,15,1066.30,184.40,159.50,457.30,0.9990,-1,-1,-1
330,16,1.00,1.00,341.40,1043.60,0.9990,-1,-1,-1
330,17,670.20,187.50,150.40,447.80,0.9980,-1,-1,-1
330,18,943.10,191.20,175.00,477.90,0.9990,-1,-1,-1
330,19,777.90,148.40,163.40,542.00,1.0000,-1,-1,-1
330,21,271.20,22.20,323.00,914.60,1.0000,-1,-1,-1
330,20,546.00,233.80,114.20,388.20,0.3410,-1,-1,-1
331,15,1062.90,182.00,163.40,463.10,1.0000,-1,-1,-1
331,16,1.00,1.00,303.10,1060.60,0.9990,-1,-1,-1
331,17,666.30,178.10,163.80,463.50,0.9880,-1,-1,-1
331,18,949.80,198.80,169.00,473.20,1.0000,-1,-1,-1
331,19,775.80,149.60,163.40,536.30,1.0000,-1,-1,-1
331,21,250.40,38.60,343.50,874.70,1.0000,-1,-1,-1
331,20,504.70,422.50,98.50,207.90,0.0830,-1,-1,-1
332,15,1052.80,180.60,169.20,468.10,1.0000,-1,-1,-1
332,16,1.00,1.00,278.30,1056.20,0.9990,-1,-1,-1
332,17,658.60,186.10,166.70,461.40,0.9930,-1,-1,-1
332,18,951.80,204.50,162.90,468.70,1.0000,-1,-1,-1
332,19,773.30,148.40,163.10,539.40,1.0000,-1,-1,-1
332,21,242.50,22.20,344.40,919.10,1.0000,-1,-1,-1
333,15,1057.30,177.20,169.30,491.50,0.9990,-1,-1,-1
333,16,7.00,2.50,253.70,1032.30,0.9960,-1,-1,-1
333,17,657.40,187.30,170.50,447.30,0.9610,-1,-1,-1
333,18,952.20,201.60,162.30,478.20,1.0000,-1,-1,-1
333,19,773.90,146.60,161.00,536.70,1.0000,-1,-1,-1
333,21,242.90,18.20,330.20,944.00,1.0000,-1,-1,-1
334,15,1054.60,178.20,177.60,477.90,1.0000,-1,-1,-1
334,16,1.00,1.00,231.30,1043.80,0.9980,-1,-1,-1
334,17,642.60,196.30,188.20,445.10,0.8980,-1,-1,-1
334,18,950.60,201.20,164.00,481.90,1.0000,-1,-1,-1
334,19,773.70,142.90,161.50,545.30,1.0000,-1,-1,-1
334,21,224.50,13.10,356.50,951.70,1.0000,-1,-1,-1
335,15,1056.90,173.80,180.80,486.00,1.0000,-1,-1,-1
335,16,4.90,21.20,186.40,1020.40,0.9780,-1,-1,-1
335,17,644.70,191.10,181.00,447.90,0.9630,-1,-1,-1
335,18,946.70,195.10,165.40,498.20,0.9990,-1,-1,-1
335,19,770.90,141.50,163.40,531.90,1.0000,-1,-1,-1
335,21,212.50,5.70,361.40,992.30,1.0000,-1,-1,-1
336,15,1059.10,172.50,183.30,485.50,1.0000,-1,-1,-1
336,16,2.70,67.60,184.00,976.90,0.6060,-1,-1,-1
336,17,665.30,174.10,159.50,461.50,0.9370,-1,-1,-1
336,18,946.60,200.30,169.90,494.80,0.9990,-1,-1,-1
336,19,772.60,139.70,161.10,534.10,1.0000,-1,-1,-1
336,21,197.50,1.00,384.70,1006.90,1.0000,-1,-1,-1
336,-1,619.90,237.60,104.60,377.50,0.0560,-1,-1,-1
337,15,1060.00,163.80,195.10,506.20,1.0000,-1,-1,-1
337,17,668.10,179.90,156.40,464.30,0.9840,-1,-1,-1
337,18,950.20,198.80,172.10,501.50,1.0000,-1,-1,-1
337,19,772.40,142.60,162.80,533.30,1.0000,-1,-1,-1
337,21,173.60,6.10,422.00,1023.00,1.0000,-1,-1,-1
337,-1,615.50,247.80,94.20,368.10,0.1200,-1,-1,-1
338,15,1069.20,158.90,180.20,526.20,1.0000,-1,-1,-1
338,17,673.90,183.10,158.50,463.70,0.9810,-1,-1,-1
338,18,950.60,199.80,175.40,509.30,1.0000,-1,-1,-1
338,19,774.80,147.10,161.30,530.80,1.0000,-1,-1,-1
338,21,161.20,1.00,422.80,1070.80,1.0000,-1,-1,-1
338,-1,618.90,244.40,95.20,380.90,0.1240,-1,-1,-1
339,15,1065.60,156.50,200.80,525.60,0.9990,-1,-1,-1
339,17,668.30,184.60,167.60,470.10,0.9930,-1,-1,-1
339,18,957.70,195.80,172.00,514.10,0.9990,-1,-1,-1
339,19,772.60,154.10,163.40,523.20,0.9990,-1,-1,-1
339,21,147.00,1.00,435.20,1080.00,1.0000,-1,-1,-1
339,-1,616.90,238.60,101.70,386.50,0.1050,-1,-1,-1
340,15,1072.20,160.90,207.50,529.40,1.0000,-1,-1,-1
340,17,679.30,190.10,157.00,456.40,0.9800,-1,-1,-1
340,18,966.80,192.80,184.50,531.40,1.0000,-1,-1,-1
340,19,784.40,146.70,159.80,538.90,0.9990,-1,-1,-1
340,21,123.40,1.00,469.20,1080.00,1.0000,-1,-1,-1
341,15,1088.90,168.50,197.50,529.40,0.9990,-1,-1,-1
341,17,684.80,184.30,152.70,469.20,0.9640,-1,-1,-1
341,18,970.10,187.50,197.40,543.30,1.0000,-1,-1,-1
341,19,787.40,152.80,167.40,532.20,0.9990,-1,-1,-1
341,21,102.00,1.00,507.40,1080.00,1.0000,-1,-1,-1
341,-1,606.50,263.20,113.40,374.70,0.9810,-1,-1,-1
342,15,1102.50,160.50,179.10,532.80,0.8940,-1,-1,-1
342,18,975.50,187.20,209.30,547.80,1.0000,-1,-1,-1
342,19,793.20,152.50,166.30,529.20,1.0000,-1,-1,-1
342,21,107.80,1.00,495.40,1080.00,1.0000,-1,-1,-1
342,22,613.00,262.60,116.80,387.20,0.9980,-1,-1,-1
342,17,706.70,186.20,141.20,461.30,0.4640,-1,-1,-1
343,17,724.70,188.00,129.00,453.10,0.6410,-1,-1,-1
343,18,979.00,180.40,217.70,554.60,1.0000,-1,-1,-1
343,19,806.10,148.30,167.90,548.00,1.0000,-1,-1,-1
343,21,80.40,1.00,536.00,1080.00,1.0000,-1,-1,-1
343,22,615.50,259.00,124.10,397.60,0.9990,-1,-1,-1
343,15,1127.10,162.00,160.70,535.40,0.0780,-1,-1,-1
344,18,987.90,181.30,228.30,559.50,1.0000,-1,-1,-1
344,19,813.40,154.60,169.80,543.60,1.0000,-1,-1,-1
344,21,76.90,1.00,537.90,1080.00,1.0000,-1,-1,-1
344,22,618.80,254.70,127.20,409.70,0.9990,-1,-1,-1
344,17,730.10,182.30,163.30,477.80,0.4400,-1,-1,-1
345,18,984.70,183.90,247.90,571.60,1.0000,-1,-1,-1
345,19,827.70,157.40,167.10,545.10,1.0000,-1,-1,-1
345,21,69.00,1.00,544.60,1080.00,1.0000,-1,-1,-1
345,22,632.80,261.20,122.10,412.80,0.9990,-1,-1,-1
345,17,729.10,197.60,176.90,462.80,0.2130,-1,-1,-1
346,18,990.90,175.20,246.10,593.50,1.0000,-1,-1,-1
346,19,829.10,165.50,170.60,540.60,1.0000,-1,-1,-1
346,21,43.30,1.00,576.00,1080.00,1.0000,-1,-1,-1
346,22,630.00,259.30,128.40,416.10,0.9980,-1,-1,-1
346,17,753.00,200.60,130.50,453.80,0.2880,-1,-1,-1
346,-1,1446.80,347.00,34.50,93.40,0.1340,-1,-1,-1
347,18,990.60,174.10,260.30,608.40,1.0000,-1,-1,-1
347,19,840.30,178.20,170.20,530.30,1.0000,-1,-1,-1
347,21,25.90,3.80,585.10,1077.20,1.0000,-1,-1,-1
347,22,631.90,258.70,130.70,424.70,0.9970,-1,-1,-1
347,17,747.00,201.50,155.90,465.20,0.0870,-1,-1,-1
348,17,749.30,202.60,159.60,470.60,0.6090,-1,-1,-1
348,18,997.40,180.20,265.30,622.60,1.0000,-1,-1,-1
348,19,849.10,175.20,164.30,525.50,1.0000,-1,-1,-1
348,21,11.10,5.50,617.20,1075.50,1.0000,-1,-1,-1
348,22,633.80,259.60,135.90,422.60,0.9980,-1,-1,-1
349,17,751.20,207.50,159.10,462.30,0.6700,-1,-1,-1
349,18,1004.80,179.90,273.80,626.90,1.0000,-1,-1,-1
349,19,857.80,192.80,165.10,523.30,1.0000,-1,-1,-1
349,21,1.00,1.50,621.20,1079.50,1.0000,-1,-1,-1
349,22,636.40,269.60,134.50,426.00,1.0000,-1,-1,-1
350,18,1008.90,184.60,284.90,633.40,1.0000,-1,-1,-1
350,19,851.80,190.50,174.10,537.20,1.0000,-1,-1,-1
350,21,1.00,1.00,616.60,1080.00,1.0000,-1,-1,-1
350,22,638.40,274.70,133.20,424.70,1.0000,-1,-1,-1
350,17,789.40,216.50,133.30,449.50,0.1640,-1,-1,-1
351,18,1002.70,186.80,289.80,650.20,1.0000,-1,-1,-1
351,19,858.90,192.00,164.90,531.10,1.0000,-1,-1,-1
351,21,1.00,1.00,603.20,1080.00,0.9990,-1,-1,-1
351,22,639.40,267.80,136.40,439.90,1.0000,-1,-1,-1
351,17,782.00,223.10,131.90,441.10,0.4070,-1,-1,-1
352,18,1009.00,181.00,288.70,669.70,1.0000,-1,-1,-1
352,19,865.80,190.00,161.00,534.00,1.0000,-1,-1,-1
352,21,1.00,1.00,603.10,1080.00,1.0000,-1,-1,-1
352,22,639.80,266.70,139.00,439.80,0.9970,-1,-1,-1
352,17,778.20,217.70,142.60,444.80,0.3630,-1,-1,-1
353,18,1014.10,192.60,302.00,664.60,1.0000,-1,-1,-1
353,19,871.90,187.90,164.70,525.90,1.0000,-1,-1,-1
353,21,1.00,1.00,585.60,1080.00,0.9990,-1,-1,-1
353,22,634.20,273.20,150.10,434.50,0.9980,-1,-1,-1
353,17,776.50,215.00,151.90,453.00,0.0610,-1,-1,-1
354,18,1007.30,190.30,317.40,686.60,1.0000,-1,-1,-1
354,19,875.50,194.10,168.10,531.50,1.0000,-1,-1,-1
354,21,1.00,1.00,573.80,1080.00,0.9950,-1,-1,-1
354,22,640.20,268.80,144.50,445.00,0.9980,-1,-1,-1
355,18,1012.90,165.30,315.70,729.20,1.0000,-1,-1,-1
355,19,875.70,197.20,168.60,528.40,1.0000,-1,-1,-1
355,21,1.00,17.50,554.10,1063.50,0.9680,-1,-1,-1
355,22,640.50,268.00,144.20,449.40,0.9990,-1,-1,-1
355,17,784.70,227.10,165.00,444.30,0.0620,-1,-1,-1
355,-1,518.70,260.00,138.30,430.60,0.0620,-1,-1,-1
356,18,1017.80,177.10,323.70,724.30,1.0000,-1,-1,-1
356,19,886.70,184.20,157.70,532.50,1.0000,-1,-1,-1
356,21,1.00,6.50,511.60,1074.50,0.6500,-1,-1,-1
356,22,641.80,265.90,144.90,457.80,0.9990,-1,-1,-1
356,-1,508.00,255.90,158.30,446.00,0.7660,-1,-1,-1
357,17,786.50,208.60,171.70,468.30,0.9230,-1,-1,-1
357,18,1030.80,180.90,321.90,720.90,1.0000,-1,-1,-1
357,19,879.30,184.10,169.20,532.30,1.0000,-1,-1,-1
357,22,643.10,267.80,145.80,462.90,0.9990,-1,-1,-1
357,23,506.30,251.60,169.90,478.80,0.9990,-1,-1,-1
357,21,14.00,1.00,441.50,1080.00,0.3020,-1,-1,-1
358,17,784.90,213.20,173.00,451.40,0.9870,-1,-1,-1
358,18,1031.80,144.30,312.70,769.00,1.0000,-1,-1,-1
358,19,880.20,198.80,169.00,506.90,0.9990,-1,-1,-1
358,22,643.50,258.80,145.70,474.00,0.9960,-1,-1,-1
358,23,498.80,248.30,180.40,491.30,1.0000,-1,-1,-1
359,17,787.30,204.50,166.10,463.10,0.9930,-1,-1,-1
359,18,1049.20,138.50,306.80,784.30,1.0000,-1,-1,-1
359,19,891.30,177.80,160.00,519.30,1.0000,-1,-1,-1
359,22,642.60,263.60,151.40,472.70,0.9990,-1,-1,-1
359,23,502.00,226.30,175.00,524.10,1.0000,-1,-1,-1
359,21,28.80,31.20,333.80,1049.80,0.0700,-1,-1,-1
360,17,787.00,217.70,160.40,448.40,0.9890,-1,-1,-1
360,18,1063.30,142.70,303.20,793.40,1.0000,-1,-1,-1
360,19,892.50,184.00,160.60,516.30,1.0000,-1,-1,-1
360,22,646.40,261.10,149.50,480.10,1.0000,-1,-1,-1
360,23,498.40,239.70,180.10,509.40,1.0000,-1,-1,-1
361,17,791.60,202.50,159.80,469.50,0.9930,-1,-1,-1
361,18,1069.00,128.00,299.70,824.50,1.0000,-1,-1,-1
361,19,892.70,179.40,158.10,523.70,1.0000,-1,-1,-1
361,22,644.90,259.20,151.20,479.90,1.0000,-1,-1,-1
361,23,498.00,239.40,177.40,511.40,1.0000,-1,-1,-1
361,-1,238.80,71.40,275.80,851.90,0.9940,-1,-1,-1
362,17,789.20,202.50,156.50,470.00,0.9980,-1,-1,-1
362,18,1081.10,131.10,303.50,826.90,1.0000,-1,-1,-1
362,19,892.80,178.20,164.40,536.20,1.0000,-1,-1,-1
362,22,639.90,260.50,155.50,484.20,1.0000,-1,-1,-1
362,23,499.30,235.30,173.10,515.20,1.0000,-1,-1,-1
362,24,257.20,72.50,258.00,817.60,1.0000,-1,-1,-1
363,17,784.60,215.10,163.80,456.40,0.9990,-1,-1,-1
363,18,1080.90,116.10,303.50,861.70,1.0000,-1,-1,-1
363,19,893.80,174.60,159.90,539.90,1.0000,-1,-1,-1
363,22,637.60,252.00,160.10,496.10,1.0000,-1,-1,-1
363,23,491.70,226.70,173.70,529.50,0.9980,-1,-1,-1
363,24,227.30,66.30,279.80,833.20,1.0000,-1,-1,-1
364,17,783.70,217.10,162.90,454.40,0.9990,-1,-1,-1
364,18,1090.20,108.50,302.60,895.00,1.0000,-1,-1,-1
364,19,895.40,175.20,158.30,541.10,1.0000,-1,-1,-1
364,22,637.30,251.10,163.10,502.90,1.0000,-1,-1,-1
364,23,492.10,223.90,165.40,538.20,0.9990,-1,-1,-1
364,24,228.80,45.10,274.50,853.90,1.0000,-1,-1,-1
365,17,778.10,212.50,166.50,458.00,0.9990,-1,-1,-1
365,18,1096.10,119.70,314.50,893.90,1.0000,-1,-1,-1
365,19,895.10,175.40,159.30,539.00,1.0000,-1,-1,-1
365,22,635.90,254.50,166.20,503.80,1.0000,-1,-1,-1
365,23,477.00,223.50,169.10,550.50,0.9930,-1,-1,-1
365,24,204.30,60.00,297.40,844.80,1.0000,-1,-1,-1
366,17,765.70,212.50,170.90,457.20,0.9960,-1,-1,-1
366,18,1099.20,113.70,314.80,920.00,1.0000,-1,-1,-1
366,19,890.30,184.40,163.50,533.40,1.0000,-1,-1,-1
366,22,629.40,249.70,173.90,516.30,1.0000,-1,-1,-1
366,23,466.70,222.20,180.70,554.80,0.9990,-1,-1,-1
366,24,201.40,37.80,297.70,885.80,1.0000,-1,-1,-1
366,-1,1056.10,302.70,105.30,261.60,0.3380,-1,-1,-1
367,17,763.60,212.70,168.90,463.10,0.9920,-1,-1,-1
367,18,1113.60,105.50,313.50,946.20,1.0000,-1,-1,-1
367,19,889.00,184.40,166.80,534.70,1.0000,-1,-1,-1
367,22,626.70,248.20,177.20,523.70,1.0000,-1,-1,-1
367,23,456.40,221.40,188.10,559.50,0.9990,-1,-1,-1
367,24,193.40,45.40,288.00,895.20,1.0000,-1,-1,-1
368,17,755.80,213.30,173.40,463.00,0.9930,-1,-1,-1
368,18,1116.10,100.90,326.90,958.40,1.0000,-1,-1,-1
368,19,887.50,179.90,168.90,545.30,1.0000,-1,-1,-1
368,22,625.10,247.50,174.50,519.10,1.0000,-1,-1,-1
368,23,435.20,223.20,203.10,568.90,1.0000,-1,-1,-1
368,24,171.70,25.90,303.40,931.30,1.0000,-1,-1,-1
368,-1,1053.50,301.30,102.60,270.10,0.9860,-1,-1,-1
369,17,763.70,213.40,163.90,462.90,0.9950,-1,-1,-1
369,18,1124.80,93.70,327.60,987.30,1.0000,-1,-1,-1
369,19,889.60,183.60,161.70,530.00,1.0000,-1,-1,-1
369,22,612.30,247.20,184.10,527.00,1.0000,-1,-1,-1
369,23,436.90,213.20,194.80,570.20,1.0000,-1,-1,-1
369,24,169.70,21.00,298.30,964.40,1.0000,-1,-1,-1
369,25,1052.40,299.30,102.90,271.20,0.9970,-1,-1,-1
370,17,752.90,215.10,173.80,460.80,0.9950,-1,-1,-1
370,18,1112.80,71.40,372.20,1009.60,1.0000,-1,-1,-1
370,19,884.50,187.30,163.90,534.80,1.0000,-1,-1,-1
370,22,616.10,236.60,179.30,532.90,1.0000,-1,-1,-1
370,23,432.20,211.40,195.60,580.30,1.0000,-1,-1,-1
370,24,159.90,21.60,304.50,978.10,1.0000,-1,-1,-1
370,25,1053.60,298.30,103.10,273.20,0.9980,-1,-1,-1
371,17,755.10,223.50,171.50,460.80,0.9950,-1,-1,-1
371,18,1128.90,61.70,359.30,1019.30,1.0000,-1,-1,-1
371,19,887.10,186.10,164.80,523.00,1.0000,-1,-1,-1
371,22,613.40,239.30,180.70,542.40,1.0000,-1,-1,-1
371,23,420.30,214.70,197.80,595.10,1.0000,-1,-1,-1
371,24,140.70,15.00,317.30,1011.10,1.0000,-1,-1,-1
371,25,1054.40,295.50,102.30,278.90,0.9970,-1,-1,-1
372,17,752.30,207.40,174.10,466.90,0.9990,-1,-1,-1
372,18,1139.60,47.50,373.50,1033.50,1.0000,-1,-1,-1
372,19,882.60,187.00,167.40,535.90,1.0000,-1,-1,-1
372,22,601.40,230.80,190.80,564.10,1.0000,-1,-1,-1
372,23,409.70,209.80,200.20,592.90,1.0000,-1,-1,-1
372,24,124.00,1.00,326.30,1037.80,1.0000,-1,-1,-1
372,25,1054.30,294.40,105.40,279.40,0.9990,-1,-1,-1
373,17,747.90,208.20,175.70,460.60,1.0000,-1,-1,-1
373,18,1126.70,56.40,410.60,1024.60,1.0000,-1,-1,-1
373,19,891.30,182.30,160.10,532.50,1.0000,-1,-1,-1
373,22,593.80,242.30,197.50,553.30,1.0000,-1,-1,-1
373,23,406.20,197.50,199.90,615.10,1.0000,-1,-1,-1
373,24,111.60,10.40,343.10,1037.90,1.0000,-1,-1,-1
373,25,1058.60,292.00,104.30,279.70,0.9970,-1,-1,-1
374,17,745.00,204.90,182.10,461.50,1.0000,-1,-1,-1
374,18,1118.00,12.40,449.60,1068.60,1.0000,-1,-1,-1
374,19,889.70,185.10,168.10,518.50,1.0000,-1,-1,-1
374,22,600.70,233.50,190.90,569.50,1.0000,-1,-1,-1
374,23,393.10,213.50,219.40,602.40,1.0000,-1,-1,-1
374,24,95.20,1.50,345.30,1079.50,1.0000,-1,-1,-1
374,25,1062.30,290.90,102.70,282.70,0.9960,-1,-1,-1
375,17,745.40,205.00,179.40,456.90,1.0000,-1,-1,-1
375,18,1120.10,18.80,471.50,1062.20,1.0000,-1,-1,-1
375,19,891.40,173.20,167.20,541.50,1.0000,-1,-1,-1
375,22,590.70,238.50,196.90,570.10,1.0000,-1,-1,-1
375,23,392.30,198.80,205.90,616.70,1.0000,-1,-1,-1
375,24,75.40,1.00,362.30,1080.00,1.0000,-1,-1,-1
375,25,1066.40,292.20,101.90,286.50,0.9760,-1,-1,-1
376,17,742.50,203.70,184.60,452.70,1.0000,-1,-1,-1
376,18,1115.30,2.70,515.20,1078.30,1.0000,-1,-1,-1
376,19,889.90,171.70,174.40,539.70,1.0000,-1,-1,-1
376,22,592.80,229.80,196.40,585.20,1.0000,-1,-1,-1
376,23,391.20,196.10,203.40,636.30,1.0000,-1,-1,-1
376,24,63.90,1.00,365.00,1080.00,1.0000,-1,-1,-1
376,25,1069.50,291.40,102.50,289.00,0.8600,-1,-1,-1
377,17,742.80,206.50,185.50,454.00,0.9980,-1,-1,-1
377,18,1115.20,9.60,564.40,1071.40,1.0000,-1,-1,-1
377,19,894.50,171.70,173.20,541.50,1.0000,-1,-1,-1
377,22,592.70,230.90,198.60,588.70,1.0000,-1,-1,-1
377,23,386.40,191.10,202.50,647.40,1.0000,-1,-1,-1
377,24,45.40,1.00,380.00,1080.00,1.0000,-1,-1,-1
377,25,1072.40,287.60,108.80,298.60,0.3720,-1,-1,-1
378,17,742.10,201.70,191.90,468.60,1.0000,-1,-1,-1
378,18,1102.20,2.20,636.00,1078.80,1.0000,-1,-1,-1
378,19,900.00,174.80,172.40,535.10,1.0000,-1,-1,-1
378,22,592.60,239.80,194.40,590.60,1.0000,-1,-1,-1
378,23,376.30,194.10,212.40,660.00,1.0000,-1,-1,-1
378,24,31.50,1.00,390.40,1080.00,1.0000,-1,-1,-1
378,25,1078.60,289.60,112.10,304.20,0.6620,-1,-1,-1
379,17,745.80,208.20,191.80,469.40,1.0000,-1,-1,-1
379,18,1141.50,19.90,610.70,1061.10,1.0000,-1,-1,-1
379,19,908.20,175.20,171.30,529.80,1.0000,-1,-1,-1
379,22,587.20,232.80,203.70,611.50,1.0000,-1,-1,-1
379,23,366.20,194.30,220.30,666.90,1.0000,-1,-1,-1
379,24,13.00,1.00,409.30,1080.00,1.0000,-1,-1,-1
379,25,1081.20,291.60,123.00,308.30,0.0760,-1,-1,-1
380,17,751.10,202.20,185.40,470.10,1.0000,-1,-1,-1
380,18,1133.20,1.00,674.70,1080.00,0.9990,-1,-1,-1
380,19,910.80,180.40,169.20,529.60,1.0000,-1,-1,-1
380,22,580.10,226.80,209.40,638.00,1.0000,-1,-1,-1
380,23,365.00,193.10,215.90,680.40,1.0000,-1,-1,-1
380,24,7.90,1.00,415.80,1080.00,1.0000,-1,-1,-1
381,17,754.40,204.00,190.10,469.70,1.0000,-1,-1,-1
381,18,1146.10,14.70,693.90,1066.30,0.9980,-1,-1,-1
381,19,917.70,185.70,165.90,521.70,1.0000,-1,-1,-1
381,22,578.70,226.00,213.60,642.60,1.0000,-1,-1,-1
381,23,364.90,199.50,217.00,682.20,0.9990,-1,-1,-1
381,24,1.00,1.00,420.10,1080.00,1.0000,-1,-1,-1
382,17,757.50,214.60,189.10,464.10,1.0000,-1,-1,-1
382,18,1108.20,21.50,795.80,1059.50,0.9950,-1,-1,-1
382,19,920.50,181.10,172.40,528.50,1.0000,-1,-1,-1
382,22,585.80,227.60,209.30,633.10,1.0000,-1,-1,-1
382,23,351.00,194.20,233.70,701.30,0.9990,-1,-1,-1
382,24,1.30,1.00,410.60,1080.00,1.0000,-1,-1,-1
383,17,766.90,209.40,189.10,456.40,1.0000,-1,-1,-1
383,18,1133.60,19.90,787.40,1061.10,0.9990,-1,-1,-1
383,19,923.80,174.70,171.30,543.60,1.0000,-1,-1,-1
383,22,574.80,220.90,226.20,657.70,1.0000,-1,-1,-1
383,23,351.10,190.00,230.00,725.90,1.0000,-1,-1,-1
383,24,1.00,1.00,416.10,1080.00,1.0000,-1,-1,-1
384,17,767.20,212.90,196.70,459.20,1.0000,-1,-1,-1
384,18,1157.10,25.60,763.90,1055.40,0.9990,-1,-1,-1
384,19,931.60,179.60,172.00,535.60,1.0000,-1,-1,-1
384,22,578.00,239.30,228.30,629.40,1.0000,-1,-1,-1
384,23,351.20,198.50,230.30,724.70,1.0000,-1,-1,-1
384,24,1.00,1.00,408.70,1080.00,0.9990,-1,-1,-1
384,25,1106.80,296.60,106.70,295.50,0.9340,-1,-1,-1
385,17,778.50,219.00,194.80,460.70,1.0000,-1,-1,-1
385,18,1237.40,7.40,683.60,1073.60,0.9880,-1,-1,-1
385,19,940.80,180.20,165.20,534.20,1.0000,-1,-1,-1
385,22,583.00,218.90,225.30,659.70,1.0000,-1,-1,-1
385,23,349.00,200.50,235.30,729.60,0.9990,-1,-1,-1
385,24,1.00,1.00,402.10,1080.00,0.9960,-1,-1,-1
385,25,1113.50,294.80,106.30,287.70,0.9990,-1,-1,-1
386,17,784.90,219.60,194.40,459.40,1.0000,-1,-1,-1
386,18,1284.80,15.30,636.20,1065.70,0.9880,-1,-1,-1
386,19,950.00,188.90,162.00,529.80,1.0000,-1,-1,-1
386,22,581.00,218.50,230.10,667.60,1.0000,-1,-1,-1
386,23,349.50,199.50,235.70,741.30,1.0000,-1,-1,-1
386,24,1.00,1.00,425.90,1080.00,0.9890,-1,-1,-1
386,25,1121.40,295.80,105.50,290.80,1.0000,-1,-1,-1
387,17,791.40,217.10,193.50,459.00,1.0000,-1,-1,-1
387,18,1313.30,30.90,607.70,1050.10,0.9690,-1,-1,-1
387,19,953.60,190.50,164.90,526.50,1.0000,-1,-1,-1
387,22,580.10,209.20,235.20,685.90,1.0000,-1,-1,-1
387,23,344.10,183.20,243.60,787.60,1.0000,-1,-1,-1
387,24,1.00,1.00,437.40,1080.00,0.9960,-1,-1,-1
387,25,1127.40,296.70,108.00,290.90,1.0000,-1,-1,-1
387,-1,1300.20,357.30,24.40,92.10,0.5280,-1,-1,-1
387,-1,1272.90,360.90,20.50,83.80,0.1030,-1,-1,-1
388,17,797.00,216.20,196.90,456.70,1.0000,-1,-1,-1
388,18,1375.40,42.00,545.60,1039.00,0.8490,-1,-1,-1
388,19,962.30,188.40,164.30,527.40,1.0000,-1,-1,-1
388,22,578.90,215.10,244.80,684.60,1.0000,-1,-1,-1
388,23,342.60,193.70,254.00,774.00,0.9990,-1,-1,-1
388,24,1.00,1.00,429.60,1080.00,0.9700,-1,-1,-1
388,25,1134.40,295.70,108.50,292.00,1.0000,-1,-1,-1
388,-1,1326.20,361.80,24.90,83.60,0.4920,-1,-1,-1
388,-1,1312.30,360.60,24.90,82.40,0.8480,-1,-1,-1
389,17,795.30,223.10,215.10,454.80,0.9990,-1,-1,-1
389,19,962.90,188.10,168.40,530.40,1.0000,-1,-1,-1
389,22,583.50,214.40,237.90,688.20,1.0000,-1,-1,-1
389,23,340.50,189.30,254.20,789.40,0.9990,-1,-1,-1
389,24,1.00,1.00,414.60,1080.00,0.9960,-1,-1,-1
389,25,1140.40,291.90,108.10,296.00,1.0000,-1,-1,-1
389,26,1330.00,359.20,25.90,83.80,0.9830,-1,-1,-1
389,18,1383.30,37.40,537.70,1043.60,0.4610,-1,-1,-1
389,-1,1313.30,362.20,23.70,79.10,0.4460,-1,-1,-1
390,17,804.10,212.80,199.40,460.00,1.0000,-1,-1,-1
390,18,1368.40,219.50,222.50,692.50,0.9950,-1,-1,-1
390,19,969.10,187.00,168.40,531.20,1.0000,-1,-1,-1
390,22,586.90,199.80,245.40,719.40,1.0000,-1,-1,-1
390,23,333.00,160.70,276.60,814.10,0.9990,-1,-1,-1
390,24,11.10,1.00,409.80,1080.00,0.9690,-1,-1,-1
390,25,1150.30,291.60,105.00,297.50,1.0000,-1,-1,-1
390,26,1338.20,359.50,26.30,83.10,0.9420,-1,-1,-1
390,-1,1357.40,361.40,34.10,100.00,0.2090,-1,-1,-1
390,-1,1495.80,43.20,425.20,1037.80,0.0820,-1,-1,-1
390,-1,1313.40,361.90,22.70,76.60,0.7610,-1,-1,-1
391,17,806.50,223.20,194.40,455.20,1.0000,-1,-1,-1
391,18,1384.70,209.10,237.70,703.80,1.0000,-1,-1,-1
391,19,972.00,185.30,169.80,531.60,1.0000,-1,-1,-1
391,22,578.70,196.10,261.00,730.90,1.0000,-1,-1,-1
391,23,321.10,164.50,283.10,804.70,1.0000,-1,-1,-1
391,24,4.20,1.60,387.00,1079.40,0.7070,-1,-1,-1
391,25,1155.20,289.60,106.20,300.20,1.0000,-1,-1,-1
391,26,1355.60,360.10,26.00,88.30,0.9190,-1,-1,-1
391,27,1310.40,364.20,20.80,79.10,0.3700,-1,-1,-1
391,-1,1323.60,366.90,23.00,78.20,0.5260,-1,-1,-1
392,17,807.70,219.00,197.30,464.60,1.0000,-1,-1,-1
392,18,1393.80,224.30,258.00,692.20,1.0000,-1,-1,-1
392,19,973.60,182.10,176.40,538.00,1.0000,-1,-1,-1
392,22,584.50,194.10,251.30,740.00,1.0000,-1,-1,-1
392,23,325.30,154.60,286.60,808.50,0.9990,-1,-1,-1
392,25,1159.00,290.00,111.00,297.10,1.0000,-1,-1,-1
392,26,1361.60,357.10,27.00,91.20,0.9920,-1,-1,-1
392,24,1.60,14.10,387.10,1066.90,0.1880,-1,-1,-1
392,27,1314.50,362.80,21.10,74.80,0.5280,-1,-1,-1
392,-1,1383.70,358.00,33.20,107.70,0.1530,-1,-1,-1
392,-1,1349.10,362.00,24.20,80.10,0.8490,-1,-1,-1
393,17,819.10,216.80,189.60,457.70,1.0000,-1,-1,-1
393,18,1401.70,206.60,284.20,756.10,1.0000,-1,-1,-1
393,19,977.30,169.90,176.50,537.90,1.0000,-1,-1,-1
393,22,583.00,178.20,262.60,765.60,1.0000,-1,-1,-1
393,23,299.10,130.50,300.40,836.00,0.9990,-1,-1,-1
393,25,1161.20,284.50,111.40,299.60,1.0000,-1,-1,-1
393,26,1366.30,354.50,26.30,87.60,0.9820,-1,-1,-1
393,28,1350.60,358.40,24.30,79.60,0.8440,-1,-1,-1
393,24,11.60,41.60,361.00,1039.40,0.0700,-1,-1,-1
393,-1,1403.30,351.40,30.00,112.90,0.0840,-1,-1,-1
394,17,824.60,197.20,189.00,460.70,1.0000,-1,-1,-1
394,18,1410.50,197.50,298.70,764.40,1.0000,-1,-1,-1
394,19,986.10,174.80,167.70,521.40,1.0000,-1,-1,-1
394,22,582.20,165.20,268.70,788.80,1.0000,-1,-1,-1
394,23,306.40,125.20,304.20,858.40,0.9990,-1,-1,-1
394,25,1170.80,282.20,106.10,299.60,1.0000,-1,-1,-1
394,26,1371.70,348.50,26.70,90.80,0.9860,-1,-1,-1
394,28,1349.60,359.00,22.50,74.80,0.8510,-1,-1,-1
394,24,8.90,16.40,330.70,1064.60,0.0580,-1,-1,-1
394,-1,1386.90,340.90,32.70,96.40,0.1520,-1,-1,-1
394,-1,1704.50,348.90,28.20,100.00,0.0600,-1,-1,-1
394,-1,1729.40,343.10,38.80,113.60,0.9930,-1,-1,-1
394,-1,1407.40,345.00,27.10,81.00,0.7070,-1,-1,-1
395,17,823.50,190.20,194.70,467.90,1.0000,-1,-1,-1
395,18,1429.00,203.30,289.80,761.00,1.0000,-1,-1,-1
395,19,987.80,171.80,169.80,521.80,1.0000,-1,-1,-1
395,22,582.20,177.20,265.90,777.90,1.0000,-1,-1,-1
395,23,299.10,110.10,299.60,875.60,1.0000,-1,-1,-1
395,25,1175.20,270.90,105.10,310.60,1.0000,-1,-1,-1
395,26,1376.20,348.70,26.50,85.50,0.9640,-1,-1,-1
395,28,1352.30,358.00,21.20,71.20,0.7590,-1,-1,-1
395,29,1736.50,337.10,37.00,117.10,0.9970,-1,-1,-1
395,30,1409.80,345.60,29.80,89.40,0.7140,-1,-1,-1
395,24,14.90,13.90,280.40,1067.10,0.0710,-1,-1,-1
396,17,825.50,186.90,198.40,466.30,1.0000,-1,-1,-1
396,18,1451.90,179.70,284.60,791.60,1.0000,-1,-1,-1
396,19,985.30,158.10,170.70,522.60,1.0000,-1,-1,-1
396,22,577.60,159.60,274.90,829.60,1.0000,-1,-1,-1
396,23,303.60,101.80,293.70,902.50,1.0000,-1,-1,-1
396,25,1177.50,271.50,106.40,303.10,1.0000,-1,-1,-1
396,26,1375.20,342.50,28.00,95.90,0.9610,-1,-1,-1
396,29,1739.00,329.80,38.00,118.50,0.9980,-1,-1,-1
396,24,10.00,18.20,283.00,1062.80,0.2080,-1,-1,-1
396,28,1351.50,351.00,21.40,80.30,0.4700,-1,-1,-1
396,30,1425.10,327.60,34.60,117.40,0.3710,-1,-1,-1
396,-1,1767.60,341.00,32.50,96.90,0.1940,-1,-1,-1
397,17,817.60,178.90,202.80,475.60,1.0000,-1,-1,-1
397,18,1453.20,179.90,287.50,795.00,1.0000,-1,-1,-1
397,19,984.20,152.50,170.30,531.30,1.0000,-1,-1,-1
397,22,579.70,147.40,267.00,847.90,1.0000,-1,-1,-1
397,23,289.70,91.60,307.90,905.60,1.0000,-1,-1,-1
397,25,1181.60,267.40,103.90,307.20,1.0000,-1,-1,-1
397,26,1378.10,340.30,27.10,96.00,0.9620,-1,-1,-1
397,29,1743.20,329.10,37.80,115.80,0.9780,-1,-1,-1
397,30,1419.90,325.20,42.50,118.40,0.9820,-1,-1,-1
397,24,12.40,6.30,273.40,1074.70,0.3900,-1,-1,-1
397,28,1344.30,353.00,21.20,72.90,0.1610,-1,-1,-1
398,17,824.00,193.40,197.20,467.00,1.0000,-1,-1,-1
398,18,1471.50,156.90,286.20,860.00,1.0000,-1,-1,-1
398,19,980.00,151.50,174.10,527.60,1.0000,-1,-1,-1
398,22,579.00,147.30,267.80,836.00,1.0000,-1,-1,-1
398,23,274.30,81.90,323.20,907.30,1.0000,-1,-1,-1
398,25,1179.00,262.70,108.30,314.50,1.0000,-1,-1,-1
398,26,1376.00,343.60,25.70,87.40,0.9710,-1,-1,-1
398,29,1751.70,332.70,37.50,108.40,0.9970,-1,-1,-1
398,30,1425.10,325.00,36.60,115.80,0.9990,-1,-1,-1
398,28,1350.10,351.70,19.70,68.20,0.2730,-1,-1,-1
398,-1,1404.70,332.40,28.70,95.10,0.4920,-1,-1,-1
399,17,816.60,192.20,200.20,463.80,1.0000,-1,-1,-1
399,18,1477.40,180.10,283.90,822.10,1.0000,-1,-1,-1
399,19,981.10,147.10,171.20,528.40,1.0000,-1,-1,-1
399,22,571.00,143.20,276.00,856.00,1.0000,-1,-1,-1
399,23,263.30,91.00,330.40,940.40,1.0000,-1,-1,-1
399,25,1179.70,259.70,103.60,308.10,1.0000,-1,-1,-1
399,26,1387.00,333.90,25.70,84.80,0.9170,-1,-1,-1
399,28,1354.00,339.90,21.70,76.60,0.7950,-1,-1,-1
399,30,1422.60,321.50,36.60,117.00,1.0000,-1,-1,-1
399,-1,1823.20,336.80,32.70,102.80,0.1580,-1,-1,-1
399,-1,1369.60,336.70,24.10,83.40,0.9530,-1,-1,-1
400,17,824.70,172.60,192.40,469.60,1.0000,-1,-1,-1
400,18,1481.50,156.40,330.00,875.40,1.0000,-1,-1,-1
400,19,982.60,142.70,168.40,528.00,1.0000,-1,-1,-1
400,22,546.80,119.60,298.70,919.30,1.0000,-1,-1,-1
400,23,253.70,56.80,315.60,1001.80,1.0000,-1,-1,-1
400,25,1179.30,259.80,103.00,305.50,1.0000,-1,-1,-1
400,26,1393.10,326.70,25.80,86.80,0.9320,-1,-1,-1
400,28,1354.70,333.50,22.10,78.10,0.8970,-1,-1,-1
400,30,1420.10,315.50,37.00,119.80,1.0000,-1,-1,-1
400,31,1367.70,333.40,25.90,80.60,0.9550,-1,-1,-1
400,-1,1459.20,324.00,22.50,79.90,0.3560,-1,-1,-1
401,17,821.80,170.70,190.20,466.30,1.0000,-1,-1,-1
401,18,1502.40,161.30,305.10,878.40,1.0000,-1,-1,-1
401,19,984.30,141.40,170.50,513.00,1.0000,-1,-1,-1
401,22,539.20,105.60,304.60,950.00,1.0000,-1,-1,-1
401,23,237.80,45.80,331.90,1016.50,1.0000,-1,-1,-1
401,25,1179.30,252.00,101.80,305.30,1.0000,-1,-1,-1
401,26,1397.20,321.50,26.40,91.80,0.8270,-1,-1,-1
401,28,1357.20,333.30,21.60,70.30,0.9090,-1,-1,-1
401,30,1419.20,313.80,36.20,116.80,1.0000,-1,-1,-1
401,31,1372.40,330.30,24.60,81.70,0.9460,-1,-1,-1
401,-1,1819.40,319.70,27.50,107.10,0.1750,-1,-1,-1
401,-1,1456.00,319.30,23.40,77.10,0.0790,-1,-1,-1
402,17,820.00,167.60,190.40,469.20,1.0000,-1,-1,-1
402,18,1505.30,133.50,313.30,919.80,1.0000,-1,-1,-1
402,19,981.70,131.50,171.10,537.20,1.0000,-1,-1,-1
402,22,531.30,98.60,308.10,962.40,1.0000,-1,-1,-1
402,23,220.80,26.50,356.20,1054.50,1.0000,-1,-1,-1
402,25,1175.90,244.50,101.40,315.90,1.0000,-1,-1,-1
402,28,1353.50,325.80,23.60,78.80,0.9110,-1,-1,-1
402,30,1416.30,310.50,37.50,117.30,1.0000,-1,-1,-1
402,31,1369.70,323.40,26.20,89.80,0.9540,-1,-1,-1
402,-1,1454.40,320.30,24.70,69.10,0.0900,-1,-1,-1
403,17,809.40,173.80,192.20,456.70,0.9990,-1,-1,-1
403,18,1518.90,139.40,309.40,918.90,1.0000,-1,-1,-1
403,19,977.40,128.40,173.00,535.20,1.0000,-1,-1,-1
403,22,535.50,94.40,317.90,975.70,1.0000,-1,-1,-1
403,23,196.70,20.90,358.20,1060.10,1.0000,-1,-1,-1
403,25,1176.70,237.60,99.80,327.10,1.0000,-1,-1,-1
403,28,1351.60,323.60,25.30,82.20,0.9390,-1,-1,-1
403,30,1415.00,308.70,37.10,117.40,1.0000,-1,-1,-1
403,31,1360.30,319.70,43.30,93.80,0.9660,-1,-1,-1
403,-1,1451.40,319.30,25.80,66.10,0.1380,-1,-1,-1
404,17,810.70,164.00,191.20,463.20,0.9990,-1,-1,-1
404,18,1529.80,130.50,315.30,936.70,1.0000,-1,-1,-1
404,19,976.80,129.30,169.90,529.60,1.0000,-1,-1,-1
404,22,521.90,95.10,333.50,950.60,1.0000,-1,-1,-1
404,23,183.80,5.60,368.80,1075.40,1.0000,-1,-1,-1
404,25,1172.00,236.20,103.40,321.60,1.0000,-1,-1,-1
404,28,1351.80,322.20,23.70,80.60,0.9340,-1,-1,-1
404,30,1414.60,304.90,37.40,120.60,1.0000,-1,-1,-1
404,31,1368.40,319.80,28.40,89.10,0.9610,-1,-1,-1
404,-1,1458.60,322.60,29.00,66.30,0.5910,-1,-1,-1
405,17,809.40,161.20,190.00,471.90,0.9990,-1,-1,-1
405,18,1526.90,100.90,341.80,980.10,1.0000,-1,-1,-1
405,19,975.90,127.40,167.80,530.30,1.0000,-1,-1,-1
405,22,515.80,77.80,335.50,980.80,1.0000,-1,-1,-1
405,23,153.20,11.50,387.00,1069.50,1.0000,-1,-1,-1
405,25,1167.00,231.70,104.90,327.90,1.0000,-1,-1,-1
405,28,1351.60,312.80,24.80,87.20,0.9270,-1,-1,-1
405,30,1410.30,300.60,37.40,120.60,1.0000,-1,-1,-1
405,31,1366.70,312.90,27.00,93.80,0.9680,-1,-1,-1
405,-1,1378.20,308.00,40.80,99.40,0.8750,-1,-1,-1
405,-1,1460.90,319.90,27.40,67.90,0.7010,-1,-1,-1
406,17,802.00,166.40,191.50,454.60,0.9960,-1,-1,-1
406,18,1533.80,86.70,345.30,994.30,1.0000,-1,-1,-1
406,19,971.40,127.50,167.00,528.50,1.0000,-1,-1,-1
406,22,501.10,76.40,347.90,974.50,1.0000,-1,-1,-1
406,23,131.20,31.00,379.80,1050.00,1.0000,-1,-1,-1
406,25,1165.50,231.30,105.30,320.70,1.0000,-1,-1,-1
406,28,1346.40,307.00,24.20,90.40,0.9190,-1,-1,-1
406,30,1406.10,299.10,37.90,120.70,1.0000,-1,-1,-1
406,31,1361.50,307.40,26.60,94.60,0.9680,-1,-1,-1
406,32,1459.40,321.50,25.80,67.50,0.6610,-1,-1,-1
406,-1,1311.10,313.00,21.60,79.00,0.2800,-1,-1,-1
407,17,795.60,155.50,196.90,464.10,0.9980,-1,-1,-1
407,18,1544.50,78.80,349.40,1002.20,1.0000,-1,-1,-1
407,19,969.10,125.60,169.50,530.60,1.0000,-1,-1,-1
407,22,479.00,40.30,356.70,1029.70,1.0000,-1,-1,-1
407,23,74.40,25.10,431.00,1055.90,1.0000,-1,-1,-1
407,25,1164.30,229.60,101.30,321.70,1.0000,-1,-1,-1
407,28,1343.80,308.60,23.00,85.40,0.9230,-1,-1,-1
407,30,1403.00,296.20,38.80,118.50,1.0000,-1,-1,-1
407,31,1360.00,307.50,25.50,88.00,0.9620,-1,-1,-1
407,32,1450.90,315.90,26.60,70.60,0.8370,-1,-1,-1
407,-1,1374.00,305.60,25.30,94.30,0.8930,-1,-1,-1
407,-1,1319.00,312.10,22.00,76.90,0.7460,-1,-1,-1
408,17,794.40,152.50,195.10,464.30,0.9980,-1,-1,-1
408,18,1543.30,81.20,367.40,999.80,0.9990,-1,-1,-1
408,19,961.90,117.80,174.30,533.00,1.0000,-1,-1,-1
408,22,464.50,27.70,386.00,1053.30,1.0000,-1,-1,-1
408,23,71.80,20.10,429.00,1060.90,1.0000,-1,-1,-1
408,25,1160.60,220.10,105.80,325.70,1.0000,-1,-1,-1
408,28,1337.30,304.00,22.80,87.20,0.9340,-1,-1,-1
408,30,1398.30,293.50,38.50,120.30,1.0000,-1,-1,-1
408,31,1358.60,304.80,25.40,87.30,0.9570,-1,-1,-1
408,32,1434.70,304.00,29.60,78.30,0.7770,-1,-1,-1
408,33,1377.40,302.50,25.10,96.10,0.6780,-1,-1,-1
408,34,1321.10,307.50,24.50,81.90,0.8200,-1,-1,-1
408,-1,1454.30,313.20,28.60,70.50,0.4140,-1,-1,-1
409,17,797.90,142.60,184.00,487.80,0.9990,-1,-1,-1
409,18,1551.10,71.20,369.90,1009.80,0.9990,-1,-1,-1
409,19,962.30,117.00,172.40,527.80,1.0000,-1,-1,-1
409,22,454.60,36.80,376.20,1044.20,1.0000,-1,-1,-1
409,23,51.50,1.00,421.90,1080.00,1.0000,-1,-1,-1
409,25,1158.00,219.00,106.20,325.40,1.0000,-1,-1,-1
409,26,1440.50,303.90,28.30,73.50,0.9260,-1,-1,-1
409,28,1339.30,303.40,25.40,82.70,0.9520,-1,-1,-1
409,30,1394.90,289.10,37.10,117.10,1.0000,-1,-1,-1
409,31,1357.20,300.90,24.40,86.90,0.9540,-1,-1,-1
409,34,1323.20,305.20,24.20,80.50,0.8540,-1,-1,-1
409,33,1381.70,295.30,27.40,103.90,0.1890,-1,-1,-1
410,17,793.40,142.00,194.40,477.80,0.9990,-1,-1,-1
410,18,1568.50,64.50,352.50,1016.50,1.0000,-1,-1,-1
410,19,962.30,117.80,174.00,532.70,1.0000,-1,-1,-1
410,22,444.70,21.90,377.70,1059.10,1.0000,-1,-1,-1
410,23,24.50,1.00,431.90,1080.00,1.0000,-1,-1,-1
410,25,1157.30,215.40,106.10,325.20,1.0000,-1,-1,-1
410,26,1454.40,303.20,24.00,73.60,0.9220,-1,-1,-1
410,28,1343.50,298.90,25.90,83.40,0.9490,-1,-1,-1
410,30,1392.20,286.20,37.40,117.40,1.0000,-1,-1,-1
410,31,1360.10,296.30,24.40,88.50,0.9500,-1,-1,-1
410,32,1438.60,303.40,26.40,70.80,0.8820,-1,-1,-1
410,34,1322.30,299.90,24.30,80.10,0.7620,-1,-1,-1
410,33,1374.10,293.00,28.40,96.60,0.5670,-1,-1,-1
411,17,792.00,137.80,184.70,470.00,0.9980,-1,-1,-1
411,18,1594.40,57.80,326.60,1023.20,1.0000,-1,-1,-1
411,19,969.80,112.40,165.80,532.80,1.0000,-1,-1,-1
411,22,420.30,12.90,422.90,1068.10,1.0000,-1,-1,-1
411,23,13.50,1.00,430.00,1080.00,1.0000,-1,-1,-1
411,25,1163.10,209.50,98.60,334.80,1.0000,-1,-1,-1
411,26,1449.10,303.00,26.80,67.60,0.9590,-1,-1,-1
411,28,1343.20,299.00,25.00,80.10,0.9220,-1,-1,-1
411,30,1392.70,284.90,38.30,118.60,1.0000,-1,-1,-1
411,32,1435.20,300.50,25.90,75.00,0.8170,-1,-1,-1
411,33,1367.80,294.20,25.60,89.20,0.7090,-1,-1,-1
411,34,1319.80,299.60,22.00,76.10,0.8510,-1,-1,-1
412,17,796.10,146.10,185.10,462.80,0.9990,-1,-1,-1
412,18,1614.40,68.40,306.60,1012.60,1.0000,-1,-1,-1
412,19,970.90,110.40,165.30,533.40,1.0000,-1,-1,-1
412,22,403.70,2.10,427.60,1078.90,1.0000,-1,-1,-1
412,23,1.00,1.00,430.10,1080.00,1.0000,-1,-1,-1
412,25,1164.00,206.00,100.50,338.30,1.0000,-1,-1,-1
412,26,1453.40,299.60,28.90,70.20,0.9880,-1,-1,-1
412,28,1346.70,297.40,24.90,82.40,0.9220,-1,-1,-1
412,30,1390.90,284.20,39.90,115.80,1.0000,-1,-1,-1
412,33,1366.10,292.90,25.90,90.30,0.7230,-1,-1,-1
412,34,1318.10,297.50,21.60,75.00,0.7660,-1,-1,-1
412,-1,1608.10,284.90,35.40,102.30,0.0570,-1,-1,-1
413,17,799.20,137.00,178.80,468.60,0.9990,-1,-1,-1
413,18,1615.60,61.00,305.40,1020.00,0.9980,-1,-1,-1
413,19,965.30,123.10,167.70,519.50,1.0000,-1,-1,-1
413,22,399.00,1.00,428.60,1080.00,1.0000,-1,-1,-1
413,23,1.00,1.00,403.10,1080.00,0.9990,-1,-1,-1
413,25,1166.10,205.80,100.60,338.80,1.0000,-1,-1,-1
413,26,1455.40,297.70,27.20,69.80,0.9810,-1,-1,-1
413,28,1337.70,295.10,21.20,83.80,0.8890,-1,-1,-1
413,30,1393.30,282.50,37.40,118.90,1.0000,-1,-1,-1
413,31,1347.40,293.60,33.50,89.20,0.9030,-1,-1,-1
413,32,1438.50,294.20,26.70,74.60,0.7660,-1,-1,-1
413,33,1375.50,290.70,26.80,99.20,0.2570,-1,-1,-1
413,34,1317.00,298.20,20.20,73.80,0.5520,-1,-1,-1
413,-1,1615.60,287.60,28.10,97.60,0.3980,-1,-1,-1
414,17,796.80,143.70,178.00,466.40,1.0000,-1,-1,-1
414,18,1644.40,37.10,276.60,1043.90,0.9840,-1,-1,-1
414,19,972.40,113.00,161.40,521.60,1.0000,-1,-1,-1
414,22,379.80,1.00,449.00,1080.00,1.0000,-1,-1,-1
414,23,1.00,1.00,403.70,1080.00,0.9970,-1,-1,-1
414,25,1166.00,203.20,104.00,338.70,1.0000,-1,-1,-1
414,26,1452.90,298.70,26.70,63.90,0.9500,-1,-1,-1
414,28,1340.20,296.70,24.40,79.90,0.9210,-1,-1,-1
414,30,1398.20,281.00,37.60,117.20,1.0000,-1,-1,-1
414,31,1357.60,293.50,25.10,85.10,0.9330,-1,-1,-1
414,34,1319.10,298.10,21.70,75.30,0.6450,-1,-1,-1
414,32,1428.60,291.60,27.70,81.40,0.3450,-1,-1,-1
414,-1,1613.20,285.40,27.00,98.10,0.4350,-1,-1,-1
415,17,799.20,133.30,177.10,476.80,1.0000,-1,-1,-1
415,18,1691.70,83.90,229.30,997.10,0.9460,-1,-1,-1
415,19,974.00,110.60,164.60,522.60,1.0000,-1,-1,-1
415,22,367.40,1.00,455.30,1080.00,1.0000,-1,-1,-1
415,23,1.00,1.00,353.30,1080.00,0.9860,-1,-1,-1
415,25,1169.70,202.60,101.80,341.90,1.0000,-1,-1,-1
415,26,1459.80,292.70,25.60,74.70,0.9730,-1,-1,-1
415,28,1334.90,294.20,22.60,83.90,0.9070,-1,-1,-1
415,30,1398.50,277.60,36.50,117.40,1.0000,-1,-1,-1
415,32,1445.80,294.50,26.30,75.90,0.8630,-1,-1,-1
415,33,1362.20,290.70,25.20,90.30,0.9390,-1,-1,-1
415,34,1319.80,297.60,21.10,74.60,0.8020,-1,-1,-1
415,-1,1425.60,281.60,27.10,94.20,0.4590,-1,-1,-1
415,-1,1616.50,277.50,33.40,105.80,0.9990,-1,-1,-1
416,17,798.40,137.60,175.50,467.40,1.0000,-1,-1,-1
416,19,976.00,111.90,163.30,519.70,1.0000,-1,-1,-1
416,22,346.10,1.00,470.00,1080.00,1.0000,-1,-1,-1
416,23,6.60,1.00,351.40,1080.00,0.7040,-1,-1,-1
416,25,1173.20,202.00,100.80,346.70,1.0000,-1,-1,-1
416,26,1452.90,296.50,26.60,63.90,0.9250,-1,-1,-1
416,28,1334.20,290.20,26.10,90.20,0.9560,-1,-1,-1
416,30,1397.90,279.10,39.10,117.90,1.0000,-1,-1,-1
416,33,1360.00,291.20,26.40,91.20,0.9610,-1,-1,-1
416,34,1322.30,292.20,23.60,84.10,0.7490,-1,-1,-1
416,35,1619.20,277.50,35.20,110.50,0.9980,-1,-1,-1
416,18,1721.90,117.70,199.10,963.30,0.1120,-1,-1,-1
416,32,1427.10,287.20,29.10,87.50,0.2400,-1,-1,-1
417,17,799.20,137.50,179.60,477.50,1.0000,-1,-1,-1
417,19,979.00,111.50,160.00,521.80,1.0000,-1,-1,-1
417,22,321.50,1.00,479.60,1080.00,1.0000,-1,-1,-1
417,25,1175.20,205.10,98.70,344.30,1.0000,-1,-1,-1
417,26,1455.50,294.40,27.50,65.70,0.9380,-1,-1,-1
417,28,1331.50,289.30,26.80,89.40,0.9640,-1,-1,-1
417,30,1399.40,276.20,38.80,118.90,1.0000,-1,-1,-1
417,33,1360.00,290.50,26.80,93.20,0.9580,-1,-1,-1
417,35,1619.90,275.40,34.70,107.20,0.9990,-1,-1,-1
417,23,43.90,1.00,282.30,1080.00,0.2070,-1,-1,-1
417,32,1422.20,283.40,30.20,97.50,0.1170,-1,-1,-1
418,17,795.40,138.50,178.00,482.90,1.0000,-1,-1,-1
418,19,979.50,114.20,159.70,516.00,1.0000,-1,-1,-1
418,22,291.60,1.00,493.40,1080.00,1.0000,-1,-1,-1
418,25,1177.00,205.20,100.40,345.00,1.0000,-1,-1,-1
418,26,1456.40,292.70,28.50,66.70,0.9600,-1,-1,-1
418,28,1330.80,290.00,26.70,87.40,0.9690,-1,-1,-1
418,30,1400.00,272.90,39.90,124.40,1.0000,-1,-1,-1
418,33,1366.80,292.30,27.50,82.50,0.9530,-1,-1,-1
418,35,1622.10,274.00,34.80,107.10,1.0000,-1,-1,-1
418,23,23.50,1.00,290.50,1080.00,0.2370,-1,-1,-1
418,-1,1485.30,295.90,23.40,62.10,0.0770,-1,-1,-1
419,17,795.60,141.00,179.40,482.70,1.0000,-1,-1,-1
419,19,978.80,115.00,161.00,517.60,1.0000,-1,-1,-1
419,22,230.60,13.90,539.90,1067.10,0.9990,-1,-1,-1
419,25,1173.90,199.70,104.20,353.80,1.0000,-1,-1,-1
419,26,1455.10,292.70,28.20,63.70,0.9460,-1,-1,-1
419,28,1331.10,290.10,26.70,85.90,0.9700,-1,-1,-1
419,30,1402.10,273.00,38.30,119.80,1.0000,-1,-1,-1
419,33,1359.10,289.00,26.90,91.30,0.9500,-1,-1,-1
419,35,1623.00,274.50,36.30,105.10,0.9990,-1,-1,-1
419,23,14.00,1.00,273.30,1080.00,0.2490,-1,-1,-1
419,-1,1799.30,269.70,43.00,133.00,0.0920,-1,-1,-1
420,17,799.80,151.60,176.60,475.00,1.0000,-1,-1,-1
420,19,972.50,120.40,170.70,525.00,1.0000,-1,-1,-1
420,22,209.00,2.20,548.10,1078.80,1.0000,-1,-1,-1
420,25,1178.40,208.00,99.50,346.00,1.0000,-1,-1,-1
420,26,1458.60,292.70,27.90,66.70,0.9590,-1,-1,-1
420,28,1330.30,290.90,26.70,86.70,0.9680,-1,-1,-1
420,29,1862.60,272.70,38.80,91.60,1.0000,-1,-1,-1
420,30,1403.60,273.90,38.60,120.90,1.0000,-1,-1,-1
420,33,1365.90,291.70,29.20,86.30,0.9500,-1,-1,-1
420,35,1623.80,274.50,36.00,105.90,1.0000,-1,-1,-1
420,23,23.00,20.40,247.90,1060.60,0.0990,-1,-1,-1
420,-1,1801.80,266.80,38.10,116.50,1.0000,-1,-1,-1
421,17,804.10,161.10,167.60,477.30,1.0000,-1,-1,-1
421,19,978.10,119.80,158.40,531.60,1.0000,-1,-1,-1
421,22,161.90,22.40,557.10,1058.60,0.9990,-1,-1,-1
421,25,1179.70,211.30,99.90,345.80,1.0000,-1,-1,-1
421,26,1459.20,293.30,27.10,69.00,0.9650,-1,-1,-1
421,28,1332.10,290.70,27.10,88.30,0.9650,-1,-1,-1
421,29,1860.90,272.00,40.00,99.20,1.0000,-1,-1,-1
421,30,1403.00,275.50,39.10,124.10,1.0000,-1,-1,-1
421,33,1363.80,292.30,28.60,85.40,0.9490,-1,-1,-1
421,35,1625.40,276.50,35.20,104.60,1.0000,-1,-1,-1
421,36,1801.00,266.90,38.90,117.90,1.0000,-1,-1,-1
421,32,1424.00,279.40,35.40,104.30,0.0980,-1,-1,-1
422,17,801.70,160.00,170.40,474.40,1.0000,-1,-1,-1
422,19,976.80,122.10,162.80,527.70,1.0000,-1,-1,-1
422,22,133.80,3.50,583.60,1077.50,0.9990,-1,-1,-1
422,25,1178.30,214.30,103.30,346.10,1.0000,-1,-1,-1
422,26,1458.20,295.50,27.60,65.00,0.9550,-1,-1,-1
422,28,1332.10,292.20,26.50,85.90,0.9690,-1,-1,-1
422,29,1861.40,272.60,39.50,98.40,1.0000,-1,-1,-1
422,30,1403.30,277.20,39.80,121.70,1.0000,-1,-1,-1
422,33,1363.70,293.60,28.20,82.60,0.9500,-1,-1,-1
422,35,1626.90,277.10,35.30,104.60,0.9990,-1,-1,-1
422,36,1803.40,266.50,40.50,117.50,0.9990,-1,-1,-1
423,17,799.50,169.70,173.80,466.40,1.0000,-1,-1,-1
423,19,976.90,127.70,161.50,522.30,1.0000,-1,-1,-1
423,22,78.90,6.80,616.40,1074.20,0.9990,-1,-1,-1
423,25,1180.10,211.90,103.00,352.80,1.0000,-1,-1,-1
423,26,1456.60,295.30,27.60,65.50,0.9600,-1,-1,-1
423,28,1332.70,290.90,27.10,88.40,0.9660,-1,-1,-1
423,29,1861.40,271.10,39.10,97.20,1.0000,-1,-1,-1
423,30,1403.90,276.10,39.70,122.00,1.0000,-1,-1,-1
423,33,1359.80,291.70,26.80,91.10,0.9520,-1,-1,-1
423,35,1628.40,276.80,35.70,105.70,0.9990,-1,-1,-1
423,36,1808.60,265.30,42.20,119.40,0.9990,-1,-1,-1
423,23,26.20,36.60,170.00,1044.40,0.0750,-1,-1,-1
423,-1,1145.30,274.40,34.30,133.20,0.2220,-1,-1,-1
424,17,800.30,166.80,168.70,459.30,1.0000,-1,-1,-1
424,19,976.30,127.80,162.90,525.50,1.0000,-1,-1,-1
424,22,3.10,16.40,671.80,1064.60,0.9990,-1,-1,-1
424,25,1181.60,213.20,105.10,353.80,1.0000,-1,-1,-1
424,26,1454.00,296.70,27.90,61.50,0.9510,-1,-1,-1
424,28,1335.00,293.40,25.90,87.10,0.9530,-1,-1,-1
424,29,1861.40,270.80,39.80,101.50,0.9990,-1,-1,-1
424,30,1404.10,277.00,40.00,120.50,1.0000,-1,-1,-1
424,33,1359.80,293.60,26.90,89.90,0.9520,-1,-1,-1
424,35,1628.70,276.20,34.20,106.40,1.0000,-1,-1,-1
424,36,1814.40,266.60,41.00,120.80,0.9980,-1,-1,-1
424,34,1320.60,294.80,24.80,87.10,0.3970,-1,-1,-1
424,-1,1136.60,282.90,45.80,124.20,0.9920,-1,-1,-1
425,17,801.70,166.00,169.00,464.10,1.0000,-1,-1,-1
425,19,976.20,130.30,159.90,523.30,1.0000,-1,-1,-1
425,22,1.00,9.80,655.10,1071.20,0.9980,-1,-1,-1
425,25,1182.40,211.50,104.30,358.80,1.0000,-1,-1,-1
425,26,1454.90,295.90,27.10,63.20,0.9580,-1,-1,-1
425,28,1334.50,292.40,26.10,88.30,0.9490,-1,-1,-1
425,29,1862.30,271.30,38.60,104.20,0.9980,-1,-1,-1
425,30,1405.10,277.80,40.30,119.90,1.0000,-1,-1,-1
425,33,1366.90,293.80,27.30,84.00,0.9520,-1,-1,-1
425,35,1629.10,276.40,34.90,106.80,1.0000,-1,-1,-1
425,36,1816.80,267.30,41.80,121.90,0.9980,-1,-1,-1
425,37,1137.70,285.60,45.60,117.70,0.9990,-1,-1,-1
425,34,1319.40,294.00,24.60,89.50,0.3940,-1,-1,-1
425,-1,604.90,180.10,149.80,475.90,0.2560,-1,-1,-1
425,-1,1482.80,299.20,22.80,56.60,0.0520,-1,-1,-1
426,17,799.10,170.30,173.30,466.70,1.0000,-1,-1,-1
426,19,973.40,136.30,161.60,529.60,1.0000,-1,-1,-1
426,22,1.90,31.30,642.10,1049.70,0.9980,-1,-1,-1
426,25,1182.40,209.00,104.60,362.40,1.0000,-1,-1,-1
426,26,1457.10,296.30,27.50,62.80,0.9700,-1,-1,-1
426,28,1333.70,292.30,26.00,89.00,0.9540,-1,-1,-1
426,29,1861.10,272.40,37.70,106.00,0.9970,-1,-1,-1
426,30,1404.80,279.80,39.30,116.90,1.0000,-1,-1,-1
426,33,1365.60,294.10,27.40,83.40,0.9550,-1,-1,-1
426,35,1629.70,277.00,34.30,105.60,1.0000,-1,-1,-1
426,36,1820.10,268.70,40.80,122.40,0.9980,-1,-1,-1
426,37,1136.40,285.80,48.00,120.40,1.0000,-1,-1,-1
426,34,1320.30,293.50,25.30,89.80,0.5490,-1,-1,-1
426,-1,1484.00,299.00,22.40,58.40,0.1530,-1,-1,-1
426,-1,572.50,161.10,180.50,493.40,0.8560,-1,-1,-1
427,17,797.40,162.70,172.90,467.60,1.0000,-1,-1,-1
427,19,972.10,139.70,159.40,524.20,1.0000,-1,-1,-1
427,22,1.00,13.60,649.00,1067.40,0.9890,-1,-1,-1
427,25,1182.40,209.30,106.40,362.30,1.0000,-1,-1,-1
427,26,1457.10,296.30,28.80,64.90,0.9780,-1,-1,-1
427,28,1332.80,292.10,25.40,87.20,0.9590,-1,-1,-1
427,29,1858.30,273.10,39.00,106.80,0.9940,-1,-1,-1
427,30,1404.30,279.60,39.70,117.10,1.0000,-1,-1,-1
427,33,1365.80,293.70,27.60,83.80,0.9530,-1,-1,-1
427,35,1627.60,275.40,35.70,105.10,1.0000,-1,-1,-1
427,36,1821.60,271.50,41.00,121.10,0.9990,-1,-1,-1
427,37,1134.60,285.30,47.70,121.20,1.0000,-1,-1,-1
427,38,565.10,137.90,185.60,527.20,0.9990,-1,-1,-1
427,34,1315.80,293.20,25.40,88.40,0.2430,-1,-1,-1
427,-1,1805.70,279.10,32.70,101.70,0.3240,-1,-1,-1
427,-1,1486.70,299.10,22.00,57.50,0.0720,-1,-1,-1
428,17,795.80,161.90,173.20,479.20,1.0000,-1,-1,-1
428,19,972.80,138.20,156.00,518.10,1.0000,-1,-1,-1
428,22,1.00,1.00,595.10,1080.00,0.8310,-1,-1,-1
428,25,1181.50,206.00,110.20,367.00,1.0000,-1,-1,-1
428,26,1456.30,296.40,28.90,63.20,0.9750,-1,-1,-1
428,28,1330.80,292.00,25.80,87.50,0.9620,-1,-1,-1
428,29,1855.20,272.10,39.20,107.60,0.9880,-1,-1,-1
428,30,1402.80,278.60,39.60,117.90,1.0000,-1,-1,-1
428,33,1360.20,293.20,26.00,89.00,0.9570,-1,-1,-1
428,35,1626.00,274.90,35.70,107.60,1.0000,-1,-1,-1
428,36,1819.50,272.30,41.00,117.90,0.9980,-1,-1,-1
428,37,1135.80,285.70,46.40,119.70,1.0000,-1,-1,-1
428,38,556.80,135.90,187.90,528.60,1.0000,-1,-1,-1
428,34,1311.50,292.90,26.00,87.70,0.1960,-1,-1,-1
428,-1,1802.40,281.30,32.80,98.70,0.7260,-1,-1,-1
429,17,794.00,163.10,173.40,473.90,1.0000,-1,-1,-1
429,19,969.70,138.20,156.70,516.60,1.0000,-1,-1,-1
429,25,1179.90,204.10,113.60,366.30,1.0000,-1,-1,-1
429,26,1457.50,297.00,29.50,63.00,0.9760,-1,-1,-1
429,28,1330.80,291.90,26.30,88.30,0.9650,-1,-1,-1
429,30,1401.70,278.20,39.50,118.10,1.0000,-1,-1,-1
429,33,1362.00,292.70,28.70,86.80,0.9550,-1,-1,-1
429,35,1626.10,273.60,34.80,107.10,1.0000,-1,-1,-1
429,36,1832.20,272.10,36.50,114.00,0.9960,-1,-1,-1
429,37,1134.50,283.30,46.00,122.20,1.0000,-1,-1,-1
429,38,537.70,137.90,206.60,531.00,1.0000,-1,-1,-1
429,39,1810.60,276.30,39.10,109.50,0.9900,-1,-1,-1
429,22,22.40,1.00,524.40,1080.00,0.0950,-1,-1,-1
429,34,1314.80,292.70,26.50,88.10,0.3250,-1,-1,-1
430,17,791.60,154.40,175.30,482.20,1.0000,-1,-1,-1
430,19,962.00,139.40,162.00,507.80,1.0000,-1,-1,-1
430,25,1182.60,201.70,112.80,368.00,0.9990,-1,-1,-1
430,26,1456.30,297.50,27.70,63.20,0.9690,-1,-1,-1
430,28,1334.00,290.60,27.10,90.40,0.9710,-1,-1,-1
430,30,1402.30,277.60,38.30,117.90,1.0000,-1,-1,-1
430,33,1357.40,291.10,27.40,93.80,0.9530,-1,-1,-1
430,35,1624.40,274.00,33.60,105.60,1.0000,-1,-1,-1
430,36,1830.20,269.90,37.20,117.60,0.9990,-1,-1,-1
430,37,1135.10,282.70,44.50,121.30,1.0000,-1,-1,-1
430,38,528.50,134.80,208.70,540.40,1.0000,-1,-1,-1
430,39,1808.20,276.50,38.00,109.60,0.9950,-1,-1,-1
430,34,1317.00,291.50,25.00,88.20,0.2840,-1,-1,-1
431,17,795.60,145.80,170.40,488.80,1.0000,-1,-1,-1
431,19,956.20,128.60,161.10,518.10,1.0000,-1,-1,-1
431,25,1180.60,201.10,116.80,368.80,0.9990,-1,-1,-1
431,26,1456.60,298.20,26.80,63.40,0.9640,-1,-1,-1
431,28,1332.90,291.10,26.30,89.80,0.9650,-1,-1,-1
431,30,1400.30,279.00,39.50,118.70,1.0000,-1,-1,-1
431,33,1358.50,292.30,26.20,92.80,0.9540,-1,-1,-1
431,35,1618.80,275.40,34.90,107.90,1.0000,-1,-1,-1
431,36,1829.80,270.80,40.10,118.60,1.0000,-1,-1,-1
431,37,1133.40,282.10,44.20,122.00,1.0000,-1,-1,-1
431,38,520.70,136.10,211.00,546.20,1.0000,-1,-1,-1
431,39,1809.50,278.20,38.60,108.70,0.9850,-1,-1,-1
431,32,1422.00,285.10,32.10,94.40,0.0870,-1,-1,-1
431,34,1317.90,291.30,25.90,88.80,0.5460,-1,-1,-1
432,17,787.90,154.50,170.50,473.80,1.0000,-1,-1,-1
432,19,954.30,126.50,161.20,519.90,1.0000,-1,-1,-1
432,25,1181.50,206.80,115.60,362.60,1.0000,-1,-1,-1
432,26,1456.90,298.00,24.40,65.20,0.9140,-1,-1,-1
432,28,1333.50,291.30,26.50,91.70,0.9680,-1,-1,-1
432,30,1398.10,280.50,39.70,116.00,1.0000,-1,-1,-1
432,32,1430.20,289.80,30.10,78.30,0.6290,-1,-1,-1
432,33,1362.60,293.60,28.20,87.60,0.9490,-1,-1,-1
432,34,1319.60,291.50,25.10,87.80,0.7150,-1,-1,-1
432,35,1616.10,277.20,35.70,106.80,1.0000,-1,-1,-1
432,36,1828.90,269.30,41.50,122.80,1.0000,-1,-1,-1
432,37,1132.00,281.00,45.00,121.60,0.9990,-1,-1,-1
432,38,503.90,126.70,225.70,562.90,1.0000,-1,-1,-1
432,39,1804.10,279.60,36.00,105.10,0.9440,-1,-1,-1
433,17,781.60,157.00,176.10,470.70,1.0000,-1,-1,-1
433,19,944.40,119.30,174.80,525.30,1.0000,-1,-1,-1
433,25,1182.80,202.80,109.30,373.40,0.9990,-1,-1,-1
433,26,1449.40,297.40,26.70,68.30,0.9560,-1,-1,-1
433,28,1335.60,294.70,25.80,92.10,0.9470,-1,-1,-1
433,30,1397.10,279.70,39.70,117.20,1.0000,-1,-1,-1
433,32,1432.10,288.50,28.20,86.80,0.6020,-1,-1,-1
433,33,1359.00,294.90,28.00,86.90,0.9530,-1,-1,-1
433,34,1319.10,294.70,23.20,87.90,0.7630,-1,-1,-1
433,35,1612.60,277.00,33.70,107.00,1.0000,-1,-1,-1
433,36,1827.40,267.80,43.40,125.80,1.0000,-1,-1,-1
433,37,1130.00,279.30,45.60,124.70,0.9990,-1,-1,-1
433,38,487.80,130.00,229.40,574.70,1.0000,-1,-1,-1
433,39,1801.80,278.40,33.40,103.80,0.9360,-1,-1,-1
434,17,773.80,141.50,172.70,491.50,1.0000,-1,-1,-1
434,19,938.40,120.70,171.50,520.50,1.0000,-1,-1,-1
434,25,1180.60,195.30,111.50,375.80,0.9990,-1,-1,-1
434,26,1453.80,300.10,25.60,72.70,0.9140,-1,-1,-1
434,28,1334.90,293.70,25.90,94.90,0.9700,-1,-1,-1
434,30,1391.80,278.80,39.30,119.80,1.0000,-1,-1,-1
434,32,1438.30,293.80,26.40,83.30,0.7990,-1,-1,-1
434,33,1351.90,294.50,28.10,91.50,0.9370,-1,-1,-1
434,34,1320.70,292.70,24.30,90.50,0.8580,-1,-1,-1
434,35,1610.00,279.10,34.00,110.80,0.9990,-1,-1,-1
434,36,1825.30,268.10,44.90,125.80,1.0000,-1,-1,-1
434,37,1129.50,277.80,43.10,129.60,0.9990,-1,-1,-1
434,38,480.30,142.80,237.70,550.20,1.0000,-1,-1,-1
434,39,1799.80,277.40,34.90,109.20,0.9630,-1,-1,-1
434,-1,1369.40,291.00,26.80,98.90,0.5970,-1,-1,-1
434,-1,1773.30,289.40,27.50,80.20,0.2230,-1,-1,-1
435,17,773.90,153.30,177.90,475.80,1.0000,-1,-1,-1
435,19,934.40,122.40,169.50,522.10,1.0000,-1,-1,-1
435,25,1172.60,197.90,117.90,380.30,0.9990,-1,-1,-1
435,26,1461.00,302.90,23.70,67.70,0.6200,-1,-1,-1
435,28,1335.80,293.90,27.20,95.90,0.9780,-1,-1,-1
435,30,1390.90,280.20,38.40,118.00,1.0000,-1,-1,-1
435,32,1445.30,301.50,26.80,68.40,0.9600,-1,-1,-1
435,33,1359.60,291.60,30.80,95.30,0.6790,-1,-1,-1
435,34,1322.20,293.10,25.20,90.60,0.8850,-1,-1,-1
435,35,1608.20,278.00,34.40,110.10,1.0000,-1,-1,-1
435,36,1826.20,270.90,46.10,121.10,1.0000,-1,-1,-1
435,37,1125.20,280.10,44.60,125.40,0.9990,-1,-1,-1
435,38,455.70,128.70,249.50,575.40,1.0000,-1,-1,-1
435,39,1793.10,284.10,36.20,101.60,0.9740,-1,-1,-1
435,-1,1484.30,304.50,21.40,59.30,0.0540,-1,-1,-1
435,-1,1308.10,296.20,24.20,87.60,0.7820,-1,-1,-1
435,-1,1772.10,291.20,31.40,88.10,0.7460,-1,-1,-1
436,17,763.00,159.10,172.10,474.70,1.0000,-1,-1,-1
436,19,925.90,116.70,177.10,529.90,1.0000,-1,-1,-1
436,25,1173.40,204.10,112.10,378.00,0.9990,-1,-1,-1
436,26,1451.70,305.10,26.70,63.50,0.6350,-1,-1,-1
436,28,1331.80,297.10,27.80,97.00,0.9720,-1,-1,-1
436,30,1389.20,287.20,37.40,114.70,1.0000,-1,-1,-1
436,32,1432.90,300.50,28.10,63.10,0.9270,-1,-1,-1
436,33,1356.90,295.70,26.80,95.50,0.9280,-1,-1,-1
436,34,1315.80,296.80,26.60,95.50,0.7860,-1,-1,-1
436,35,1605.50,283.70,32.80,105.40,1.0000,-1,-1,-1
436,36,1824.40,274.60,48.80,120.20,1.0000,-1,-1,-1
436,37,1119.50,285.50,42.00,122.00,0.9990,-1,-1,-1
436,38,442.30,112.80,255.30,596.30,1.0000,-1,-1,-1
436,39,1791.60,287.00,34.30,97.60,0.9750,-1,-1,-1
437,17,752.20,164.90,177.20,464.80,1.0000,-1,-1,-1
437,19,916.10,115.30,177.90,524.50,1.0000,-1,-1,-1
437,25,1168.20,205.00,112.20,379.60,0.9990,-1,-1,-1
437,28,1326.10,296.50,28.30,96.30,0.9620,-1,-1,-1
437,30,1379.60,282.00,38.30,121.80,1.0000,-1,-1,-1
437,32,1431.10,304.40,26.30,63.00,0.9020,-1,-1,-1
437,35,1601.70,284.70,33.50,105.60,1.0000,-1,-1,-1
437,36,1817.30,277.10,46.00,120.80,1.0000,-1,-1,-1
437,37,1114.20,286.60,42.50,118.20,1.0000,-1,-1,-1
437,38,427.00,106.10,262.30,596.50,1.0000,-1,-1,-1
437,39,1777.50,286.70,39.20,100.70,0.9840,-1,-1,-1
437,26,1454.40,307.10,24.90,62.20,0.1130,-1,-1,-1
438,17,748.20,158.20,182.70,472.60,0.9990,-1,-1,-1
438,19,904.50,115.40,175.80,525.80,1.0000,-1,-1,-1
438,25,1161.20,203.10,120.00,379.70,0.9990,-1,-1,-1
438,30,1366.80,283.00,40.40,115.80,1.0000,-1,-1,-1
438,32,1430.60,307.90,25.20,58.00,0.6320,-1,-1,-1
438,34,1311.00,295.40,29.30,99.80,0.9670,-1,-1,-1
438,35,1597.80,287.00,33.70,103.30,1.0000,-1,-1,-1
438,36,1810.60,282.70,44.70,118.50,1.0000,-1,-1,-1
438,37,1105.10,284.50,41.30,123.60,0.9990,-1,-1,-1
438,38,396.50,101.70,276.30,616.70,1.0000,-1,-1,-1
438,39,1767.40,290.80,35.70,101.50,0.9950,-1,-1,-1
438,-1,1278.50,303.40,24.00,89.30,0.5000,-1,-1,-1
438,-1,1742.90,296.80,27.80,80.90,0.4180,-1,-1,-1
438,-1,1793.60,288.40,26.40,107.80,0.3410,-1,-1,-1
438,-1,1393.80,287.70,32.30,85.30,0.2280,-1,-1,-1
439,17,739.00,164.80,174.60,472.40,1.0000,-1,-1,-1
439,19,894.50,118.20,176.80,525.40,1.0000,-1,-1,-1
439,25,1151.10,204.20,117.00,382.50,0.9990,-1,-1,-1
439,30,1358.40,289.10,37.50,113.30,1.0000,-1,-1,-1
439,34,1304.90,300.20,30.50,97.10,0.9860,-1,-1,-1
439,35,1580.30,287.70,34.20,105.00,1.0000,-1,-1,-1
439,36,1801.30,289.30,44.40,113.70,1.0000,-1,-1,-1
439,37,1092.60,286.00,45.10,121.00,1.0000,-1,-1,-1
439,38,378.70,80.90,267.60,645.90,1.0000,-1,-1,-1
439,39,1751.20,299.60,33.20,91.70,0.9910,-1,-1,-1
439,28,1323.90,299.20,30.00,97.50,0.4690,-1,-1,-1
439,32,1420.70,306.80,28.40,64.00,0.5410,-1,-1,-1
439,-1,1562.90,294.90,25.10,88.80,0.1440,-1,-1,-1
439,-1,1888.40,292.90,24.90,102.60,0.0810,-1,-1,-1
439,-1,1402.30,302.90,28.10,59.10,0.8820,-1,-1,-1
439,-1,1289.50,301.40,25.10,91.90,0.7930,-1,-1,-1
440,17,726.40,171.00,177.50,463.80,1.0000,-1,-1,-1
440,19,875.90,117.80,179.40,534.90,1.0000,-1,-1,-1
440,25,1134.90,207.90,121.90,383.30,1.0000,-1,-1,-1
440,30,1351.30,290.70,37.20,119.20,1.0000,-1,-1,-1
440,34,1300.30,297.80,29.90,102.00,0.9810,-1,-1,-1
440,35,1566.90,294.00,34.60,105.30,1.0000,-1,-1,-1
440,36,1792.00,292.50,41.00,117.90,1.0000,-1,-1,-1
440,37,1083.10,285.70,43.60,124.00,1.0000,-1,-1,-1
440,38,354.80,80.60,283.70,641.20,1.0000,-1,-1,-1
440,39,1741.00,302.80,35.70,96.50,0.9950,-1,-1,-1
440,40,1408.20,308.40,28.50,61.80,0.8740,-1,-1,-1
440,41,1284.50,298.90,28.90,96.80,0.9050,-1,-1,-1
440,28,1331.60,293.40,28.50,105.50,0.4240,-1,-1,-1
440,32,1427.40,309.30,23.90,65.30,0.0990,-1,-1,-1
440,-1,1871.40,288.00,37.10,118.40,0.9990,-1,-1,-1
441,17,716.20,175.60,184.60,465.10,1.0000,-1,-1,-1
441,19,863.60,127.30,190.50,523.20,1.0000,-1,-1,-1
441,25,1124.70,207.90,124.40,386.40,1.0000,-1,-1,-1
441,30,1337.60,292.10,40.00,122.90,1.0000,-1,-1,-1
441,34,1294.90,302.90,29.70,100.20,0.9730,-1,-1,-1
441,35,1554.70,299.40,33.70,106.70,1.0000,-1,-1,-1
441,36,1788.70,296.60,40.60,118.90,1.0000,-1,-1,-1
441,37,1076.60,288.50,44.30,123.60,1.0000,-1,-1,-1
441,38,332.60,88.70,289.70,644.90,1.0000,-1,-1,-1
441,39,1733.70,309.30,34.50,93.70,0.9860,-1,-1,-1
441,40,1397.00,313.70,25.80,62.80,0.8660,-1,-1,-1
441,41,1275.60,302.20,29.70,96.90,0.8460,-1,-1,-1
441,42,1863.20,297.30,38.40,118.10,1.0000,-1,-1,-1
441,33,1359.90,299.90,31.80,85.20,0.4110,-1,-1,-1
441,-1,1715.80,312.10,31.30,83.20,0.4760,-1,-1,-1
441,-1,1241.50,313.00,24.80,89.40,0.0820,-1,-1,-1
441,-1,1529.10,309.00,24.80,75.80,0.0720,-1,-1,-1
441,-1,1752.60,307.10,34.80,99.30,0.9440,-1,-1,-1
442,17,709.80,160.70,179.00,483.80,1.0000,-1,-1,-1
442,19,853.90,132.50,185.80,524.10,1.0000,-1,-1,-1
442,25,1117.30,217.20,121.70,381.40,0.9990,-1,-1,-1
442,30,1330.50,298.10,37.00,115.70,1.0000,-1,-1,-1
442,33,1374.10,308.60,30.30,70.30,0.9090,-1,-1,-1
442,34,1281.50,303.40,33.00,105.20,0.9920,-1,-1,-1
442,35,1545.50,305.40,33.90,101.30,1.0000,-1,-1,-1
442,36,1773.50,299.50,39.90,118.70,0.9990,-1,-1,-1
442,37,1068.80,287.30,46.80,126.90,1.0000,-1,-1,-1
442,38,318.70,74.70,291.20,655.10,1.0000,-1,-1,-1
442,39,1728.10,310.70,32.20,93.80,0.9670,-1,-1,-1
442,41,1252.20,310.40,25.50,85.40,0.8940,-1,-1,-1
442,42,1850.90,305.30,34.90,113.70,0.9990,-1,-1,-1
442,43,1741.70,305.40,51.20,105.00,0.6260,-1,-1,-1
442,29,1823.30,310.30,38.60,105.20,0.0510,-1,-1,-1
442,40,1393.20,316.60,22.70,64.00,0.5250,-1,-1,-1
442,-1,1802.30,307.90,31.80,106.20,0.0640,-1,-1,-1
443,17,699.40,172.00,175.00,470.20,1.0000,-1,-1,-1
443,19,850.40,130.30,182.80,519.10,1.0000,-1,-1,-1
443,25,1109.90,216.50,122.10,382.30,1.0000,-1,-1,-1
443,30,1324.10,301.10,36.70,118.40,1.0000,-1,-1,-1
443,33,1366.20,318.60,29.80,66.10,0.9480,-1,-1,-1
443,34,1277.30,310.70,32.00,99.00,0.9830,-1,-1,-1
443,35,1537.70,308.10,34.30,104.10,1.0000,-1,-1,-1
443,36,1768.70,302.80,40.00,114.70,1.0000,-1,-1,-1
443,37,1059.60,288.90,44.30,131.10,0.9990,-1,-1,-1
443,38,298.30,73.40,310.10,674.70,1.0000,-1,-1,-1
443,39,1709.50,310.50,31.50,96.50,0.9770,-1,-1,-1
443,41,1248.80,313.90,25.10,85.80,0.9310,-1,-1,-1
443,42,1837.50,313.60,34.20,106.90,0.9970,-1,-1,-1
443,29,1819.70,314.20,26.70,99.40,0.3210,-1,-1,-1
443,40,1391.50,322.30,25.20,62.70,0.0780,-1,-1,-1
443,43,1730.30,309.90,37.10,99.10,0.4260,-1,-1,-1
443,-1,1295.60,308.20,26.60,100.40,0.9010,-1,-1,-1
444,17,685.60,164.70,176.00,483.30,1.0000,-1,-1,-1
444,19,843.30,144.30,178.50,514.30,1.0000,-1,-1,-1
444,25,1100.20,217.60,129.80,389.60,0.9990,-1,-1,-1
444,30,1315.80,305.10,34.80,116.80,1.0000,-1,-1,-1
444,33,1362.80,325.10,27.90,62.80,0.9270,-1,-1,-1
444,34,1274.40,311.40,33.00,100.80,0.9790,-1,-1,-1
444,35,1525.90,311.50,33.00,104.10,1.0000,-1,-1,-1
444,36,1757.50,304.30,43.40,120.50,1.0000,-1,-1,-1
444,37,1049.50,293.50,47.20,128.40,1.0000,-1,-1,-1
444,38,276.40,71.50,316.80,688.90,1.0000,-1,-1,-1
444,39,1702.00,314.60,34.10,100.80,0.9930,-1,-1,-1
444,41,1250.40,314.10,26.40,88.40,0.9430,-1,-1,-1
444,42,1829.20,310.50,36.40,112.50,0.9990,-1,-1,-1
444,44,1300.30,306.40,29.80,110.50,0.6350,-1,-1,-1
444,-1,1685.60,322.80,31.10,79.20,0.1740,-1,-1,-1
444,-1,625.40,255.00,55.80,191.90,0.8510,-1,-1,-1
445,17,678.10,165.20,176.50,481.50,1.0000,-1,-1,-1
445,19,834.90,143.80,190.10,528.40,1.0000,-1,-1,-1
445,25,1098.50,213.00,124.00,396.90,0.9990,-1,-1,-1
445,30,1307.80,304.60,37.00,124.10,1.0000,-1,-1,-1
445,33,1363.70,328.70,24.40,56.90,0.7400,-1,-1,-1
445,34,1271.00,313.70,31.70,101.40,0.9780,-1,-1,-1
445,35,1519.30,311.80,35.00,107.40,1.0000,-1,-1,-1
445,36,1749.50,306.40,49.30,123.80,1.0000,-1,-1,-1
445,37,1045.70,301.90,43.70,124.10,1.0000,-1,-1,-1
445,38,256.80,61.50,312.40,712.20,1.0000,-1,-1,-1
445,39,1688.20,320.00,35.10,97.90,0.9860,-1,-1,-1
445,41,1251.20,315.30,27.70,95.70,0.9190,-1,-1,-1
445,42,1820.30,312.90,38.20,116.50,0.9990,-1,-1,-1
445,43,1730.80,316.60,33.40,105.70,0.6240,-1,-1,-1
445,45,609.30,254.80,70.80,209.30,0.9830,-1,-1,-1
445,28,1336.10,316.20,31.10,78.30,0.4550,-1,-1,-1
446,17,675.20,170.80,176.30,473.60,1.0000,-1,-1,-1
446,19,837.80,140.60,177.30,528.50,1.0000,-1,-1,-1
446,25,1095.30,214.70,128.40,401.00,0.9990,-1,-1,-1
446,28,1341.80,318.90,29.90,69.30,0.7240,-1,-1,-1
446,34,1266.00,317.20,29.60,96.70,0.9760,-1,-1,-1
446,35,1514.50,315.40,35.00,105.70,1.0000,-1,-1,-1
446,36,1747.00,307.70,53.90,123.70,1.0000,-1,-1,-1
446,37,1041.30,302.50,46.70,129.80,1.0000,-1,-1,-1
446,38,246.70,69.70,320.10,715.60,1.0000,-1,-1,-1
446,39,1682.80,323.20,35.50,98.30,0.9880,-1,-1,-1
446,41,1250.80,317.90,27.70,97.30,0.9460,-1,-1,-1
446,42,1814.70,313.40,39.80,116.00,1.0000,-1,-1,-1
446,44,1302.00,309.00,38.00,119.80,1.0000,-1,-1,-1
446,30,1326.40,319.20,30.70,83.00,0.3160,-1,-1,-1
446,33,1363.20,327.90,25.80,59.90,0.4460,-1,-1,-1
446,43,1731.70,317.40,33.90,106.00,0.1220,-1,-1,-1
446,45,610.20,253.60,57.10,218.90,0.3240,-1,-1,-1
447,17,668.00,176.80,180.70,463.20,1.0000,-1,-1,-1
447,19,836.30,146.30,174.80,526.80,1.0000,-1,-1,-1
447,25,1093.10,220.00,130.80,393.50,1.0000,-1,-1,-1
447,34,1261.60,322.80,29.20,95.30,0.9740,-1,-1,-1
447,35,1512.50,316.80,35.00,102.00,1.0000,-1,-1,-1
447,36,1747.30,312.40,50.60,119.70,1.0000,-1,-1,-1
447,37,1040.60,305.20,46.10,126.50,1.0000,-1,-1,-1
447,38,222.30,77.80,331.00,718.10,1.0000,-1,-1,-1
447,39,1685.30,326.70,37.40,94.10,0.9890,-1,-1,-1
447,42,1816.50,315.00,37.80,113.80,1.0000,-1,-1,-1
447,44,1301.70,312.00,38.70,114.70,1.0000,-1,-1,-1
447,28,1339.70,321.10,29.00,71.80,0.4680,-1,-1,-1
447,30,1321.90,320.30,31.30,88.20,0.1230,-1,-1,-1
447,33,1364.20,336.20,23.80,62.80,0.1000,-1,-1,-1
447,-1,1215.50,324.70,27.60,93.50,0.7720,-1,-1,-1
448,17,662.90,174.10,181.60,469.50,1.0000,-1,-1,-1
448,19,831.80,145.00,171.70,522.30,1.0000,-1,-1,-1
448,25,1092.10,218.70,130.40,406.30,0.9990,-1,-1,-1
448,34,1256.90,320.80,31.20,98.90,0.9760,-1,-1,-1
448,35,1512.40,319.80,34.80,100.10,1.0000,-1,-1,-1
448,36,1748.10,311.00,52.10,122.20,1.0000,-1,-1,-1
448,37,1037.00,308.60,47.30,122.90,0.9990,-1,-1,-1
448,38,213.30,59.30,326.20,772.80,1.0000,-1,-1,-1
448,39,1681.10,325.60,39.80,97.00,0.9940,-1,-1,-1
448,42,1818.00,315.10,38.50,112.00,1.0000,-1,-1,-1
448,44,1301.40,311.90,38.20,114.90,1.0000,-1,-1,-1
448,46,1217.70,325.60,28.00,95.50,0.7640,-1,-1,-1
448,28,1341.60,322.40,29.40,74.00,0.3830,-1,-1,-1
448,33,1369.30,336.50,21.30,67.60,0.0680,-1,-1,-1
449,17,662.40,176.10,181.80,470.80,1.0000,-1,-1,-1
449,19,834.30,146.50,172.90,526.00,1.0000,-1,-1,-1
449,25,1092.90,217.60,127.40,398.60,1.0000,-1,-1,-1
449,34,1257.10,321.20,32.60,99.70,0.9760,-1,-1,-1
449,35,1513.50,316.90,35.40,103.80,1.0000,-1,-1,-1
449,36,1753.10,310.50,50.30,126.50,1.0000,-1,-1,-1
449,37,1039.60,307.50,48.40,124.60,1.0000,-1,-1,-1
449,38,214.90,63.60,333.60,767.20,1.0000,-1,-1,-1
449,39,1683.20,327.10,39.30,95.70,0.9980,-1,-1,-1
449,42,1819.50,312.30,39.10,115.80,1.0000,-1,-1,-1
449,44,1304.40,314.40,39.00,113.30,1.0000,-1,-1,-1
449,46,1218.20,327.60,30.00,93.40,0.8020,-1,-1,-1
449,28,1333.10,323.60,32.60,87.30,0.2490,-1,-1,-1
449,33,1361.60,336.00,24.60,68.90,0.3820,-1,-1,-1
449,43,1723.70,324.00,27.90,90.30,0.3980,-1,-1,-1
